# Blender 5.0.1
# www.blender.org
mtllib base.mtl
o Track_mechanism.001
v -0.683717 -0.563908 0.282698
v -0.667471 -0.653598 0.159294
v -0.661929 -0.653598 0.201385
v -0.683717 -0.653598 0.120072
v -0.709562 -0.653598 0.086390
v -0.743243 -0.653598 0.060546
v -0.782465 -0.653598 0.044299
v -0.824556 -0.653598 0.038758
v -0.866647 -0.653598 0.044299
v -0.905870 -0.653598 0.060546
v -0.939551 -0.653598 0.086390
v -0.965395 -0.653598 0.120072
v -0.981642 -0.653598 0.159294
v -0.987183 -0.653598 0.201385
v -0.981642 -0.653598 0.243476
v -0.965395 -0.653598 0.282698
v -0.939551 -0.653598 0.316380
v -0.905870 -0.653598 0.342224
v -0.866647 -0.653598 0.358470
v -0.824556 -0.653598 0.364012
v -0.782465 -0.653598 0.358470
v -0.743243 -0.653598 0.342224
v -0.709562 -0.653598 0.316380
v -0.683717 -0.653598 0.282698
v -0.667471 -0.653598 0.243476
v -0.724189 -0.653598 0.174492
v -0.720649 -0.653598 0.201385
v -0.734570 -0.653598 0.149431
v -0.751082 -0.653598 0.127911
v -0.772602 -0.653598 0.111398
v -0.797663 -0.653598 0.101018
v -0.824556 -0.653598 0.097477
v -0.851449 -0.653598 0.101018
v -0.876510 -0.653598 0.111398
v -0.898030 -0.653598 0.127911
v -0.914543 -0.653598 0.149431
v -0.924923 -0.653598 0.174492
v -0.928464 -0.653598 0.201385
v -0.924923 -0.653598 0.228278
v -0.914543 -0.653598 0.253339
v -0.898030 -0.653598 0.274859
v -0.876510 -0.653598 0.291372
v -0.851449 -0.653598 0.301752
v -0.824556 -0.653598 0.305293
v -0.797663 -0.653598 0.301752
v -0.772602 -0.653598 0.291372
v -0.751082 -0.653598 0.274859
v -0.734570 -0.653598 0.253339
v -0.724189 -0.653598 0.228278
v -0.824556 -0.728772 0.201385
v -0.724189 -0.728772 0.174492
v -0.720649 -0.728772 0.201385
v -0.734570 -0.728772 0.149431
v -0.751082 -0.728772 0.127911
v -0.772602 -0.728772 0.111398
v -0.797663 -0.728772 0.101018
v -0.824556 -0.728772 0.097477
v -0.851449 -0.728772 0.101018
v -0.876510 -0.728772 0.111398
v -0.898030 -0.728772 0.127911
v -0.914543 -0.728772 0.149431
v -0.924923 -0.728772 0.174492
v -0.928464 -0.728772 0.201385
v -0.924923 -0.728772 0.228278
v -0.914543 -0.728772 0.253339
v -0.898030 -0.728772 0.274859
v -0.876510 -0.728772 0.291372
v -0.851449 -0.728772 0.301752
v -0.824556 -0.728772 0.305293
v -0.797663 -0.728772 0.301752
v -0.772602 -0.728772 0.291372
v -0.751082 -0.728772 0.274859
v -0.734570 -0.728772 0.253339
v -0.724189 -0.728772 0.228278
v -0.738406 -0.720248 0.224469
v -0.745776 -0.720248 0.222494
v -0.747316 -0.720248 0.245979
v -0.753923 -0.720248 0.242165
v -0.761490 -0.720248 0.264451
v -0.766885 -0.720248 0.259056
v -0.779962 -0.720248 0.278625
v -0.783776 -0.720248 0.272018
v -0.801472 -0.720248 0.287535
v -0.803447 -0.720248 0.280166
v -0.824556 -0.720248 0.290574
v -0.824556 -0.720248 0.282945
v -0.847640 -0.720248 0.287535
v -0.845665 -0.720248 0.280166
v -0.869151 -0.720248 0.278625
v -0.865336 -0.720248 0.272018
v -0.887622 -0.720248 0.264451
v -0.882228 -0.720248 0.259056
v -0.901796 -0.720248 0.245979
v -0.895189 -0.720248 0.242165
v -0.910706 -0.720248 0.224469
v -0.903337 -0.720248 0.222494
v -0.913745 -0.720248 0.201385
v -0.906116 -0.720248 0.201385
v -0.709562 -0.563908 0.316380
v -0.743243 -0.563908 0.342224
v -0.782465 -0.563908 0.358470
v -0.824556 -0.563908 0.364012
v -0.866647 -0.563908 0.358470
v -0.905870 -0.563908 0.342224
v -0.939551 -0.563908 0.316380
v -0.965395 -0.563908 0.282698
v -0.981642 -0.563908 0.243476
v -0.987183 -0.563908 0.201385
v -0.981642 -0.563908 0.159294
v -0.965395 -0.563908 0.120072
v -0.939551 -0.563908 0.086390
v -0.905870 -0.563908 0.060546
v -0.866647 -0.563908 0.044299
v -0.824556 -0.563908 0.038758
v -0.782465 -0.563908 0.044299
v -0.743243 -0.563908 0.060546
v -0.709562 -0.563908 0.086390
v -0.683717 -0.563908 0.120072
v -0.661929 -0.563908 0.201385
v -0.667471 -0.563908 0.159294
v 0.774434 -0.680349 0.163043
v 0.779482 -0.680349 0.201385
v 0.759634 -0.680349 0.127314
v 0.736092 -0.680349 0.096633
v 0.705411 -0.680349 0.073090
v 0.669682 -0.680349 0.058291
v 0.631339 -0.680349 0.053243
v 0.592997 -0.680349 0.058291
v 0.557268 -0.680349 0.073090
v 0.526587 -0.680349 0.096633
v 0.503044 -0.680349 0.127314
v 0.488245 -0.680349 0.163043
v 0.483197 -0.680349 0.201385
v 0.488245 -0.680349 0.239727
v 0.503044 -0.680349 0.275456
v 0.526587 -0.680349 0.306137
v 0.557268 -0.680349 0.329680
v 0.592997 -0.680349 0.344479
v 0.631339 -0.680349 0.349527
v 0.669682 -0.680349 0.344479
v 0.705411 -0.680349 0.329680
v 0.736092 -0.680349 0.306137
v 0.759634 -0.680349 0.275456
v 0.774434 -0.680349 0.239727
v 0.779482 -0.543708 0.201385
v 0.774434 -0.543708 0.163043
v 0.759635 -0.543708 0.127314
v 0.736092 -0.543708 0.096633
v 0.705411 -0.543708 0.073090
v 0.669682 -0.543708 0.058290
v 0.631340 -0.543708 0.053243
v 0.592998 -0.543708 0.058290
v 0.557268 -0.543708 0.073090
v 0.526587 -0.543708 0.096633
v 0.503045 -0.543708 0.127314
v 0.488245 -0.543708 0.163043
v 0.483197 -0.543708 0.201385
v 0.488245 -0.543708 0.239727
v 0.503045 -0.543708 0.275456
v 0.526587 -0.543708 0.306137
v 0.557268 -0.543708 0.329680
v 0.592998 -0.543708 0.344479
v 0.631340 -0.543708 0.349527
v 0.669682 -0.543708 0.344479
v 0.705411 -0.543708 0.329680
v 0.736092 -0.543708 0.306137
v 0.759635 -0.543708 0.275456
v 0.774434 -0.543708 0.239727
v -0.616715 -0.704210 0.101551
v -0.616715 -0.704210 0.301881
v -0.616715 -0.518942 0.101551
v -0.616715 -0.518942 0.301881
v -0.635066 -0.704210 0.301881
v -0.635066 -0.704210 0.101551
v -0.635065 -0.518942 0.101551
v -0.635065 -0.518942 0.301881
v -0.616715 -0.726208 0.323878
v -0.616715 -0.726208 0.079554
v -0.616715 -0.496945 0.079554
v -0.616715 -0.496945 0.323878
v -0.635066 -0.726208 0.323878
v -0.635066 -0.726208 0.079554
v -0.635065 -0.496945 0.079554
v -0.635065 -0.496945 0.323878
v 0.460868 -0.682292 0.101551
v 0.460868 -0.540862 0.101551
v 0.460868 -0.540862 0.301881
v 0.460868 -0.682292 0.301881
v 0.460868 -0.518943 0.301881
v 0.460868 -0.518943 0.101551
v 0.460868 -0.704211 0.301881
v 0.460868 -0.704211 0.101551
v -0.616715 -0.540861 0.101551
v -0.616715 -0.682291 0.101551
v -0.616715 -0.682291 0.301881
v -0.616715 -0.540861 0.301881
v -0.635065 -0.540861 0.101551
v -0.635066 -0.682291 0.101551
v -0.635065 -0.540861 0.301881
v -0.635066 -0.682291 0.301881
v -0.616715 -0.540861 0.079554
v -0.616715 -0.682291 0.079554
v -0.616715 -0.540861 0.323878
v -0.616715 -0.682291 0.323878
v -0.635066 -0.682291 0.079554
v -0.635065 -0.540861 0.079554
v -0.635066 -0.682291 0.323878
v -0.635065 -0.540861 0.323878
v 0.507570 -0.543708 0.234549
v 0.520371 -0.543708 0.265453
v 0.540734 -0.543708 0.291990
v 0.567272 -0.543708 0.312353
v 0.598176 -0.543708 0.325154
v 0.631340 -0.543708 0.329520
v 0.664503 -0.543708 0.325154
v 0.695407 -0.543708 0.312354
v 0.721945 -0.543708 0.291990
v 0.742308 -0.543708 0.265453
v 0.755109 -0.543708 0.234549
v 0.759475 -0.543708 0.201385
v 0.755109 -0.543708 0.168221
v 0.742308 -0.543708 0.137317
v 0.721945 -0.543708 0.110779
v 0.695407 -0.543708 0.090416
v 0.664503 -0.543708 0.077616
v 0.631340 -0.543708 0.073250
v 0.598176 -0.543708 0.077616
v 0.567272 -0.543708 0.090416
v 0.540734 -0.543708 0.110780
v 0.520371 -0.543708 0.137317
v 0.507570 -0.543708 0.168221
v 0.503204 -0.543708 0.201385
v 0.507570 -0.680349 0.234549
v 0.503204 -0.680349 0.201385
v 0.507570 -0.680349 0.168221
v 0.520371 -0.680349 0.137317
v 0.540734 -0.680349 0.110780
v 0.567272 -0.680349 0.090416
v 0.598176 -0.680349 0.077616
v 0.631339 -0.680349 0.073250
v 0.664503 -0.680349 0.077616
v 0.695407 -0.680349 0.090416
v 0.721945 -0.680349 0.110780
v 0.742308 -0.680349 0.137317
v 0.755109 -0.680349 0.168221
v 0.759475 -0.680349 0.201385
v 0.755109 -0.680349 0.234549
v 0.742308 -0.680349 0.265453
v 0.721945 -0.680349 0.291990
v 0.695407 -0.680349 0.312353
v 0.664503 -0.680349 0.325154
v 0.631339 -0.680349 0.329520
v 0.598176 -0.680349 0.325154
v 0.567272 -0.680349 0.312354
v 0.540734 -0.680349 0.291990
v 0.520371 -0.680349 0.265453
v 0.631340 -0.567337 0.201385
v -0.772602 -0.563908 0.291372
v -0.797663 -0.563908 0.301752
v -0.824556 -0.563908 0.305293
v -0.851449 -0.563908 0.301752
v -0.876510 -0.563908 0.291372
v -0.898030 -0.563908 0.274859
v -0.914543 -0.563908 0.253339
v -0.924923 -0.563908 0.228278
v -0.928464 -0.563908 0.201385
v -0.924923 -0.563908 0.174492
v 0.631339 -0.656720 0.201385
v -0.914543 -0.563908 0.149431
v -0.898030 -0.563908 0.127911
v -0.876510 -0.563908 0.111398
v -0.851449 -0.563908 0.101018
v -0.824556 -0.563908 0.097477
v -0.797663 -0.563908 0.101018
v -0.772602 -0.563908 0.111398
v -0.751082 -0.563908 0.127911
v -0.734570 -0.563908 0.149431
v -0.720649 -0.563908 0.201385
v -0.724189 -0.563908 0.174492
v -0.667471 -0.563908 0.243476
v 0.507570 -0.567338 0.168221
v 0.503204 -0.567338 0.201385
v 0.520371 -0.567338 0.137317
v 0.540734 -0.567338 0.110780
v 0.567272 -0.567338 0.090416
v 0.598176 -0.567338 0.077616
v 0.631340 -0.567338 0.073250
v 0.664503 -0.567338 0.077616
v 0.695407 -0.567338 0.090416
v 0.721945 -0.567338 0.110779
v 0.742308 -0.567338 0.137317
v 0.755109 -0.567338 0.168221
v 0.759475 -0.567338 0.201385
v 0.755109 -0.567338 0.234549
v 0.742308 -0.567338 0.265453
v 0.721945 -0.567338 0.291990
v 0.695407 -0.567338 0.312354
v 0.664503 -0.567338 0.325154
v 0.631340 -0.567338 0.329520
v 0.598176 -0.567338 0.325154
v 0.567272 -0.567338 0.312353
v 0.540734 -0.567338 0.291990
v 0.520371 -0.567338 0.265453
v 0.507570 -0.567338 0.234549
v 0.540734 -0.656720 0.291990
v 0.520371 -0.656720 0.265453
v 0.567272 -0.656720 0.312354
v 0.598176 -0.656720 0.325154
v 0.631339 -0.656720 0.329520
v 0.664503 -0.656720 0.325154
v 0.695407 -0.656720 0.312353
v 0.721945 -0.656720 0.291990
v 0.742308 -0.656720 0.265453
v 0.755109 -0.656720 0.234549
v 0.759475 -0.656720 0.201385
v 0.755109 -0.656720 0.168221
v 0.742308 -0.656720 0.137317
v 0.721945 -0.656720 0.110780
v 0.695407 -0.656720 0.090416
v 0.664503 -0.656720 0.077616
v 0.631339 -0.656720 0.073250
v 0.598176 -0.656720 0.077616
v 0.567272 -0.656720 0.090416
v 0.540734 -0.656720 0.110780
v 0.520371 -0.656720 0.137317
v 0.507570 -0.656720 0.168221
v 0.503204 -0.656720 0.201385
v 0.507570 -0.656720 0.234549
v -0.751082 -0.563908 0.274859
v -0.734570 -0.563908 0.253339
v -0.724189 -0.563908 0.228278
v -0.824556 -0.488734 0.201385
v -0.724189 -0.488734 0.174492
v -0.720649 -0.488734 0.201385
v -0.734570 -0.488734 0.149431
v -0.751082 -0.488734 0.127911
v -0.772602 -0.488734 0.111398
v -0.797663 -0.488734 0.101018
v -0.824556 -0.488734 0.097477
v -0.851449 -0.488734 0.101018
v -0.876510 -0.488734 0.111398
v -0.898030 -0.488734 0.127911
v -0.914543 -0.488734 0.149431
v -0.924923 -0.488734 0.174492
v -0.928464 -0.488734 0.201385
v -0.924923 -0.488734 0.228278
v -0.914543 -0.488734 0.253339
v -0.898030 -0.488734 0.274859
v -0.876510 -0.488734 0.291372
v -0.851449 -0.488734 0.301752
v -0.824556 -0.488734 0.305293
v -0.797663 -0.488734 0.301752
v -0.772602 -0.488734 0.291372
v -0.751082 -0.488734 0.274859
v -0.734570 -0.488734 0.253339
v -0.724189 -0.488734 0.228278
v -0.910706 -0.720248 0.178301
v -0.903337 -0.720248 0.180276
v -0.901796 -0.720248 0.156791
v -0.895189 -0.720248 0.160605
v -0.887622 -0.720248 0.138319
v -0.882228 -0.720248 0.143714
v -0.869151 -0.720248 0.124145
v -0.865336 -0.720248 0.130752
v -0.847640 -0.720248 0.115235
v -0.845665 -0.720248 0.122604
v -0.824556 -0.720248 0.112196
v -0.824556 -0.720248 0.119825
v -0.801472 -0.720248 0.115235
v -0.803447 -0.720248 0.122604
v -0.779962 -0.720248 0.124145
v -0.783776 -0.720248 0.130752
v -0.761490 -0.720248 0.138319
v -0.766885 -0.720248 0.143714
v -0.747316 -0.720248 0.156791
v -0.753923 -0.720248 0.160605
v -0.742997 -0.720248 0.201385
v -0.735367 -0.720248 0.201385
v -0.738406 -0.720248 0.178301
v -0.745776 -0.720248 0.180276
v -0.745776 -0.728772 0.180276
v -0.738406 -0.728772 0.178301
v -0.735367 -0.728772 0.201385
v -0.742997 -0.728772 0.201385
v -0.753923 -0.728772 0.160605
v -0.747316 -0.728772 0.156791
v -0.766885 -0.728772 0.143714
v -0.761490 -0.728772 0.138319
v -0.783776 -0.728772 0.130752
v -0.779962 -0.728772 0.124145
v -0.803447 -0.728772 0.122604
v -0.801472 -0.728772 0.115235
v -0.824556 -0.728772 0.119825
v -0.824556 -0.728772 0.112196
v -0.845665 -0.728772 0.122604
v -0.847640 -0.728772 0.115235
v -0.865336 -0.728772 0.130752
v -0.869151 -0.728772 0.124145
v -0.882228 -0.728772 0.143714
v -0.887622 -0.728772 0.138319
v -0.895189 -0.728772 0.160605
v -0.901796 -0.728772 0.156791
v -0.903337 -0.728772 0.180276
v -0.910706 -0.728772 0.178301
v -0.906116 -0.728772 0.201385
v -0.913745 -0.728772 0.201385
v -0.903337 -0.728772 0.222494
v -0.910706 -0.728772 0.224469
v -0.895189 -0.728772 0.242165
v -0.901796 -0.728772 0.245979
v -0.882228 -0.728772 0.259056
v -0.887622 -0.728772 0.264451
v -0.865336 -0.728772 0.272018
v -0.869151 -0.728772 0.278625
v -0.845665 -0.728772 0.280166
v -0.847640 -0.728772 0.287535
v -0.824556 -0.728772 0.282945
v -0.824556 -0.728772 0.290574
v -0.803447 -0.728772 0.280166
v -0.801472 -0.728772 0.287535
v -0.783776 -0.728772 0.272018
v -0.779962 -0.728772 0.278625
v -0.766885 -0.728772 0.259056
v -0.761490 -0.728772 0.264451
v -0.753923 -0.728772 0.242165
v -0.747316 -0.728772 0.245979
v -0.745776 -0.728772 0.222494
v -0.738406 -0.728772 0.224469
v -0.738406 -0.488734 0.178301
v -0.745776 -0.488734 0.180276
v -0.742997 -0.488734 0.201385
v -0.735367 -0.488734 0.201385
v -0.747316 -0.488734 0.156791
v -0.753923 -0.488734 0.160605
v -0.761490 -0.488734 0.138319
v -0.766885 -0.488734 0.143714
v -0.779962 -0.488734 0.124145
v -0.783776 -0.488734 0.130752
v -0.801472 -0.488734 0.115235
v -0.803447 -0.488734 0.122604
v -0.824556 -0.488734 0.112196
v -0.824556 -0.488734 0.119825
v -0.847640 -0.488734 0.115235
v -0.845665 -0.488734 0.122604
v -0.869151 -0.488734 0.124145
v -0.865336 -0.488734 0.130752
v -0.887622 -0.488734 0.138319
v -0.882228 -0.488734 0.143714
v -0.901796 -0.488734 0.156791
v -0.895189 -0.488734 0.160605
v -0.910706 -0.488734 0.178301
v -0.903337 -0.488734 0.180276
v -0.913745 -0.488734 0.201385
v -0.906116 -0.488734 0.201385
v -0.910706 -0.488734 0.224469
v -0.903337 -0.488734 0.222494
v -0.901796 -0.488734 0.245979
v -0.895189 -0.488734 0.242165
v -0.887622 -0.488734 0.264451
v -0.882228 -0.488734 0.259056
v -0.869151 -0.488734 0.278625
v -0.865336 -0.488734 0.272018
v -0.847640 -0.488734 0.287535
v -0.845665 -0.488734 0.280166
v -0.824556 -0.488734 0.290574
v -0.824556 -0.488734 0.282945
v -0.801472 -0.488734 0.287535
v -0.803447 -0.488734 0.280166
v -0.779962 -0.488734 0.278625
v -0.783776 -0.488734 0.272018
v -0.761490 -0.488734 0.264451
v -0.766885 -0.488734 0.259056
v -0.747316 -0.488734 0.245979
v -0.753923 -0.488734 0.242165
v -0.738406 -0.488734 0.224469
v -0.745776 -0.488734 0.222494
v -0.738406 -0.497259 0.178301
v -0.745776 -0.497259 0.180276
v -0.742997 -0.497259 0.201385
v -0.735367 -0.497259 0.201385
v -0.747316 -0.497259 0.156791
v -0.753923 -0.497259 0.160605
v -0.761490 -0.497259 0.138319
v -0.766885 -0.497259 0.143714
v -0.779962 -0.497259 0.124145
v -0.783776 -0.497259 0.130752
v -0.801472 -0.497259 0.115235
v -0.803447 -0.497259 0.122604
v -0.824556 -0.497259 0.112196
v -0.824556 -0.497259 0.119825
v -0.847640 -0.497259 0.115235
v -0.845665 -0.497259 0.122604
v -0.869151 -0.497259 0.124145
v -0.865336 -0.497259 0.130752
v -0.887622 -0.497259 0.138319
v -0.882228 -0.497259 0.143714
v -0.901796 -0.497259 0.156791
v -0.895189 -0.497259 0.160605
v -0.910706 -0.497259 0.178301
v -0.903337 -0.497259 0.180276
v -0.913745 -0.497259 0.201385
v -0.906116 -0.497259 0.201385
v -0.910706 -0.497259 0.224469
v -0.903337 -0.497259 0.222494
v -0.901796 -0.497259 0.245979
v -0.895189 -0.497259 0.242165
v -0.887622 -0.497259 0.264451
v -0.882228 -0.497259 0.259056
v -0.869151 -0.497259 0.278625
v -0.865336 -0.497259 0.272018
v -0.847640 -0.497259 0.287535
v -0.845665 -0.497259 0.280166
v -0.824556 -0.497259 0.290574
v -0.824556 -0.497259 0.282945
v -0.801472 -0.497259 0.287535
v -0.803447 -0.497259 0.280166
v -0.779962 -0.497259 0.278625
v -0.783776 -0.497259 0.272018
v -0.761490 -0.497259 0.264451
v -0.766885 -0.497259 0.259056
v -0.747316 -0.497259 0.245979
v -0.753923 -0.497259 0.242165
v -0.738406 -0.497259 0.224469
v -0.745776 -0.497259 0.222494
v 0.648227 -0.704211 0.101551
v 0.693182 -0.704211 0.146506
v 0.693182 -0.518943 0.146506
v 0.648228 -0.518943 0.101551
v 0.648228 -0.540862 0.101551
v 0.693182 -0.540862 0.146506
v 0.693182 -0.682292 0.146506
v 0.648227 -0.682292 0.101551
v 0.693182 -0.704211 0.290493
v 0.681794 -0.704211 0.301881
v 0.681794 -0.518943 0.301881
v 0.693182 -0.518943 0.290493
v 0.681794 -0.682292 0.301881
v 0.693182 -0.682292 0.290493
v 0.693182 -0.540862 0.290493
v 0.681794 -0.540862 0.301881
v 0.374733 -0.540862 0.077427
v 0.308957 -0.518943 0.077427
v 0.374733 -0.518943 0.077427
v 0.374733 -0.704211 0.077427
v 0.308957 -0.704211 0.077427
v -0.207966 -0.682291 0.077427
v -0.142189 -0.682291 0.077427
v -0.207965 -0.540862 0.077427
v -0.142189 -0.540862 0.077427
v -0.207965 -0.518943 0.077427
v -0.142189 -0.518943 0.077427
v -0.142189 -0.704210 0.077427
v -0.207966 -0.704210 0.077427
v -0.525221 -0.704210 0.077427
v -0.525221 -0.682291 0.077427
v -0.459445 -0.704210 0.077427
v -0.459445 -0.682291 0.077427
v -0.525221 -0.540861 0.077427
v -0.459445 -0.540862 0.077427
v -0.525221 -0.518942 0.077427
v -0.459445 -0.518943 0.077427
v -0.525221 -0.704210 0.301881
v -0.459445 -0.704210 0.301881
v -0.492333 -0.704210 0.301881
v -0.459445 -0.518943 0.101551
v -0.525221 -0.518942 0.101551
v -0.492333 -0.518942 0.101551
v -0.459445 -0.540862 0.101551
v -0.525221 -0.540861 0.101551
v -0.525221 -0.518942 0.301881
v -0.459445 -0.518943 0.301881
v -0.492333 -0.518942 0.301881
v -0.459445 -0.704210 0.101551
v -0.525221 -0.704210 0.101551
v -0.492333 -0.704210 0.101551
v -0.459445 -0.682291 0.301881
v -0.525221 -0.682291 0.301881
v -0.492333 -0.682291 0.301881
v -0.525221 -0.540861 0.301881
v -0.459445 -0.540862 0.301881
v -0.492333 -0.540861 0.301881
v -0.525221 -0.682291 0.101551
v -0.459445 -0.682291 0.101551
v -0.142189 -0.540862 0.101551
v -0.207965 -0.540862 0.101551
v -0.207965 -0.518943 0.301881
v -0.142189 -0.518943 0.301881
v -0.175077 -0.518943 0.301881
v -0.207966 -0.704210 0.101551
v -0.142189 -0.704210 0.101551
v -0.175077 -0.704210 0.101551
v -0.142189 -0.682291 0.301881
v -0.207966 -0.682291 0.301881
v -0.175077 -0.682291 0.301881
v -0.142189 -0.704210 0.301881
v -0.207966 -0.704210 0.301881
v -0.175077 -0.704210 0.301881
v -0.142189 -0.518943 0.101551
v -0.207965 -0.518943 0.101551
v -0.175077 -0.518943 0.101551
v -0.207965 -0.540862 0.301881
v -0.142189 -0.540862 0.301881
v -0.175077 -0.540862 0.301881
v -0.207966 -0.682291 0.101551
v -0.142189 -0.682291 0.101551
v 0.374733 -0.540862 0.101551
v 0.308957 -0.540862 0.101551
v 0.308957 -0.518943 0.301881
v 0.374733 -0.518943 0.301881
v 0.341845 -0.518943 0.301881
v 0.277748 -0.704210 0.173816
v 0.374733 -0.704211 0.101551
v 0.341845 -0.704211 0.101551
v 0.374733 -0.682292 0.301881
v 0.308957 -0.682292 0.301881
v 0.341845 -0.682292 0.301881
v 0.374733 -0.704211 0.301881
v 0.277748 -0.704210 0.229616
v 0.341845 -0.704211 0.301881
v 0.374733 -0.518943 0.101551
v 0.308957 -0.518943 0.101551
v 0.341845 -0.518943 0.101551
v 0.308957 -0.540862 0.301881
v 0.374733 -0.540862 0.301881
v 0.341845 -0.540862 0.301881
v 0.308957 -0.682292 0.101551
v 0.374733 -0.682292 0.101551
v 0.125044 -0.704210 0.301881
v 0.222029 -0.704210 0.229616
v 0.157932 -0.704210 0.301881
v 0.125044 -0.518943 0.101551
v 0.190820 -0.518943 0.101551
v 0.157932 -0.518943 0.101551
v 0.190820 -0.540862 0.301881
v 0.125044 -0.540862 0.301881
v 0.157932 -0.540862 0.301881
v 0.190820 -0.682291 0.101551
v 0.125044 -0.682291 0.101551
v 0.125044 -0.540862 0.101551
v 0.190820 -0.540862 0.101551
v 0.190820 -0.518943 0.301881
v 0.125044 -0.518943 0.301881
v 0.157932 -0.518943 0.301881
v 0.222029 -0.704210 0.173816
v 0.125044 -0.704210 0.101551
v 0.157932 -0.704210 0.101551
v 0.125044 -0.682291 0.301881
v 0.190820 -0.682291 0.301881
v 0.157932 -0.682291 0.301881
v 0.308957 -0.540862 0.077427
v 0.374733 -0.682292 0.077427
v 0.308957 -0.682292 0.077427
v 0.190820 -0.540862 0.077427
v 0.190820 -0.682291 0.077427
v 0.125044 -0.540862 0.077427
v 0.125044 -0.682291 0.077427
v 0.190820 -0.704210 0.077427
v 0.125044 -0.704210 0.077427
v 0.190820 -0.518943 0.077427
v 0.125044 -0.518943 0.077427
v 0.319778 -0.540862 0.066009
v 0.363911 -0.540862 0.066009
v 0.341845 -0.540862 0.059490
v 0.363911 -0.518943 0.066009
v 0.319778 -0.518943 0.066009
v 0.341845 -0.518943 0.078331
v 0.341845 -0.518943 0.059490
v 0.319778 -0.704211 0.066009
v 0.363911 -0.704211 0.066009
v 0.341845 -0.704211 0.078331
v 0.341845 -0.704211 0.059490
v -0.153011 -0.682291 0.066009
v -0.197144 -0.682291 0.066009
v -0.175077 -0.682291 0.059490
v -0.153011 -0.540862 0.066009
v -0.197144 -0.540862 0.066009
v -0.175077 -0.540862 0.059490
v -0.153011 -0.518943 0.066009
v -0.197144 -0.518943 0.066009
v -0.175077 -0.518943 0.078331
v -0.175077 -0.518943 0.059490
v -0.197144 -0.704210 0.066009
v -0.153011 -0.704210 0.066009
v -0.175077 -0.704210 0.078331
v -0.175077 -0.704210 0.059490
v -0.514400 -0.704210 0.066009
v -0.470267 -0.704210 0.066009
v -0.492333 -0.704210 0.078331
v -0.492333 -0.704210 0.059490
v -0.470267 -0.682291 0.066009
v -0.514400 -0.682291 0.066009
v -0.492333 -0.682291 0.059490
v -0.514400 -0.540861 0.066009
v -0.470267 -0.540862 0.066009
v -0.492333 -0.540861 0.059490
v -0.470267 -0.518943 0.066009
v -0.514400 -0.518942 0.066009
v -0.492333 -0.518942 0.078331
v -0.492333 -0.518942 0.059490
v 0.363911 -0.682292 0.066009
v 0.319778 -0.682292 0.066009
v 0.341845 -0.682292 0.059490
v 0.135865 -0.540862 0.066009
v 0.179998 -0.540862 0.066009
v 0.157932 -0.540862 0.059490
v 0.135865 -0.682291 0.066009
v 0.179998 -0.682291 0.066009
v 0.157932 -0.682291 0.059490
v 0.135865 -0.704210 0.066009
v 0.179998 -0.704210 0.066009
v 0.157932 -0.704210 0.078331
v 0.157932 -0.704210 0.059490
v 0.179998 -0.518943 0.066009
v 0.135865 -0.518943 0.066009
v 0.157932 -0.518943 0.078331
v 0.157932 -0.518943 0.059490
v 0.308957 -0.704211 0.301881
v 0.308957 -0.704211 0.101551
v 0.190820 -0.704210 0.101551
v 0.190820 -0.704210 0.301881
v 0.277748 -0.661006 0.229616
v 0.277748 -0.661006 0.173816
v 0.222029 -0.661006 0.173816
v 0.222029 -0.661006 0.229616
v 0.150757 -0.703590 0.074721
v 0.332871 -0.703590 0.079073
v 0.337017 -0.703590 0.073357
v 0.343991 -0.703590 0.072246
v 0.349707 -0.703590 0.076391
v 0.341845 -0.706719 0.081219
v 0.350818 -0.703590 0.083365
v 0.346673 -0.703590 0.089082
v 0.339699 -0.703590 0.090193
v 0.333982 -0.703590 0.086047
v 0.157270 -0.703590 0.071993
v 0.163805 -0.703590 0.074669
v 0.166534 -0.703590 0.081182
v 0.163858 -0.703590 0.087717
v 0.157344 -0.703590 0.090446
v 0.157307 -0.706719 0.081219
v 0.150810 -0.703590 0.087769
v 0.148081 -0.703590 0.081256
v -0.184816 -0.703590 0.080127
v -0.181360 -0.703590 0.073968
v -0.174562 -0.703590 0.072058
v -0.168403 -0.703590 0.075513
v -0.166493 -0.703590 0.082312
v -0.169948 -0.703590 0.088470
v -0.175654 -0.706719 0.081219
v -0.176747 -0.703590 0.090381
v -0.182905 -0.703590 0.086925
v -0.494762 -0.703590 0.072243
v -0.487790 -0.703590 0.073362
v -0.483650 -0.703590 0.079083
v -0.484769 -0.703590 0.086055
v -0.490490 -0.703590 0.090195
v -0.497463 -0.703590 0.089077
v -0.492626 -0.706719 0.081219
v -0.501602 -0.703590 0.083355
v -0.500484 -0.703590 0.076383
v -0.055337 -0.303204 0.344020
v -0.045509 -0.303204 0.327494
v -0.028734 -0.303204 0.318096
v -0.009508 -0.303204 0.318345
v 0.007018 -0.303204 0.328173
v 0.016416 -0.303204 0.344948
v -0.019585 -0.741356 0.354097
v 0.016167 -0.303204 0.364174
v 0.006339 -0.303204 0.380700
v -0.010436 -0.303204 0.390098
v -0.029662 -0.303204 0.389849
v -0.046188 -0.303204 0.380021
v -0.055586 -0.303204 0.363247
v 0.464026 -0.438333 0.128317
v 0.314683 -0.211174 0.409760
v -0.464026 -0.438333 0.128317
v -0.313726 -0.211875 0.409819
v -0.464026 -0.002351 0.128317
v -0.313726 -0.002351 0.409819
v 0.464026 -0.002351 0.128317
v 0.314683 -0.002351 0.409760
v -0.211368 -0.438333 0.128317
v 0.211368 -0.438333 0.128317
v 0.211368 -0.286954 0.416145
v -0.211368 -0.286954 0.416145
v -0.211368 -0.002351 0.128317
v 0.211368 -0.002351 0.128317
v -0.211368 -0.438333 0.416145
v -0.464026 -0.438333 0.400530
v 0.464026 -0.002351 0.400530
v 0.464026 -0.438333 0.400530
v -0.464026 -0.002351 0.400530
v 0.211368 -0.438333 0.416145
v 0.253793 -0.002351 0.499006
v -0.253021 -0.002351 0.499053
v -0.170469 -0.231429 0.504155
v 0.170469 -0.231429 0.504155
v -0.253021 -0.170878 0.499053
v 0.253793 -0.170312 0.499006
v -0.055337 -0.741356 0.344020
v -0.045509 -0.741356 0.327494
v -0.028735 -0.741356 0.318096
v -0.009508 -0.741356 0.318345
v 0.007018 -0.741356 0.328173
v 0.016416 -0.741356 0.344948
v 0.016167 -0.741356 0.364174
v 0.006339 -0.741356 0.380700
v -0.010436 -0.741356 0.390098
v -0.029662 -0.741356 0.389849
v -0.046188 -0.741356 0.380021
v -0.055586 -0.741356 0.363247
v 0.332871 -0.706719 0.079073
v 0.337017 -0.706719 0.073357
v 0.163805 -0.706719 0.074669
v 0.166534 -0.706719 0.081182
v 0.163858 -0.706719 0.087717
v 0.157344 -0.706719 0.090446
v 0.343991 -0.706719 0.072246
v 0.349707 -0.706719 0.076391
v 0.157270 -0.706719 0.071993
v 0.350818 -0.706719 0.083365
v 0.346673 -0.706719 0.089082
v 0.339699 -0.706719 0.090193
v 0.333982 -0.706719 0.086047
v 0.150757 -0.706719 0.074721
v 0.150810 -0.706719 0.087769
v 0.148081 -0.706719 0.081256
v -0.174562 -0.706719 0.072058
v -0.168403 -0.706719 0.075513
v -0.166493 -0.706719 0.082312
v -0.169948 -0.706719 0.088470
v -0.181360 -0.706719 0.073968
v -0.184816 -0.706719 0.080127
v -0.176747 -0.706719 0.090381
v -0.182905 -0.706719 0.086925
v -0.483650 -0.706719 0.079083
v -0.484769 -0.706719 0.086055
v -0.490490 -0.706719 0.090195
v -0.497463 -0.706719 0.089077
v -0.487790 -0.706719 0.073362
v -0.494762 -0.706719 0.072243
v -0.501602 -0.706719 0.083355
v -0.500484 -0.706719 0.076383
v -0.683717 0.559207 0.282698
v -0.667470 0.648898 0.159294
v -0.661929 0.648897 0.201385
v -0.683717 0.648898 0.120072
v -0.709561 0.648898 0.086390
v -0.743242 0.648898 0.060546
v -0.782465 0.648898 0.044299
v -0.824556 0.648898 0.038758
v -0.866647 0.648898 0.044299
v -0.905869 0.648898 0.060546
v -0.939550 0.648898 0.086390
v -0.965395 0.648898 0.120072
v -0.981641 0.648898 0.159294
v -0.987183 0.648898 0.201385
v -0.981641 0.648898 0.243476
v -0.965395 0.648898 0.282698
v -0.939550 0.648898 0.316380
v -0.905869 0.648898 0.342224
v -0.866647 0.648898 0.358470
v -0.824556 0.648898 0.364012
v -0.782465 0.648898 0.358470
v -0.743242 0.648898 0.342224
v -0.709561 0.648898 0.316380
v -0.683717 0.648898 0.282698
v -0.667470 0.648898 0.243476
v -0.724189 0.648898 0.174492
v -0.720648 0.648898 0.201385
v -0.734569 0.648898 0.149431
v -0.751082 0.648898 0.127911
v -0.772602 0.648898 0.111398
v -0.797663 0.648898 0.101018
v -0.824556 0.648898 0.097477
v -0.851449 0.648898 0.101018
v -0.876510 0.648898 0.111398
v -0.898030 0.648898 0.127911
v -0.914542 0.648898 0.149431
v -0.924923 0.648898 0.174492
v -0.928463 0.648898 0.201385
v -0.924923 0.648898 0.228278
v -0.914542 0.648898 0.253339
v -0.898030 0.648898 0.274859
v -0.876510 0.648898 0.291372
v -0.851449 0.648898 0.301752
v -0.824556 0.648898 0.305293
v -0.797663 0.648898 0.301752
v -0.772602 0.648898 0.291372
v -0.751082 0.648898 0.274859
v -0.734569 0.648898 0.253339
v -0.724189 0.648898 0.228278
v -0.824556 0.724071 0.201385
v -0.724189 0.724071 0.174492
v -0.720648 0.724071 0.201385
v -0.734569 0.724071 0.149431
v -0.751082 0.724071 0.127911
v -0.772602 0.724071 0.111398
v -0.797662 0.724071 0.101018
v -0.824556 0.724071 0.097477
v -0.851449 0.724071 0.101018
v -0.876510 0.724071 0.111398
v -0.898030 0.724071 0.127911
v -0.914542 0.724071 0.149431
v -0.924923 0.724071 0.174492
v -0.928463 0.724071 0.201385
v -0.924923 0.724071 0.228278
v -0.914542 0.724071 0.253339
v -0.898030 0.724071 0.274859
v -0.876510 0.724071 0.291372
v -0.851449 0.724071 0.301752
v -0.824556 0.724071 0.305293
v -0.797662 0.724071 0.301752
v -0.772602 0.724071 0.291372
v -0.751082 0.724071 0.274859
v -0.734569 0.724071 0.253339
v -0.724189 0.724071 0.228278
v -0.738406 0.715547 0.224469
v -0.745775 0.715547 0.222494
v -0.747316 0.715547 0.245979
v -0.753923 0.715547 0.242165
v -0.761490 0.715547 0.264451
v -0.766884 0.715547 0.259056
v -0.779961 0.715547 0.278625
v -0.783776 0.715547 0.272018
v -0.801472 0.715547 0.287535
v -0.803447 0.715547 0.280166
v -0.824556 0.715547 0.290574
v -0.824556 0.715547 0.282945
v -0.847640 0.715547 0.287535
v -0.845665 0.715547 0.280166
v -0.869150 0.715547 0.278625
v -0.865336 0.715547 0.272018
v -0.887622 0.715547 0.264451
v -0.882227 0.715547 0.259056
v -0.901795 0.715547 0.245979
v -0.895188 0.715547 0.242165
v -0.910705 0.715547 0.224469
v -0.903336 0.715547 0.222494
v -0.913745 0.715547 0.201385
v -0.906115 0.715547 0.201385
v -0.709561 0.559207 0.316380
v -0.743242 0.559207 0.342224
v -0.782465 0.559207 0.358470
v -0.824556 0.559207 0.364012
v -0.866647 0.559207 0.358470
v -0.905869 0.559207 0.342224
v -0.939550 0.559207 0.316380
v -0.965395 0.559207 0.282698
v -0.981641 0.559207 0.243476
v -0.987183 0.559207 0.201385
v -0.981641 0.559207 0.159294
v -0.965395 0.559207 0.120072
v -0.939550 0.559207 0.086390
v -0.905869 0.559207 0.060546
v -0.866647 0.559207 0.044299
v -0.824556 0.559207 0.038758
v -0.782465 0.559207 0.044299
v -0.743242 0.559207 0.060546
v -0.709561 0.559207 0.086390
v -0.683717 0.559207 0.120072
v -0.661929 0.559207 0.201385
v -0.667470 0.559207 0.159294
v 0.774435 0.675647 0.163043
v 0.779482 0.675647 0.201385
v 0.759635 0.675647 0.127314
v 0.736092 0.675647 0.096633
v 0.705411 0.675647 0.073090
v 0.669682 0.675647 0.058291
v 0.631340 0.675647 0.053243
v 0.592998 0.675647 0.058291
v 0.557269 0.675647 0.073090
v 0.526587 0.675647 0.096633
v 0.503045 0.675647 0.127314
v 0.488245 0.675647 0.163043
v 0.483198 0.675647 0.201385
v 0.488245 0.675647 0.239727
v 0.503045 0.675647 0.275456
v 0.526587 0.675647 0.306137
v 0.557269 0.675647 0.329680
v 0.592998 0.675647 0.344479
v 0.631340 0.675647 0.349527
v 0.669682 0.675647 0.344479
v 0.705411 0.675647 0.329680
v 0.736092 0.675647 0.306137
v 0.759635 0.675647 0.275456
v 0.774435 0.675647 0.239727
v 0.779482 0.539006 0.201385
v 0.774435 0.539006 0.163043
v 0.759635 0.539006 0.127314
v 0.736092 0.539006 0.096633
v 0.705411 0.539006 0.073090
v 0.669682 0.539006 0.058290
v 0.631340 0.539007 0.053243
v 0.592998 0.539007 0.058290
v 0.557269 0.539007 0.073090
v 0.526587 0.539007 0.096633
v 0.503045 0.539007 0.127314
v 0.488245 0.539007 0.163043
v 0.483198 0.539007 0.201385
v 0.488245 0.539007 0.239727
v 0.503045 0.539007 0.275456
v 0.526587 0.539007 0.306137
v 0.557269 0.539007 0.329680
v 0.592998 0.539007 0.344479
v 0.631340 0.539007 0.349527
v 0.669682 0.539006 0.344479
v 0.705411 0.539006 0.329680
v 0.736092 0.539006 0.306137
v 0.759635 0.539006 0.275456
v 0.774435 0.539006 0.239727
v -0.616715 0.699509 0.101551
v -0.616715 0.699509 0.301881
v -0.616715 0.514241 0.101551
v -0.616715 0.514241 0.301881
v -0.635065 0.699509 0.301881
v -0.635065 0.699509 0.101551
v -0.635065 0.514241 0.101551
v -0.635065 0.514241 0.301881
v -0.616715 0.721507 0.323878
v -0.616715 0.721507 0.079554
v -0.616715 0.492244 0.079554
v -0.616715 0.492244 0.323878
v -0.635065 0.721507 0.323878
v -0.635065 0.721507 0.079554
v -0.635065 0.492244 0.079554
v -0.635065 0.492244 0.323878
v 0.460868 0.677590 0.101551
v 0.460868 0.536160 0.101551
v 0.460868 0.536160 0.301881
v 0.460868 0.677590 0.301881
v 0.460868 0.514241 0.301881
v 0.460868 0.514241 0.101551
v 0.460868 0.699509 0.301881
v 0.460868 0.699509 0.101551
v -0.616715 0.536160 0.101551
v -0.616715 0.677590 0.101551
v -0.616715 0.677590 0.301881
v -0.616715 0.536160 0.301881
v -0.635065 0.536160 0.101551
v -0.635065 0.677590 0.101551
v -0.635065 0.536160 0.301881
v -0.635065 0.677590 0.301881
v -0.616715 0.536160 0.079554
v -0.616715 0.677590 0.079554
v -0.616715 0.536160 0.323878
v -0.616715 0.677590 0.323878
v -0.635065 0.677590 0.079554
v -0.635065 0.536160 0.079554
v -0.635065 0.677590 0.323878
v -0.635065 0.536160 0.323878
v 0.507571 0.539007 0.234549
v 0.520371 0.539007 0.265453
v 0.540734 0.539007 0.291990
v 0.567272 0.539007 0.312353
v 0.598176 0.539007 0.325154
v 0.631340 0.539007 0.329520
v 0.664504 0.539007 0.325154
v 0.695408 0.539007 0.312354
v 0.721945 0.539007 0.291990
v 0.742308 0.539007 0.265453
v 0.755109 0.539007 0.234549
v 0.759475 0.539007 0.201385
v 0.755109 0.539007 0.168221
v 0.742308 0.539007 0.137317
v 0.721945 0.539007 0.110779
v 0.695408 0.539007 0.090416
v 0.664504 0.539007 0.077616
v 0.631340 0.539007 0.073250
v 0.598176 0.539007 0.077616
v 0.567272 0.539007 0.090416
v 0.540734 0.539007 0.110780
v 0.520371 0.539007 0.137317
v 0.507571 0.539007 0.168221
v 0.503205 0.539007 0.201385
v 0.507571 0.675647 0.234549
v 0.503204 0.675647 0.201385
v 0.507571 0.675647 0.168221
v 0.520371 0.675647 0.137317
v 0.540734 0.675647 0.110780
v 0.567272 0.675647 0.090416
v 0.598176 0.675647 0.077616
v 0.631340 0.675647 0.073250
v 0.664504 0.675647 0.077616
v 0.695408 0.675647 0.090416
v 0.721945 0.675647 0.110780
v 0.742308 0.675647 0.137317
v 0.755109 0.675647 0.168221
v 0.759475 0.675647 0.201385
v 0.755109 0.675647 0.234549
v 0.742308 0.675647 0.265453
v 0.721945 0.675647 0.291990
v 0.695408 0.675647 0.312353
v 0.664504 0.675647 0.325154
v 0.631340 0.675647 0.329520
v 0.598176 0.675647 0.325154
v 0.567272 0.675647 0.312354
v 0.540734 0.675647 0.291990
v 0.520371 0.675647 0.265453
v 0.631340 0.562636 0.201385
v -0.772602 0.559207 0.291372
v -0.797663 0.559207 0.301752
v -0.824556 0.559207 0.305293
v -0.851449 0.559207 0.301752
v -0.876510 0.559207 0.291372
v -0.898030 0.559207 0.274859
v -0.914542 0.559207 0.253339
v -0.924923 0.559207 0.228278
v -0.928463 0.559207 0.201385
v -0.924923 0.559207 0.174492
v 0.631340 0.652018 0.201385
v -0.914542 0.559207 0.149431
v -0.898030 0.559207 0.127911
v -0.876510 0.559207 0.111398
v -0.851449 0.559207 0.101018
v -0.824556 0.559207 0.097477
v -0.797663 0.559207 0.101018
v -0.772602 0.559207 0.111398
v -0.751082 0.559207 0.127911
v -0.734569 0.559207 0.149431
v -0.720648 0.559207 0.201385
v -0.724189 0.559207 0.174492
v -0.667470 0.559207 0.243476
v 0.507571 0.562636 0.168221
v 0.503205 0.562636 0.201385
v 0.520371 0.562636 0.137317
v 0.540734 0.562636 0.110780
v 0.567272 0.562636 0.090416
v 0.598176 0.562636 0.077616
v 0.631340 0.562636 0.073250
v 0.664504 0.562636 0.077616
v 0.695408 0.562636 0.090416
v 0.721945 0.562636 0.110779
v 0.742308 0.562636 0.137317
v 0.755109 0.562636 0.168221
v 0.759475 0.562636 0.201385
v 0.755109 0.562636 0.234549
v 0.742308 0.562636 0.265453
v 0.721945 0.562636 0.291990
v 0.695408 0.562636 0.312354
v 0.664504 0.562636 0.325154
v 0.631340 0.562636 0.329520
v 0.598176 0.562636 0.325154
v 0.567272 0.562636 0.312353
v 0.540734 0.562636 0.291990
v 0.520371 0.562636 0.265453
v 0.507571 0.562636 0.234549
v 0.540734 0.652018 0.291990
v 0.520371 0.652018 0.265453
v 0.567272 0.652018 0.312354
v 0.598176 0.652018 0.325154
v 0.631340 0.652018 0.329520
v 0.664504 0.652018 0.325154
v 0.695408 0.652018 0.312353
v 0.721945 0.652018 0.291990
v 0.742308 0.652018 0.265453
v 0.755109 0.652018 0.234549
v 0.759475 0.652018 0.201385
v 0.755109 0.652018 0.168221
v 0.742308 0.652018 0.137317
v 0.721945 0.652018 0.110780
v 0.695408 0.652018 0.090416
v 0.664504 0.652018 0.077616
v 0.631340 0.652018 0.073250
v 0.598176 0.652018 0.077616
v 0.567272 0.652018 0.090416
v 0.540734 0.652018 0.110780
v 0.520371 0.652018 0.137317
v 0.507570 0.652018 0.168221
v 0.503204 0.652018 0.201385
v 0.507570 0.652018 0.234549
v -0.751082 0.559207 0.274859
v -0.734569 0.559207 0.253339
v -0.724189 0.559207 0.228278
v -0.824556 0.484034 0.201385
v -0.724189 0.484033 0.174492
v -0.720648 0.484033 0.201385
v -0.734569 0.484033 0.149431
v -0.751082 0.484033 0.127911
v -0.772602 0.484033 0.111398
v -0.797663 0.484033 0.101018
v -0.824556 0.484033 0.097477
v -0.851449 0.484033 0.101018
v -0.876510 0.484033 0.111398
v -0.898030 0.484033 0.127911
v -0.914542 0.484033 0.149431
v -0.924923 0.484033 0.174492
v -0.928463 0.484033 0.201385
v -0.924923 0.484033 0.228278
v -0.914542 0.484033 0.253339
v -0.898030 0.484033 0.274859
v -0.876510 0.484033 0.291372
v -0.851449 0.484033 0.301752
v -0.824556 0.484033 0.305293
v -0.797663 0.484033 0.301752
v -0.772602 0.484033 0.291372
v -0.751082 0.484033 0.274859
v -0.734569 0.484033 0.253339
v -0.724189 0.484033 0.228278
v -0.910705 0.715547 0.178301
v -0.903336 0.715547 0.180276
v -0.901795 0.715547 0.156791
v -0.895188 0.715547 0.160605
v -0.887622 0.715547 0.138319
v -0.882227 0.715547 0.143714
v -0.869150 0.715547 0.124145
v -0.865336 0.715547 0.130752
v -0.847639 0.715547 0.115235
v -0.845665 0.715547 0.122604
v -0.824556 0.715547 0.112196
v -0.824556 0.715547 0.119825
v -0.801472 0.715547 0.115235
v -0.803447 0.715547 0.122604
v -0.779961 0.715547 0.124145
v -0.783776 0.715547 0.130752
v -0.761490 0.715547 0.138319
v -0.766884 0.715547 0.143714
v -0.747316 0.715547 0.156791
v -0.753923 0.715547 0.160605
v -0.742996 0.715547 0.201385
v -0.735367 0.715547 0.201385
v -0.738406 0.715547 0.178301
v -0.745775 0.715547 0.180276
v -0.745775 0.724071 0.180276
v -0.738406 0.724071 0.178301
v -0.735367 0.724071 0.201385
v -0.742996 0.724071 0.201385
v -0.753923 0.724071 0.160605
v -0.747316 0.724071 0.156791
v -0.766884 0.724071 0.143714
v -0.761490 0.724071 0.138319
v -0.783776 0.724071 0.130752
v -0.779961 0.724071 0.124145
v -0.803447 0.724071 0.122604
v -0.801472 0.724071 0.115235
v -0.824556 0.724071 0.119825
v -0.824556 0.724071 0.112196
v -0.845665 0.724071 0.122604
v -0.847640 0.724071 0.115235
v -0.865336 0.724071 0.130752
v -0.869150 0.724071 0.124145
v -0.882227 0.724071 0.143714
v -0.887622 0.724071 0.138319
v -0.895188 0.724071 0.160605
v -0.901795 0.724071 0.156791
v -0.903336 0.724071 0.180276
v -0.910705 0.724071 0.178301
v -0.906115 0.724071 0.201385
v -0.913745 0.724071 0.201385
v -0.903336 0.724071 0.222494
v -0.910705 0.724071 0.224469
v -0.895188 0.724071 0.242165
v -0.901795 0.724071 0.245979
v -0.882227 0.724071 0.259056
v -0.887622 0.724071 0.264451
v -0.865336 0.724071 0.272018
v -0.869150 0.724071 0.278625
v -0.845665 0.724071 0.280166
v -0.847640 0.724071 0.287535
v -0.824556 0.724071 0.282945
v -0.824556 0.724071 0.290574
v -0.803447 0.724071 0.280166
v -0.801472 0.724071 0.287535
v -0.783776 0.724071 0.272018
v -0.779961 0.724071 0.278625
v -0.766884 0.724071 0.259056
v -0.761490 0.724071 0.264451
v -0.753923 0.724071 0.242165
v -0.747316 0.724071 0.245979
v -0.745775 0.724071 0.222494
v -0.738406 0.724071 0.224469
v -0.738406 0.484033 0.178301
v -0.745775 0.484033 0.180276
v -0.742996 0.484033 0.201385
v -0.735367 0.484033 0.201385
v -0.747316 0.484033 0.156791
v -0.753923 0.484033 0.160605
v -0.761490 0.484033 0.138319
v -0.766884 0.484033 0.143714
v -0.779961 0.484033 0.124145
v -0.783776 0.484033 0.130752
v -0.801472 0.484033 0.115235
v -0.803447 0.484033 0.122604
v -0.824556 0.484033 0.112196
v -0.824556 0.484033 0.119825
v -0.847640 0.484033 0.115235
v -0.845665 0.484033 0.122604
v -0.869150 0.484033 0.124145
v -0.865336 0.484033 0.130752
v -0.887622 0.484033 0.138319
v -0.882227 0.484033 0.143714
v -0.901796 0.484033 0.156791
v -0.895189 0.484033 0.160605
v -0.910706 0.484033 0.178301
v -0.903336 0.484033 0.180276
v -0.913745 0.484033 0.201385
v -0.906115 0.484033 0.201385
v -0.910706 0.484033 0.224469
v -0.903336 0.484033 0.222494
v -0.901796 0.484033 0.245979
v -0.895189 0.484033 0.242165
v -0.887622 0.484033 0.264451
v -0.882227 0.484033 0.259056
v -0.869150 0.484033 0.278625
v -0.865336 0.484033 0.272018
v -0.847640 0.484033 0.287535
v -0.845665 0.484033 0.280166
v -0.824556 0.484033 0.290574
v -0.824556 0.484033 0.282945
v -0.801472 0.484033 0.287535
v -0.803447 0.484033 0.280166
v -0.779961 0.484033 0.278625
v -0.783776 0.484033 0.272018
v -0.761490 0.484033 0.264451
v -0.766884 0.484033 0.259056
v -0.747316 0.484033 0.245979
v -0.753923 0.484033 0.242165
v -0.738406 0.484033 0.224469
v -0.745775 0.484033 0.222494
v -0.738406 0.492558 0.178301
v -0.745775 0.492558 0.180276
v -0.742996 0.492558 0.201385
v -0.735367 0.492558 0.201385
v -0.747316 0.492558 0.156791
v -0.753923 0.492558 0.160605
v -0.761490 0.492558 0.138319
v -0.766884 0.492558 0.143714
v -0.779961 0.492558 0.124145
v -0.783776 0.492558 0.130752
v -0.801472 0.492558 0.115235
v -0.803447 0.492558 0.122604
v -0.824556 0.492558 0.112196
v -0.824556 0.492558 0.119825
v -0.847640 0.492558 0.115235
v -0.845665 0.492558 0.122604
v -0.869150 0.492558 0.124145
v -0.865336 0.492558 0.130752
v -0.887622 0.492558 0.138319
v -0.882227 0.492558 0.143714
v -0.901796 0.492558 0.156791
v -0.895189 0.492558 0.160605
v -0.910706 0.492558 0.178301
v -0.903336 0.492558 0.180276
v -0.913745 0.492558 0.201385
v -0.906115 0.492558 0.201385
v -0.910706 0.492558 0.224469
v -0.903336 0.492558 0.222494
v -0.901796 0.492558 0.245979
v -0.895189 0.492558 0.242165
v -0.887622 0.492558 0.264451
v -0.882227 0.492558 0.259056
v -0.869150 0.492558 0.278625
v -0.865336 0.492558 0.272018
v -0.847640 0.492558 0.287535
v -0.845665 0.492558 0.280166
v -0.824556 0.492558 0.290574
v -0.824556 0.492558 0.282945
v -0.801472 0.492558 0.287535
v -0.803447 0.492558 0.280166
v -0.779961 0.492558 0.278625
v -0.783776 0.492558 0.272018
v -0.761490 0.492558 0.264451
v -0.766884 0.492558 0.259056
v -0.747316 0.492558 0.245979
v -0.753923 0.492558 0.242165
v -0.738406 0.492558 0.224469
v -0.745775 0.492558 0.222494
v 0.648228 0.699509 0.101551
v 0.693183 0.699509 0.146506
v 0.693183 0.514241 0.146506
v 0.648228 0.514241 0.101551
v 0.648228 0.536160 0.101551
v 0.693183 0.536160 0.146506
v 0.693183 0.677590 0.146506
v 0.648228 0.677590 0.101551
v 0.693183 0.699509 0.290493
v 0.681795 0.699509 0.301881
v 0.681795 0.514241 0.301881
v 0.693183 0.514241 0.290493
v 0.681795 0.677590 0.301881
v 0.693183 0.677590 0.290493
v 0.693183 0.536160 0.290493
v 0.681795 0.536160 0.301881
v 0.374733 0.536160 0.077427
v 0.308957 0.514241 0.077427
v 0.374733 0.514241 0.077427
v 0.374733 0.699509 0.077427
v 0.308957 0.699509 0.077427
v -0.207965 0.677590 0.077427
v -0.142189 0.677590 0.077427
v -0.207965 0.536160 0.077427
v -0.142189 0.536160 0.077427
v -0.207965 0.514241 0.077427
v -0.142189 0.514241 0.077427
v -0.142189 0.699509 0.077427
v -0.207965 0.699509 0.077427
v -0.525221 0.699509 0.077427
v -0.525221 0.677590 0.077427
v -0.459445 0.699509 0.077427
v -0.459445 0.677590 0.077427
v -0.525221 0.536160 0.077427
v -0.459445 0.536160 0.077427
v -0.525221 0.514241 0.077427
v -0.459445 0.514241 0.077427
v -0.525221 0.699509 0.301881
v -0.459445 0.699509 0.301881
v -0.492333 0.699509 0.301881
v -0.459445 0.514241 0.101551
v -0.525221 0.514241 0.101551
v -0.492333 0.514241 0.101551
v -0.459445 0.536160 0.101551
v -0.525221 0.536160 0.101551
v -0.525221 0.514241 0.301881
v -0.459445 0.514241 0.301881
v -0.492333 0.514241 0.301881
v -0.459445 0.699509 0.101551
v -0.525221 0.699509 0.101551
v -0.492333 0.699509 0.101551
v -0.459445 0.677590 0.301881
v -0.525221 0.677590 0.301881
v -0.492333 0.677590 0.301881
v -0.525221 0.536160 0.301881
v -0.459445 0.536160 0.301881
v -0.492333 0.536160 0.301881
v -0.525221 0.677590 0.101551
v -0.459445 0.677590 0.101551
v -0.142189 0.536160 0.101551
v -0.207965 0.536160 0.101551
v -0.207965 0.514241 0.301881
v -0.142189 0.514241 0.301881
v -0.175077 0.514241 0.301881
v -0.207965 0.699509 0.101551
v -0.142189 0.699509 0.101551
v -0.175077 0.699509 0.101551
v -0.142189 0.677590 0.301881
v -0.207965 0.677590 0.301881
v -0.175077 0.677590 0.301881
v -0.142189 0.699509 0.301881
v -0.207965 0.699509 0.301881
v -0.175077 0.699509 0.301881
v -0.142189 0.514241 0.101551
v -0.207965 0.514241 0.101551
v -0.175077 0.514241 0.101551
v -0.207965 0.536160 0.301881
v -0.142189 0.536160 0.301881
v -0.175077 0.536160 0.301881
v -0.207965 0.677590 0.101551
v -0.142189 0.677590 0.101551
v 0.374733 0.536160 0.101551
v 0.308957 0.536160 0.101551
v 0.308957 0.514241 0.301881
v 0.374733 0.514241 0.301881
v 0.341845 0.514241 0.301881
v 0.277748 0.699509 0.173816
v 0.374733 0.699509 0.101551
v 0.341845 0.699509 0.101551
v 0.374733 0.677590 0.301881
v 0.308957 0.677590 0.301881
v 0.341845 0.677590 0.301881
v 0.374733 0.699509 0.301881
v 0.277748 0.699509 0.229616
v 0.341845 0.699509 0.301881
v 0.374733 0.514241 0.101551
v 0.308957 0.514241 0.101551
v 0.341845 0.514241 0.101551
v 0.308957 0.536160 0.301881
v 0.374733 0.536160 0.301881
v 0.341845 0.536160 0.301881
v 0.308957 0.677590 0.101551
v 0.374733 0.677590 0.101551
v 0.125044 0.699509 0.301881
v 0.222029 0.699509 0.229616
v 0.157932 0.699509 0.301881
v 0.125044 0.514241 0.101551
v 0.190820 0.514241 0.101551
v 0.157932 0.514241 0.101551
v 0.190820 0.536160 0.301881
v 0.125044 0.536160 0.301881
v 0.157932 0.536160 0.301881
v 0.190820 0.677590 0.101551
v 0.125044 0.677590 0.101551
v 0.125044 0.536160 0.101551
v 0.190820 0.536160 0.101551
v 0.190820 0.514241 0.301881
v 0.125044 0.514241 0.301881
v 0.157932 0.514241 0.301881
v 0.222029 0.699509 0.173816
v 0.125044 0.699509 0.101551
v 0.157932 0.699509 0.101551
v 0.125044 0.677590 0.301881
v 0.190820 0.677590 0.301881
v 0.157932 0.677590 0.301881
v 0.308957 0.536160 0.077427
v 0.374733 0.677590 0.077427
v 0.308957 0.677590 0.077427
v 0.190820 0.536160 0.077427
v 0.190820 0.677590 0.077427
v 0.125044 0.536160 0.077427
v 0.125044 0.677590 0.077427
v 0.190820 0.699509 0.077427
v 0.125044 0.699509 0.077427
v 0.190820 0.514241 0.077427
v 0.125044 0.514241 0.077427
v 0.319778 0.536160 0.066009
v 0.363912 0.536160 0.066009
v 0.341845 0.536160 0.059490
v 0.363912 0.514241 0.066009
v 0.319778 0.514241 0.066009
v 0.341845 0.514241 0.078331
v 0.341845 0.514241 0.059490
v 0.319778 0.699509 0.066009
v 0.363912 0.699509 0.066009
v 0.341845 0.699509 0.078331
v 0.341845 0.699509 0.059490
v -0.153011 0.677590 0.066009
v -0.197144 0.677590 0.066009
v -0.175077 0.677590 0.059490
v -0.153011 0.536160 0.066009
v -0.197144 0.536160 0.066009
v -0.175077 0.536160 0.059490
v -0.153011 0.514241 0.066009
v -0.197144 0.514241 0.066009
v -0.175077 0.514241 0.078331
v -0.175077 0.514241 0.059490
v -0.197144 0.699509 0.066009
v -0.153011 0.699509 0.066009
v -0.175077 0.699509 0.078331
v -0.175077 0.699509 0.059490
v -0.514399 0.699509 0.066009
v -0.470267 0.699509 0.066009
v -0.492333 0.699509 0.078331
v -0.492333 0.699509 0.059490
v -0.470267 0.677590 0.066009
v -0.514399 0.677590 0.066009
v -0.492333 0.677590 0.059490
v -0.514400 0.536160 0.066009
v -0.470267 0.536160 0.066009
v -0.492333 0.536160 0.059490
v -0.470267 0.514241 0.066009
v -0.514400 0.514241 0.066009
v -0.492333 0.514241 0.078331
v -0.492333 0.514241 0.059490
v 0.363912 0.677590 0.066009
v 0.319778 0.677590 0.066009
v 0.341845 0.677590 0.059490
v 0.135866 0.536160 0.066009
v 0.179999 0.536160 0.066009
v 0.157932 0.536160 0.059490
v 0.135866 0.677590 0.066009
v 0.179999 0.677590 0.066009
v 0.157932 0.677590 0.059490
v 0.135866 0.699509 0.066009
v 0.179999 0.699509 0.066009
v 0.157932 0.699509 0.078331
v 0.157932 0.699509 0.059490
v 0.179999 0.514241 0.066009
v 0.135866 0.514241 0.066009
v 0.157932 0.514241 0.078331
v 0.157932 0.514241 0.059490
v 0.308957 0.699509 0.301881
v 0.308957 0.699509 0.101551
v 0.190820 0.699509 0.101551
v 0.190820 0.699509 0.301881
v 0.277748 0.656305 0.229616
v 0.277748 0.656305 0.173816
v 0.222029 0.656305 0.173816
v 0.222029 0.656305 0.229616
v 0.150758 0.698889 0.074721
v 0.332872 0.698889 0.079073
v 0.337017 0.698889 0.073357
v 0.343991 0.698889 0.072246
v 0.349708 0.698889 0.076391
v 0.341845 0.702018 0.081219
v 0.350819 0.698889 0.083365
v 0.346673 0.698889 0.089082
v 0.339700 0.698889 0.090193
v 0.333983 0.698889 0.086047
v 0.157271 0.698889 0.071993
v 0.163806 0.698889 0.074669
v 0.166534 0.698889 0.081182
v 0.163858 0.698889 0.087717
v 0.157345 0.698889 0.090446
v 0.157308 0.702018 0.081219
v 0.150810 0.698889 0.087769
v 0.148081 0.698889 0.081256
v -0.184815 0.698889 0.080127
v -0.181359 0.698889 0.073968
v -0.174561 0.698889 0.072058
v -0.168403 0.698889 0.075513
v -0.166492 0.698889 0.082312
v -0.169948 0.698889 0.088470
v -0.175654 0.702018 0.081219
v -0.176746 0.698889 0.090381
v -0.182904 0.698889 0.086925
v -0.494762 0.698889 0.072243
v -0.487789 0.698889 0.073362
v -0.483650 0.698889 0.079083
v -0.484768 0.698889 0.086055
v -0.490490 0.698889 0.090195
v -0.497462 0.698889 0.089077
v -0.492626 0.702018 0.081219
v -0.501602 0.698889 0.083355
v -0.500483 0.698889 0.076383
v -0.055337 0.298503 0.344020
v -0.045509 0.298503 0.327494
v -0.028734 0.298503 0.318096
v -0.009508 0.298503 0.318345
v 0.007018 0.298503 0.328173
v 0.016416 0.298503 0.344948
v -0.019585 0.736654 0.354097
v 0.016167 0.298503 0.364174
v 0.006339 0.298503 0.380700
v -0.010436 0.298503 0.390098
v -0.029662 0.298503 0.389849
v -0.046188 0.298503 0.380021
v -0.055586 0.298503 0.363247
v 0.464026 0.433631 0.128317
v 0.314683 0.206472 0.409760
v -0.464026 0.433632 0.128317
v -0.313726 0.207174 0.409819
v -0.211368 0.433631 0.128317
v 0.211369 0.433631 0.128317
v 0.211368 0.282252 0.416145
v -0.211368 0.282252 0.416145
v -0.211368 0.433631 0.416145
v -0.464026 0.433632 0.400530
v 0.464026 0.433631 0.400530
v 0.211369 0.433631 0.416145
v -0.170469 0.226728 0.504155
v 0.170470 0.226728 0.504155
v -0.253021 0.166177 0.499053
v 0.253793 0.165611 0.499006
v -0.055337 0.736654 0.344020
v -0.045509 0.736654 0.327494
v -0.028734 0.736654 0.318096
v -0.009508 0.736654 0.318345
v 0.007018 0.736654 0.328173
v 0.016416 0.736654 0.344948
v 0.016167 0.736654 0.364174
v 0.006339 0.736654 0.380700
v -0.010435 0.736654 0.390098
v -0.029662 0.736654 0.389849
v -0.046188 0.736654 0.380021
v -0.055586 0.736654 0.363247
v 0.332872 0.702018 0.079073
v 0.337017 0.702018 0.073357
v 0.163806 0.702018 0.074669
v 0.166534 0.702018 0.081182
v 0.163858 0.702018 0.087717
v 0.157345 0.702018 0.090446
v 0.343991 0.702018 0.072246
v 0.349708 0.702018 0.076391
v 0.157271 0.702018 0.071993
v 0.350819 0.702018 0.083365
v 0.346673 0.702018 0.089082
v 0.339700 0.702018 0.090193
v 0.333983 0.702018 0.086047
v 0.150758 0.702018 0.074721
v 0.150810 0.702018 0.087769
v 0.148081 0.702018 0.081256
v -0.174561 0.702018 0.072058
v -0.168403 0.702018 0.075513
v -0.166492 0.702018 0.082312
v -0.169948 0.702018 0.088470
v -0.181359 0.702018 0.073968
v -0.184815 0.702018 0.080127
v -0.176746 0.702018 0.090381
v -0.182904 0.702018 0.086925
v -0.483650 0.702018 0.079083
v -0.484768 0.702018 0.086055
v -0.490490 0.702018 0.090195
v -0.497462 0.702018 0.089077
v -0.487789 0.702018 0.073362
v -0.494762 0.702018 0.072243
v -0.501602 0.702018 0.083355
v -0.500483 0.702018 0.076383
v 0.778077 -0.468864 0.132279
v 0.808036 -0.474490 0.106725
v 0.727039 -0.468864 0.070204
v 0.752568 -0.474490 0.041423
v 0.778077 -0.748501 0.132279
v 0.808036 -0.742874 0.106725
v 0.727039 -0.748501 0.070204
v 0.752567 -0.742874 0.041423
v 0.692860 -0.619378 0.050585
v 0.692860 -0.597986 0.050585
v 0.716755 -0.592360 0.019619
v 0.716755 -0.625004 0.019619
v 0.756992 -0.597986 0.099044
v 0.756992 -0.619378 0.099044
v 0.784575 -0.625004 0.072011
v 0.784575 -0.592360 0.072011
v 0.756283 -0.748501 0.098180
v 0.783818 -0.742874 0.071094
v 0.753491 -0.625004 0.042172
v 0.727902 -0.619378 0.070914
v 0.756283 -0.468864 0.098180
v 0.783818 -0.474490 0.071094
v 0.753491 -0.592360 0.042172
v 0.727902 -0.597986 0.070914
v 0.733138 -0.748501 0.061866
v 0.787435 -0.748501 0.127903
v 0.765015 -0.619378 0.092537
v 0.696763 -0.619378 0.041021
v 0.734058 -0.619378 0.062618
v 0.764261 -0.748501 0.091617
v 0.787435 -0.468864 0.127903
v 0.733138 -0.468864 0.061865
v 0.765015 -0.597986 0.092537
v 0.696763 -0.597986 0.041021
v 0.734058 -0.597986 0.062618
v 0.764261 -0.468864 0.091617
v 0.796835 -0.748501 0.153679
v 0.786900 -0.748501 0.156511
v 0.771639 -0.597986 0.120243
v 0.780595 -0.619378 0.115095
v 0.771639 -0.619378 0.120243
v 0.780595 -0.597986 0.115095
v 0.786900 -0.468864 0.156511
v 0.796835 -0.468864 0.153679
v 0.727902 -0.606560 0.070914
v 0.756992 -0.606560 0.099044
v 0.727902 -0.610804 0.070914
v 0.756992 -0.610804 0.099044
v 0.765015 -0.610804 0.092537
v 0.765015 -0.606560 0.092537
v 0.696763 -0.606560 0.041021
v 0.692860 -0.606560 0.050585
v 0.696763 -0.610804 0.041021
v 0.692860 -0.610804 0.050585
v 0.780595 -0.606560 0.115095
v 0.734058 -0.610804 0.062618
v 0.734058 -0.606560 0.062618
v 0.780595 -0.610804 0.115095
v 0.771639 -0.610804 0.120243
v 0.771639 -0.606560 0.120243
v 0.710351 -0.533425 0.059769
v 0.797810 -0.533425 0.088362
v 0.735307 -0.533425 0.029540
v 0.768761 -0.533425 0.114841
v 0.769707 -0.533425 0.055575
v 0.743190 -0.533425 0.083451
v 0.777517 -0.533425 0.109358
v 0.715389 -0.533425 0.050751
v 0.780974 -0.533425 0.137671
v 0.790490 -0.533425 0.133651
v 0.735307 -0.683939 0.029540
v 0.768761 -0.683939 0.114841
v 0.710351 -0.683939 0.059769
v 0.797810 -0.683939 0.088362
v 0.743190 -0.683939 0.083451
v 0.769707 -0.683939 0.055575
v 0.715389 -0.683939 0.050751
v 0.777517 -0.683939 0.109358
v 0.780974 -0.683939 0.137671
v 0.790490 -0.683939 0.133652
v 0.788509 -0.468864 0.239766
v 0.828596 -0.474490 0.238960
v 0.787816 -0.468864 0.159522
v 0.826038 -0.474490 0.153167
v 0.788509 -0.748501 0.239766
v 0.828595 -0.742874 0.238961
v 0.787816 -0.748501 0.159522
v 0.826038 -0.742874 0.153167
v 0.773120 -0.619378 0.123019
v 0.773120 -0.597986 0.123019
v 0.811755 -0.592360 0.113742
v 0.811755 -0.625004 0.113742
v 0.793859 -0.597986 0.200711
v 0.793859 -0.619378 0.200710
v 0.832032 -0.625004 0.197089
v 0.832032 -0.592360 0.197089
v 0.793746 -0.748501 0.199598
v 0.831930 -0.742874 0.195905
v 0.826372 -0.625004 0.154308
v 0.788142 -0.619378 0.160592
v 0.793746 -0.468864 0.199598
v 0.831931 -0.474490 0.195904
v 0.826372 -0.592360 0.154308
v 0.788142 -0.597986 0.160592
v 0.797804 -0.748501 0.156884
v 0.798534 -0.748501 0.242257
v 0.804189 -0.619378 0.200706
v 0.782175 -0.619378 0.118046
v 0.798147 -0.619378 0.158022
v 0.804076 -0.748501 0.199522
v 0.798535 -0.468864 0.242257
v 0.797804 -0.468864 0.156884
v 0.804189 -0.597986 0.200706
v 0.782175 -0.597986 0.118046
v 0.798147 -0.597986 0.158022
v 0.804076 -0.468864 0.199522
v 0.790193 -0.748501 0.268470
v 0.780692 -0.748501 0.264416
v 0.791321 -0.597986 0.226476
v 0.801520 -0.619378 0.228115
v 0.791321 -0.619378 0.226476
v 0.801520 -0.597986 0.228115
v 0.780692 -0.468864 0.264415
v 0.790194 -0.468864 0.268470
v 0.788142 -0.606560 0.160592
v 0.793859 -0.606560 0.200711
v 0.788142 -0.610804 0.160592
v 0.793859 -0.610804 0.200710
v 0.804189 -0.610804 0.200706
v 0.804189 -0.606560 0.200706
v 0.782175 -0.606560 0.118046
v 0.773120 -0.606560 0.123019
v 0.782175 -0.610804 0.118046
v 0.773120 -0.610804 0.123019
v 0.801520 -0.606560 0.228115
v 0.798147 -0.610804 0.158022
v 0.798147 -0.606560 0.158022
v 0.801520 -0.610804 0.228115
v 0.791321 -0.610804 0.226476
v 0.791321 -0.606560 0.226476
v 0.782090 -0.533425 0.140598
v 0.830801 -0.533425 0.218041
v 0.819937 -0.533425 0.133032
v 0.791913 -0.533425 0.220385
v 0.829943 -0.533425 0.174962
v 0.791791 -0.533425 0.179924
v 0.802168 -0.533425 0.221637
v 0.791683 -0.533425 0.136764
v 0.786727 -0.533425 0.245621
v 0.796651 -0.533425 0.248489
v 0.819937 -0.683939 0.133032
v 0.791913 -0.683939 0.220385
v 0.782090 -0.683939 0.140598
v 0.830801 -0.683939 0.218041
v 0.791791 -0.683939 0.179924
v 0.829943 -0.683939 0.174962
v 0.791683 -0.683939 0.136764
v 0.802167 -0.683939 0.221637
v 0.786727 -0.683939 0.245621
v 0.796651 -0.683939 0.248489
v 0.728875 -0.468864 0.329848
v 0.760151 -0.474490 0.353944
v 0.779202 -0.468864 0.267188
v 0.812615 -0.474490 0.286181
v 0.728875 -0.748501 0.329848
v 0.760151 -0.742874 0.353944
v 0.779202 -0.748501 0.267188
v 0.812615 -0.742874 0.286181
v 0.791019 -0.619378 0.229609
v 0.791019 -0.597986 0.229609
v 0.826558 -0.592360 0.246620
v 0.826558 -0.625004 0.246620
v 0.757083 -0.597986 0.302408
v 0.757083 -0.619378 0.302408
v 0.789273 -0.625004 0.323815
v 0.789273 -0.592360 0.323815
v 0.757792 -0.748501 0.301545
v 0.790023 -0.742874 0.322892
v 0.812063 -0.625004 0.287235
v 0.778673 -0.619378 0.268173
v 0.757792 -0.468864 0.301545
v 0.790023 -0.474490 0.322892
v 0.812063 -0.592360 0.287235
v 0.778673 -0.597986 0.268173
v 0.788623 -0.748501 0.271426
v 0.735095 -0.748501 0.338096
v 0.765111 -0.619378 0.308909
v 0.801185 -0.619378 0.231446
v 0.788065 -0.619378 0.272476
v 0.765865 -0.748501 0.307989
v 0.735096 -0.468864 0.338096
v 0.788623 -0.468864 0.271426
v 0.765111 -0.597986 0.308909
v 0.801185 -0.597986 0.231446
v 0.788065 -0.597986 0.272476
v 0.765865 -0.468864 0.307990
v 0.711879 -0.748501 0.352689
v 0.707050 -0.748501 0.343557
v 0.739428 -0.597986 0.321188
v 0.746320 -0.619378 0.328883
v 0.739428 -0.619378 0.321188
v 0.746320 -0.597986 0.328883
v 0.707050 -0.468863 0.343557
v 0.711879 -0.468863 0.352689
v 0.778673 -0.606560 0.268173
v 0.757083 -0.606560 0.302408
v 0.778673 -0.610804 0.268173
v 0.757083 -0.610804 0.302408
v 0.765111 -0.610804 0.308909
v 0.765111 -0.606560 0.308909
v 0.801185 -0.606560 0.231446
v 0.791019 -0.606560 0.229609
v 0.801185 -0.610804 0.231446
v 0.791019 -0.610804 0.229609
v 0.746320 -0.606560 0.328883
v 0.788065 -0.610804 0.272476
v 0.788065 -0.606560 0.272476
v 0.746320 -0.610804 0.328883
v 0.739428 -0.610804 0.321188
v 0.739428 -0.606560 0.321188
v 0.785813 -0.533425 0.248632
v 0.775851 -0.533425 0.340014
v 0.820488 -0.533425 0.266763
v 0.744166 -0.533425 0.317314
v 0.802119 -0.533425 0.305775
v 0.769353 -0.533425 0.285609
v 0.751344 -0.533425 0.324743
v 0.795680 -0.533425 0.251693
v 0.724151 -0.533425 0.333739
v 0.730055 -0.533425 0.342216
v 0.820488 -0.683939 0.266763
v 0.744166 -0.683939 0.317314
v 0.785813 -0.683939 0.248632
v 0.775851 -0.683939 0.340014
v 0.769353 -0.683939 0.285609
v 0.802119 -0.683939 0.305775
v 0.795680 -0.683939 0.251693
v 0.751344 -0.683939 0.324743
v 0.724151 -0.683939 0.333739
v 0.730055 -0.683939 0.342216
v 0.625418 -0.468863 0.363347
v 0.637183 -0.474490 0.401167
v 0.704275 -0.468864 0.345041
v 0.718395 -0.474490 0.381084
v 0.625418 -0.748500 0.363347
v 0.637183 -0.742874 0.401167
v 0.704275 -0.748501 0.345041
v 0.718395 -0.742874 0.381084
v 0.736993 -0.619378 0.323183
v 0.736993 -0.597986 0.323183
v 0.754005 -0.592360 0.358973
v 0.754005 -0.625004 0.358973
v 0.665207 -0.597986 0.359362
v 0.665207 -0.619378 0.359362
v 0.676670 -0.625004 0.395992
v 0.676670 -0.592360 0.395992
v 0.666276 -0.748501 0.359035
v 0.677812 -0.742874 0.395660
v 0.717342 -0.625004 0.381637
v 0.703290 -0.619378 0.345569
v 0.666276 -0.468863 0.359035
v 0.677812 -0.474490 0.395660
v 0.717342 -0.592360 0.381637
v 0.703290 -0.597986 0.345569
v 0.708925 -0.748501 0.354266
v 0.626141 -0.748500 0.373652
v 0.667352 -0.619378 0.369468
v 0.743734 -0.619378 0.331010
v 0.707876 -0.619378 0.354825
v 0.668490 -0.748501 0.369126
v 0.626141 -0.468863 0.373652
v 0.708926 -0.468864 0.354266
v 0.667352 -0.597986 0.369468
v 0.743734 -0.597986 0.331010
v 0.707876 -0.597986 0.354825
v 0.668490 -0.468863 0.369126
v 0.599512 -0.748500 0.374785
v 0.598803 -0.748500 0.364479
v 0.639271 -0.597986 0.362306
v 0.640323 -0.619378 0.372583
v 0.639271 -0.619378 0.362306
v 0.640323 -0.597986 0.372583
v 0.598803 -0.468863 0.364479
v 0.599512 -0.468863 0.374785
v 0.703290 -0.606560 0.345569
v 0.665207 -0.606560 0.359362
v 0.703290 -0.610804 0.345569
v 0.665207 -0.610804 0.359362
v 0.667352 -0.610804 0.369468
v 0.667352 -0.606560 0.369468
v 0.743734 -0.606560 0.331010
v 0.736993 -0.606560 0.323183
v 0.743734 -0.610804 0.331010
v 0.736993 -0.610804 0.323183
v 0.640323 -0.606560 0.372583
v 0.707876 -0.610804 0.354825
v 0.707876 -0.606560 0.354825
v 0.640323 -0.610804 0.372583
v 0.639271 -0.610804 0.362306
v 0.639271 -0.606560 0.362306
v 0.721722 -0.533425 0.335740
v 0.656855 -0.533425 0.399191
v 0.736931 -0.533425 0.371134
v 0.645426 -0.533425 0.361702
v 0.697953 -0.533425 0.389583
v 0.685192 -0.533425 0.353287
v 0.646726 -0.533425 0.371950
v 0.727460 -0.533425 0.344330
v 0.619127 -0.533425 0.363615
v 0.619846 -0.533425 0.373920
v 0.736931 -0.683939 0.371134
v 0.645425 -0.683939 0.361702
v 0.721722 -0.683939 0.335740
v 0.656855 -0.683939 0.399191
v 0.685192 -0.683939 0.353287
v 0.697953 -0.683939 0.389583
v 0.727460 -0.683939 0.344330
v 0.646726 -0.683939 0.371950
v 0.619127 -0.683939 0.363615
v 0.619846 -0.683939 0.373920
v 0.511976 -0.468863 0.368172
v 0.523158 -0.474490 0.406196
v 0.595568 -0.468863 0.364617
v 0.595190 -0.474490 0.403129
v 0.511975 -0.748500 0.368172
v 0.523158 -0.742874 0.406196
v 0.595568 -0.748500 0.364617
v 0.595189 -0.742874 0.403129
v 0.636106 -0.619378 0.362618
v 0.636106 -0.597986 0.362618
v 0.630215 -0.592360 0.401637
v 0.630215 -0.625004 0.401637
v 0.552623 -0.597986 0.366443
v 0.552623 -0.619378 0.366443
v 0.558183 -0.625004 0.404705
v 0.558183 -0.592360 0.404705
v 0.553772 -0.748500 0.366395
v 0.559174 -0.742874 0.404663
v 0.594199 -0.625004 0.403171
v 0.594419 -0.619378 0.364666
v 0.553772 -0.468863 0.366395
v 0.559174 -0.474490 0.404663
v 0.594199 -0.592360 0.403171
v 0.594419 -0.597986 0.364666
v 0.596275 -0.748500 0.374923
v 0.512638 -0.748500 0.378481
v 0.553307 -0.619378 0.376751
v 0.637030 -0.619378 0.372907
v 0.595125 -0.619378 0.374972
v 0.554457 -0.748500 0.376702
v 0.512638 -0.468863 0.378481
v 0.596275 -0.468863 0.374923
v 0.553307 -0.597986 0.376751
v 0.637030 -0.597986 0.372907
v 0.595125 -0.597986 0.374972
v 0.554457 -0.468863 0.376702
v 0.486009 -0.748500 0.379614
v 0.485361 -0.748500 0.369304
v 0.526008 -0.597986 0.367575
v 0.526678 -0.619378 0.377884
v 0.526008 -0.619378 0.367575
v 0.526678 -0.597986 0.377884
v 0.485361 -0.468863 0.369304
v 0.486009 -0.468863 0.379614
v 0.594419 -0.606560 0.364666
v 0.552623 -0.606560 0.366443
v 0.594419 -0.610804 0.364666
v 0.552623 -0.610804 0.366443
v 0.553307 -0.610804 0.376751
v 0.553307 -0.606560 0.376751
v 0.637030 -0.606560 0.372907
v 0.636106 -0.606560 0.362618
v 0.637030 -0.610804 0.372907
v 0.636106 -0.610804 0.362618
v 0.526678 -0.606560 0.377884
v 0.595125 -0.610804 0.374972
v 0.595125 -0.606560 0.374972
v 0.526678 -0.610804 0.377884
v 0.526008 -0.610804 0.367575
v 0.526008 -0.606560 0.367575
v 0.615891 -0.533425 0.363753
v 0.540671 -0.533425 0.405450
v 0.612702 -0.533425 0.402383
v 0.532299 -0.533425 0.367308
v 0.576687 -0.533425 0.403917
v 0.574095 -0.533425 0.365530
v 0.532973 -0.533425 0.377616
v 0.616609 -0.533425 0.374058
v 0.505684 -0.533425 0.368440
v 0.506344 -0.533425 0.378749
v 0.612702 -0.683939 0.402383
v 0.532299 -0.683939 0.367308
v 0.615891 -0.683939 0.363753
v 0.540671 -0.683939 0.405450
v 0.574095 -0.683939 0.365530
v 0.576686 -0.683939 0.403917
v 0.616609 -0.683939 0.374058
v 0.532973 -0.683939 0.377616
v 0.505684 -0.683939 0.368440
v 0.506344 -0.683939 0.378749
v 0.398533 -0.468863 0.372997
v 0.409491 -0.474490 0.411035
v 0.482125 -0.468863 0.369442
v 0.481523 -0.474490 0.407969
v 0.398533 -0.748500 0.372997
v 0.409491 -0.742874 0.411035
v 0.482125 -0.748500 0.369442
v 0.481522 -0.742874 0.407969
v 0.522773 -0.619378 0.367713
v 0.522773 -0.597986 0.367713
v 0.516548 -0.592360 0.406477
v 0.516548 -0.625004 0.406477
v 0.439180 -0.597986 0.371268
v 0.439180 -0.619377 0.371268
v 0.444516 -0.625004 0.409544
v 0.444516 -0.592360 0.409544
v 0.440329 -0.748500 0.371220
v 0.445506 -0.742874 0.409502
v 0.480532 -0.625004 0.408011
v 0.480977 -0.619378 0.369491
v 0.440329 -0.468863 0.371220
v 0.445507 -0.474490 0.409502
v 0.480532 -0.592360 0.408011
v 0.480977 -0.597986 0.369491
v 0.482772 -0.748500 0.379752
v 0.399135 -0.748500 0.383310
v 0.439804 -0.619377 0.381580
v 0.523441 -0.619378 0.378022
v 0.481623 -0.619378 0.379801
v 0.440954 -0.748500 0.381531
v 0.399136 -0.468863 0.383310
v 0.482772 -0.468863 0.379752
v 0.439804 -0.597986 0.381580
v 0.523441 -0.597986 0.378022
v 0.481623 -0.597986 0.379801
v 0.440954 -0.468863 0.381531
v 0.372506 -0.748500 0.384443
v 0.371918 -0.748500 0.374129
v 0.412566 -0.597986 0.372400
v 0.413175 -0.619377 0.382713
v 0.412566 -0.619377 0.372400
v 0.413175 -0.597986 0.382713
v 0.371918 -0.468863 0.374129
v 0.372507 -0.468863 0.384443
v 0.480977 -0.606560 0.369491
v 0.439180 -0.606559 0.371268
v 0.480977 -0.610804 0.369491
v 0.439180 -0.610804 0.371268
v 0.439804 -0.610804 0.381580
v 0.439804 -0.606559 0.381580
v 0.523441 -0.606560 0.378022
v 0.522773 -0.606560 0.367713
v 0.523441 -0.610804 0.378022
v 0.522773 -0.610804 0.367713
v 0.413175 -0.606559 0.382713
v 0.481623 -0.610804 0.379801
v 0.481623 -0.606560 0.379801
v 0.413175 -0.610804 0.382713
v 0.412566 -0.610804 0.372400
v 0.412566 -0.606559 0.372400
v 0.502449 -0.533425 0.368577
v 0.427004 -0.533425 0.410289
v 0.499035 -0.533425 0.407223
v 0.418857 -0.533425 0.372133
v 0.463019 -0.533425 0.408756
v 0.460653 -0.533425 0.370355
v 0.419470 -0.533425 0.382445
v 0.503107 -0.533425 0.378887
v 0.392242 -0.533425 0.373265
v 0.392841 -0.533425 0.383578
v 0.499035 -0.683939 0.407223
v 0.418857 -0.683939 0.372133
v 0.502449 -0.683939 0.368577
v 0.427004 -0.683939 0.410289
v 0.460653 -0.683939 0.370355
v 0.463019 -0.683939 0.408756
v 0.503107 -0.683939 0.378887
v 0.419470 -0.683939 0.382445
v 0.392242 -0.683939 0.373265
v 0.392841 -0.683939 0.383578
v 0.285091 -0.468863 0.377822
v 0.295824 -0.474490 0.415873
v 0.368683 -0.468863 0.374267
v 0.367855 -0.474490 0.412807
v 0.285091 -0.748500 0.377822
v 0.295824 -0.742874 0.415873
v 0.368683 -0.748500 0.374267
v 0.367855 -0.742874 0.412807
v 0.409330 -0.619377 0.372538
v 0.409330 -0.597986 0.372538
v 0.402881 -0.592360 0.411316
v 0.402881 -0.625004 0.411316
v 0.325738 -0.597986 0.376094
v 0.325738 -0.619377 0.376094
v 0.330849 -0.625004 0.414382
v 0.330849 -0.592360 0.414382
v 0.326887 -0.748500 0.376045
v 0.331839 -0.742874 0.414340
v 0.366865 -0.625004 0.412849
v 0.367534 -0.619377 0.374316
v 0.326887 -0.468863 0.376045
v 0.331839 -0.474490 0.414340
v 0.366865 -0.592360 0.412849
v 0.367534 -0.597986 0.374316
v 0.369269 -0.748500 0.384581
v 0.285633 -0.748500 0.388138
v 0.326302 -0.619377 0.386408
v 0.409938 -0.619377 0.382850
v 0.368120 -0.619377 0.384629
v 0.327451 -0.748500 0.386360
v 0.285633 -0.468863 0.388139
v 0.369270 -0.468863 0.384581
v 0.326302 -0.597986 0.386408
v 0.409938 -0.597986 0.382850
v 0.368120 -0.597986 0.384629
v 0.327451 -0.468863 0.386360
v 0.259004 -0.748500 0.389271
v 0.258476 -0.748500 0.378954
v 0.299123 -0.597986 0.377226
v 0.299673 -0.619377 0.387541
v 0.299123 -0.619377 0.377226
v 0.299673 -0.597986 0.387541
v 0.258476 -0.468863 0.378954
v 0.259004 -0.468863 0.389271
v 0.367534 -0.606559 0.374316
v 0.325738 -0.606559 0.376094
v 0.367534 -0.610804 0.374316
v 0.325738 -0.610804 0.376094
v 0.326302 -0.610804 0.386408
v 0.326302 -0.606559 0.386408
v 0.409938 -0.606559 0.382850
v 0.409330 -0.606559 0.372538
v 0.409938 -0.610804 0.382850
v 0.409330 -0.610804 0.372538
v 0.299673 -0.606559 0.387541
v 0.368120 -0.610804 0.384629
v 0.368120 -0.606559 0.384629
v 0.299673 -0.610804 0.387541
v 0.299123 -0.610804 0.377226
v 0.299123 -0.606559 0.377226
v 0.389007 -0.533425 0.373402
v 0.313337 -0.533425 0.415127
v 0.385368 -0.533425 0.412062
v 0.305414 -0.533425 0.376958
v 0.349352 -0.533425 0.413595
v 0.347210 -0.533425 0.375180
v 0.305967 -0.533425 0.387273
v 0.389604 -0.533425 0.383715
v 0.278800 -0.533425 0.378090
v 0.279338 -0.533425 0.388406
v 0.385368 -0.683939 0.412062
v 0.305414 -0.683939 0.376958
v 0.389006 -0.683939 0.373402
v 0.313337 -0.683939 0.415127
v 0.347210 -0.683939 0.375180
v 0.349352 -0.683939 0.413595
v 0.389604 -0.683939 0.383715
v 0.305967 -0.683939 0.387273
v 0.278799 -0.683939 0.378090
v 0.279338 -0.683939 0.388406
v 0.171648 -0.468863 0.382648
v 0.182157 -0.474489 0.420709
v 0.255241 -0.468863 0.379092
v 0.254188 -0.474489 0.417644
v 0.171648 -0.748500 0.382648
v 0.182157 -0.742874 0.420709
v 0.255240 -0.748500 0.379092
v 0.254188 -0.742874 0.417644
v 0.295888 -0.619377 0.377363
v 0.295888 -0.597986 0.377363
v 0.289214 -0.592360 0.416154
v 0.289213 -0.625004 0.416154
v 0.212295 -0.597986 0.380919
v 0.212295 -0.619377 0.380919
v 0.217182 -0.625004 0.419219
v 0.217182 -0.592360 0.419219
v 0.213444 -0.748500 0.380870
v 0.218172 -0.742874 0.419177
v 0.253198 -0.625004 0.417686
v 0.254092 -0.619377 0.379141
v 0.213444 -0.468863 0.380870
v 0.218172 -0.474489 0.419177
v 0.253198 -0.592360 0.417686
v 0.254092 -0.597986 0.379141
v 0.255767 -0.748500 0.389409
v 0.172130 -0.748500 0.392967
v 0.212799 -0.619377 0.391237
v 0.296436 -0.619377 0.387679
v 0.254617 -0.619377 0.389458
v 0.213948 -0.748500 0.391188
v 0.172130 -0.468863 0.392967
v 0.255767 -0.468863 0.389409
v 0.212799 -0.597986 0.391237
v 0.296436 -0.597986 0.387679
v 0.254617 -0.597986 0.389458
v 0.213949 -0.468863 0.391188
v 0.145501 -0.748500 0.394100
v 0.145033 -0.748500 0.383780
v 0.185681 -0.597986 0.382051
v 0.186170 -0.619377 0.392370
v 0.185680 -0.619377 0.382051
v 0.186170 -0.597986 0.392370
v 0.145034 -0.468863 0.383780
v 0.145501 -0.468863 0.394100
v 0.254092 -0.606559 0.379141
v 0.212295 -0.606559 0.380919
v 0.254092 -0.610804 0.379141
v 0.212295 -0.610804 0.380919
v 0.212799 -0.610804 0.391237
v 0.212799 -0.606559 0.391237
v 0.296436 -0.606559 0.387679
v 0.295888 -0.606559 0.377363
v 0.296436 -0.610804 0.387679
v 0.295888 -0.610804 0.377363
v 0.186170 -0.606559 0.392370
v 0.254617 -0.610804 0.389458
v 0.254617 -0.606559 0.389458
v 0.186170 -0.610804 0.392370
v 0.185681 -0.610804 0.382051
v 0.185681 -0.606559 0.382051
v 0.275564 -0.533425 0.378228
v 0.199670 -0.533425 0.419964
v 0.271701 -0.533425 0.416899
v 0.191972 -0.533425 0.381783
v 0.235685 -0.533425 0.418432
v 0.233768 -0.533425 0.380005
v 0.192464 -0.533425 0.392102
v 0.276101 -0.533425 0.388544
v 0.165357 -0.533425 0.382915
v 0.165835 -0.533425 0.393235
v 0.271701 -0.683939 0.416899
v 0.191972 -0.683939 0.381783
v 0.275564 -0.683939 0.378228
v 0.199669 -0.683939 0.419964
v 0.233768 -0.683939 0.380005
v 0.235685 -0.683939 0.418432
v 0.276101 -0.683939 0.388544
v 0.192464 -0.683939 0.392102
v 0.165357 -0.683939 0.382915
v 0.165835 -0.683939 0.393235
v 0.058221 -0.468863 0.387449
v 0.068474 -0.474489 0.425542
v 0.141798 -0.468863 0.383918
v 0.140521 -0.474489 0.422480
v 0.058220 -0.748500 0.387449
v 0.068474 -0.742874 0.425542
v 0.141798 -0.748500 0.383917
v 0.140521 -0.742874 0.422480
v 0.182445 -0.619377 0.382188
v 0.182445 -0.597986 0.382188
v 0.175546 -0.592360 0.420990
v 0.175546 -0.625004 0.420990
v 0.098853 -0.597986 0.385744
v 0.098853 -0.619377 0.385744
v 0.103515 -0.625004 0.424055
v 0.103515 -0.592360 0.424055
v 0.100002 -0.748500 0.385695
v 0.104505 -0.742874 0.424013
v 0.139531 -0.625004 0.422523
v 0.140649 -0.619377 0.383966
v 0.100002 -0.468863 0.385695
v 0.104505 -0.474489 0.424013
v 0.139531 -0.592360 0.422523
v 0.140649 -0.597986 0.383966
v 0.142263 -0.748500 0.394237
v 0.058607 -0.748500 0.397772
v 0.099296 -0.619377 0.396065
v 0.182933 -0.619377 0.392507
v 0.141114 -0.619377 0.394286
v 0.100445 -0.748500 0.396016
v 0.058608 -0.468863 0.397772
v 0.142264 -0.468863 0.394237
v 0.099296 -0.597986 0.396065
v 0.182933 -0.597986 0.392507
v 0.141114 -0.597986 0.394286
v 0.100446 -0.468863 0.396016
v 0.031927 -0.748500 0.398843
v 0.031644 -0.748500 0.388516
v 0.072238 -0.597986 0.386876
v 0.072667 -0.619377 0.397198
v 0.072238 -0.619377 0.386876
v 0.072667 -0.597986 0.397198
v 0.031644 -0.468863 0.388516
v 0.031927 -0.468863 0.398843
v 0.140649 -0.606559 0.383966
v 0.098853 -0.606559 0.385744
v 0.140649 -0.610804 0.383966
v 0.098853 -0.610804 0.385744
v 0.099296 -0.610804 0.396065
v 0.099296 -0.606559 0.396065
v 0.182933 -0.606559 0.392507
v 0.182445 -0.606559 0.382188
v 0.182933 -0.610804 0.392507
v 0.182445 -0.610804 0.382188
v 0.072667 -0.606559 0.397198
v 0.141114 -0.610804 0.394286
v 0.141114 -0.606559 0.394286
v 0.072667 -0.610804 0.397198
v 0.072238 -0.610804 0.386876
v 0.072238 -0.606559 0.386876
v 0.162122 -0.533425 0.383053
v 0.086002 -0.533425 0.424800
v 0.158034 -0.533425 0.421735
v 0.078529 -0.533425 0.386609
v 0.122018 -0.533425 0.423268
v 0.120326 -0.533425 0.384831
v 0.078962 -0.533425 0.396930
v 0.162598 -0.533425 0.393372
v 0.051938 -0.533425 0.387701
v 0.052301 -0.533425 0.398025
v 0.158034 -0.683939 0.421735
v 0.078529 -0.683939 0.386609
v 0.162122 -0.683939 0.383053
v 0.086002 -0.683939 0.424800
v 0.120326 -0.683939 0.384831
v 0.122018 -0.683939 0.423268
v 0.162598 -0.683939 0.393372
v 0.078961 -0.683939 0.396930
v 0.051938 -0.683939 0.387701
v 0.052301 -0.683939 0.398025
v -0.055072 -0.468863 0.389682
v -0.046501 -0.474489 0.428359
v 0.028413 -0.468863 0.388646
v 0.026376 -0.474489 0.427229
v -0.055072 -0.748500 0.389682
v -0.046501 -0.742874 0.428359
v 0.028413 -0.748500 0.388646
v 0.026376 -0.742874 0.427229
v 0.069003 -0.619377 0.387014
v 0.069003 -0.597986 0.387014
v 0.061790 -0.592360 0.425810
v 0.061790 -0.625003 0.425810
v -0.014470 -0.597986 0.390370
v -0.014470 -0.619377 0.390370
v -0.011041 -0.625003 0.428721
v -0.011041 -0.592360 0.428721
v -0.013323 -0.748500 0.390324
v -0.010040 -0.742874 0.428681
v 0.025375 -0.625003 0.427269
v 0.027266 -0.619377 0.388692
v -0.013322 -0.468863 0.390324
v -0.010040 -0.474489 0.428681
v 0.025375 -0.592360 0.427269
v 0.027266 -0.597986 0.388692
v 0.028684 -0.748500 0.398973
v -0.055141 -0.748500 0.400012
v -0.014367 -0.619377 0.400700
v 0.069430 -0.619377 0.397335
v 0.027532 -0.619377 0.399019
v -0.013215 -0.748500 0.400654
v -0.055140 -0.468863 0.400012
v 0.028684 -0.468863 0.398973
v -0.014367 -0.597986 0.400700
v 0.069430 -0.597986 0.397335
v 0.027532 -0.597986 0.399019
v -0.013215 -0.468863 0.400654
v -0.081840 -0.748500 0.399389
v -0.081659 -0.748500 0.389061
v -0.041055 -0.597986 0.390010
v -0.041064 -0.619377 0.400341
v -0.041055 -0.619377 0.390010
v -0.041063 -0.597986 0.400341
v -0.081659 -0.468863 0.389061
v -0.081840 -0.468863 0.399389
v 0.027266 -0.606559 0.388692
v -0.014470 -0.606559 0.390370
v 0.027266 -0.610804 0.388692
v -0.014470 -0.610804 0.390370
v -0.014367 -0.610804 0.400700
v -0.014367 -0.606559 0.400700
v 0.069430 -0.606559 0.397335
v 0.069003 -0.606559 0.387014
v 0.069430 -0.610804 0.397335
v 0.069003 -0.610804 0.387014
v -0.041063 -0.606559 0.400341
v 0.027532 -0.610804 0.399019
v 0.027532 -0.606559 0.399019
v -0.041063 -0.610804 0.400341
v -0.041055 -0.610804 0.390010
v -0.041055 -0.606559 0.390010
v 0.048708 -0.533425 0.387831
v -0.028765 -0.533424 0.428768
v 0.044083 -0.533425 0.426520
v -0.034770 -0.533424 0.390157
v 0.007668 -0.533425 0.427976
v 0.006972 -0.533425 0.389508
v -0.034752 -0.533424 0.400488
v 0.049058 -0.533425 0.398155
v -0.061356 -0.533424 0.389535
v -0.061451 -0.533424 0.399865
v 0.044083 -0.683939 0.426520
v -0.034770 -0.683939 0.390157
v 0.048708 -0.683939 0.387831
v -0.028766 -0.683939 0.428768
v 0.006972 -0.683939 0.389508
v 0.007667 -0.683939 0.427976
v 0.049058 -0.683939 0.398155
v -0.034752 -0.683939 0.400488
v -0.061357 -0.683939 0.389535
v -0.061452 -0.683939 0.399865
v -0.168473 -0.468863 0.386347
v -0.160996 -0.474489 0.425106
v -0.084890 -0.468863 0.388985
v -0.088667 -0.474489 0.427381
v -0.168473 -0.748500 0.386346
v -0.160997 -0.742874 0.425106
v -0.084890 -0.748500 0.388985
v -0.088667 -0.742874 0.427381
v -0.044287 -0.619377 0.389935
v -0.044287 -0.597986 0.389935
v -0.053196 -0.592360 0.428205
v -0.053196 -0.625003 0.428205
v -0.127814 -0.597986 0.387774
v -0.127814 -0.619377 0.387774
v -0.125960 -0.625003 0.426336
v -0.125960 -0.592360 0.426336
v -0.126664 -0.748500 0.387814
v -0.124970 -0.742874 0.426371
v -0.089670 -0.625003 0.427358
v -0.086038 -0.619377 0.388958
v -0.126664 -0.468863 0.387814
v -0.124970 -0.474489 0.426371
v -0.089670 -0.592360 0.427358
v -0.086038 -0.597986 0.388958
v -0.085085 -0.748500 0.399313
v -0.168806 -0.748500 0.396671
v -0.128125 -0.619377 0.398099
v -0.044309 -0.619377 0.400265
v -0.086238 -0.619377 0.399287
v -0.126975 -0.748500 0.398140
v -0.168806 -0.468863 0.396672
v -0.085085 -0.468863 0.399314
v -0.128125 -0.597986 0.398099
v -0.044309 -0.597986 0.400265
v -0.086238 -0.597986 0.399287
v -0.126975 -0.468863 0.398140
v -0.195443 -0.748500 0.395736
v -0.195095 -0.748500 0.385412
v -0.154436 -0.597986 0.386839
v -0.154762 -0.619377 0.397164
v -0.154436 -0.619377 0.386839
v -0.154762 -0.597986 0.397164
v -0.195095 -0.468863 0.385412
v -0.195443 -0.468863 0.395736
v -0.086038 -0.606559 0.388958
v -0.127814 -0.606559 0.387774
v -0.086038 -0.610804 0.388958
v -0.127814 -0.610804 0.387774
v -0.128125 -0.610804 0.398099
v -0.128125 -0.606559 0.398099
v -0.044309 -0.606559 0.400265
v -0.044287 -0.606559 0.389935
v -0.044309 -0.610804 0.400265
v -0.044287 -0.610804 0.389935
v -0.154762 -0.606559 0.397164
v -0.086238 -0.610804 0.399287
v -0.086238 -0.606559 0.399287
v -0.154762 -0.610804 0.397164
v -0.154436 -0.610804 0.386839
v -0.154436 -0.606559 0.386839
v -0.064588 -0.533424 0.389460
v -0.143478 -0.533424 0.425721
v -0.070931 -0.533424 0.427794
v -0.148143 -0.533424 0.387060
v -0.107406 -0.533424 0.426943
v -0.106340 -0.533424 0.388484
v -0.148465 -0.533424 0.397385
v -0.064697 -0.533424 0.399789
v -0.174766 -0.533424 0.386126
v -0.175102 -0.533424 0.396450
v -0.070931 -0.683939 0.427794
v -0.148144 -0.683938 0.387060
v -0.064588 -0.683939 0.389460
v -0.143479 -0.683938 0.425721
v -0.106340 -0.683938 0.388484
v -0.107406 -0.683938 0.426943
v -0.064697 -0.683939 0.399789
v -0.148466 -0.683938 0.397385
v -0.174766 -0.683938 0.386126
v -0.175103 -0.683938 0.396450
v -0.281948 -0.468863 0.382363
v -0.274698 -0.474489 0.421115
v -0.198331 -0.468863 0.385298
v -0.202645 -0.474489 0.423645
v -0.281948 -0.748500 0.382363
v -0.274698 -0.742874 0.421115
v -0.198332 -0.748500 0.385298
v -0.202645 -0.742874 0.423645
v -0.157673 -0.619377 0.386726
v -0.157673 -0.597986 0.386726
v -0.167609 -0.592360 0.424874
v -0.167609 -0.625003 0.424874
v -0.241289 -0.597986 0.383790
v -0.241289 -0.619377 0.383790
v -0.239662 -0.625003 0.422345
v -0.239662 -0.592360 0.422345
v -0.240140 -0.748500 0.383831
v -0.238672 -0.742874 0.422380
v -0.203635 -0.625003 0.423610
v -0.199481 -0.619377 0.385258
v -0.240139 -0.468863 0.383831
v -0.238671 -0.474489 0.422380
v -0.203635 -0.592360 0.423610
v -0.199481 -0.597986 0.385258
v -0.198681 -0.748500 0.395623
v -0.282342 -0.748500 0.392686
v -0.241661 -0.619377 0.394114
v -0.158000 -0.619377 0.397051
v -0.199831 -0.619377 0.395582
v -0.240511 -0.748500 0.394154
v -0.282341 -0.468863 0.392686
v -0.198681 -0.468863 0.395623
v -0.241661 -0.597986 0.394114
v -0.158000 -0.597986 0.397051
v -0.199831 -0.597986 0.395582
v -0.240511 -0.468863 0.394154
v -0.308979 -0.748500 0.391751
v -0.308570 -0.748500 0.381429
v -0.267911 -0.597986 0.382856
v -0.268298 -0.619377 0.393179
v -0.267911 -0.619377 0.382856
v -0.268298 -0.597986 0.393179
v -0.308570 -0.468863 0.381429
v -0.308978 -0.468863 0.391751
v -0.199481 -0.606559 0.385258
v -0.241289 -0.606559 0.383790
v -0.199481 -0.610804 0.385258
v -0.241289 -0.610804 0.383790
v -0.241661 -0.610804 0.394114
v -0.241661 -0.606559 0.394114
v -0.158000 -0.606559 0.397051
v -0.157673 -0.606559 0.386726
v -0.158000 -0.610804 0.397051
v -0.157673 -0.610804 0.386726
v -0.268298 -0.606559 0.393179
v -0.199831 -0.610804 0.395582
v -0.199831 -0.606559 0.395582
v -0.268298 -0.610804 0.393179
v -0.267911 -0.610804 0.382856
v -0.267911 -0.606559 0.382856
v -0.178002 -0.533424 0.386012
v -0.257180 -0.533424 0.421730
v -0.185127 -0.533424 0.424260
v -0.261618 -0.533424 0.383077
v -0.221153 -0.533424 0.422995
v -0.219810 -0.533424 0.384544
v -0.262001 -0.533424 0.393400
v -0.178340 -0.533424 0.396337
v -0.288241 -0.533424 0.382142
v -0.288638 -0.533424 0.392465
v -0.185127 -0.683938 0.424260
v -0.261619 -0.683938 0.383077
v -0.178002 -0.683938 0.386012
v -0.257180 -0.683938 0.421730
v -0.219810 -0.683938 0.384544
v -0.221153 -0.683938 0.422995
v -0.178340 -0.683939 0.396337
v -0.262002 -0.683938 0.393400
v -0.288241 -0.683938 0.382142
v -0.288638 -0.683938 0.392465
v -0.395422 -0.468863 0.378380
v -0.388399 -0.474489 0.417123
v -0.311806 -0.468863 0.381315
v -0.316346 -0.474489 0.419653
v -0.395423 -0.748500 0.378380
v -0.388400 -0.742874 0.417123
v -0.311807 -0.748500 0.381315
v -0.316346 -0.742874 0.419653
v -0.271148 -0.619377 0.382742
v -0.271148 -0.597986 0.382742
v -0.281310 -0.592360 0.420883
v -0.281310 -0.625003 0.420883
v -0.354764 -0.597986 0.379807
v -0.354764 -0.619377 0.379807
v -0.353363 -0.625003 0.418353
v -0.353363 -0.592359 0.418353
v -0.353615 -0.748500 0.379848
v -0.352373 -0.742874 0.418388
v -0.317337 -0.625003 0.419618
v -0.312956 -0.619377 0.381275
v -0.353614 -0.468863 0.379848
v -0.352373 -0.474489 0.418388
v -0.317337 -0.592360 0.419618
v -0.312956 -0.597986 0.381275
v -0.312217 -0.748500 0.391637
v -0.395877 -0.748500 0.388700
v -0.355197 -0.619377 0.390129
v -0.271536 -0.619377 0.393065
v -0.313366 -0.619377 0.391597
v -0.354047 -0.748500 0.390169
v -0.395877 -0.468863 0.388701
v -0.312216 -0.468863 0.391637
v -0.355197 -0.597986 0.390129
v -0.271536 -0.597986 0.393065
v -0.313366 -0.597986 0.391597
v -0.354047 -0.468863 0.390169
v -0.422514 -0.748500 0.387765
v -0.422045 -0.748500 0.377446
v -0.381386 -0.597986 0.378873
v -0.381833 -0.619377 0.389194
v -0.381386 -0.619377 0.378873
v -0.381833 -0.597986 0.389194
v -0.422045 -0.468863 0.377446
v -0.422514 -0.468863 0.387765
v -0.312956 -0.606559 0.381275
v -0.354764 -0.606559 0.379807
v -0.312956 -0.610804 0.381275
v -0.354764 -0.610804 0.379807
v -0.355197 -0.610804 0.390129
v -0.355197 -0.606559 0.390129
v -0.271536 -0.606559 0.393065
v -0.271148 -0.606559 0.382742
v -0.271536 -0.610804 0.393065
v -0.271148 -0.610804 0.382742
v -0.381833 -0.606559 0.389194
v -0.313366 -0.610804 0.391597
v -0.313366 -0.606559 0.391597
v -0.381833 -0.610804 0.389194
v -0.381386 -0.610804 0.378873
v -0.381386 -0.606559 0.378873
v -0.291477 -0.533424 0.382029
v -0.370881 -0.533424 0.417738
v -0.298828 -0.533424 0.420268
v -0.375093 -0.533424 0.379094
v -0.334855 -0.533424 0.419003
v -0.333285 -0.533424 0.380561
v -0.375537 -0.533424 0.389415
v -0.291876 -0.533424 0.392351
v -0.401716 -0.533424 0.378159
v -0.402174 -0.533424 0.388479
v -0.298828 -0.683938 0.420268
v -0.375093 -0.683938 0.379094
v -0.291477 -0.683938 0.382029
v -0.370881 -0.683938 0.417738
v -0.333285 -0.683938 0.380561
v -0.334855 -0.683938 0.419003
v -0.291876 -0.683938 0.392351
v -0.375537 -0.683938 0.389415
v -0.401716 -0.683938 0.378159
v -0.402174 -0.683938 0.388479
v -0.508897 -0.468863 0.374397
v -0.502100 -0.474489 0.413130
v -0.425281 -0.468863 0.377332
v -0.430048 -0.474489 0.415660
v -0.508898 -0.748500 0.374397
v -0.502101 -0.742873 0.413130
v -0.425282 -0.748500 0.377332
v -0.430048 -0.742874 0.415660
v -0.384623 -0.619377 0.378759
v -0.384623 -0.597986 0.378759
v -0.395012 -0.592360 0.416891
v -0.395012 -0.625003 0.416891
v -0.468239 -0.597986 0.375824
v -0.468239 -0.619377 0.375824
v -0.467065 -0.625003 0.414360
v -0.467065 -0.592359 0.414360
v -0.467090 -0.748500 0.375865
v -0.466074 -0.742874 0.414395
v -0.431038 -0.625003 0.415626
v -0.426431 -0.619377 0.377292
v -0.467090 -0.468863 0.375865
v -0.466074 -0.474489 0.414395
v -0.431038 -0.592359 0.415626
v -0.426431 -0.597986 0.377292
v -0.425752 -0.748500 0.387652
v -0.509413 -0.748500 0.384715
v -0.468733 -0.619377 0.386143
v -0.385071 -0.619377 0.389080
v -0.426902 -0.619377 0.387611
v -0.467583 -0.748500 0.386183
v -0.509413 -0.468863 0.384715
v -0.425752 -0.468863 0.387652
v -0.468733 -0.597986 0.386143
v -0.385071 -0.597986 0.389080
v -0.426902 -0.597986 0.387611
v -0.467583 -0.468863 0.386183
v -0.536050 -0.748500 0.383780
v -0.535520 -0.748500 0.373463
v -0.494861 -0.597986 0.374890
v -0.495369 -0.619377 0.385208
v -0.494861 -0.619377 0.374890
v -0.495369 -0.597986 0.385208
v -0.535520 -0.468863 0.373463
v -0.536050 -0.468863 0.383780
v -0.426431 -0.606559 0.377292
v -0.468239 -0.606559 0.375824
v -0.426431 -0.610804 0.377292
v -0.468239 -0.610804 0.375824
v -0.468733 -0.610804 0.386143
v -0.468733 -0.606559 0.386143
v -0.385071 -0.606559 0.389080
v -0.384623 -0.606559 0.378759
v -0.385071 -0.610804 0.389080
v -0.384623 -0.610804 0.378759
v -0.495369 -0.606559 0.385208
v -0.426902 -0.610804 0.387611
v -0.426902 -0.606559 0.387611
v -0.495369 -0.610804 0.385208
v -0.494861 -0.610804 0.374890
v -0.494861 -0.606559 0.374890
v -0.404952 -0.533424 0.378046
v -0.484582 -0.533424 0.413745
v -0.412530 -0.533424 0.416276
v -0.488568 -0.533424 0.375111
v -0.448556 -0.533424 0.415010
v -0.446760 -0.533424 0.376578
v -0.489073 -0.533424 0.385429
v -0.405412 -0.533424 0.388366
v -0.515191 -0.533424 0.374176
v -0.515710 -0.533424 0.384494
v -0.412530 -0.683938 0.416276
v -0.488568 -0.683938 0.375111
v -0.404952 -0.683938 0.378046
v -0.484583 -0.683938 0.413745
v -0.446760 -0.683938 0.376578
v -0.448556 -0.683938 0.415010
v -0.405412 -0.683938 0.388366
v -0.489073 -0.683938 0.385429
v -0.515191 -0.683938 0.374176
v -0.515710 -0.683938 0.384494
v -0.622373 -0.468863 0.370415
v -0.615802 -0.474489 0.409135
v -0.538756 -0.468863 0.373349
v -0.543749 -0.474489 0.411666
v -0.622373 -0.748500 0.370414
v -0.615802 -0.742873 0.409135
v -0.538756 -0.748500 0.373349
v -0.543749 -0.742873 0.411666
v -0.498097 -0.619377 0.374776
v -0.498097 -0.597986 0.374776
v -0.508713 -0.592359 0.412897
v -0.508713 -0.625003 0.412897
v -0.581714 -0.597986 0.371842
v -0.581714 -0.619377 0.371842
v -0.580766 -0.625003 0.410366
v -0.580766 -0.592359 0.410366
v -0.580565 -0.748500 0.371882
v -0.579776 -0.742873 0.410401
v -0.544739 -0.625003 0.411632
v -0.539906 -0.619377 0.373309
v -0.580565 -0.468863 0.371882
v -0.579775 -0.474489 0.410401
v -0.544739 -0.592359 0.411632
v -0.539906 -0.597986 0.373309
v -0.539288 -0.748500 0.383666
v -0.622949 -0.748500 0.380729
v -0.582269 -0.619377 0.382157
v -0.498607 -0.619377 0.385094
v -0.540438 -0.619377 0.383626
v -0.581119 -0.748500 0.382197
v -0.622949 -0.468863 0.380729
v -0.539288 -0.468863 0.383666
v -0.582268 -0.597986 0.382157
v -0.498607 -0.597986 0.385094
v -0.540438 -0.597986 0.383626
v -0.581119 -0.468863 0.382197
v -0.649586 -0.748500 0.379794
v -0.648995 -0.748500 0.369480
v -0.608337 -0.597986 0.370907
v -0.608905 -0.619377 0.381222
v -0.608337 -0.619377 0.370907
v -0.608905 -0.597986 0.381222
v -0.648995 -0.468863 0.369480
v -0.649585 -0.468863 0.379794
v -0.539906 -0.606559 0.373309
v -0.581714 -0.606559 0.371842
v -0.539906 -0.610804 0.373309
v -0.581714 -0.610804 0.371842
v -0.582269 -0.610804 0.382157
v -0.582269 -0.606559 0.382157
v -0.498607 -0.606559 0.385094
v -0.498097 -0.606559 0.374776
v -0.498607 -0.610804 0.385094
v -0.498097 -0.610804 0.374776
v -0.608905 -0.606559 0.381222
v -0.540438 -0.610804 0.383626
v -0.540438 -0.606559 0.383626
v -0.608905 -0.610804 0.381222
v -0.608337 -0.610804 0.370907
v -0.608337 -0.606559 0.370907
v -0.518427 -0.533424 0.374063
v -0.598284 -0.533424 0.409750
v -0.526231 -0.533424 0.412282
v -0.602043 -0.533424 0.371128
v -0.562257 -0.533424 0.411016
v -0.560235 -0.533424 0.372595
v -0.602609 -0.533424 0.381443
v -0.518947 -0.533424 0.384380
v -0.628666 -0.533424 0.370194
v -0.629245 -0.533424 0.380508
v -0.526231 -0.683938 0.412282
v -0.602043 -0.683938 0.371128
v -0.518427 -0.683938 0.374063
v -0.598284 -0.683938 0.409750
v -0.560235 -0.683938 0.372595
v -0.562258 -0.683938 0.411016
v -0.518948 -0.683938 0.384380
v -0.602609 -0.683938 0.381443
v -0.628666 -0.683938 0.370194
v -0.629246 -0.683938 0.380508
v -0.735848 -0.468863 0.366432
v -0.729503 -0.474489 0.405139
v -0.652231 -0.468863 0.369367
v -0.657450 -0.474489 0.407671
v -0.735848 -0.748500 0.366432
v -0.729503 -0.742873 0.405139
v -0.652231 -0.748500 0.369367
v -0.657450 -0.742873 0.407671
v -0.611572 -0.619377 0.370794
v -0.611572 -0.597986 0.370794
v -0.622414 -0.592359 0.408903
v -0.622414 -0.625003 0.408903
v -0.695189 -0.597986 0.367859
v -0.695189 -0.619377 0.367859
v -0.694467 -0.625003 0.406370
v -0.694467 -0.592359 0.406370
v -0.694040 -0.748500 0.367899
v -0.693477 -0.742873 0.406405
v -0.658441 -0.625003 0.407637
v -0.653381 -0.619377 0.369326
v -0.694040 -0.468863 0.367899
v -0.693477 -0.474489 0.406405
v -0.658441 -0.592359 0.407637
v -0.653381 -0.597986 0.369326
v -0.652824 -0.748500 0.379680
v -0.736485 -0.748500 0.376743
v -0.695804 -0.619377 0.378171
v -0.612143 -0.619377 0.381108
v -0.653974 -0.619377 0.379640
v -0.694654 -0.748500 0.378211
v -0.736485 -0.468863 0.376743
v -0.652823 -0.468863 0.379680
v -0.695804 -0.597986 0.378171
v -0.612143 -0.597986 0.381108
v -0.653974 -0.597986 0.379640
v -0.694654 -0.468863 0.378211
v -0.763122 -0.748500 0.375807
v -0.762471 -0.748500 0.365498
v -0.721812 -0.597986 0.366925
v -0.722441 -0.619377 0.377236
v -0.721812 -0.619377 0.366925
v -0.722441 -0.597986 0.377236
v -0.762470 -0.468863 0.365498
v -0.763122 -0.468863 0.375807
v -0.653381 -0.606559 0.369326
v -0.695189 -0.606559 0.367859
v -0.653381 -0.610804 0.369326
v -0.695189 -0.610804 0.367859
v -0.695804 -0.610804 0.378171
v -0.695804 -0.606559 0.378171
v -0.612143 -0.606559 0.381108
v -0.611572 -0.606559 0.370794
v -0.612143 -0.610804 0.381108
v -0.611572 -0.610804 0.370794
v -0.722441 -0.606559 0.377236
v -0.653974 -0.610804 0.379640
v -0.653974 -0.606559 0.379640
v -0.722441 -0.610803 0.377236
v -0.721812 -0.610803 0.366925
v -0.721812 -0.606559 0.366925
v -0.631902 -0.533424 0.370080
v -0.711985 -0.533424 0.405755
v -0.639932 -0.533424 0.408287
v -0.715518 -0.533424 0.367145
v -0.675958 -0.533424 0.407021
v -0.673710 -0.533424 0.368613
v -0.716144 -0.533424 0.377457
v -0.632484 -0.533424 0.380394
v -0.742141 -0.533424 0.366211
v -0.742781 -0.533424 0.376521
v -0.639932 -0.683938 0.408287
v -0.715519 -0.683938 0.367145
v -0.631902 -0.683938 0.370080
v -0.711985 -0.683938 0.405755
v -0.673710 -0.683938 0.368613
v -0.675959 -0.683938 0.407021
v -0.632484 -0.683938 0.380394
v -0.716145 -0.683938 0.377457
v -0.742141 -0.683938 0.366211
v -0.742781 -0.683938 0.376521
v -0.848905 -0.468863 0.361319
v -0.844454 -0.474489 0.400412
v -0.765706 -0.468863 0.365384
v -0.771151 -0.474489 0.403675
v -0.848905 -0.748500 0.361319
v -0.844454 -0.742873 0.400412
v -0.765706 -0.748500 0.365384
v -0.771152 -0.742873 0.403675
v -0.725048 -0.619377 0.366811
v -0.725048 -0.597986 0.366811
v -0.736115 -0.592359 0.404907
v -0.736115 -0.625003 0.404907
v -0.808664 -0.597986 0.363876
v -0.808664 -0.619377 0.363876
v -0.808168 -0.625003 0.402374
v -0.808168 -0.592359 0.402374
v -0.807515 -0.748500 0.363917
v -0.807178 -0.742873 0.402409
v -0.772142 -0.625003 0.403640
v -0.766856 -0.619377 0.365344
v -0.807515 -0.468863 0.363917
v -0.807178 -0.474489 0.402409
v -0.772142 -0.592359 0.403640
v -0.766856 -0.597986 0.365344
v -0.766359 -0.748500 0.375694
v -0.850347 -0.748500 0.371548
v -0.809340 -0.619377 0.374185
v -0.725679 -0.619377 0.377122
v -0.767509 -0.619377 0.375653
v -0.808190 -0.748500 0.374225
v -0.850347 -0.468863 0.371548
v -0.766359 -0.468863 0.375694
v -0.809340 -0.597986 0.374185
v -0.725679 -0.597986 0.377122
v -0.767509 -0.597986 0.375653
v -0.808190 -0.468863 0.374225
v -0.877106 -0.748499 0.366397
v -0.874342 -0.748499 0.356443
v -0.835185 -0.597985 0.362666
v -0.836056 -0.619377 0.372960
v -0.835185 -0.619377 0.362666
v -0.836056 -0.597985 0.372960
v -0.874342 -0.468863 0.356443
v -0.877106 -0.468863 0.366397
v -0.766856 -0.606559 0.365344
v -0.808664 -0.606559 0.363876
v -0.766856 -0.610803 0.365344
v -0.808664 -0.610803 0.363876
v -0.809340 -0.610803 0.374185
v -0.809340 -0.606559 0.374185
v -0.725679 -0.606559 0.377122
v -0.725048 -0.606559 0.366811
v -0.725679 -0.610804 0.377122
v -0.725048 -0.610804 0.366811
v -0.836056 -0.606559 0.372960
v -0.767509 -0.610803 0.375653
v -0.767509 -0.606559 0.375653
v -0.836056 -0.610803 0.372960
v -0.835185 -0.610803 0.362666
v -0.835185 -0.606559 0.362666
v -0.745377 -0.533424 0.366097
v -0.825686 -0.533424 0.401758
v -0.753634 -0.533424 0.404291
v -0.828993 -0.533424 0.363163
v -0.789660 -0.533424 0.403025
v -0.787185 -0.533424 0.364630
v -0.829680 -0.533424 0.373470
v -0.746019 -0.533424 0.376408
v -0.855056 -0.533424 0.360719
v -0.856753 -0.533424 0.370909
v -0.753634 -0.683938 0.404291
v -0.828993 -0.683938 0.363163
v -0.745377 -0.683938 0.366097
v -0.825687 -0.683938 0.401758
v -0.787185 -0.683938 0.364630
v -0.789660 -0.683938 0.403024
v -0.746019 -0.683938 0.376408
v -0.829680 -0.683938 0.373470
v -0.855056 -0.683938 0.360719
v -0.856753 -0.683938 0.370909
v -0.946585 -0.468863 0.314703
v -0.966128 -0.474489 0.348625
v -0.877353 -0.468863 0.355529
v -0.891828 -0.474489 0.391339
v -0.946585 -0.748499 0.314703
v -0.966129 -0.742873 0.348625
v -0.877353 -0.748500 0.355528
v -0.891828 -0.742873 0.391339
v -0.838348 -0.619377 0.362354
v -0.838348 -0.597986 0.362354
v -0.851904 -0.592359 0.399660
v -0.851904 -0.625003 0.399660
v -0.915442 -0.597985 0.338848
v -0.915442 -0.619377 0.338848
v -0.932313 -0.625003 0.373417
v -0.932313 -0.592359 0.373417
v -0.914456 -0.748499 0.339373
v -0.931268 -0.742873 0.373984
v -0.892965 -0.625003 0.390991
v -0.878423 -0.619377 0.355204
v -0.914455 -0.468862 0.339373
v -0.931268 -0.474489 0.373984
v -0.892965 -0.592359 0.390991
v -0.878423 -0.597985 0.355204
v -0.880310 -0.748500 0.365427
v -0.953939 -0.748499 0.321958
v -0.920825 -0.619377 0.347665
v -0.839351 -0.619377 0.372636
v -0.881448 -0.619377 0.365081
v -0.919778 -0.748499 0.348227
v -0.953938 -0.468863 0.321958
v -0.880310 -0.468863 0.365427
v -0.920825 -0.597985 0.347665
v -0.839351 -0.597986 0.372636
v -0.881448 -0.597985 0.365081
v -0.919777 -0.468862 0.348227
v -0.971418 -0.748499 0.300676
v -0.963004 -0.748499 0.294683
v -0.936172 -0.597985 0.323500
v -0.942890 -0.619377 0.331348
v -0.936172 -0.619377 0.323500
v -0.942890 -0.597985 0.331348
v -0.963003 -0.468862 0.294683
v -0.971418 -0.468862 0.300676
v -0.878423 -0.606559 0.355204
v -0.915442 -0.606559 0.338848
v -0.878423 -0.610803 0.355204
v -0.915442 -0.610803 0.338848
v -0.920825 -0.610803 0.347665
v -0.920825 -0.606559 0.347665
v -0.839351 -0.606559 0.372636
v -0.838348 -0.606559 0.362354
v -0.839351 -0.610803 0.372636
v -0.838348 -0.610803 0.362354
v -0.942890 -0.606559 0.331348
v -0.881448 -0.610803 0.365081
v -0.881448 -0.606559 0.365081
v -0.942890 -0.610803 0.331348
v -0.936172 -0.610803 0.323500
v -0.936172 -0.606559 0.323500
v -0.858220 -0.533424 0.360412
v -0.949867 -0.533424 0.361972
v -0.871659 -0.533424 0.397315
v -0.931441 -0.533424 0.327382
v -0.912683 -0.533424 0.383841
v -0.897022 -0.533424 0.348699
v -0.937857 -0.533424 0.335478
v -0.860047 -0.533424 0.370580
v -0.950457 -0.533424 0.309964
v -0.958080 -0.533424 0.316936
v -0.871659 -0.683938 0.397315
v -0.931441 -0.683938 0.327382
v -0.858220 -0.683938 0.360412
v -0.949867 -0.683938 0.361972
v -0.897022 -0.683938 0.348699
v -0.912683 -0.683938 0.383841
v -0.860047 -0.683938 0.370580
v -0.937858 -0.683938 0.335478
v -0.950458 -0.683938 0.309963
v -0.958080 -0.683938 0.316936
v -0.991859 -0.468862 0.216521
v -1.029079 -0.474489 0.230684
v -0.965006 -0.468862 0.292255
v -0.998812 -0.474489 0.310990
v -0.991859 -0.748499 0.216521
v -1.029079 -0.742873 0.230684
v -0.965006 -0.748499 0.292255
v -0.998812 -0.742873 0.310990
v -0.938607 -0.619377 0.321505
v -0.938607 -0.597985 0.321505
v -0.972203 -0.592359 0.343515
v -0.972203 -0.625003 0.343515
v -0.983463 -0.597985 0.254970
v -0.983463 -0.619377 0.254970
v -1.018631 -0.625003 0.271312
v -1.018631 -0.592359 0.271312
v -0.983140 -0.748499 0.256040
v -1.018272 -0.742873 0.272445
v -0.999388 -0.625003 0.309950
v -0.965717 -0.619377 0.291392
v -0.983140 -0.468862 0.256040
v -1.018272 -0.474489 0.272445
v -0.999388 -0.592359 0.309950
v -0.965717 -0.597985 0.291392
v -0.973535 -0.748499 0.298083
v -1.002141 -0.748499 0.217528
v -0.993196 -0.619377 0.258431
v -0.945475 -0.619377 0.329222
v -0.974286 -0.619377 0.297162
v -0.992849 -0.748499 0.259568
v -1.002140 -0.468862 0.217528
v -0.973535 -0.468862 0.298083
v -0.993196 -0.597985 0.258431
v -0.945475 -0.597985 0.329222
v -0.974286 -0.597985 0.297162
v -0.992849 -0.468862 0.259568
v -1.002736 -0.748499 0.190116
v -0.992425 -0.748499 0.190758
v -0.990538 -0.597985 0.230108
v -1.000698 -0.619377 0.231976
v -0.990538 -0.619377 0.230108
v -1.000698 -0.597985 0.231976
v -0.992425 -0.468862 0.190758
v -1.002736 -0.468862 0.190116
v -0.965717 -0.606559 0.291392
v -0.983463 -0.606559 0.254970
v -0.965717 -0.610803 0.291392
v -0.983463 -0.610803 0.254970
v -0.993196 -0.610803 0.258431
v -0.993196 -0.606559 0.258431
v -0.945475 -0.606559 0.329222
v -0.938607 -0.606559 0.321505
v -0.945475 -0.610803 0.329222
v -0.938607 -0.610803 0.321505
v -1.000698 -0.606559 0.231976
v -0.974286 -0.610803 0.297162
v -0.974286 -0.606559 0.297162
v -1.000698 -0.610803 0.231976
v -0.990538 -0.610803 0.230108
v -0.990538 -0.606559 0.230108
v -0.952451 -0.533424 0.307528
v -1.024780 -0.533424 0.251193
v -0.985823 -0.533424 0.327507
v -0.989210 -0.533424 0.236053
v -1.009405 -0.533424 0.291451
v -0.975112 -0.533424 0.274008
v -0.999292 -0.533424 0.238303
v -0.960208 -0.533424 0.314351
v -0.992463 -0.533424 0.210431
v -1.002774 -0.533424 0.211048
v -0.985823 -0.683938 0.327507
v -0.989210 -0.683938 0.236053
v -0.952451 -0.683938 0.307528
v -1.024780 -0.683938 0.251193
v -0.975112 -0.683938 0.274008
v -1.009405 -0.683938 0.291451
v -0.960208 -0.683938 0.314351
v -0.999292 -0.683938 0.238303
v -0.992463 -0.683938 0.210431
v -1.002774 -0.683938 0.211048
v -0.966506 -0.468862 0.111413
v -1.003652 -0.474489 0.099393
v -0.992114 -0.468862 0.187626
v -1.030110 -0.474489 0.180889
v -0.966506 -0.748499 0.111413
v -1.003652 -0.742873 0.099393
v -0.992115 -0.748499 0.187626
v -1.030110 -0.742873 0.180888
v -0.990839 -0.619377 0.226975
v -0.990839 -0.597985 0.226975
v -1.029900 -0.592359 0.222786
v -1.029900 -0.625003 0.222786
v -0.983567 -0.597985 0.146939
v -0.983567 -0.619377 0.146939
v -1.020918 -0.625003 0.137586
v -1.020918 -0.592359 0.137586
v -0.983891 -0.748499 0.148009
v -1.021268 -0.742873 0.138723
v -1.029993 -0.625003 0.179705
v -0.992004 -0.619377 0.186514
v -0.983890 -0.468862 0.148009
v -1.021267 -0.474489 0.138723
v -1.029993 -0.592359 0.179705
v -0.992004 -0.597985 0.186514
v -1.002410 -0.748499 0.186784
v -0.975128 -0.748499 0.105723
v -0.993308 -0.619377 0.143500
v -1.001034 -0.619377 0.228645
v -1.002294 -0.619377 0.185601
v -0.993655 -0.748499 0.144637
v -0.975128 -0.468862 0.105723
v -1.002410 -0.468862 0.186784
v -0.993308 -0.597985 0.143500
v -1.001034 -0.597985 0.228645
v -1.002294 -0.597985 0.185601
v -0.993655 -0.468862 0.144637
v -0.957826 -0.748499 0.084318
v -0.950220 -0.748499 0.091308
v -0.972923 -0.597985 0.123462
v -0.981993 -0.619377 0.118517
v -0.972923 -0.619377 0.123462
v -0.981993 -0.597985 0.118517
v -0.950219 -0.468862 0.091308
v -0.957826 -0.468862 0.084318
v -0.992004 -0.606559 0.186514
v -0.983567 -0.606559 0.146939
v -0.992004 -0.610803 0.186514
v -0.983567 -0.610803 0.146939
v -0.993308 -0.610803 0.143500
v -0.993308 -0.606559 0.143500
v -1.001034 -0.606559 0.228645
v -0.990839 -0.606559 0.226975
v -1.001034 -0.610803 0.228645
v -0.990839 -0.610803 0.226975
v -0.981993 -0.606559 0.118517
v -1.002294 -0.610803 0.185601
v -1.002294 -0.606559 0.185601
v -0.981993 -0.610803 0.118517
v -0.972923 -0.610803 0.123462
v -0.972923 -0.606559 0.123462
v -0.992775 -0.533424 0.207299
v -1.013531 -0.533424 0.117967
v -1.031819 -0.533424 0.201839
v -0.975810 -0.533424 0.128858
v -1.027267 -0.533424 0.158886
v -0.989642 -0.533424 0.166925
v -0.985060 -0.533424 0.124259
v -1.003097 -0.533424 0.207716
v -0.962764 -0.533424 0.106589
v -0.971165 -0.533424 0.100577
v -1.031819 -0.683938 0.201839
v -0.975810 -0.683938 0.128858
v -0.992776 -0.683938 0.207299
v -1.013531 -0.683938 0.117967
v -0.989642 -0.683938 0.166925
v -1.027267 -0.683938 0.158886
v -1.003097 -0.683938 0.207716
v -0.985060 -0.683938 0.124259
v -0.962764 -0.683938 0.106589
v -0.971165 -0.683938 0.100577
v -0.879838 -0.468863 0.046788
v -0.901438 -0.474489 0.013207
v -0.948227 -0.468862 0.088871
v -0.973711 -0.474489 0.059530
v -0.879838 -0.748499 0.046788
v -0.901438 -0.742873 0.013207
v -0.948228 -0.748499 0.088871
v -0.973711 -0.742873 0.059530
v -0.971441 -0.619377 0.120686
v -0.971441 -0.597985 0.120686
v -0.999839 -0.592359 0.092429
v -0.999839 -0.625003 0.092429
v -0.915761 -0.597985 0.062884
v -0.915761 -0.619377 0.062884
v -0.939053 -0.625003 0.031833
v -0.939053 -0.592359 0.031833
v -0.916748 -0.748499 0.063410
v -0.940094 -0.742873 0.032408
v -0.972914 -0.625003 0.058651
v -0.947520 -0.619377 0.088006
v -0.916748 -0.468862 0.063410
v -0.940094 -0.474489 0.032408
v -0.972914 -0.592359 0.058651
v -0.947520 -0.597985 0.088006
v -0.955697 -0.748499 0.081735
v -0.882954 -0.748499 0.036938
v -0.921164 -0.619377 0.054080
v -0.980413 -0.619377 0.115565
v -0.954940 -0.619377 0.080818
v -0.922211 -0.748499 0.054642
v -0.882953 -0.468863 0.036938
v -0.955697 -0.468862 0.081735
v -0.921164 -0.597985 0.054080
v -0.980413 -0.597985 0.115565
v -0.954940 -0.597985 0.080818
v -0.922211 -0.468862 0.054642
v -0.856335 -0.748499 0.030610
v -0.854699 -0.748499 0.040810
v -0.892908 -0.597985 0.050730
v -0.896841 -0.619377 0.041178
v -0.892908 -0.619377 0.050730
v -0.896841 -0.597985 0.041178
v -0.854699 -0.468862 0.040810
v -0.856335 -0.468862 0.030610
v -0.947520 -0.606559 0.088006
v -0.915761 -0.606559 0.062884
v -0.947520 -0.610803 0.088006
v -0.915761 -0.610803 0.062884
v -0.921164 -0.610803 0.054080
v -0.921164 -0.606559 0.054080
v -0.980413 -0.606559 0.115565
v -0.971441 -0.606559 0.120686
v -0.980413 -0.610803 0.115565
v -0.971441 -0.610803 0.120686
v -0.896841 -0.606559 0.041178
v -0.954940 -0.610803 0.080818
v -0.954940 -0.606559 0.080818
v -0.896841 -0.610803 0.041178
v -0.892908 -0.610803 0.050730
v -0.892908 -0.606559 0.050730
v -0.960764 -0.533424 0.104160
v -0.920542 -0.533424 0.021839
v -0.987168 -0.533424 0.075698
v -0.898325 -0.533424 0.053564
v -0.956754 -0.533424 0.045185
v -0.932584 -0.533424 0.075119
v -0.902616 -0.533424 0.044167
v -0.969046 -0.533424 0.097985
v -0.873982 -0.533424 0.045010
v -0.876723 -0.533424 0.035050
v -0.987168 -0.683938 0.075698
v -0.898325 -0.683938 0.053564
v -0.960764 -0.683938 0.104160
v -0.920543 -0.683938 0.021839
v -0.932584 -0.683938 0.075119
v -0.956755 -0.683938 0.045185
v -0.969046 -0.683938 0.097985
v -0.902616 -0.683938 0.044167
v -0.873982 -0.683938 0.045010
v -0.876723 -0.683938 0.035050
v -0.768426 -0.468863 0.038469
v -0.778879 -0.474489 0.000035
v -0.851544 -0.468863 0.040503
v -0.853634 -0.474489 0.002072
v -0.768426 -0.748500 0.038469
v -0.778879 -0.742873 0.000035
v -0.851544 -0.748500 0.040503
v -0.853634 -0.742873 0.002072
v -0.889893 -0.619377 0.049824
v -0.889894 -0.597985 0.049824
v -0.893857 -0.592359 0.010846
v -0.893857 -0.625003 0.010846
v -0.809107 -0.597985 0.038469
v -0.809107 -0.619377 0.038469
v -0.813955 -0.625003 0.000039
v -0.813955 -0.592359 0.000039
v -0.810257 -0.748500 0.038469
v -0.814947 -0.742873 0.000039
v -0.852501 -0.625003 0.001956
v -0.850424 -0.619377 0.040394
v -0.810257 -0.468863 0.038469
v -0.814946 -0.474489 0.000039
v -0.852501 -0.592359 0.001956
v -0.850424 -0.597985 0.040394
v -0.853031 -0.748500 0.030280
v -0.768889 -0.748500 0.028149
v -0.809599 -0.619377 0.028150
v -0.893640 -0.619377 0.040197
v -0.851858 -0.619377 0.030163
v -0.810749 -0.748500 0.028150
v -0.768889 -0.468863 0.028149
v -0.853031 -0.468863 0.030280
v -0.809599 -0.597985 0.028150
v -0.893640 -0.597985 0.040197
v -0.851858 -0.597985 0.030163
v -0.810749 -0.468863 0.028150
v -0.742234 -0.748500 0.028149
v -0.741789 -0.748500 0.038470
v -0.782470 -0.597985 0.038469
v -0.782943 -0.619377 0.028150
v -0.782470 -0.619377 0.038469
v -0.782943 -0.597985 0.028150
v -0.741789 -0.468863 0.038470
v -0.742234 -0.468863 0.028149
v -0.850424 -0.606559 0.040394
v -0.809107 -0.606559 0.038469
v -0.850424 -0.610803 0.040394
v -0.809107 -0.610803 0.038469
v -0.809599 -0.610803 0.028150
v -0.809599 -0.606559 0.028150
v -0.893640 -0.606559 0.040197
v -0.889894 -0.606559 0.049824
v -0.893640 -0.610803 0.040197
v -0.889893 -0.610803 0.049824
v -0.782943 -0.606559 0.028150
v -0.851858 -0.610803 0.030163
v -0.851858 -0.606559 0.030163
v -0.782943 -0.610803 0.028150
v -0.782470 -0.610803 0.038469
v -0.782470 -0.606559 0.038469
v -0.870971 -0.533424 0.044093
v -0.796417 -0.533424 0.000037
v -0.873698 -0.533424 0.004835
v -0.788767 -0.533424 0.038469
v -0.832484 -0.533424 0.000041
v -0.830597 -0.533424 0.038468
v -0.789244 -0.533424 0.028150
v -0.873518 -0.533424 0.034082
v -0.762129 -0.533424 0.038469
v -0.762589 -0.533424 0.028149
v -0.873698 -0.683938 0.004835
v -0.788767 -0.683938 0.038469
v -0.870971 -0.683938 0.044093
v -0.796417 -0.683938 0.000037
v -0.830597 -0.683938 0.038468
v -0.832484 -0.683938 0.000041
v -0.873518 -0.683938 0.034082
v -0.789244 -0.683938 0.028150
v -0.762129 -0.683938 0.038469
v -0.762589 -0.683938 0.028149
v -0.654889 -0.468863 0.038471
v -0.665050 -0.474489 0.000024
v -0.738551 -0.468863 0.038470
v -0.737184 -0.474489 0.000031
v -0.654889 -0.748500 0.038471
v -0.665050 -0.742873 0.000024
v -0.738551 -0.748500 0.038470
v -0.737184 -0.742873 0.000031
v -0.779232 -0.619377 0.038469
v -0.779232 -0.597985 0.038469
v -0.772260 -0.592359 0.000034
v -0.772260 -0.625003 0.000034
v -0.695570 -0.597986 0.038470
v -0.695570 -0.619377 0.038470
v -0.700125 -0.625003 0.000027
v -0.700125 -0.592359 0.000027
v -0.696720 -0.748500 0.038470
v -0.701117 -0.742873 0.000027
v -0.736192 -0.625003 0.000031
v -0.737401 -0.619377 0.038470
v -0.696720 -0.468863 0.038470
v -0.701117 -0.474489 0.000027
v -0.736192 -0.592359 0.000031
v -0.737401 -0.597986 0.038470
v -0.738994 -0.748500 0.028149
v -0.655274 -0.748500 0.028148
v -0.695984 -0.619377 0.028148
v -0.779703 -0.619377 0.028150
v -0.737843 -0.619377 0.028149
v -0.697134 -0.748500 0.028148
v -0.655274 -0.468863 0.028148
v -0.738994 -0.468863 0.028149
v -0.695984 -0.597986 0.028148
v -0.779703 -0.597985 0.028150
v -0.737843 -0.597986 0.028149
v -0.697134 -0.468863 0.028148
v -0.628619 -0.748500 0.028147
v -0.628252 -0.748500 0.038471
v -0.668933 -0.597986 0.038471
v -0.669328 -0.619377 0.028148
v -0.668933 -0.619377 0.038471
v -0.669328 -0.597986 0.028148
v -0.628252 -0.468863 0.038471
v -0.628619 -0.468863 0.028147
v -0.737401 -0.606559 0.038470
v -0.695570 -0.606559 0.038470
v -0.737401 -0.610803 0.038470
v -0.695570 -0.610803 0.038470
v -0.695984 -0.610803 0.028148
v -0.695984 -0.606559 0.028148
v -0.779703 -0.606559 0.028150
v -0.779232 -0.606559 0.038469
v -0.779703 -0.610803 0.028150
v -0.779232 -0.610803 0.038469
v -0.669328 -0.606559 0.028148
v -0.737843 -0.610803 0.028149
v -0.737843 -0.606559 0.028149
v -0.669328 -0.610803 0.028148
v -0.668933 -0.610804 0.038471
v -0.668933 -0.606559 0.038471
v -0.758891 -0.533424 0.038469
v -0.682587 -0.533424 0.000026
v -0.754722 -0.533424 0.000032
v -0.675230 -0.533424 0.038470
v -0.718655 -0.533424 0.000029
v -0.717060 -0.533424 0.038470
v -0.675629 -0.533424 0.028148
v -0.759348 -0.533424 0.028149
v -0.648593 -0.533424 0.038471
v -0.648973 -0.533424 0.028147
v -0.754722 -0.683938 0.000032
v -0.675230 -0.683938 0.038470
v -0.758891 -0.683938 0.038469
v -0.682588 -0.683938 0.000026
v -0.717061 -0.683938 0.038470
v -0.718655 -0.683938 0.000029
v -0.759348 -0.683938 0.028149
v -0.675629 -0.683938 0.028148
v -0.648593 -0.683938 0.038471
v -0.648974 -0.683938 0.028147
v -0.541353 -0.468863 0.038472
v -0.551220 -0.474489 0.000015
v -0.625014 -0.468863 0.038471
v -0.623354 -0.474489 0.000021
v -0.541353 -0.748500 0.038472
v -0.551220 -0.742873 0.000015
v -0.625015 -0.748500 0.038471
v -0.623354 -0.742873 0.000021
v -0.665695 -0.619377 0.038471
v -0.665696 -0.597986 0.038471
v -0.658430 -0.592359 0.000024
v -0.658430 -0.625003 0.000024
v -0.582034 -0.597986 0.038472
v -0.582034 -0.619377 0.038472
v -0.586296 -0.625003 0.000018
v -0.586296 -0.592359 0.000018
v -0.583184 -0.748500 0.038472
v -0.587287 -0.742873 0.000018
v -0.622363 -0.625003 0.000021
v -0.623864 -0.619377 0.038471
v -0.583184 -0.468863 0.038472
v -0.587287 -0.474489 0.000018
v -0.622363 -0.592359 0.000021
v -0.623864 -0.597986 0.038471
v -0.625379 -0.748500 0.028147
v -0.541659 -0.748500 0.028146
v -0.582368 -0.619377 0.028147
v -0.666088 -0.619377 0.028148
v -0.624228 -0.619377 0.028147
v -0.583519 -0.748500 0.028147
v -0.541659 -0.468863 0.028146
v -0.625379 -0.468863 0.028147
v -0.582368 -0.597986 0.028147
v -0.666088 -0.597986 0.028148
v -0.624228 -0.597986 0.028147
v -0.583519 -0.468863 0.028147
v -0.515004 -0.748500 0.028146
v -0.514716 -0.748500 0.038472
v -0.555396 -0.597986 0.038472
v -0.555712 -0.619377 0.028146
v -0.555396 -0.619377 0.038472
v -0.555712 -0.597986 0.028146
v -0.514716 -0.468863 0.038472
v -0.515004 -0.468863 0.028146
v -0.623864 -0.606559 0.038471
v -0.582034 -0.606559 0.038472
v -0.623864 -0.610804 0.038471
v -0.582034 -0.610804 0.038472
v -0.582368 -0.610804 0.028147
v -0.582368 -0.606559 0.028147
v -0.666088 -0.606559 0.028148
v -0.665696 -0.606559 0.038471
v -0.666088 -0.610804 0.028148
v -0.665695 -0.610804 0.038471
v -0.555712 -0.606559 0.028146
v -0.624228 -0.610804 0.028147
v -0.624228 -0.606559 0.028147
v -0.555712 -0.610804 0.028146
v -0.555396 -0.610804 0.038472
v -0.555396 -0.606559 0.038472
v -0.645355 -0.533424 0.038471
v -0.568758 -0.533424 0.000017
v -0.640892 -0.533424 0.000022
v -0.561693 -0.533424 0.038472
v -0.604825 -0.533424 0.000019
v -0.603524 -0.533424 0.038471
v -0.562013 -0.533424 0.028146
v -0.645733 -0.533424 0.028147
v -0.535056 -0.533424 0.038472
v -0.535358 -0.533424 0.028146
v -0.640892 -0.683938 0.000022
v -0.561693 -0.683938 0.038472
v -0.645355 -0.683938 0.038471
v -0.568758 -0.683938 0.000017
v -0.603524 -0.683938 0.038471
v -0.604825 -0.683938 0.000019
v -0.645733 -0.683938 0.028147
v -0.562014 -0.683938 0.028146
v -0.535056 -0.683938 0.038472
v -0.535358 -0.683938 0.028146
v -0.427816 -0.468863 0.038473
v -0.437390 -0.474489 0.000009
v -0.511478 -0.468863 0.038472
v -0.509525 -0.474489 0.000013
v -0.427816 -0.748500 0.038473
v -0.437390 -0.742874 0.000009
v -0.511478 -0.748500 0.038472
v -0.509525 -0.742873 0.000013
v -0.552159 -0.619377 0.038472
v -0.552159 -0.597986 0.038472
v -0.544600 -0.592359 0.000015
v -0.544600 -0.625003 0.000015
v -0.468497 -0.597986 0.038473
v -0.468497 -0.619377 0.038473
v -0.472466 -0.625003 0.000010
v -0.472466 -0.592359 0.000010
v -0.469647 -0.748500 0.038473
v -0.473457 -0.742874 0.000011
v -0.508533 -0.625003 0.000013
v -0.510328 -0.619377 0.038472
v -0.469647 -0.468863 0.038473
v -0.473457 -0.474489 0.000011
v -0.508533 -0.592359 0.000013
v -0.510328 -0.597986 0.038472
v -0.511763 -0.748500 0.028146
v -0.428044 -0.748500 0.028145
v -0.468753 -0.619377 0.028145
v -0.552472 -0.619377 0.028146
v -0.510612 -0.619377 0.028146
v -0.469904 -0.748500 0.028145
v -0.428044 -0.468863 0.028145
v -0.511763 -0.468863 0.028146
v -0.468753 -0.597986 0.028145
v -0.552473 -0.597986 0.028146
v -0.510612 -0.597986 0.028146
v -0.469903 -0.468863 0.028145
v -0.401388 -0.748500 0.028145
v -0.401179 -0.748500 0.038473
v -0.441860 -0.597986 0.038473
v -0.442097 -0.619377 0.028145
v -0.441860 -0.619377 0.038473
v -0.442097 -0.597986 0.028145
v -0.401179 -0.468863 0.038473
v -0.401388 -0.468863 0.028145
v -0.510328 -0.606559 0.038472
v -0.468497 -0.606559 0.038473
v -0.510328 -0.610804 0.038472
v -0.468497 -0.610804 0.038473
v -0.468753 -0.610804 0.028145
v -0.468753 -0.606559 0.028145
v -0.552473 -0.606559 0.028146
v -0.552159 -0.606559 0.038472
v -0.552472 -0.610804 0.028146
v -0.552159 -0.610804 0.038472
v -0.442097 -0.606559 0.028145
v -0.510612 -0.610804 0.028146
v -0.510612 -0.606559 0.028146
v -0.442097 -0.610804 0.028145
v -0.441860 -0.610804 0.038473
v -0.441860 -0.606559 0.038473
v -0.531818 -0.533424 0.038472
v -0.454928 -0.533424 0.000010
v -0.527062 -0.533424 0.000014
v -0.448157 -0.533424 0.038473
v -0.490995 -0.533424 0.000012
v -0.489988 -0.533424 0.038472
v -0.448398 -0.533424 0.028145
v -0.532118 -0.533424 0.028146
v -0.421520 -0.533424 0.038473
v -0.421743 -0.533424 0.028145
v -0.527062 -0.683938 0.000014
v -0.448157 -0.683938 0.038473
v -0.531818 -0.683938 0.038472
v -0.454928 -0.683938 0.000010
v -0.489988 -0.683938 0.038472
v -0.490995 -0.683938 0.000012
v -0.532118 -0.683938 0.028146
v -0.448398 -0.683938 0.028145
v -0.421520 -0.683938 0.038473
v -0.421743 -0.683938 0.028145
v -0.314279 -0.468863 0.038474
v -0.323560 -0.474489 0.000004
v -0.397941 -0.468863 0.038473
v -0.395695 -0.474489 0.000007
v -0.314280 -0.748500 0.038474
v -0.323561 -0.742874 0.000004
v -0.397941 -0.748500 0.038473
v -0.395695 -0.742874 0.000007
v -0.438622 -0.619377 0.038473
v -0.438622 -0.597986 0.038473
v -0.430771 -0.592360 0.000008
v -0.430771 -0.625003 0.000008
v -0.354960 -0.597986 0.038473
v -0.354960 -0.619377 0.038473
v -0.358636 -0.625003 0.000005
v -0.358636 -0.592360 0.000005
v -0.356110 -0.748500 0.038473
v -0.359628 -0.742874 0.000005
v -0.394704 -0.625003 0.000007
v -0.396791 -0.619377 0.038473
v -0.356110 -0.468863 0.038473
v -0.359627 -0.474489 0.000005
v -0.394703 -0.592360 0.000007
v -0.396791 -0.597986 0.038473
v -0.398148 -0.748500 0.028145
v -0.314428 -0.748500 0.028144
v -0.355137 -0.619377 0.028145
v -0.438857 -0.619377 0.028145
v -0.396997 -0.619377 0.028145
v -0.356288 -0.748500 0.028145
v -0.314428 -0.468863 0.028144
v -0.398148 -0.468863 0.028145
v -0.355137 -0.597986 0.028145
v -0.438857 -0.597986 0.028145
v -0.396997 -0.597986 0.028145
v -0.356288 -0.468863 0.028145
v -0.287773 -0.748500 0.028144
v -0.287643 -0.748500 0.038474
v -0.328323 -0.597986 0.038473
v -0.328482 -0.619377 0.028144
v -0.328323 -0.619377 0.038473
v -0.328482 -0.597986 0.028144
v -0.287643 -0.468863 0.038474
v -0.287773 -0.468863 0.028144
v -0.396791 -0.606559 0.038473
v -0.354960 -0.606559 0.038473
v -0.396791 -0.610804 0.038473
v -0.354960 -0.610804 0.038473
v -0.355137 -0.610804 0.028145
v -0.355137 -0.606559 0.028145
v -0.438857 -0.606559 0.028145
v -0.438622 -0.606559 0.038473
v -0.438857 -0.610804 0.028145
v -0.438622 -0.610804 0.038473
v -0.328482 -0.606559 0.028144
v -0.396997 -0.610804 0.028145
v -0.396997 -0.606559 0.028145
v -0.328482 -0.610804 0.028144
v -0.328323 -0.610804 0.038473
v -0.328323 -0.606559 0.038473
v -0.418282 -0.533424 0.038473
v -0.341098 -0.533424 0.000004
v -0.413232 -0.533424 0.000007
v -0.334620 -0.533424 0.038473
v -0.377165 -0.533424 0.000006
v -0.376451 -0.533424 0.038473
v -0.334783 -0.533424 0.028144
v -0.418503 -0.533424 0.028145
v -0.307983 -0.533424 0.038474
v -0.308128 -0.533424 0.028144
v -0.413233 -0.683938 0.000007
v -0.334620 -0.683938 0.038473
v -0.418282 -0.683938 0.038473
v -0.341098 -0.683938 0.000004
v -0.376451 -0.683938 0.038473
v -0.377166 -0.683938 0.000006
v -0.418503 -0.683938 0.028145
v -0.334783 -0.683938 0.028144
v -0.307983 -0.683938 0.038474
v -0.308128 -0.683938 0.028144
v -0.200743 -0.468863 0.038474
v -0.209731 -0.474489 0.000001
v -0.284405 -0.468863 0.038474
v -0.281865 -0.474489 0.000003
v -0.200743 -0.748500 0.038474
v -0.209731 -0.742874 0.000001
v -0.284405 -0.748500 0.038474
v -0.281865 -0.742874 0.000003
v -0.325086 -0.619377 0.038473
v -0.325086 -0.597986 0.038473
v -0.316941 -0.592360 0.000004
v -0.316941 -0.625003 0.000004
v -0.241424 -0.597986 0.038474
v -0.241424 -0.619377 0.038474
v -0.244806 -0.625003 0.000002
v -0.244806 -0.592360 0.000002
v -0.242574 -0.748500 0.038474
v -0.245798 -0.742874 0.000002
v -0.280874 -0.625003 0.000003
v -0.283255 -0.619377 0.038474
v -0.242574 -0.468863 0.038474
v -0.245798 -0.474489 0.000002
v -0.280874 -0.592360 0.000003
v -0.283255 -0.597986 0.038474
v -0.284533 -0.748500 0.028144
v -0.200813 -0.748500 0.028144
v -0.241522 -0.619377 0.028144
v -0.325242 -0.619377 0.028144
v -0.283382 -0.619377 0.028144
v -0.242673 -0.748500 0.028144
v -0.200813 -0.468863 0.028144
v -0.284533 -0.468863 0.028144
v -0.241522 -0.597986 0.028144
v -0.325242 -0.597986 0.028144
v -0.283382 -0.597986 0.028144
v -0.242673 -0.468863 0.028144
v -0.174158 -0.748500 0.028144
v -0.174106 -0.748500 0.038474
v -0.214787 -0.597986 0.038474
v -0.214867 -0.619377 0.028144
v -0.214787 -0.619377 0.038474
v -0.214867 -0.597986 0.028144
v -0.174106 -0.468863 0.038474
v -0.174157 -0.468863 0.028144
v -0.283255 -0.606559 0.038474
v -0.241424 -0.606559 0.038474
v -0.283255 -0.610804 0.038474
v -0.241424 -0.610804 0.038474
v -0.241522 -0.610804 0.028144
v -0.241522 -0.606559 0.028144
v -0.325242 -0.606559 0.028144
v -0.325086 -0.606559 0.038473
v -0.325242 -0.610804 0.028144
v -0.325086 -0.610804 0.038473
v -0.214867 -0.606559 0.028144
v -0.283382 -0.610804 0.028144
v -0.283382 -0.606559 0.028144
v -0.214867 -0.610804 0.028144
v -0.214787 -0.610804 0.038474
v -0.214787 -0.606559 0.038474
v -0.304745 -0.533424 0.038474
v -0.227268 -0.533424 0.000001
v -0.299403 -0.533424 0.000003
v -0.221084 -0.533424 0.038474
v -0.263336 -0.533424 0.000002
v -0.262914 -0.533424 0.038474
v -0.221168 -0.533424 0.028144
v -0.304887 -0.533424 0.028144
v -0.194446 -0.533424 0.038474
v -0.194512 -0.533424 0.028144
v -0.299403 -0.683938 0.000003
v -0.221084 -0.683938 0.038474
v -0.304745 -0.683938 0.038474
v -0.227268 -0.683938 0.000001
v -0.262914 -0.683938 0.038474
v -0.263336 -0.683938 0.000002
v -0.304887 -0.683938 0.028144
v -0.221168 -0.683938 0.028144
v -0.194447 -0.683939 0.038474
v -0.194512 -0.683939 0.028144
v -0.087206 -0.468863 0.038474
v -0.095901 -0.474489 0.000000
v -0.170868 -0.468863 0.038474
v -0.168035 -0.474489 0.000000
v -0.087206 -0.748500 0.038474
v -0.095901 -0.742874 0.000000
v -0.170868 -0.748500 0.038474
v -0.168035 -0.742874 0.000000
v -0.211549 -0.619377 0.038474
v -0.211549 -0.597986 0.038474
v -0.203111 -0.592360 0.000001
v -0.203111 -0.625003 0.000001
v -0.127887 -0.597986 0.038474
v -0.127887 -0.619377 0.038474
v -0.130976 -0.625003 0.000000
v -0.130976 -0.592360 0.000000
v -0.129037 -0.748500 0.038474
v -0.131968 -0.742874 0.000000
v -0.167044 -0.625003 0.000000
v -0.169718 -0.619377 0.038474
v -0.129037 -0.468863 0.038474
v -0.131968 -0.474489 0.000000
v -0.167044 -0.592360 0.000000
v -0.169718 -0.597986 0.038474
v -0.170918 -0.748500 0.028144
v -0.087198 -0.748500 0.028144
v -0.127907 -0.619377 0.028144
v -0.211626 -0.619377 0.028144
v -0.169767 -0.619377 0.028144
v -0.129058 -0.748500 0.028144
v -0.087198 -0.468863 0.028144
v -0.170917 -0.468863 0.028144
v -0.127907 -0.597986 0.028144
v -0.211627 -0.597986 0.028144
v -0.169767 -0.597986 0.028144
v -0.129057 -0.468863 0.028144
v -0.060542 -0.748500 0.028144
v -0.060570 -0.748500 0.038474
v -0.101250 -0.597986 0.038474
v -0.101252 -0.619377 0.028144
v -0.101250 -0.619377 0.038474
v -0.101252 -0.597986 0.028144
v -0.060569 -0.468863 0.038474
v -0.060542 -0.468863 0.028144
v -0.169718 -0.606559 0.038474
v -0.127887 -0.606559 0.038474
v -0.169718 -0.610804 0.038474
v -0.127887 -0.610804 0.038474
v -0.127907 -0.610804 0.028144
v -0.127907 -0.606559 0.028144
v -0.211627 -0.606559 0.028144
v -0.211549 -0.606559 0.038474
v -0.211626 -0.610804 0.028144
v -0.211549 -0.610804 0.038474
v -0.101252 -0.606559 0.028144
v -0.169767 -0.610804 0.028144
v -0.169767 -0.606559 0.028144
v -0.101252 -0.610804 0.028144
v -0.101250 -0.610804 0.038474
v -0.101250 -0.606559 0.038474
v -0.191208 -0.533424 0.038474
v -0.113439 -0.533424 0.000000
v -0.185573 -0.533424 0.000001
v -0.107547 -0.533424 0.038474
v -0.149506 -0.533424 0.000000
v -0.149378 -0.533424 0.038474
v -0.107552 -0.533424 0.028144
v -0.191272 -0.533424 0.028144
v -0.080910 -0.533424 0.038474
v -0.080897 -0.533424 0.028144
v -0.185573 -0.683939 0.000001
v -0.107547 -0.683939 0.038474
v -0.191208 -0.683938 0.038474
v -0.113439 -0.683939 0.000000
v -0.149378 -0.683939 0.038474
v -0.149506 -0.683939 0.000000
v -0.191272 -0.683939 0.028144
v -0.107552 -0.683939 0.028144
v -0.080910 -0.683939 0.038474
v -0.080897 -0.683939 0.028144
v 0.026330 -0.468863 0.038474
v 0.017929 -0.474489 0.000001
v -0.057331 -0.468863 0.038474
v -0.054205 -0.474489 0.000000
v 0.026330 -0.748500 0.038474
v 0.017929 -0.742874 0.000001
v -0.057332 -0.748500 0.038474
v -0.054206 -0.742874 0.000000
v -0.098012 -0.619377 0.038474
v -0.098013 -0.597986 0.038474
v -0.089281 -0.592360 0.000000
v -0.089281 -0.625003 0.000000
v -0.014351 -0.597986 0.038474
v -0.014351 -0.619377 0.038474
v -0.017147 -0.625003 0.000001
v -0.017147 -0.592360 0.000001
v -0.015501 -0.748500 0.038474
v -0.018138 -0.742874 0.000000
v -0.053214 -0.625003 0.000000
v -0.056182 -0.619377 0.038474
v -0.015501 -0.468863 0.038474
v -0.018138 -0.474489 0.000001
v -0.053214 -0.592360 0.000000
v -0.056182 -0.597986 0.038474
v -0.057302 -0.748500 0.028144
v 0.026418 -0.748500 0.028144
v -0.014292 -0.619377 0.028144
v -0.098011 -0.619377 0.028144
v -0.056151 -0.619377 0.028144
v -0.015442 -0.748500 0.028144
v 0.026418 -0.468863 0.028144
v -0.057302 -0.468863 0.028144
v -0.014292 -0.597986 0.028144
v -0.098011 -0.597986 0.028144
v -0.056151 -0.597986 0.028144
v -0.015442 -0.468863 0.028144
v 0.053073 -0.748500 0.028144
v 0.052967 -0.748500 0.038474
v 0.012286 -0.597986 0.038474
v 0.012364 -0.619377 0.028144
v 0.012286 -0.619377 0.038474
v 0.012364 -0.597986 0.028144
v 0.052967 -0.468863 0.038474
v 0.053073 -0.468863 0.028144
v -0.056182 -0.606559 0.038474
v -0.014351 -0.606559 0.038474
v -0.056182 -0.610804 0.038474
v -0.014351 -0.610804 0.038474
v -0.014292 -0.610804 0.028144
v -0.014292 -0.606559 0.028144
v -0.098011 -0.606559 0.028144
v -0.098013 -0.606559 0.038474
v -0.098011 -0.610804 0.028144
v -0.098012 -0.610804 0.038474
v 0.012364 -0.606559 0.028144
v -0.056151 -0.610804 0.028144
v -0.056151 -0.606559 0.028144
v 0.012364 -0.610804 0.028144
v 0.012286 -0.610804 0.038474
v 0.012286 -0.606559 0.038474
v -0.077672 -0.533424 0.038474
v 0.000391 -0.533424 0.000001
v -0.071743 -0.533424 0.000000
v 0.005990 -0.533424 0.038474
v -0.035676 -0.533424 0.000000
v -0.035841 -0.533424 0.038474
v 0.006063 -0.533424 0.028144
v -0.077657 -0.533424 0.028144
v 0.032627 -0.533425 0.038474
v 0.032719 -0.533425 0.028144
v -0.071743 -0.683939 0.000000
v 0.005990 -0.683939 0.038474
v -0.077672 -0.683939 0.038474
v 0.000391 -0.683939 0.000001
v -0.035841 -0.683939 0.038474
v -0.035676 -0.683939 0.000000
v -0.077657 -0.683939 0.028144
v 0.006063 -0.683939 0.028144
v 0.032627 -0.683939 0.038474
v 0.032718 -0.683939 0.028144
v 0.139867 -0.468863 0.038473
v 0.131759 -0.474489 0.000004
v 0.056205 -0.468863 0.038474
v 0.059625 -0.474489 0.000002
v 0.139867 -0.748500 0.038473
v 0.131759 -0.742874 0.000004
v 0.056205 -0.748500 0.038474
v 0.059624 -0.742874 0.000002
v 0.015524 -0.619377 0.038474
v 0.015524 -0.597986 0.038474
v 0.024549 -0.592360 0.000001
v 0.024549 -0.625003 0.000001
v 0.099186 -0.597986 0.038474
v 0.099186 -0.619377 0.038474
v 0.096683 -0.625003 0.000003
v 0.096683 -0.592360 0.000003
v 0.098036 -0.748500 0.038474
v 0.095692 -0.742874 0.000003
v 0.060616 -0.625003 0.000002
v 0.057355 -0.619377 0.038474
v 0.098036 -0.468863 0.038474
v 0.095692 -0.474489 0.000003
v 0.060616 -0.592360 0.000002
v 0.057355 -0.597986 0.038474
v 0.056313 -0.748500 0.028144
v 0.140033 -0.748500 0.028144
v 0.099324 -0.619377 0.028144
v 0.015604 -0.619377 0.028144
v 0.057464 -0.619377 0.028144
v 0.098173 -0.748500 0.028144
v 0.140033 -0.468863 0.028144
v 0.056313 -0.468863 0.028144
v 0.099324 -0.597986 0.028144
v 0.015604 -0.597986 0.028144
v 0.057464 -0.597986 0.028144
v 0.098173 -0.468863 0.028144
v 0.166688 -0.748500 0.028145
v 0.166504 -0.748500 0.038473
v 0.125823 -0.597986 0.038473
v 0.125979 -0.619377 0.028144
v 0.125823 -0.619377 0.038473
v 0.125979 -0.597986 0.028144
v 0.166504 -0.468863 0.038473
v 0.166688 -0.468863 0.028145
v 0.057355 -0.606559 0.038474
v 0.099186 -0.606559 0.038474
v 0.057355 -0.610804 0.038474
v 0.099186 -0.610804 0.038474
v 0.099324 -0.610804 0.028144
v 0.099324 -0.606559 0.028144
v 0.015604 -0.606559 0.028144
v 0.015524 -0.606559 0.038474
v 0.015604 -0.610804 0.028144
v 0.015524 -0.610804 0.038474
v 0.125979 -0.606559 0.028144
v 0.057464 -0.610804 0.028144
v 0.057464 -0.606559 0.028144
v 0.125979 -0.610804 0.028144
v 0.125823 -0.610804 0.038473
v 0.125823 -0.606559 0.038473
v 0.035865 -0.533425 0.038474
v 0.114221 -0.533425 0.000003
v 0.042087 -0.533424 0.000002
v 0.119526 -0.533425 0.038473
v 0.078154 -0.533425 0.000002
v 0.077696 -0.533425 0.038474
v 0.119678 -0.533425 0.028144
v 0.035959 -0.533425 0.028144
v 0.146163 -0.533425 0.038473
v 0.146334 -0.533425 0.028144
v 0.042087 -0.683939 0.000001
v 0.119526 -0.683939 0.038473
v 0.035864 -0.683939 0.038474
v 0.114221 -0.683939 0.000003
v 0.077695 -0.683939 0.038474
v 0.078154 -0.683939 0.000002
v 0.035959 -0.683939 0.028144
v 0.119678 -0.683939 0.028144
v 0.146163 -0.683939 0.038473
v 0.146334 -0.683939 0.028144
v 0.253403 -0.468863 0.038473
v 0.245589 -0.474489 0.000009
v 0.169742 -0.468863 0.038473
v 0.173454 -0.474489 0.000006
v 0.253403 -0.748500 0.038473
v 0.245589 -0.742874 0.000009
v 0.169742 -0.748500 0.038473
v 0.173454 -0.742874 0.000006
v 0.129061 -0.619377 0.038473
v 0.129061 -0.597986 0.038473
v 0.138379 -0.592360 0.000004
v 0.138379 -0.625004 0.000004
v 0.212722 -0.597986 0.038473
v 0.212722 -0.619377 0.038473
v 0.210513 -0.625004 0.000007
v 0.210513 -0.592360 0.000007
v 0.211572 -0.748500 0.038473
v 0.209522 -0.742874 0.000007
v 0.174446 -0.625004 0.000006
v 0.170892 -0.619377 0.038473
v 0.211573 -0.468863 0.038473
v 0.209522 -0.474489 0.000007
v 0.174446 -0.592360 0.000006
v 0.170892 -0.597986 0.038473
v 0.169928 -0.748500 0.028145
v 0.253648 -0.748500 0.028145
v 0.212939 -0.619377 0.028145
v 0.129219 -0.619377 0.028144
v 0.171079 -0.619377 0.028145
v 0.211788 -0.748500 0.028145
v 0.253648 -0.468863 0.028145
v 0.169929 -0.468863 0.028145
v 0.212939 -0.597986 0.028145
v 0.129219 -0.597986 0.028144
v 0.171079 -0.597986 0.028145
v 0.211788 -0.468863 0.028145
v 0.280304 -0.748500 0.028146
v 0.280040 -0.748500 0.038472
v 0.239359 -0.597986 0.038473
v 0.239595 -0.619377 0.028145
v 0.239359 -0.619377 0.038473
v 0.239595 -0.597986 0.028145
v 0.280040 -0.468863 0.038472
v 0.280304 -0.468863 0.028146
v 0.170892 -0.606559 0.038473
v 0.212722 -0.606559 0.038473
v 0.170892 -0.610804 0.038473
v 0.212722 -0.610804 0.038473
v 0.212939 -0.610804 0.028145
v 0.212939 -0.606559 0.028145
v 0.129219 -0.606559 0.028144
v 0.129061 -0.606559 0.038473
v 0.129219 -0.610804 0.028144
v 0.129061 -0.610804 0.038473
v 0.239595 -0.606559 0.028145
v 0.171079 -0.610804 0.028145
v 0.171079 -0.606559 0.028145
v 0.239595 -0.610804 0.028145
v 0.239359 -0.610804 0.038473
v 0.239359 -0.606559 0.038473
v 0.149401 -0.533425 0.038473
v 0.228051 -0.533425 0.000008
v 0.155917 -0.533425 0.000005
v 0.233063 -0.533425 0.038473
v 0.191984 -0.533425 0.000006
v 0.191232 -0.533425 0.038473
v 0.233294 -0.533425 0.028145
v 0.149574 -0.533425 0.028144
v 0.259700 -0.533425 0.038473
v 0.259949 -0.533425 0.028145
v 0.155917 -0.683939 0.000005
v 0.233063 -0.683939 0.038473
v 0.149401 -0.683939 0.038473
v 0.228051 -0.683939 0.000008
v 0.191232 -0.683939 0.038473
v 0.191984 -0.683939 0.000006
v 0.149574 -0.683939 0.028144
v 0.233294 -0.683939 0.028145
v 0.259700 -0.683939 0.038473
v 0.259949 -0.683939 0.028145
v 0.366940 -0.468863 0.038472
v 0.359419 -0.474490 0.000016
v 0.283278 -0.468863 0.038472
v 0.287284 -0.474489 0.000011
v 0.366940 -0.748500 0.038472
v 0.359418 -0.742874 0.000016
v 0.283278 -0.748500 0.038472
v 0.287284 -0.742874 0.000011
v 0.242597 -0.619377 0.038473
v 0.242597 -0.597986 0.038473
v 0.252208 -0.592360 0.000009
v 0.252208 -0.625004 0.000009
v 0.326259 -0.597986 0.038472
v 0.326259 -0.619377 0.038472
v 0.324343 -0.625004 0.000014
v 0.324343 -0.592360 0.000014
v 0.325109 -0.748500 0.038472
v 0.323351 -0.742874 0.000014
v 0.288276 -0.625004 0.000011
v 0.284428 -0.619377 0.038472
v 0.325109 -0.468863 0.038472
v 0.323352 -0.474489 0.000014
v 0.288276 -0.592360 0.000011
v 0.284428 -0.597986 0.038472
v 0.283544 -0.748500 0.028146
v 0.367263 -0.748500 0.028146
v 0.326554 -0.619377 0.028146
v 0.242835 -0.619377 0.028145
v 0.284694 -0.619377 0.028146
v 0.325404 -0.748500 0.028146
v 0.367264 -0.468863 0.028146
v 0.283544 -0.468863 0.028146
v 0.326554 -0.597986 0.028146
v 0.242834 -0.597986 0.028145
v 0.284694 -0.597986 0.028146
v 0.325404 -0.468863 0.028146
v 0.393919 -0.748500 0.028147
v 0.393577 -0.748500 0.038471
v 0.352896 -0.597986 0.038472
v 0.353210 -0.619377 0.028146
v 0.352896 -0.619377 0.038472
v 0.353210 -0.597986 0.028146
v 0.393577 -0.468863 0.038471
v 0.393919 -0.468863 0.028147
v 0.284428 -0.606559 0.038472
v 0.326259 -0.606559 0.038472
v 0.284428 -0.610804 0.038472
v 0.326259 -0.610804 0.038472
v 0.326554 -0.610804 0.028146
v 0.326554 -0.606559 0.028146
v 0.242834 -0.606559 0.028145
v 0.242597 -0.606559 0.038473
v 0.242835 -0.610804 0.028145
v 0.242597 -0.610804 0.038473
v 0.353210 -0.606559 0.028146
v 0.284694 -0.610804 0.028146
v 0.284694 -0.606559 0.028146
v 0.353210 -0.610804 0.028146
v 0.352896 -0.610804 0.038472
v 0.352896 -0.606559 0.038472
v 0.262938 -0.533425 0.038473
v 0.341881 -0.533425 0.000015
v 0.269747 -0.533425 0.000010
v 0.346599 -0.533425 0.038472
v 0.305813 -0.533425 0.000012
v 0.304769 -0.533425 0.038472
v 0.346909 -0.533425 0.028146
v 0.263189 -0.533425 0.028145
v 0.373236 -0.533425 0.038472
v 0.373564 -0.533425 0.028147
v 0.269746 -0.683939 0.000010
v 0.346599 -0.683939 0.038472
v 0.262938 -0.683939 0.038473
v 0.341881 -0.683939 0.000015
v 0.304769 -0.683939 0.038472
v 0.305813 -0.683939 0.000012
v 0.263189 -0.683939 0.028145
v 0.346909 -0.683939 0.028146
v 0.373236 -0.683939 0.038472
v 0.373564 -0.683939 0.028147
v 0.480477 -0.468863 0.038470
v 0.473248 -0.474490 0.000025
v 0.396815 -0.468863 0.038471
v 0.401114 -0.474490 0.000019
v 0.480476 -0.748500 0.038470
v 0.473248 -0.742874 0.000025
v 0.396815 -0.748500 0.038471
v 0.401114 -0.742874 0.000019
v 0.356134 -0.619377 0.038472
v 0.356133 -0.597986 0.038472
v 0.366038 -0.592360 0.000016
v 0.366038 -0.625004 0.000016
v 0.439796 -0.597986 0.038471
v 0.439796 -0.619377 0.038471
v 0.438172 -0.625004 0.000022
v 0.438172 -0.592360 0.000022
v 0.438646 -0.748500 0.038471
v 0.437181 -0.742874 0.000022
v 0.402105 -0.625004 0.000019
v 0.397965 -0.619377 0.038471
v 0.438646 -0.468863 0.038471
v 0.437181 -0.474490 0.000022
v 0.402105 -0.592360 0.000019
v 0.397965 -0.597986 0.038471
v 0.397159 -0.748500 0.028147
v 0.480879 -0.748500 0.028148
v 0.440170 -0.619377 0.028147
v 0.356450 -0.619377 0.028146
v 0.398310 -0.619377 0.028147
v 0.439019 -0.748500 0.028147
v 0.480879 -0.468863 0.028148
v 0.397159 -0.468863 0.028147
v 0.440170 -0.597986 0.028147
v 0.356450 -0.597986 0.028146
v 0.398310 -0.597986 0.028147
v 0.439019 -0.468863 0.028147
v 0.507534 -0.748500 0.028148
v 0.507113 -0.748500 0.038470
v 0.466432 -0.597986 0.038471
v 0.466825 -0.619377 0.028148
v 0.466432 -0.619377 0.038471
v 0.466825 -0.597986 0.028148
v 0.507114 -0.468863 0.038470
v 0.507534 -0.468863 0.028148
v 0.397965 -0.606559 0.038471
v 0.439796 -0.606559 0.038471
v 0.397965 -0.610804 0.038471
v 0.439796 -0.610804 0.038471
v 0.440170 -0.610804 0.028147
v 0.440170 -0.606559 0.028147
v 0.356450 -0.606559 0.028146
v 0.356133 -0.606559 0.038472
v 0.356450 -0.610804 0.028146
v 0.356134 -0.610804 0.038472
v 0.466825 -0.606559 0.028148
v 0.398310 -0.610804 0.028147
v 0.398310 -0.606559 0.028147
v 0.466825 -0.610804 0.028148
v 0.466432 -0.610804 0.038471
v 0.466432 -0.606559 0.038471
v 0.376474 -0.533425 0.038472
v 0.455710 -0.533425 0.000023
v 0.383576 -0.533425 0.000018
v 0.460136 -0.533425 0.038471
v 0.419643 -0.533425 0.000020
v 0.418305 -0.533425 0.038471
v 0.460524 -0.533425 0.028148
v 0.376805 -0.533425 0.028147
v 0.486773 -0.533425 0.038470
v 0.487180 -0.533425 0.028148
v 0.383576 -0.683939 0.000018
v 0.460136 -0.683939 0.038471
v 0.376474 -0.683939 0.038472
v 0.455710 -0.683939 0.000023
v 0.418305 -0.683939 0.038471
v 0.419643 -0.683939 0.000020
v 0.376805 -0.683939 0.028147
v 0.460524 -0.683939 0.028148
v 0.486773 -0.683939 0.038470
v 0.487180 -0.683939 0.028148
v 0.594013 -0.468863 0.038469
v 0.587078 -0.474490 0.000036
v 0.510351 -0.468863 0.038470
v 0.514944 -0.474490 0.000029
v 0.594013 -0.748500 0.038469
v 0.587078 -0.742874 0.000036
v 0.510351 -0.748500 0.038470
v 0.514944 -0.742874 0.000029
v 0.469671 -0.619377 0.038471
v 0.469670 -0.597986 0.038471
v 0.479868 -0.592360 0.000025
v 0.479868 -0.625004 0.000025
v 0.553332 -0.597986 0.038469
v 0.553332 -0.619378 0.038469
v 0.552002 -0.625004 0.000032
v 0.552002 -0.592360 0.000032
v 0.552182 -0.748500 0.038469
v 0.551010 -0.742874 0.000032
v 0.515935 -0.625004 0.000029
v 0.511501 -0.619378 0.038470
v 0.552182 -0.468863 0.038469
v 0.551011 -0.474490 0.000032
v 0.515935 -0.592360 0.000029
v 0.511501 -0.597986 0.038470
v 0.510774 -0.748500 0.028148
v 0.594494 -0.748500 0.028150
v 0.553785 -0.619378 0.028149
v 0.470065 -0.619377 0.028148
v 0.511925 -0.619378 0.028148
v 0.552634 -0.748500 0.028149
v 0.594494 -0.468863 0.028150
v 0.510774 -0.468863 0.028148
v 0.553785 -0.597986 0.028149
v 0.470065 -0.597986 0.028148
v 0.511925 -0.597986 0.028148
v 0.552635 -0.468863 0.028149
v 0.621149 -0.748500 0.028150
v 0.620650 -0.748500 0.038468
v 0.579969 -0.597986 0.038469
v 0.580440 -0.619378 0.028150
v 0.579969 -0.619378 0.038469
v 0.580440 -0.597986 0.028150
v 0.620650 -0.468863 0.038468
v 0.621150 -0.468863 0.028150
v 0.511501 -0.606560 0.038470
v 0.553332 -0.606560 0.038469
v 0.511501 -0.610804 0.038470
v 0.553332 -0.610804 0.038469
v 0.553785 -0.610804 0.028149
v 0.553785 -0.606560 0.028149
v 0.470065 -0.606559 0.028148
v 0.469670 -0.606559 0.038471
v 0.470065 -0.610804 0.028148
v 0.469671 -0.610804 0.038471
v 0.580440 -0.606560 0.028150
v 0.511925 -0.610804 0.028148
v 0.511925 -0.606560 0.028148
v 0.580440 -0.610804 0.028150
v 0.579969 -0.610804 0.038469
v 0.579969 -0.606560 0.038469
v 0.490011 -0.533425 0.038470
v 0.569540 -0.533425 0.000034
v 0.497406 -0.533425 0.000027
v 0.573673 -0.533425 0.038469
v 0.533473 -0.533425 0.000030
v 0.531842 -0.533425 0.038470
v 0.574140 -0.533425 0.028149
v 0.490420 -0.533425 0.028148
v 0.600310 -0.533425 0.038469
v 0.600795 -0.533425 0.028150
v 0.497405 -0.683939 0.000027
v 0.573672 -0.683939 0.038469
v 0.490011 -0.683939 0.038470
v 0.569540 -0.683939 0.000034
v 0.531842 -0.683939 0.038470
v 0.533473 -0.683939 0.000030
v 0.490420 -0.683939 0.028148
v 0.574140 -0.683939 0.028149
v 0.600310 -0.683939 0.038469
v 0.600795 -0.683939 0.028150
v 0.702882 -0.468863 0.055775
v 0.710587 -0.474490 0.016412
v 0.623888 -0.468863 0.038468
v 0.628773 -0.474490 0.000040
v 0.702882 -0.748500 0.055775
v 0.710587 -0.742874 0.016412
v 0.623888 -0.748500 0.038468
v 0.628773 -0.742874 0.000040
v 0.583207 -0.619378 0.038469
v 0.583207 -0.597986 0.038469
v 0.593698 -0.592360 0.000036
v 0.593698 -0.625004 0.000036
v 0.665834 -0.597986 0.042392
v 0.665834 -0.619378 0.042392
v 0.670500 -0.625004 0.003832
v 0.670500 -0.592360 0.003832
v 0.664764 -0.748500 0.042065
v 0.669368 -0.742874 0.003707
v 0.629765 -0.625004 0.000040
v 0.625038 -0.619378 0.038468
v 0.664764 -0.468863 0.042065
v 0.669368 -0.474490 0.003707
v 0.629765 -0.592360 0.000040
v 0.625038 -0.597986 0.038468
v 0.624389 -0.748500 0.028150
v 0.707442 -0.748500 0.046506
v 0.668019 -0.619378 0.032296
v 0.583681 -0.619378 0.028150
v 0.625540 -0.619378 0.028150
v 0.666880 -0.748500 0.031954
v 0.707442 -0.468863 0.046506
v 0.624390 -0.468863 0.028150
v 0.668019 -0.597986 0.032296
v 0.583680 -0.597986 0.028150
v 0.625540 -0.597986 0.028150
v 0.666880 -0.468863 0.031954
v 0.731202 -0.748500 0.060284
v 0.725225 -0.748500 0.068710
v 0.690610 -0.597986 0.049909
v 0.694374 -0.619378 0.040289
v 0.690610 -0.619378 0.049909
v 0.694374 -0.597986 0.040289
v 0.725226 -0.468864 0.068710
v 0.731203 -0.468864 0.060284
v 0.625038 -0.606560 0.038468
v 0.665834 -0.606560 0.042392
v 0.625038 -0.610804 0.038468
v 0.665834 -0.610804 0.042392
v 0.668019 -0.610804 0.032296
v 0.668019 -0.606560 0.032296
v 0.583680 -0.606560 0.028150
v 0.583207 -0.606560 0.038469
v 0.583681 -0.610804 0.028150
v 0.583207 -0.610804 0.038469
v 0.694374 -0.606560 0.040289
v 0.625540 -0.610804 0.028150
v 0.625540 -0.606560 0.028150
v 0.694374 -0.610804 0.040289
v 0.690610 -0.610804 0.049909
v 0.690610 -0.606560 0.049909
v 0.603547 -0.533425 0.038469
v 0.690674 -0.533425 0.009739
v 0.611235 -0.533425 0.000038
v 0.684750 -0.533425 0.048142
v 0.649329 -0.533425 0.001590
v 0.645018 -0.533425 0.039822
v 0.688148 -0.533425 0.038387
v 0.604035 -0.533425 0.028150
v 0.708278 -0.533425 0.058663
v 0.713185 -0.533425 0.049572
v 0.611235 -0.683939 0.000038
v 0.684750 -0.683939 0.048142
v 0.603547 -0.683939 0.038469
v 0.690674 -0.683939 0.009739
v 0.645018 -0.683939 0.039822
v 0.649329 -0.683939 0.001590
v 0.604035 -0.683939 0.028150
v 0.688148 -0.683939 0.038387
v 0.708278 -0.683939 0.058663
v 0.713185 -0.683939 0.049572
v 0.778078 0.741514 0.132279
v 0.808036 0.735888 0.106725
v 0.727040 0.741514 0.070203
v 0.752568 0.735888 0.041423
v 0.778078 0.461877 0.132279
v 0.808036 0.467503 0.106725
v 0.727040 0.461877 0.070204
v 0.752568 0.467503 0.041423
v 0.692860 0.591000 0.050585
v 0.692860 0.612391 0.050585
v 0.716756 0.618017 0.019619
v 0.716756 0.585374 0.019619
v 0.756993 0.612391 0.099044
v 0.756993 0.591000 0.099044
v 0.784576 0.585374 0.072011
v 0.784576 0.618017 0.072011
v 0.756283 0.461877 0.098180
v 0.783819 0.467503 0.071094
v 0.753492 0.585374 0.042172
v 0.727903 0.591000 0.070914
v 0.756283 0.741514 0.098180
v 0.783819 0.735888 0.071094
v 0.753492 0.618017 0.042172
v 0.727903 0.612391 0.070914
v 0.733138 0.461877 0.061866
v 0.787435 0.461877 0.127903
v 0.765016 0.591000 0.092537
v 0.696764 0.591000 0.041021
v 0.734058 0.591000 0.062618
v 0.764261 0.461877 0.091617
v 0.787435 0.741514 0.127903
v 0.733138 0.741514 0.061865
v 0.765016 0.612391 0.092537
v 0.696764 0.612391 0.041021
v 0.734058 0.612391 0.062618
v 0.764261 0.741514 0.091617
v 0.796835 0.461877 0.153679
v 0.786900 0.461877 0.156511
v 0.771639 0.612391 0.120243
v 0.780595 0.591000 0.115095
v 0.771639 0.591000 0.120243
v 0.780595 0.612391 0.115095
v 0.786901 0.741514 0.156511
v 0.796835 0.741514 0.153679
v 0.727903 0.603818 0.070914
v 0.756993 0.603818 0.099044
v 0.727903 0.599573 0.070914
v 0.756993 0.599573 0.099044
v 0.765016 0.599573 0.092537
v 0.765016 0.603818 0.092537
v 0.696764 0.603818 0.041021
v 0.692860 0.603818 0.050585
v 0.696764 0.599573 0.041021
v 0.692860 0.599573 0.050585
v 0.780595 0.603818 0.115095
v 0.734059 0.599573 0.062618
v 0.734059 0.603818 0.062618
v 0.780595 0.599573 0.115095
v 0.771639 0.599573 0.120243
v 0.771639 0.603818 0.120243
v 0.710351 0.676953 0.059769
v 0.797810 0.676953 0.088362
v 0.735307 0.676953 0.029540
v 0.768762 0.676953 0.114841
v 0.769707 0.676953 0.055575
v 0.743190 0.676953 0.083451
v 0.777517 0.676953 0.109358
v 0.715390 0.676953 0.050751
v 0.780974 0.676953 0.137671
v 0.790490 0.676953 0.133651
v 0.735307 0.526439 0.029540
v 0.768762 0.526439 0.114841
v 0.710351 0.526439 0.059769
v 0.797810 0.526439 0.088362
v 0.743190 0.526439 0.083451
v 0.769707 0.526439 0.055575
v 0.715389 0.526439 0.050751
v 0.777517 0.526439 0.109358
v 0.780974 0.526439 0.137671
v 0.790490 0.526439 0.133652
v 0.788510 0.741514 0.239766
v 0.828596 0.735888 0.238960
v 0.787817 0.741514 0.159522
v 0.826039 0.735888 0.153167
v 0.788510 0.461877 0.239766
v 0.828596 0.467503 0.238961
v 0.787816 0.461877 0.159522
v 0.826038 0.467503 0.153167
v 0.773121 0.591000 0.123019
v 0.773121 0.612391 0.123019
v 0.811755 0.618017 0.113742
v 0.811755 0.585374 0.113742
v 0.793859 0.612391 0.200711
v 0.793859 0.591000 0.200710
v 0.832032 0.585374 0.197089
v 0.832032 0.618017 0.197089
v 0.793746 0.461877 0.199598
v 0.831931 0.467503 0.195905
v 0.826373 0.585374 0.154308
v 0.788142 0.591000 0.160592
v 0.793746 0.741514 0.199598
v 0.831931 0.735888 0.195904
v 0.826373 0.618017 0.154308
v 0.788142 0.612391 0.160592
v 0.797804 0.461877 0.156884
v 0.798535 0.461877 0.242257
v 0.804189 0.591000 0.200706
v 0.782175 0.591000 0.118046
v 0.798148 0.591000 0.158022
v 0.804076 0.461877 0.199522
v 0.798535 0.741514 0.242257
v 0.797804 0.741514 0.156884
v 0.804189 0.612391 0.200706
v 0.782175 0.612391 0.118046
v 0.798148 0.612391 0.158022
v 0.804076 0.741514 0.199522
v 0.790194 0.461877 0.268470
v 0.780692 0.461877 0.264416
v 0.791321 0.612391 0.226476
v 0.801521 0.591000 0.228115
v 0.791321 0.591000 0.226476
v 0.801521 0.612391 0.228115
v 0.780693 0.741514 0.264415
v 0.790194 0.741514 0.268470
v 0.788142 0.603818 0.160592
v 0.793859 0.603818 0.200711
v 0.788142 0.599573 0.160592
v 0.793859 0.599573 0.200710
v 0.804189 0.599573 0.200706
v 0.804189 0.603818 0.200706
v 0.782175 0.603818 0.118046
v 0.773121 0.603818 0.123019
v 0.782175 0.599573 0.118046
v 0.773121 0.599573 0.123019
v 0.801521 0.603818 0.228115
v 0.798148 0.599573 0.158022
v 0.798148 0.603818 0.158022
v 0.801521 0.599573 0.228115
v 0.791321 0.599573 0.226476
v 0.791321 0.603818 0.226476
v 0.782091 0.676953 0.140598
v 0.830801 0.676953 0.218041
v 0.819938 0.676953 0.133032
v 0.791914 0.676953 0.220385
v 0.829944 0.676953 0.174962
v 0.791791 0.676953 0.179924
v 0.802168 0.676953 0.221637
v 0.791683 0.676953 0.136764
v 0.786728 0.676953 0.245621
v 0.796652 0.676953 0.248489
v 0.819938 0.526439 0.133032
v 0.791914 0.526439 0.220385
v 0.782091 0.526439 0.140598
v 0.830801 0.526439 0.218041
v 0.791791 0.526439 0.179924
v 0.829944 0.526439 0.174962
v 0.791683 0.526439 0.136764
v 0.802168 0.526439 0.221637
v 0.786727 0.526439 0.245621
v 0.796652 0.526439 0.248489
v 0.728876 0.741514 0.329848
v 0.760151 0.735888 0.353944
v 0.779203 0.741514 0.267188
v 0.812615 0.735888 0.286181
v 0.728875 0.461877 0.329848
v 0.760151 0.467503 0.353944
v 0.779202 0.461877 0.267188
v 0.812615 0.467503 0.286181
v 0.791019 0.591000 0.229609
v 0.791019 0.612391 0.229609
v 0.826558 0.618017 0.246620
v 0.826558 0.585374 0.246620
v 0.757083 0.612391 0.302408
v 0.757083 0.591000 0.302408
v 0.789273 0.585374 0.323815
v 0.789273 0.618017 0.323815
v 0.757792 0.461877 0.301545
v 0.790023 0.467503 0.322892
v 0.812063 0.585374 0.287235
v 0.778674 0.591000 0.268173
v 0.757792 0.741514 0.301545
v 0.790023 0.735888 0.322892
v 0.812063 0.618017 0.287235
v 0.778674 0.612391 0.268173
v 0.788623 0.461877 0.271426
v 0.735096 0.461877 0.338096
v 0.765112 0.591000 0.308909
v 0.801185 0.591000 0.231446
v 0.788065 0.591000 0.272476
v 0.765866 0.461877 0.307989
v 0.735096 0.741514 0.338096
v 0.788623 0.741514 0.271426
v 0.765112 0.612391 0.308909
v 0.801185 0.612391 0.231446
v 0.788065 0.612391 0.272476
v 0.765866 0.741514 0.307990
v 0.711879 0.461877 0.352689
v 0.707050 0.461877 0.343557
v 0.739428 0.612391 0.321188
v 0.746320 0.591000 0.328883
v 0.739428 0.591000 0.321188
v 0.746320 0.612391 0.328883
v 0.707050 0.741514 0.343557
v 0.711879 0.741514 0.352689
v 0.778674 0.603818 0.268173
v 0.757083 0.603818 0.302408
v 0.778674 0.599573 0.268173
v 0.757083 0.599573 0.302408
v 0.765112 0.599573 0.308909
v 0.765112 0.603818 0.308909
v 0.801185 0.603818 0.231446
v 0.791019 0.603818 0.229609
v 0.801185 0.599573 0.231446
v 0.791019 0.599573 0.229609
v 0.746320 0.603818 0.328883
v 0.788065 0.599573 0.272476
v 0.788065 0.603818 0.272476
v 0.746320 0.599573 0.328883
v 0.739428 0.599573 0.321188
v 0.739428 0.603818 0.321188
v 0.785814 0.676953 0.248632
v 0.775852 0.676953 0.340014
v 0.820489 0.676953 0.266763
v 0.744166 0.676953 0.317314
v 0.802120 0.676953 0.305775
v 0.769354 0.676953 0.285609
v 0.751344 0.676953 0.324743
v 0.795680 0.676953 0.251693
v 0.724151 0.676953 0.333739
v 0.730056 0.676953 0.342216
v 0.820489 0.526439 0.266763
v 0.744166 0.526439 0.317314
v 0.785814 0.526439 0.248632
v 0.775852 0.526439 0.340014
v 0.769354 0.526439 0.285609
v 0.802119 0.526439 0.305775
v 0.795680 0.526439 0.251693
v 0.751344 0.526439 0.324743
v 0.724151 0.526439 0.333739
v 0.730056 0.526439 0.342216
v 0.625418 0.741514 0.363347
v 0.637184 0.735888 0.401167
v 0.704275 0.741514 0.345041
v 0.718395 0.735888 0.381084
v 0.625418 0.461877 0.363347
v 0.637183 0.467503 0.401167
v 0.704275 0.461877 0.345041
v 0.718395 0.467503 0.381084
v 0.736993 0.591000 0.323183
v 0.736993 0.612391 0.323183
v 0.754005 0.618017 0.358973
v 0.754005 0.585374 0.358973
v 0.665207 0.612391 0.359362
v 0.665207 0.591000 0.359362
v 0.676671 0.585374 0.395992
v 0.676671 0.618017 0.395992
v 0.666276 0.461877 0.359035
v 0.677812 0.467503 0.395660
v 0.717342 0.585374 0.381637
v 0.703290 0.591000 0.345569
v 0.666276 0.741514 0.359035
v 0.677812 0.735888 0.395660
v 0.717342 0.618017 0.381637
v 0.703290 0.612391 0.345569
v 0.708926 0.461877 0.354266
v 0.626141 0.461877 0.373652
v 0.667352 0.591000 0.369468
v 0.743734 0.591000 0.331010
v 0.707877 0.591000 0.354825
v 0.668491 0.461877 0.369126
v 0.626141 0.741514 0.373652
v 0.708926 0.741514 0.354266
v 0.667352 0.612391 0.369468
v 0.743734 0.612391 0.331010
v 0.707877 0.612391 0.354825
v 0.668491 0.741514 0.369126
v 0.599512 0.461877 0.374785
v 0.598803 0.461877 0.364479
v 0.639271 0.612391 0.362306
v 0.640324 0.591000 0.372583
v 0.639271 0.591000 0.362306
v 0.640324 0.612391 0.372583
v 0.598804 0.741514 0.364479
v 0.599512 0.741514 0.374785
v 0.703290 0.603818 0.345569
v 0.665207 0.603818 0.359362
v 0.703290 0.599573 0.345569
v 0.665207 0.599573 0.359362
v 0.667352 0.599573 0.369468
v 0.667352 0.603818 0.369468
v 0.743734 0.603818 0.331010
v 0.736993 0.603818 0.323183
v 0.743734 0.599573 0.331010
v 0.736993 0.599573 0.323183
v 0.640324 0.603818 0.372583
v 0.707877 0.599573 0.354825
v 0.707877 0.603818 0.354825
v 0.640324 0.599573 0.372583
v 0.639271 0.599573 0.362306
v 0.639271 0.603818 0.362306
v 0.721722 0.676953 0.335740
v 0.656855 0.676953 0.399191
v 0.736931 0.676953 0.371134
v 0.645426 0.676953 0.361702
v 0.697953 0.676953 0.389583
v 0.685193 0.676953 0.353287
v 0.646727 0.676953 0.371950
v 0.727461 0.676953 0.344330
v 0.619127 0.676953 0.363615
v 0.619847 0.676953 0.373920
v 0.736931 0.526439 0.371134
v 0.645426 0.526439 0.361702
v 0.721722 0.526439 0.335740
v 0.656855 0.526439 0.399191
v 0.685193 0.526439 0.353287
v 0.697953 0.526439 0.389583
v 0.727461 0.526439 0.344330
v 0.646727 0.526439 0.371950
v 0.619127 0.526439 0.363615
v 0.619847 0.526439 0.373920
v 0.511976 0.741514 0.368172
v 0.523158 0.735888 0.406196
v 0.595569 0.741514 0.364617
v 0.595190 0.735888 0.403129
v 0.511976 0.461877 0.368172
v 0.523158 0.467503 0.406196
v 0.595568 0.461877 0.364617
v 0.595190 0.467503 0.403129
v 0.636107 0.591000 0.362618
v 0.636107 0.612391 0.362618
v 0.630215 0.618017 0.401637
v 0.630215 0.585374 0.401637
v 0.552623 0.612391 0.366443
v 0.552623 0.591000 0.366443
v 0.558184 0.585374 0.404705
v 0.558184 0.618018 0.404705
v 0.553772 0.461877 0.366395
v 0.559174 0.467503 0.404663
v 0.594200 0.585374 0.403171
v 0.594419 0.591000 0.364666
v 0.553772 0.741514 0.366395
v 0.559174 0.735888 0.404663
v 0.594200 0.618017 0.403171
v 0.594419 0.612391 0.364666
v 0.596275 0.461877 0.374923
v 0.512639 0.461877 0.378481
v 0.553308 0.591000 0.376751
v 0.637031 0.591000 0.372907
v 0.595126 0.591000 0.374972
v 0.554457 0.461877 0.376702
v 0.512639 0.741514 0.378481
v 0.596276 0.741514 0.374923
v 0.553308 0.612391 0.376751
v 0.637031 0.612391 0.372907
v 0.595126 0.612391 0.374972
v 0.554457 0.741514 0.376702
v 0.486010 0.461877 0.379614
v 0.485361 0.461877 0.369304
v 0.526008 0.612391 0.367575
v 0.526679 0.591000 0.377884
v 0.526008 0.591000 0.367575
v 0.526679 0.612391 0.377884
v 0.485361 0.741514 0.369304
v 0.486010 0.741514 0.379614
v 0.594419 0.603818 0.364666
v 0.552623 0.603818 0.366443
v 0.594419 0.599573 0.364666
v 0.552623 0.599573 0.366443
v 0.553308 0.599573 0.376751
v 0.553308 0.603818 0.376751
v 0.637031 0.603818 0.372907
v 0.636107 0.603818 0.362618
v 0.637031 0.599573 0.372907
v 0.636107 0.599573 0.362618
v 0.526679 0.603818 0.377884
v 0.595126 0.599573 0.374972
v 0.595126 0.603818 0.374972
v 0.526679 0.599573 0.377884
v 0.526008 0.599573 0.367575
v 0.526008 0.603818 0.367575
v 0.615892 0.676953 0.363753
v 0.540672 0.676953 0.405450
v 0.612703 0.676953 0.402383
v 0.532300 0.676953 0.367308
v 0.576687 0.676953 0.403917
v 0.574096 0.676953 0.365530
v 0.532973 0.676953 0.377616
v 0.616610 0.676953 0.374058
v 0.505685 0.676953 0.368440
v 0.506344 0.676953 0.378749
v 0.612702 0.526439 0.402383
v 0.532300 0.526439 0.367308
v 0.615892 0.526439 0.363753
v 0.540671 0.526439 0.405450
v 0.574096 0.526439 0.365530
v 0.576687 0.526439 0.403917
v 0.616610 0.526439 0.374058
v 0.532973 0.526439 0.377616
v 0.505685 0.526439 0.368440
v 0.506344 0.526439 0.378749
v 0.398534 0.741514 0.372997
v 0.409492 0.735888 0.411035
v 0.482126 0.741514 0.369442
v 0.481523 0.735888 0.407969
v 0.398533 0.461877 0.372997
v 0.409491 0.467504 0.411035
v 0.482126 0.461877 0.369442
v 0.481522 0.467504 0.407969
v 0.522773 0.591000 0.367713
v 0.522773 0.612391 0.367713
v 0.516548 0.618018 0.406477
v 0.516548 0.585374 0.406477
v 0.439181 0.612391 0.371268
v 0.439181 0.591000 0.371268
v 0.444517 0.585374 0.409544
v 0.444517 0.618018 0.409544
v 0.440330 0.461877 0.371220
v 0.445507 0.467504 0.409502
v 0.480533 0.585374 0.408011
v 0.480977 0.591000 0.369491
v 0.440330 0.741514 0.371220
v 0.445507 0.735888 0.409502
v 0.480533 0.618018 0.408011
v 0.480977 0.612391 0.369491
v 0.482772 0.461877 0.379752
v 0.399136 0.461877 0.383310
v 0.439805 0.591000 0.381580
v 0.523441 0.591000 0.378022
v 0.481623 0.591000 0.379801
v 0.440954 0.461877 0.381531
v 0.399136 0.741514 0.383310
v 0.482773 0.741514 0.379752
v 0.439805 0.612391 0.381580
v 0.523441 0.612391 0.378022
v 0.481623 0.612391 0.379801
v 0.440954 0.741514 0.381531
v 0.372507 0.461877 0.384443
v 0.371919 0.461877 0.374129
v 0.412566 0.612391 0.372400
v 0.413176 0.591000 0.382713
v 0.412566 0.591000 0.372400
v 0.413176 0.612391 0.382713
v 0.371919 0.741514 0.374129
v 0.372507 0.741514 0.384443
v 0.480977 0.603818 0.369491
v 0.439181 0.603818 0.371268
v 0.480977 0.599573 0.369491
v 0.439181 0.599573 0.371268
v 0.439805 0.599573 0.381580
v 0.439805 0.603818 0.381580
v 0.523441 0.603818 0.378022
v 0.522773 0.603818 0.367713
v 0.523441 0.599573 0.378022
v 0.522773 0.599573 0.367713
v 0.413176 0.603818 0.382713
v 0.481623 0.599573 0.379801
v 0.481623 0.603818 0.379801
v 0.413176 0.599573 0.382713
v 0.412566 0.599573 0.372400
v 0.412566 0.603818 0.372400
v 0.502449 0.676953 0.368577
v 0.427004 0.676953 0.410289
v 0.499036 0.676953 0.407223
v 0.418857 0.676953 0.372133
v 0.463020 0.676953 0.408756
v 0.460653 0.676953 0.370355
v 0.419470 0.676953 0.382445
v 0.503107 0.676953 0.378887
v 0.392242 0.676953 0.373265
v 0.392841 0.676953 0.383578
v 0.499036 0.526439 0.407223
v 0.418857 0.526439 0.372133
v 0.502449 0.526439 0.368577
v 0.427004 0.526439 0.410289
v 0.460653 0.526439 0.370355
v 0.463020 0.526439 0.408756
v 0.503107 0.526439 0.378887
v 0.419470 0.526439 0.382445
v 0.392242 0.526439 0.373265
v 0.392841 0.526439 0.383578
v 0.285091 0.741514 0.377822
v 0.295824 0.735888 0.415873
v 0.368683 0.741514 0.374267
v 0.367856 0.735888 0.412807
v 0.285091 0.461877 0.377822
v 0.295824 0.467504 0.415873
v 0.368683 0.461877 0.374267
v 0.367855 0.467504 0.412807
v 0.409331 0.591000 0.372538
v 0.409331 0.612391 0.372538
v 0.402881 0.618018 0.411316
v 0.402881 0.585374 0.411316
v 0.325738 0.612391 0.376094
v 0.325738 0.591000 0.376094
v 0.330850 0.585374 0.414382
v 0.330850 0.618018 0.414382
v 0.326887 0.461877 0.376045
v 0.331840 0.467504 0.414340
v 0.366865 0.585374 0.412849
v 0.367534 0.591000 0.374316
v 0.326887 0.741514 0.376045
v 0.331840 0.735888 0.414340
v 0.366865 0.618018 0.412849
v 0.367534 0.612391 0.374316
v 0.369270 0.461877 0.384581
v 0.285633 0.461877 0.388139
v 0.326302 0.591000 0.386408
v 0.409939 0.591000 0.382850
v 0.368120 0.591000 0.384629
v 0.327451 0.461877 0.386360
v 0.285633 0.741514 0.388139
v 0.369270 0.741514 0.384581
v 0.326302 0.612391 0.386408
v 0.409939 0.612391 0.382850
v 0.368120 0.612391 0.384629
v 0.327452 0.741514 0.386360
v 0.259004 0.461877 0.389271
v 0.258476 0.461877 0.378954
v 0.299123 0.612391 0.377226
v 0.299673 0.591000 0.387541
v 0.299123 0.591000 0.377226
v 0.299673 0.612391 0.387541
v 0.258476 0.741514 0.378954
v 0.259004 0.741514 0.389271
v 0.367534 0.603818 0.374316
v 0.325738 0.603818 0.376094
v 0.367534 0.599573 0.374316
v 0.325738 0.599573 0.376094
v 0.326302 0.599573 0.386408
v 0.326302 0.603818 0.386408
v 0.409939 0.603818 0.382850
v 0.409331 0.603818 0.372538
v 0.409939 0.599573 0.382850
v 0.409331 0.599573 0.372538
v 0.299673 0.603818 0.387541
v 0.368120 0.599573 0.384629
v 0.368120 0.603818 0.384629
v 0.299673 0.599573 0.387541
v 0.299123 0.599573 0.377226
v 0.299123 0.603818 0.377226
v 0.389007 0.676953 0.373402
v 0.313337 0.676953 0.415127
v 0.385369 0.676953 0.412062
v 0.305415 0.676953 0.376958
v 0.349353 0.676953 0.413595
v 0.347211 0.676953 0.375180
v 0.305968 0.676953 0.387273
v 0.389604 0.676953 0.383716
v 0.278800 0.676953 0.378090
v 0.279339 0.676953 0.388406
v 0.385368 0.526439 0.412062
v 0.305415 0.526439 0.376958
v 0.389007 0.526439 0.373402
v 0.313337 0.526439 0.415127
v 0.347211 0.526439 0.375180
v 0.349353 0.526439 0.413595
v 0.389604 0.526439 0.383715
v 0.305968 0.526439 0.387273
v 0.278800 0.526439 0.378090
v 0.279339 0.526439 0.388406
v 0.171649 0.741515 0.382648
v 0.182157 0.735888 0.420709
v 0.255241 0.741514 0.379092
v 0.254189 0.735888 0.417644
v 0.171649 0.461878 0.382648
v 0.182157 0.467504 0.420709
v 0.255241 0.461877 0.379092
v 0.254188 0.467504 0.417644
v 0.295888 0.591000 0.377363
v 0.295888 0.612391 0.377363
v 0.289214 0.618018 0.416154
v 0.289214 0.585374 0.416154
v 0.212296 0.612392 0.380919
v 0.212296 0.591000 0.380919
v 0.217183 0.585374 0.419219
v 0.217183 0.618018 0.419219
v 0.213445 0.461878 0.380870
v 0.218173 0.467504 0.419177
v 0.253198 0.585374 0.417686
v 0.254092 0.591000 0.379141
v 0.213445 0.741514 0.380870
v 0.218173 0.735888 0.419177
v 0.253198 0.618018 0.417686
v 0.254092 0.612392 0.379141
v 0.255767 0.461877 0.389409
v 0.172130 0.461878 0.392967
v 0.212799 0.591000 0.391237
v 0.296436 0.591000 0.387679
v 0.254618 0.591000 0.389458
v 0.213949 0.461877 0.391188
v 0.172131 0.741515 0.392967
v 0.255767 0.741514 0.389409
v 0.212799 0.612392 0.391237
v 0.296436 0.612391 0.387679
v 0.254618 0.612392 0.389458
v 0.213949 0.741514 0.391188
v 0.145501 0.461878 0.394100
v 0.145034 0.461878 0.383780
v 0.185681 0.612392 0.382051
v 0.186170 0.591000 0.392370
v 0.185681 0.591000 0.382051
v 0.186170 0.612392 0.392370
v 0.145034 0.741515 0.383780
v 0.145501 0.741515 0.394100
v 0.254092 0.603818 0.379141
v 0.212296 0.603818 0.380919
v 0.254092 0.599574 0.379141
v 0.212296 0.599574 0.380919
v 0.212799 0.599574 0.391237
v 0.212799 0.603818 0.391237
v 0.296436 0.603818 0.387679
v 0.295888 0.603818 0.377363
v 0.296436 0.599573 0.387679
v 0.295888 0.599573 0.377363
v 0.186170 0.603818 0.392370
v 0.254618 0.599574 0.389458
v 0.254618 0.603818 0.389458
v 0.186170 0.599574 0.392370
v 0.185681 0.599574 0.382051
v 0.185681 0.603818 0.382051
v 0.275564 0.676953 0.378228
v 0.199670 0.676953 0.419964
v 0.271702 0.676953 0.416899
v 0.191972 0.676953 0.381783
v 0.235686 0.676953 0.418432
v 0.233768 0.676953 0.380005
v 0.192465 0.676953 0.392102
v 0.276102 0.676953 0.388544
v 0.165357 0.676953 0.382915
v 0.165836 0.676953 0.393235
v 0.271701 0.526439 0.416899
v 0.191972 0.526439 0.381783
v 0.275564 0.526439 0.378228
v 0.199670 0.526439 0.419964
v 0.233768 0.526439 0.380005
v 0.235686 0.526439 0.418432
v 0.276101 0.526439 0.388544
v 0.192465 0.526439 0.392102
v 0.165357 0.526439 0.382915
v 0.165836 0.526439 0.393235
v 0.058221 0.741515 0.387449
v 0.068474 0.735888 0.425542
v 0.141799 0.741514 0.383918
v 0.140521 0.735888 0.422480
v 0.058220 0.461878 0.387449
v 0.068474 0.467504 0.425542
v 0.141798 0.461878 0.383917
v 0.140521 0.467504 0.422480
v 0.182446 0.591000 0.382188
v 0.182446 0.612392 0.382188
v 0.175547 0.618018 0.420990
v 0.175547 0.585374 0.420990
v 0.098853 0.612392 0.385744
v 0.098853 0.591000 0.385744
v 0.103515 0.585374 0.424055
v 0.103515 0.618018 0.424055
v 0.100002 0.461878 0.385695
v 0.104505 0.467504 0.424013
v 0.139531 0.585374 0.422523
v 0.140649 0.591000 0.383966
v 0.100002 0.741515 0.385695
v 0.104506 0.735888 0.424013
v 0.139531 0.618018 0.422523
v 0.140649 0.612392 0.383966
v 0.142264 0.461878 0.394237
v 0.058608 0.461878 0.397772
v 0.099296 0.591000 0.396065
v 0.182933 0.591000 0.392507
v 0.141115 0.591000 0.394286
v 0.100446 0.461878 0.396016
v 0.058608 0.741515 0.397772
v 0.142264 0.741514 0.394237
v 0.099296 0.612392 0.396065
v 0.182933 0.612392 0.392507
v 0.141115 0.612392 0.394286
v 0.100446 0.741515 0.396016
v 0.031928 0.461878 0.398843
v 0.031644 0.461878 0.388516
v 0.072238 0.612392 0.386876
v 0.072667 0.591000 0.397198
v 0.072238 0.591000 0.386876
v 0.072667 0.612392 0.397198
v 0.031645 0.741515 0.388516
v 0.031928 0.741515 0.398843
v 0.140649 0.603818 0.383966
v 0.098853 0.603818 0.385744
v 0.140649 0.599574 0.383966
v 0.098853 0.599574 0.385744
v 0.099296 0.599574 0.396065
v 0.099296 0.603818 0.396065
v 0.182933 0.603818 0.392507
v 0.182446 0.603818 0.382188
v 0.182933 0.599574 0.392507
v 0.182446 0.599574 0.382188
v 0.072667 0.603818 0.397198
v 0.141115 0.599574 0.394286
v 0.141115 0.603818 0.394286
v 0.072667 0.599574 0.397198
v 0.072238 0.599574 0.386876
v 0.072238 0.603818 0.386876
v 0.162122 0.676953 0.383053
v 0.086002 0.676953 0.424800
v 0.158034 0.676953 0.421735
v 0.078530 0.676953 0.386609
v 0.122019 0.676953 0.423268
v 0.120326 0.676953 0.384831
v 0.078962 0.676953 0.396930
v 0.162599 0.676953 0.393372
v 0.051938 0.676953 0.387701
v 0.052301 0.676953 0.398025
v 0.158034 0.526439 0.421735
v 0.078530 0.526439 0.386609
v 0.162122 0.526439 0.383053
v 0.086002 0.526439 0.424800
v 0.120326 0.526439 0.384831
v 0.122019 0.526439 0.423268
v 0.162599 0.526439 0.393372
v 0.078962 0.526439 0.396930
v 0.051938 0.526439 0.387701
v 0.052301 0.526439 0.398025
v -0.055072 0.741515 0.389682
v -0.046500 0.735888 0.428359
v 0.028414 0.741515 0.388646
v 0.026376 0.735888 0.427229
v -0.055072 0.461878 0.389682
v -0.046501 0.467504 0.428359
v 0.028413 0.461878 0.388646
v 0.026376 0.467504 0.427229
v 0.069003 0.591000 0.387014
v 0.069003 0.612392 0.387014
v 0.061791 0.618018 0.425810
v 0.061791 0.585374 0.425810
v -0.014469 0.612392 0.390370
v -0.014469 0.591000 0.390370
v -0.011041 0.585374 0.428721
v -0.011041 0.618018 0.428721
v -0.013322 0.461878 0.390324
v -0.010040 0.467504 0.428681
v 0.025375 0.585374 0.427269
v 0.027266 0.591000 0.388692
v -0.013322 0.741515 0.390324
v -0.010040 0.735888 0.428681
v 0.025375 0.618018 0.427269
v 0.027266 0.612392 0.388692
v 0.028684 0.461878 0.398973
v -0.055140 0.461878 0.400012
v -0.014367 0.591000 0.400700
v 0.069430 0.591000 0.397335
v 0.027532 0.591000 0.399019
v -0.013215 0.461878 0.400654
v -0.055140 0.741515 0.400012
v 0.028685 0.741515 0.398973
v -0.014367 0.612392 0.400700
v 0.069430 0.612392 0.397335
v 0.027532 0.612392 0.399019
v -0.013214 0.741515 0.400654
v -0.081840 0.461878 0.399389
v -0.081658 0.461878 0.389061
v -0.041054 0.612392 0.390010
v -0.041063 0.591001 0.400341
v -0.041054 0.591001 0.390010
v -0.041063 0.612392 0.400341
v -0.081658 0.741515 0.389061
v -0.081839 0.741515 0.399389
v 0.027266 0.603818 0.388692
v -0.014469 0.603819 0.390370
v 0.027266 0.599574 0.388692
v -0.014469 0.599574 0.390370
v -0.014367 0.599574 0.400700
v -0.014367 0.603819 0.400700
v 0.069430 0.603818 0.397335
v 0.069003 0.603818 0.387014
v 0.069430 0.599574 0.397335
v 0.069003 0.599574 0.387014
v -0.041063 0.603819 0.400341
v 0.027532 0.599574 0.399019
v 0.027532 0.603818 0.399019
v -0.041063 0.599574 0.400341
v -0.041054 0.599574 0.390010
v -0.041054 0.603819 0.390010
v 0.048708 0.676953 0.387831
v -0.028765 0.676953 0.428768
v 0.044083 0.676953 0.426520
v -0.034770 0.676953 0.390157
v 0.007668 0.676953 0.427976
v 0.006972 0.676953 0.389508
v -0.034752 0.676953 0.400488
v 0.049058 0.676953 0.398155
v -0.061356 0.676953 0.389535
v -0.061451 0.676953 0.399865
v 0.044083 0.526439 0.426520
v -0.034770 0.526439 0.390157
v 0.048708 0.526439 0.387831
v -0.028765 0.526439 0.428768
v 0.006972 0.526439 0.389508
v 0.007667 0.526439 0.427976
v 0.049058 0.526439 0.398155
v -0.034752 0.526439 0.400488
v -0.061356 0.526439 0.389535
v -0.061451 0.526439 0.399865
v -0.168472 0.741515 0.386347
v -0.160996 0.735889 0.425106
v -0.084890 0.741515 0.388985
v -0.088666 0.735888 0.427381
v -0.168472 0.461878 0.386346
v -0.160996 0.467504 0.425106
v -0.084890 0.461878 0.388985
v -0.088667 0.467504 0.427381
v -0.044286 0.591001 0.389935
v -0.044286 0.612392 0.389935
v -0.053195 0.618018 0.428205
v -0.053195 0.585374 0.428205
v -0.127813 0.612392 0.387774
v -0.127813 0.591001 0.387774
v -0.125960 0.585374 0.426336
v -0.125960 0.618018 0.426336
v -0.126664 0.461878 0.387814
v -0.124970 0.467504 0.426371
v -0.089670 0.585374 0.427358
v -0.086038 0.591001 0.388958
v -0.126664 0.741515 0.387814
v -0.124969 0.735889 0.426371
v -0.089669 0.618018 0.427358
v -0.086038 0.612392 0.388958
v -0.085085 0.461878 0.399313
v -0.168806 0.461878 0.396671
v -0.128125 0.591001 0.398099
v -0.044309 0.591001 0.400265
v -0.086238 0.591001 0.399287
v -0.126975 0.461878 0.398140
v -0.168805 0.741515 0.396672
v -0.085085 0.741515 0.399314
v -0.128125 0.612392 0.398099
v -0.044309 0.612392 0.400265
v -0.086238 0.612392 0.399287
v -0.126975 0.741515 0.398140
v -0.195442 0.461878 0.395736
v -0.195095 0.461878 0.385412
v -0.154436 0.612392 0.386839
v -0.154762 0.591001 0.397164
v -0.154436 0.591001 0.386839
v -0.154762 0.612392 0.397164
v -0.195095 0.741515 0.385412
v -0.195442 0.741515 0.395736
v -0.086038 0.603819 0.388958
v -0.127813 0.603819 0.387774
v -0.086038 0.599574 0.388958
v -0.127813 0.599574 0.387774
v -0.128125 0.599574 0.398099
v -0.128125 0.603819 0.398099
v -0.044309 0.603819 0.400265
v -0.044286 0.603819 0.389935
v -0.044309 0.599574 0.400265
v -0.044286 0.599574 0.389935
v -0.154762 0.603819 0.397164
v -0.086238 0.599574 0.399287
v -0.086238 0.603819 0.399287
v -0.154762 0.599574 0.397164
v -0.154436 0.599574 0.386839
v -0.154436 0.603819 0.386839
v -0.064588 0.676953 0.389460
v -0.143478 0.676953 0.425721
v -0.070931 0.676953 0.427794
v -0.148143 0.676953 0.387060
v -0.107405 0.676953 0.426943
v -0.106340 0.676953 0.388484
v -0.148465 0.676953 0.397385
v -0.064697 0.676953 0.399789
v -0.174765 0.676953 0.386126
v -0.175102 0.676953 0.396450
v -0.070931 0.526439 0.427794
v -0.148143 0.526439 0.387060
v -0.064588 0.526439 0.389460
v -0.143478 0.526439 0.425721
v -0.106340 0.526439 0.388484
v -0.107405 0.526439 0.426943
v -0.064697 0.526439 0.399789
v -0.148465 0.526439 0.397385
v -0.174766 0.526439 0.386126
v -0.175102 0.526439 0.396450
v -0.281947 0.741515 0.382363
v -0.274697 0.735889 0.421115
v -0.198331 0.741515 0.385298
v -0.202644 0.735889 0.423645
v -0.281947 0.461878 0.382363
v -0.274698 0.467504 0.421115
v -0.198331 0.461878 0.385298
v -0.202644 0.467504 0.423645
v -0.157672 0.591001 0.386726
v -0.157672 0.612392 0.386726
v -0.167608 0.618018 0.424874
v -0.167608 0.585374 0.424874
v -0.241288 0.612392 0.383790
v -0.241288 0.591001 0.383790
v -0.239661 0.585374 0.422345
v -0.239661 0.618018 0.422345
v -0.240139 0.461878 0.383831
v -0.238671 0.467504 0.422380
v -0.203635 0.585374 0.423610
v -0.199481 0.591001 0.385258
v -0.240139 0.741515 0.383831
v -0.238671 0.735889 0.422380
v -0.203635 0.618018 0.423610
v -0.199481 0.612392 0.385258
v -0.198680 0.461878 0.395623
v -0.282341 0.461878 0.392686
v -0.241661 0.591001 0.394114
v -0.158000 0.591001 0.397051
v -0.199830 0.591001 0.395582
v -0.240511 0.461878 0.394154
v -0.282341 0.741515 0.392686
v -0.198680 0.741515 0.395623
v -0.241660 0.612392 0.394114
v -0.158000 0.612392 0.397051
v -0.199830 0.612392 0.395582
v -0.240510 0.741515 0.394154
v -0.308978 0.461878 0.391751
v -0.308570 0.461878 0.381429
v -0.267911 0.612392 0.382856
v -0.268297 0.591001 0.393179
v -0.267911 0.591001 0.382856
v -0.268297 0.612392 0.393179
v -0.308570 0.741515 0.381429
v -0.308978 0.741515 0.391751
v -0.199481 0.603819 0.385258
v -0.241288 0.603819 0.383790
v -0.199481 0.599574 0.385258
v -0.241288 0.599574 0.383790
v -0.241660 0.599574 0.394114
v -0.241660 0.603819 0.394114
v -0.158000 0.603819 0.397051
v -0.157672 0.603819 0.386726
v -0.158000 0.599574 0.397051
v -0.157672 0.599574 0.386726
v -0.268297 0.603819 0.393179
v -0.199830 0.599574 0.395582
v -0.199830 0.603819 0.395582
v -0.268297 0.599574 0.393179
v -0.267911 0.599574 0.382856
v -0.267911 0.603819 0.382856
v -0.178001 0.676953 0.386012
v -0.257179 0.676953 0.421730
v -0.185127 0.676953 0.424260
v -0.261618 0.676953 0.383077
v -0.221153 0.676953 0.422995
v -0.219810 0.676953 0.384544
v -0.262001 0.676953 0.393400
v -0.178340 0.676953 0.396337
v -0.288240 0.676953 0.382142
v -0.288638 0.676953 0.392465
v -0.185127 0.526439 0.424260
v -0.261618 0.526439 0.383077
v -0.178001 0.526439 0.386012
v -0.257179 0.526439 0.421730
v -0.219810 0.526439 0.384544
v -0.221153 0.526439 0.422995
v -0.178340 0.526439 0.396337
v -0.262001 0.526439 0.393400
v -0.288241 0.526439 0.382142
v -0.288638 0.526439 0.392465
v -0.395422 0.741515 0.378380
v -0.388399 0.735889 0.417123
v -0.311806 0.741515 0.381315
v -0.316346 0.735889 0.419653
v -0.395422 0.461878 0.378380
v -0.388399 0.467504 0.417123
v -0.311806 0.461878 0.381315
v -0.316346 0.467504 0.419653
v -0.271147 0.591001 0.382742
v -0.271147 0.612392 0.382742
v -0.281310 0.618018 0.420883
v -0.281310 0.585374 0.420883
v -0.354763 0.612392 0.379807
v -0.354763 0.591001 0.379807
v -0.353363 0.585375 0.418353
v -0.353363 0.618018 0.418353
v -0.353614 0.461878 0.379848
v -0.352373 0.467504 0.418388
v -0.317336 0.585375 0.419618
v -0.312956 0.591001 0.381275
v -0.353614 0.741515 0.379848
v -0.352372 0.735889 0.418388
v -0.317336 0.618018 0.419618
v -0.312956 0.612392 0.381275
v -0.312216 0.461878 0.391637
v -0.395877 0.461878 0.388700
v -0.355196 0.591001 0.390129
v -0.271535 0.591001 0.393065
v -0.313366 0.591001 0.391597
v -0.354047 0.461878 0.390169
v -0.395877 0.741515 0.388701
v -0.312216 0.741515 0.391637
v -0.355196 0.612392 0.390129
v -0.271535 0.612392 0.393065
v -0.313366 0.612392 0.391597
v -0.354046 0.741515 0.390169
v -0.422514 0.461878 0.387765
v -0.422045 0.461878 0.377446
v -0.381386 0.612392 0.378873
v -0.381833 0.591001 0.389194
v -0.381386 0.591001 0.378873
v -0.381833 0.612392 0.389194
v -0.422045 0.741515 0.377446
v -0.422514 0.741515 0.387765
v -0.312956 0.603819 0.381275
v -0.354763 0.603819 0.379807
v -0.312956 0.599574 0.381275
v -0.354763 0.599574 0.379807
v -0.355196 0.599574 0.390129
v -0.355196 0.603819 0.390129
v -0.271535 0.603819 0.393065
v -0.271147 0.603819 0.382742
v -0.271535 0.599574 0.393065
v -0.271147 0.599574 0.382742
v -0.381833 0.603819 0.389194
v -0.313366 0.599574 0.391597
v -0.313366 0.603819 0.391597
v -0.381833 0.599574 0.389194
v -0.381386 0.599574 0.378873
v -0.381386 0.603819 0.378873
v -0.291477 0.676953 0.382029
v -0.370881 0.676953 0.417738
v -0.298828 0.676953 0.420268
v -0.375093 0.676953 0.379094
v -0.334854 0.676953 0.419003
v -0.333285 0.676953 0.380561
v -0.375537 0.676953 0.389415
v -0.291876 0.676953 0.392351
v -0.401715 0.676953 0.378159
v -0.402173 0.676953 0.388479
v -0.298828 0.526439 0.420268
v -0.375093 0.526439 0.379094
v -0.291477 0.526439 0.382029
v -0.370881 0.526439 0.417738
v -0.333285 0.526439 0.380561
v -0.334854 0.526439 0.419003
v -0.291876 0.526439 0.392351
v -0.375537 0.526439 0.389415
v -0.401716 0.526439 0.378159
v -0.402174 0.526439 0.388479
v -0.508897 0.741515 0.374397
v -0.502100 0.735889 0.413130
v -0.425281 0.741515 0.377332
v -0.430047 0.735889 0.415660
v -0.508897 0.461878 0.374397
v -0.502101 0.467504 0.413130
v -0.425281 0.461878 0.377332
v -0.430047 0.467504 0.415660
v -0.384622 0.591001 0.378759
v -0.384622 0.612392 0.378759
v -0.395011 0.618018 0.416891
v -0.395011 0.585375 0.416891
v -0.468239 0.612392 0.375824
v -0.468239 0.591001 0.375824
v -0.467064 0.585375 0.414360
v -0.467064 0.618018 0.414360
v -0.467090 0.461878 0.375865
v -0.466074 0.467504 0.414395
v -0.431038 0.585375 0.415626
v -0.426430 0.591001 0.377292
v -0.467089 0.741515 0.375865
v -0.466074 0.735889 0.414395
v -0.431038 0.618018 0.415626
v -0.426430 0.612392 0.377292
v -0.425752 0.461878 0.387652
v -0.509413 0.461878 0.384715
v -0.468732 0.591001 0.386143
v -0.385071 0.591001 0.389080
v -0.426902 0.591001 0.387611
v -0.467583 0.461878 0.386183
v -0.509413 0.741515 0.384715
v -0.425752 0.741515 0.387652
v -0.468732 0.612392 0.386143
v -0.385071 0.612392 0.389080
v -0.426902 0.612392 0.387611
v -0.467582 0.741515 0.386183
v -0.536050 0.461878 0.383780
v -0.535520 0.461878 0.373463
v -0.494861 0.612392 0.374890
v -0.495369 0.591001 0.385208
v -0.494861 0.591001 0.374890
v -0.495369 0.612392 0.385208
v -0.535520 0.741515 0.373463
v -0.536049 0.741515 0.383780
v -0.426430 0.603819 0.377292
v -0.468239 0.603819 0.375824
v -0.426430 0.599574 0.377292
v -0.468239 0.599574 0.375824
v -0.468732 0.599574 0.386143
v -0.468732 0.603819 0.386143
v -0.385071 0.603819 0.389080
v -0.384622 0.603819 0.378759
v -0.385071 0.599574 0.389080
v -0.384622 0.599574 0.378759
v -0.495369 0.603819 0.385208
v -0.426902 0.599574 0.387611
v -0.426902 0.603819 0.387611
v -0.495369 0.599574 0.385208
v -0.494861 0.599574 0.374890
v -0.494861 0.603819 0.374890
v -0.404952 0.676953 0.378046
v -0.484582 0.676953 0.413745
v -0.412529 0.676953 0.416276
v -0.488568 0.676954 0.375111
v -0.448556 0.676953 0.415010
v -0.446760 0.676953 0.376578
v -0.489073 0.676954 0.385429
v -0.405411 0.676953 0.388366
v -0.515190 0.676953 0.374176
v -0.515709 0.676953 0.384494
v -0.412529 0.526439 0.416276
v -0.488568 0.526439 0.375111
v -0.404952 0.526439 0.378046
v -0.484582 0.526439 0.413745
v -0.446760 0.526439 0.376578
v -0.448556 0.526439 0.415010
v -0.405411 0.526439 0.388366
v -0.489073 0.526439 0.385429
v -0.515191 0.526439 0.374176
v -0.515709 0.526439 0.384494
v -0.622372 0.741515 0.370415
v -0.615802 0.735889 0.409135
v -0.538756 0.741515 0.373349
v -0.543748 0.735889 0.411666
v -0.622373 0.461878 0.370414
v -0.615802 0.467504 0.409135
v -0.538756 0.461878 0.373349
v -0.543749 0.467504 0.411666
v -0.498097 0.591001 0.374776
v -0.498097 0.612392 0.374776
v -0.508713 0.618018 0.412897
v -0.508713 0.585375 0.412897
v -0.581714 0.612392 0.371842
v -0.581714 0.591001 0.371842
v -0.580766 0.585375 0.410366
v -0.580766 0.618018 0.410366
v -0.580564 0.461878 0.371882
v -0.579775 0.467504 0.410401
v -0.544739 0.585375 0.411632
v -0.539905 0.591001 0.373309
v -0.580564 0.741515 0.371882
v -0.579775 0.735889 0.410401
v -0.544739 0.618018 0.411632
v -0.539905 0.612392 0.373309
v -0.539288 0.461878 0.383666
v -0.622949 0.461878 0.380729
v -0.582268 0.591001 0.382157
v -0.498607 0.591001 0.385094
v -0.540438 0.591001 0.383626
v -0.581118 0.461878 0.382197
v -0.622949 0.741515 0.380729
v -0.539287 0.741515 0.383666
v -0.582268 0.612392 0.382157
v -0.498607 0.612392 0.385094
v -0.540438 0.612392 0.383626
v -0.581118 0.741515 0.382197
v -0.649585 0.461878 0.379794
v -0.648995 0.461878 0.369480
v -0.608336 0.612392 0.370907
v -0.608905 0.591001 0.381222
v -0.608336 0.591001 0.370907
v -0.608905 0.612392 0.381222
v -0.648995 0.741515 0.369480
v -0.649585 0.741515 0.379794
v -0.539905 0.603819 0.373309
v -0.581714 0.603819 0.371842
v -0.539905 0.599574 0.373309
v -0.581714 0.599574 0.371842
v -0.582268 0.599574 0.382157
v -0.582268 0.603819 0.382157
v -0.498607 0.603819 0.385094
v -0.498097 0.603819 0.374776
v -0.498607 0.599574 0.385094
v -0.498097 0.599574 0.374776
v -0.608905 0.603819 0.381222
v -0.540438 0.599574 0.383626
v -0.540438 0.603819 0.383626
v -0.608905 0.599574 0.381222
v -0.608336 0.599574 0.370907
v -0.608336 0.603819 0.370907
v -0.518426 0.676953 0.374063
v -0.598284 0.676954 0.409750
v -0.526230 0.676954 0.412282
v -0.602043 0.676954 0.371128
v -0.562257 0.676953 0.411016
v -0.560234 0.676953 0.372595
v -0.602608 0.676954 0.381443
v -0.518947 0.676953 0.384380
v -0.628665 0.676954 0.370194
v -0.629245 0.676954 0.380508
v -0.526230 0.526439 0.412282
v -0.602043 0.526439 0.371128
v -0.518427 0.526439 0.374063
v -0.598284 0.526439 0.409750
v -0.560235 0.526439 0.372595
v -0.562257 0.526439 0.411016
v -0.518947 0.526439 0.384380
v -0.602608 0.526439 0.381443
v -0.628666 0.526439 0.370194
v -0.629245 0.526439 0.380508
v -0.735847 0.741515 0.366432
v -0.729503 0.735889 0.405139
v -0.652231 0.741515 0.369367
v -0.657450 0.735889 0.407671
v -0.735848 0.461878 0.366432
v -0.729503 0.467504 0.405139
v -0.652231 0.461878 0.369367
v -0.657450 0.467504 0.407671
v -0.611572 0.591001 0.370794
v -0.611572 0.612392 0.370794
v -0.622414 0.618018 0.408903
v -0.622414 0.585375 0.408903
v -0.695189 0.612392 0.367859
v -0.695189 0.591001 0.367859
v -0.694467 0.585375 0.406370
v -0.694467 0.618018 0.406370
v -0.694039 0.461878 0.367899
v -0.693477 0.467504 0.406405
v -0.658440 0.585375 0.407637
v -0.653380 0.591001 0.369326
v -0.694039 0.741515 0.367899
v -0.693476 0.735889 0.406405
v -0.658440 0.618018 0.407637
v -0.653380 0.612392 0.369326
v -0.652823 0.461878 0.379680
v -0.736484 0.461878 0.376743
v -0.695804 0.591001 0.378171
v -0.612143 0.591001 0.381108
v -0.653973 0.591001 0.379640
v -0.694654 0.461878 0.378211
v -0.736484 0.741515 0.376743
v -0.652823 0.741515 0.379680
v -0.695804 0.612392 0.378171
v -0.612143 0.612392 0.381108
v -0.653973 0.612392 0.379640
v -0.694654 0.741515 0.378211
v -0.763122 0.461878 0.375807
v -0.762470 0.461878 0.365498
v -0.721811 0.612392 0.366925
v -0.722441 0.591001 0.377236
v -0.721811 0.591001 0.366925
v -0.722441 0.612392 0.377236
v -0.762470 0.741515 0.365498
v -0.763121 0.741515 0.375807
v -0.653380 0.603819 0.369326
v -0.695189 0.603819 0.367859
v -0.653380 0.599574 0.369326
v -0.695189 0.599574 0.367859
v -0.695804 0.599574 0.378171
v -0.695804 0.603819 0.378171
v -0.612143 0.603819 0.381108
v -0.611572 0.603819 0.370794
v -0.612143 0.599574 0.381108
v -0.611572 0.599574 0.370794
v -0.722441 0.603819 0.377236
v -0.653973 0.599574 0.379640
v -0.653973 0.603819 0.379640
v -0.722441 0.599574 0.377236
v -0.721811 0.599574 0.366925
v -0.721811 0.603819 0.366925
v -0.631902 0.676954 0.370080
v -0.711985 0.676954 0.405755
v -0.639932 0.676954 0.408287
v -0.715518 0.676954 0.367145
v -0.675958 0.676954 0.407021
v -0.673709 0.676954 0.368613
v -0.716144 0.676954 0.377457
v -0.632483 0.676954 0.380394
v -0.742140 0.676954 0.366211
v -0.742781 0.676954 0.376521
v -0.639932 0.526439 0.408287
v -0.715518 0.526440 0.367145
v -0.631902 0.526439 0.370080
v -0.711985 0.526440 0.405755
v -0.673710 0.526440 0.368613
v -0.675959 0.526440 0.407021
v -0.632483 0.526439 0.380394
v -0.716144 0.526440 0.377457
v -0.742140 0.526440 0.366211
v -0.742781 0.526440 0.376521
v -0.848904 0.741515 0.361319
v -0.844454 0.735889 0.400412
v -0.765706 0.741515 0.365384
v -0.771151 0.735889 0.403675
v -0.848905 0.461878 0.361319
v -0.844454 0.467504 0.400412
v -0.765706 0.461878 0.365384
v -0.771151 0.467504 0.403675
v -0.725047 0.591001 0.366811
v -0.725047 0.612392 0.366811
v -0.736115 0.618018 0.404907
v -0.736115 0.585375 0.404907
v -0.808664 0.612392 0.363876
v -0.808664 0.591001 0.363876
v -0.808168 0.585375 0.402374
v -0.808168 0.618018 0.402374
v -0.807514 0.461878 0.363917
v -0.807178 0.467504 0.402409
v -0.772141 0.585375 0.403640
v -0.766855 0.591001 0.365344
v -0.807514 0.741515 0.363917
v -0.807177 0.735889 0.402409
v -0.772141 0.618018 0.403640
v -0.766855 0.612392 0.365344
v -0.766359 0.461878 0.375694
v -0.850346 0.461878 0.371548
v -0.809340 0.591001 0.374185
v -0.725679 0.591001 0.377122
v -0.767509 0.591001 0.375653
v -0.808190 0.461878 0.374225
v -0.850346 0.741515 0.371548
v -0.766359 0.741515 0.375694
v -0.809340 0.612392 0.374185
v -0.725679 0.612392 0.377122
v -0.767509 0.612392 0.375653
v -0.808190 0.741515 0.374225
v -0.877106 0.461878 0.366397
v -0.874341 0.461878 0.356443
v -0.835185 0.612392 0.362666
v -0.836056 0.591001 0.372960
v -0.835185 0.591001 0.362666
v -0.836056 0.612392 0.372960
v -0.874341 0.741515 0.356443
v -0.877106 0.741515 0.366397
v -0.766855 0.603819 0.365344
v -0.808664 0.603819 0.363876
v -0.766855 0.599574 0.365344
v -0.808664 0.599574 0.363876
v -0.809340 0.599574 0.374185
v -0.809340 0.603819 0.374185
v -0.725679 0.603819 0.377122
v -0.725047 0.603819 0.366811
v -0.725679 0.599574 0.377122
v -0.725047 0.599574 0.366811
v -0.836056 0.603819 0.372960
v -0.767509 0.599574 0.375653
v -0.767509 0.603819 0.375653
v -0.836056 0.599574 0.372960
v -0.835185 0.599574 0.362666
v -0.835185 0.603819 0.362666
v -0.745377 0.676954 0.366097
v -0.825686 0.676954 0.401758
v -0.753633 0.676954 0.404291
v -0.828993 0.676954 0.363163
v -0.789660 0.676954 0.403025
v -0.787185 0.676954 0.364630
v -0.829680 0.676954 0.373470
v -0.746019 0.676954 0.376408
v -0.855056 0.676954 0.360719
v -0.856752 0.676954 0.370909
v -0.753633 0.526440 0.404291
v -0.828993 0.526440 0.363163
v -0.745377 0.526440 0.366097
v -0.825686 0.526440 0.401758
v -0.787185 0.526440 0.364630
v -0.789660 0.526440 0.403024
v -0.746019 0.526440 0.376408
v -0.829680 0.526440 0.373470
v -0.855056 0.526440 0.360719
v -0.856753 0.526440 0.370909
v -0.946584 0.741515 0.314703
v -0.966128 0.735889 0.348625
v -0.877353 0.741515 0.355529
v -0.891828 0.735889 0.391339
v -0.946585 0.461878 0.314703
v -0.966128 0.467504 0.348625
v -0.877353 0.461878 0.355528
v -0.891828 0.467504 0.391339
v -0.838348 0.591001 0.362354
v -0.838348 0.612392 0.362354
v -0.851903 0.618018 0.399660
v -0.851903 0.585375 0.399660
v -0.915442 0.612392 0.338848
v -0.915442 0.591001 0.338848
v -0.932313 0.585375 0.373417
v -0.932313 0.618019 0.373417
v -0.914455 0.461878 0.339373
v -0.931268 0.467504 0.373984
v -0.892965 0.585375 0.390991
v -0.878422 0.591001 0.355204
v -0.914455 0.741515 0.339373
v -0.931268 0.735889 0.373984
v -0.892965 0.618019 0.390991
v -0.878422 0.612392 0.355204
v -0.880310 0.461878 0.365427
v -0.953938 0.461878 0.321958
v -0.920825 0.591001 0.347665
v -0.839351 0.591001 0.372636
v -0.881448 0.591001 0.365081
v -0.919777 0.461878 0.348227
v -0.953938 0.741515 0.321958
v -0.880310 0.741515 0.365427
v -0.920825 0.612392 0.347665
v -0.839351 0.612392 0.372636
v -0.881448 0.612392 0.365081
v -0.919777 0.741515 0.348227
v -0.971418 0.461878 0.300676
v -0.963003 0.461878 0.294683
v -0.936172 0.612392 0.323500
v -0.942889 0.591001 0.331348
v -0.936172 0.591001 0.323500
v -0.942889 0.612392 0.331348
v -0.963003 0.741515 0.294683
v -0.971417 0.741515 0.300676
v -0.878422 0.603819 0.355204
v -0.915442 0.603819 0.338848
v -0.878422 0.599574 0.355204
v -0.915442 0.599574 0.338848
v -0.920825 0.599574 0.347665
v -0.920825 0.603819 0.347665
v -0.839351 0.603819 0.372636
v -0.838348 0.603819 0.362354
v -0.839351 0.599574 0.372636
v -0.838348 0.599574 0.362354
v -0.942889 0.603819 0.331348
v -0.881448 0.599574 0.365081
v -0.881448 0.603819 0.365081
v -0.942889 0.599574 0.331348
v -0.936172 0.599574 0.323500
v -0.936172 0.603819 0.323500
v -0.858220 0.676954 0.360412
v -0.949866 0.676954 0.361972
v -0.871659 0.676954 0.397315
v -0.931441 0.676954 0.327382
v -0.912682 0.676954 0.383841
v -0.897021 0.676954 0.348699
v -0.937857 0.676954 0.335478
v -0.860047 0.676954 0.370580
v -0.950457 0.676954 0.309964
v -0.958079 0.676954 0.316936
v -0.871659 0.526440 0.397315
v -0.931441 0.526440 0.327382
v -0.858220 0.526440 0.360412
v -0.949866 0.526440 0.361972
v -0.897022 0.526440 0.348699
v -0.912682 0.526440 0.383841
v -0.860047 0.526440 0.370580
v -0.937857 0.526440 0.335478
v -0.950457 0.526440 0.309963
v -0.958080 0.526440 0.316936
v -0.991859 0.741515 0.216521
v -1.029079 0.735889 0.230684
v -0.965005 0.741515 0.292255
v -0.998812 0.735889 0.310990
v -0.991859 0.461878 0.216521
v -1.029079 0.467505 0.230684
v -0.965005 0.461878 0.292255
v -0.998812 0.467505 0.310990
v -0.938607 0.591001 0.321505
v -0.938607 0.612392 0.321505
v -0.972203 0.618019 0.343515
v -0.972203 0.585375 0.343515
v -0.983462 0.612392 0.254970
v -0.983462 0.591001 0.254970
v -1.018630 0.585375 0.271312
v -1.018630 0.618019 0.271312
v -0.983140 0.461878 0.256040
v -1.018272 0.467505 0.272445
v -0.999388 0.585375 0.309950
v -0.965717 0.591001 0.291392
v -0.983139 0.741515 0.256040
v -1.018272 0.735889 0.272445
v -0.999388 0.618019 0.309950
v -0.965717 0.612392 0.291392
v -0.973535 0.461878 0.298083
v -1.002140 0.461878 0.217528
v -0.993196 0.591001 0.258431
v -0.945475 0.591001 0.329222
v -0.974286 0.591001 0.297162
v -0.992849 0.461878 0.259568
v -1.002140 0.741515 0.217528
v -0.973534 0.741515 0.298083
v -0.993196 0.612392 0.258431
v -0.945475 0.612392 0.329222
v -0.974286 0.612392 0.297162
v -0.992849 0.741515 0.259568
v -1.002735 0.461878 0.190116
v -0.992425 0.461878 0.190758
v -0.990537 0.612392 0.230108
v -1.000697 0.591001 0.231976
v -0.990537 0.591001 0.230108
v -1.000697 0.612392 0.231976
v -0.992425 0.741515 0.190758
v -1.002735 0.741515 0.190116
v -0.965717 0.603819 0.291392
v -0.983462 0.603819 0.254970
v -0.965717 0.599574 0.291392
v -0.983462 0.599574 0.254970
v -0.993196 0.599574 0.258431
v -0.993196 0.603819 0.258431
v -0.945475 0.603819 0.329222
v -0.938607 0.603819 0.321505
v -0.945475 0.599574 0.329222
v -0.938607 0.599574 0.321505
v -1.000697 0.603819 0.231976
v -0.974286 0.599574 0.297162
v -0.974286 0.603819 0.297162
v -1.000697 0.599574 0.231976
v -0.990537 0.599574 0.230108
v -0.990537 0.603819 0.230108
v -0.952451 0.676954 0.307528
v -1.024780 0.676954 0.251193
v -0.985822 0.676954 0.327507
v -0.989209 0.676954 0.236053
v -1.009404 0.676954 0.291451
v -0.975112 0.676954 0.274008
v -0.999291 0.676954 0.238303
v -0.960207 0.676954 0.314351
v -0.992462 0.676954 0.210431
v -1.002774 0.676954 0.211048
v -0.985822 0.526440 0.327507
v -0.989209 0.526440 0.236053
v -0.952451 0.526440 0.307528
v -1.024780 0.526440 0.251193
v -0.975112 0.526440 0.274008
v -1.009404 0.526440 0.291451
v -0.960207 0.526440 0.314351
v -0.999292 0.526440 0.238303
v -0.992462 0.526440 0.210431
v -1.002774 0.526440 0.211048
v -0.966506 0.741515 0.111413
v -1.003652 0.735889 0.099393
v -0.992114 0.741515 0.187626
v -1.030110 0.735889 0.180889
v -0.966506 0.461878 0.111413
v -1.003652 0.467505 0.099393
v -0.992114 0.461878 0.187626
v -1.030110 0.467505 0.180888
v -0.990839 0.591001 0.226975
v -0.990839 0.612392 0.226975
v -1.029899 0.618019 0.222786
v -1.029899 0.585375 0.222786
v -0.983567 0.612392 0.146939
v -0.983567 0.591001 0.146939
v -1.020917 0.585375 0.137586
v -1.020917 0.618019 0.137586
v -0.983890 0.461878 0.148009
v -1.021267 0.467505 0.138723
v -1.029992 0.585375 0.179705
v -0.992004 0.591001 0.186514
v -0.983890 0.741515 0.148009
v -1.021267 0.735889 0.138723
v -1.029992 0.618019 0.179705
v -0.992004 0.612392 0.186514
v -1.002410 0.461878 0.186784
v -0.975127 0.461878 0.105723
v -0.993308 0.591001 0.143500
v -1.001033 0.591001 0.228645
v -1.002294 0.591001 0.185601
v -0.993655 0.461878 0.144637
v -0.975127 0.741515 0.105723
v -1.002410 0.741515 0.186784
v -0.993308 0.612392 0.143500
v -1.001033 0.612392 0.228645
v -1.002294 0.612392 0.185601
v -0.993655 0.741515 0.144637
v -0.957826 0.461878 0.084318
v -0.950219 0.461878 0.091308
v -0.972923 0.612392 0.123462
v -0.981993 0.591001 0.118517
v -0.972923 0.591001 0.123462
v -0.981993 0.612392 0.118517
v -0.950219 0.741515 0.091308
v -0.957825 0.741515 0.084318
v -0.992004 0.603819 0.186514
v -0.983567 0.603819 0.146939
v -0.992004 0.599574 0.186514
v -0.983567 0.599574 0.146939
v -0.993308 0.599574 0.143500
v -0.993308 0.603819 0.143500
v -1.001033 0.603819 0.228645
v -0.990839 0.603819 0.226975
v -1.001033 0.599574 0.228645
v -0.990839 0.599574 0.226975
v -0.981993 0.603819 0.118517
v -1.002294 0.599574 0.185601
v -1.002294 0.603819 0.185601
v -0.981993 0.599574 0.118517
v -0.972923 0.599574 0.123462
v -0.972923 0.603819 0.123462
v -0.992775 0.676954 0.207299
v -1.013531 0.676954 0.117967
v -1.031819 0.676954 0.201839
v -0.975810 0.676954 0.128858
v -1.027267 0.676954 0.158886
v -0.989642 0.676954 0.166925
v -0.985060 0.676954 0.124259
v -1.003097 0.676954 0.207716
v -0.962764 0.676954 0.106589
v -0.971164 0.676954 0.100577
v -1.031819 0.526440 0.201839
v -0.975810 0.526440 0.128858
v -0.992775 0.526440 0.207299
v -1.013531 0.526440 0.117967
v -0.989642 0.526440 0.166925
v -1.027267 0.526440 0.158886
v -1.003097 0.526440 0.207716
v -0.985060 0.526440 0.124259
v -0.962764 0.526440 0.106589
v -0.971164 0.526440 0.100577
v -0.879838 0.741515 0.046788
v -0.901438 0.735889 0.013207
v -0.948227 0.741515 0.088871
v -0.973711 0.735889 0.059530
v -0.879838 0.461878 0.046788
v -0.901438 0.467504 0.013207
v -0.948227 0.461878 0.088871
v -0.973711 0.467504 0.059530
v -0.971441 0.591001 0.120686
v -0.971441 0.612392 0.120686
v -0.999838 0.618019 0.092429
v -0.999838 0.585375 0.092429
v -0.915761 0.612392 0.062884
v -0.915761 0.591001 0.062884
v -0.939053 0.585375 0.031833
v -0.939053 0.618019 0.031833
v -0.916748 0.461878 0.063410
v -0.940094 0.467505 0.032408
v -0.972914 0.585375 0.058651
v -0.947520 0.591001 0.088006
v -0.916747 0.741515 0.063410
v -0.940093 0.735889 0.032408
v -0.972914 0.618019 0.058651
v -0.947520 0.612392 0.088006
v -0.955696 0.461878 0.081735
v -0.882953 0.461878 0.036938
v -0.921163 0.591001 0.054080
v -0.980413 0.591001 0.115565
v -0.954940 0.591001 0.080818
v -0.922211 0.461878 0.054642
v -0.882953 0.741515 0.036938
v -0.955696 0.741515 0.081735
v -0.921163 0.612392 0.054080
v -0.980413 0.612392 0.115565
v -0.954940 0.612392 0.080818
v -0.922211 0.741515 0.054642
v -0.856335 0.461878 0.030610
v -0.854699 0.461878 0.040810
v -0.892907 0.612392 0.050730
v -0.896840 0.591001 0.041178
v -0.892907 0.591001 0.050730
v -0.896840 0.612392 0.041178
v -0.854699 0.741515 0.040810
v -0.856335 0.741515 0.030610
v -0.947520 0.603819 0.088006
v -0.915761 0.603819 0.062884
v -0.947520 0.599574 0.088006
v -0.915761 0.599574 0.062884
v -0.921163 0.599574 0.054080
v -0.921163 0.603819 0.054080
v -0.980413 0.603819 0.115565
v -0.971441 0.603819 0.120686
v -0.980413 0.599574 0.115565
v -0.971441 0.599574 0.120686
v -0.896840 0.603819 0.041178
v -0.954940 0.599574 0.080818
v -0.954940 0.603819 0.080818
v -0.896840 0.599574 0.041178
v -0.892907 0.599574 0.050730
v -0.892907 0.603819 0.050730
v -0.960763 0.676954 0.104160
v -0.920542 0.676954 0.021839
v -0.987167 0.676954 0.075698
v -0.898325 0.676954 0.053564
v -0.956754 0.676954 0.045185
v -0.932584 0.676954 0.075119
v -0.902616 0.676954 0.044167
v -0.969045 0.676954 0.097985
v -0.873982 0.676954 0.045010
v -0.876723 0.676954 0.035050
v -0.987167 0.526440 0.075698
v -0.898325 0.526440 0.053564
v -0.960763 0.526440 0.104160
v -0.920542 0.526440 0.021839
v -0.932584 0.526440 0.075119
v -0.956754 0.526440 0.045185
v -0.969045 0.526440 0.097985
v -0.902616 0.526440 0.044167
v -0.873982 0.526440 0.045010
v -0.876723 0.526440 0.035050
v -0.768425 0.741515 0.038469
v -0.778879 0.735889 0.000035
v -0.851543 0.741515 0.040503
v -0.853634 0.735889 0.002072
v -0.768426 0.461878 0.038469
v -0.778879 0.467504 0.000035
v -0.851543 0.461878 0.040503
v -0.853634 0.467504 0.002072
v -0.889893 0.591001 0.049824
v -0.889893 0.612392 0.049824
v -0.893857 0.618019 0.010846
v -0.893857 0.585375 0.010846
v -0.809106 0.612392 0.038469
v -0.809106 0.591001 0.038469
v -0.813955 0.585375 0.000039
v -0.813955 0.618018 0.000039
v -0.810256 0.461878 0.038469
v -0.814946 0.467504 0.000039
v -0.852500 0.585375 0.001956
v -0.850423 0.591001 0.040394
v -0.810256 0.741515 0.038469
v -0.814946 0.735889 0.000039
v -0.852500 0.618018 0.001956
v -0.850423 0.612392 0.040394
v -0.853030 0.461878 0.030280
v -0.768889 0.461878 0.028149
v -0.809598 0.591001 0.028150
v -0.893640 0.591001 0.040197
v -0.851857 0.591001 0.030163
v -0.810749 0.461878 0.028150
v -0.768889 0.741515 0.028149
v -0.853030 0.741515 0.030280
v -0.809598 0.612392 0.028150
v -0.893640 0.612392 0.040197
v -0.851857 0.612392 0.030163
v -0.810749 0.741515 0.028150
v -0.742234 0.461878 0.028149
v -0.741789 0.461878 0.038470
v -0.782469 0.612392 0.038469
v -0.782943 0.591001 0.028150
v -0.782469 0.591001 0.038469
v -0.782943 0.612392 0.028150
v -0.741788 0.741515 0.038470
v -0.742234 0.741515 0.028149
v -0.850423 0.603819 0.040394
v -0.809106 0.603819 0.038469
v -0.850423 0.599574 0.040394
v -0.809106 0.599574 0.038469
v -0.809598 0.599574 0.028150
v -0.809598 0.603819 0.028150
v -0.893640 0.603819 0.040197
v -0.889893 0.603819 0.049824
v -0.893640 0.599574 0.040197
v -0.889893 0.599574 0.049824
v -0.782943 0.603819 0.028150
v -0.851857 0.599574 0.030163
v -0.851857 0.603819 0.030163
v -0.782943 0.599574 0.028150
v -0.782469 0.599574 0.038469
v -0.782469 0.603819 0.038469
v -0.870971 0.676954 0.044093
v -0.796417 0.676954 0.000037
v -0.873698 0.676954 0.004835
v -0.788766 0.676954 0.038469
v -0.832484 0.676954 0.000041
v -0.830597 0.676954 0.038468
v -0.789244 0.676954 0.028150
v -0.873518 0.676954 0.034082
v -0.762129 0.676954 0.038469
v -0.762588 0.676954 0.028149
v -0.873698 0.526440 0.004835
v -0.788766 0.526440 0.038469
v -0.870971 0.526440 0.044093
v -0.796417 0.526440 0.000037
v -0.830597 0.526440 0.038468
v -0.832484 0.526440 0.000041
v -0.873518 0.526440 0.034082
v -0.789244 0.526440 0.028150
v -0.762129 0.526440 0.038469
v -0.762588 0.526440 0.028149
v -0.654889 0.741515 0.038471
v -0.665049 0.735889 0.000024
v -0.738551 0.741515 0.038470
v -0.737184 0.735889 0.000031
v -0.654889 0.461878 0.038471
v -0.665049 0.467504 0.000024
v -0.738551 0.461878 0.038470
v -0.737184 0.467504 0.000031
v -0.779232 0.591001 0.038469
v -0.779232 0.612392 0.038469
v -0.772259 0.618018 0.000034
v -0.772259 0.585375 0.000034
v -0.695570 0.612392 0.038470
v -0.695570 0.591001 0.038470
v -0.700125 0.585375 0.000027
v -0.700125 0.618018 0.000027
v -0.696720 0.461878 0.038470
v -0.701117 0.467504 0.000027
v -0.736192 0.585375 0.000031
v -0.737401 0.591001 0.038470
v -0.696720 0.741515 0.038470
v -0.701116 0.735889 0.000027
v -0.736192 0.618018 0.000031
v -0.737401 0.612392 0.038470
v -0.738994 0.461878 0.028149
v -0.655274 0.461878 0.028148
v -0.695983 0.591001 0.028148
v -0.779703 0.591001 0.028150
v -0.737843 0.591001 0.028149
v -0.697134 0.461878 0.028148
v -0.655274 0.741515 0.028148
v -0.738993 0.741515 0.028149
v -0.695983 0.612392 0.028148
v -0.779703 0.612392 0.028150
v -0.737843 0.612392 0.028149
v -0.697133 0.741515 0.028148
v -0.628619 0.461878 0.028147
v -0.628252 0.461878 0.038471
v -0.668933 0.612392 0.038471
v -0.669327 0.591001 0.028148
v -0.668933 0.591001 0.038471
v -0.669327 0.612392 0.028148
v -0.628252 0.741515 0.038471
v -0.628618 0.741515 0.028147
v -0.737401 0.603819 0.038470
v -0.695570 0.603819 0.038470
v -0.737401 0.599574 0.038470
v -0.695570 0.599574 0.038470
v -0.695983 0.599574 0.028148
v -0.695983 0.603819 0.028148
v -0.779703 0.603819 0.028150
v -0.779232 0.603819 0.038469
v -0.779703 0.599574 0.028150
v -0.779232 0.599574 0.038469
v -0.669327 0.603819 0.028148
v -0.737843 0.599574 0.028149
v -0.737843 0.603819 0.028149
v -0.669327 0.599574 0.028148
v -0.668933 0.599574 0.038471
v -0.668933 0.603819 0.038471
v -0.758891 0.676954 0.038469
v -0.682587 0.676954 0.000026
v -0.754721 0.676954 0.000032
v -0.675229 0.676954 0.038470
v -0.718654 0.676954 0.000029
v -0.717060 0.676954 0.038470
v -0.675628 0.676954 0.028148
v -0.759348 0.676954 0.028149
v -0.648592 0.676954 0.038471
v -0.648973 0.676954 0.028147
v -0.754722 0.526440 0.000032
v -0.675230 0.526440 0.038470
v -0.758891 0.526440 0.038469
v -0.682587 0.526440 0.000026
v -0.717060 0.526440 0.038470
v -0.718654 0.526440 0.000029
v -0.759348 0.526440 0.028149
v -0.675629 0.526440 0.028148
v -0.648593 0.526439 0.038471
v -0.648973 0.526439 0.028147
v -0.541352 0.741515 0.038472
v -0.551219 0.735889 0.000015
v -0.625014 0.741515 0.038471
v -0.623354 0.735889 0.000021
v -0.541352 0.461878 0.038472
v -0.551219 0.467504 0.000015
v -0.625014 0.461878 0.038471
v -0.623354 0.467504 0.000021
v -0.665695 0.591001 0.038471
v -0.665695 0.612392 0.038471
v -0.658430 0.618018 0.000024
v -0.658430 0.585375 0.000024
v -0.582033 0.612392 0.038472
v -0.582033 0.591001 0.038472
v -0.586295 0.585375 0.000018
v -0.586295 0.618018 0.000018
v -0.583183 0.461878 0.038472
v -0.587287 0.467504 0.000018
v -0.622363 0.585375 0.000021
v -0.623864 0.591001 0.038471
v -0.583183 0.741515 0.038472
v -0.587287 0.735889 0.000018
v -0.622363 0.618018 0.000021
v -0.623864 0.612392 0.038471
v -0.625378 0.461878 0.028147
v -0.541659 0.461878 0.028146
v -0.582368 0.591001 0.028147
v -0.666087 0.591001 0.028148
v -0.624228 0.591001 0.028147
v -0.583519 0.461878 0.028147
v -0.541658 0.741515 0.028146
v -0.625378 0.741515 0.028147
v -0.582368 0.612392 0.028147
v -0.666088 0.612392 0.028148
v -0.624228 0.612392 0.028147
v -0.583518 0.741515 0.028147
v -0.515003 0.461878 0.028146
v -0.514716 0.461878 0.038472
v -0.555396 0.612392 0.038472
v -0.555712 0.591001 0.028146
v -0.555396 0.591001 0.038472
v -0.555712 0.612392 0.028146
v -0.514715 0.741515 0.038472
v -0.515003 0.741515 0.028146
v -0.623864 0.603819 0.038471
v -0.582033 0.603819 0.038472
v -0.623864 0.599574 0.038471
v -0.582033 0.599574 0.038472
v -0.582368 0.599574 0.028147
v -0.582368 0.603819 0.028147
v -0.666088 0.603819 0.028148
v -0.665695 0.603819 0.038471
v -0.666087 0.599574 0.028148
v -0.665695 0.599574 0.038471
v -0.555712 0.603819 0.028146
v -0.624228 0.599574 0.028147
v -0.624228 0.603819 0.028147
v -0.555712 0.599574 0.028146
v -0.555396 0.599574 0.038472
v -0.555396 0.603819 0.038472
v -0.645354 0.676954 0.038471
v -0.568757 0.676953 0.000017
v -0.640892 0.676954 0.000022
v -0.561693 0.676954 0.038472
v -0.604825 0.676953 0.000019
v -0.603523 0.676954 0.038471
v -0.562013 0.676954 0.028146
v -0.645733 0.676954 0.028147
v -0.535056 0.676953 0.038472
v -0.535358 0.676953 0.028146
v -0.640892 0.526439 0.000022
v -0.561693 0.526439 0.038472
v -0.645354 0.526439 0.038471
v -0.568757 0.526439 0.000017
v -0.603524 0.526439 0.038471
v -0.604825 0.526439 0.000019
v -0.645733 0.526439 0.028147
v -0.562013 0.526439 0.028146
v -0.535056 0.526439 0.038472
v -0.535358 0.526439 0.028146
v -0.427816 0.741515 0.038473
v -0.437390 0.735889 0.000009
v -0.511477 0.741515 0.038472
v -0.509525 0.735889 0.000013
v -0.427816 0.461878 0.038473
v -0.437390 0.467504 0.000009
v -0.511478 0.461878 0.038472
v -0.509524 0.467504 0.000013
v -0.552158 0.591001 0.038472
v -0.552158 0.612392 0.038472
v -0.544600 0.618018 0.000015
v -0.544600 0.585375 0.000015
v -0.468497 0.612392 0.038473
v -0.468497 0.591001 0.038473
v -0.472465 0.585375 0.000010
v -0.472465 0.618018 0.000010
v -0.469647 0.461878 0.038473
v -0.473457 0.467504 0.000011
v -0.508533 0.585375 0.000013
v -0.510327 0.591001 0.038472
v -0.469647 0.741515 0.038473
v -0.473457 0.735889 0.000011
v -0.508533 0.618018 0.000013
v -0.510327 0.612392 0.038472
v -0.511763 0.461878 0.028146
v -0.428044 0.461878 0.028145
v -0.468752 0.591001 0.028145
v -0.552472 0.591001 0.028146
v -0.510612 0.591001 0.028146
v -0.469903 0.461878 0.028145
v -0.428043 0.741515 0.028145
v -0.511763 0.741515 0.028146
v -0.468752 0.612392 0.028145
v -0.552472 0.612392 0.028146
v -0.510612 0.612392 0.028146
v -0.469903 0.741515 0.028145
v -0.401388 0.461878 0.028145
v -0.401179 0.461878 0.038473
v -0.441860 0.612392 0.038473
v -0.442097 0.591001 0.028145
v -0.441860 0.591001 0.038473
v -0.442097 0.612392 0.028145
v -0.401179 0.741515 0.038473
v -0.401388 0.741515 0.028145
v -0.510327 0.603819 0.038472
v -0.468497 0.603819 0.038473
v -0.510327 0.599574 0.038472
v -0.468497 0.599574 0.038473
v -0.468752 0.599574 0.028145
v -0.468752 0.603819 0.028145
v -0.552472 0.603819 0.028146
v -0.552158 0.603819 0.038472
v -0.552472 0.599574 0.028146
v -0.552158 0.599574 0.038472
v -0.442097 0.603819 0.028145
v -0.510612 0.599574 0.028146
v -0.510612 0.603819 0.028146
v -0.442097 0.599574 0.028145
v -0.441860 0.599574 0.038473
v -0.441860 0.603819 0.038473
v -0.531818 0.676953 0.038472
v -0.454928 0.676953 0.000010
v -0.527062 0.676953 0.000014
v -0.448156 0.676953 0.038473
v -0.490995 0.676953 0.000012
v -0.489987 0.676953 0.038472
v -0.448398 0.676953 0.028145
v -0.532117 0.676953 0.028146
v -0.421519 0.676953 0.038473
v -0.421742 0.676953 0.028145
v -0.527062 0.526439 0.000014
v -0.448156 0.526439 0.038473
v -0.531818 0.526439 0.038472
v -0.454928 0.526439 0.000010
v -0.489987 0.526439 0.038472
v -0.490995 0.526439 0.000012
v -0.532118 0.526439 0.028146
v -0.448398 0.526439 0.028145
v -0.421519 0.526439 0.038473
v -0.421743 0.526439 0.028145
v -0.314279 0.741515 0.038474
v -0.323560 0.735889 0.000004
v -0.397941 0.741515 0.038473
v -0.395695 0.735889 0.000007
v -0.314279 0.461878 0.038474
v -0.323560 0.467504 0.000004
v -0.397941 0.461878 0.038473
v -0.395695 0.467504 0.000007
v -0.438622 0.591001 0.038473
v -0.438622 0.612392 0.038473
v -0.430770 0.618018 0.000008
v -0.430770 0.585375 0.000008
v -0.354960 0.612392 0.038473
v -0.354960 0.591001 0.038473
v -0.358636 0.585375 0.000005
v -0.358636 0.618018 0.000005
v -0.356110 0.461878 0.038473
v -0.359627 0.467504 0.000005
v -0.394703 0.585375 0.000007
v -0.396791 0.591001 0.038473
v -0.356110 0.741515 0.038473
v -0.359627 0.735889 0.000005
v -0.394703 0.618018 0.000007
v -0.396791 0.612392 0.038473
v -0.398148 0.461878 0.028145
v -0.314428 0.461878 0.028144
v -0.355137 0.591001 0.028145
v -0.438857 0.591001 0.028145
v -0.396997 0.591001 0.028145
v -0.356288 0.461878 0.028145
v -0.314428 0.741515 0.028144
v -0.398147 0.741515 0.028145
v -0.355137 0.612392 0.028145
v -0.438857 0.612392 0.028145
v -0.396997 0.612392 0.028145
v -0.356288 0.741515 0.028145
v -0.287773 0.461878 0.028144
v -0.287642 0.461878 0.038474
v -0.328323 0.612392 0.038473
v -0.328481 0.591001 0.028144
v -0.328323 0.591001 0.038473
v -0.328481 0.612392 0.028144
v -0.287642 0.741515 0.038474
v -0.287772 0.741515 0.028144
v -0.396791 0.603819 0.038473
v -0.354960 0.603819 0.038473
v -0.396791 0.599574 0.038473
v -0.354960 0.599574 0.038473
v -0.355137 0.599574 0.028145
v -0.355137 0.603819 0.028145
v -0.438857 0.603819 0.028145
v -0.438622 0.603819 0.038473
v -0.438857 0.599574 0.028145
v -0.438622 0.599574 0.038473
v -0.328481 0.603819 0.028144
v -0.396997 0.599574 0.028145
v -0.396997 0.603819 0.028145
v -0.328481 0.599574 0.028144
v -0.328323 0.599574 0.038473
v -0.328323 0.603819 0.038473
v -0.418281 0.676953 0.038473
v -0.341098 0.676953 0.000004
v -0.413232 0.676953 0.000007
v -0.334620 0.676953 0.038473
v -0.377165 0.676953 0.000006
v -0.376450 0.676953 0.038473
v -0.334783 0.676953 0.028144
v -0.418502 0.676953 0.028145
v -0.307983 0.676953 0.038474
v -0.308127 0.676953 0.028144
v -0.413232 0.526439 0.000007
v -0.334620 0.526439 0.038473
v -0.418281 0.526439 0.038473
v -0.341098 0.526439 0.000004
v -0.376451 0.526439 0.038473
v -0.377165 0.526439 0.000006
v -0.418502 0.526439 0.028145
v -0.334783 0.526439 0.028144
v -0.307983 0.526439 0.038474
v -0.308127 0.526439 0.028144
v -0.200743 0.741515 0.038474
v -0.209730 0.735889 0.000001
v -0.284404 0.741515 0.038474
v -0.281865 0.735889 0.000003
v -0.200743 0.461878 0.038474
v -0.209730 0.467504 0.000001
v -0.284404 0.461878 0.038474
v -0.281865 0.467504 0.000003
v -0.325085 0.591001 0.038473
v -0.325085 0.612392 0.038473
v -0.316940 0.618018 0.000004
v -0.316941 0.585375 0.000004
v -0.241423 0.612392 0.038474
v -0.241423 0.591001 0.038474
v -0.244806 0.585374 0.000002
v -0.244806 0.618018 0.000002
v -0.242574 0.461878 0.038474
v -0.245798 0.467504 0.000002
v -0.280873 0.585374 0.000003
v -0.283254 0.591001 0.038474
v -0.242573 0.741515 0.038474
v -0.245797 0.735889 0.000002
v -0.280873 0.618018 0.000003
v -0.283254 0.612392 0.038474
v -0.284533 0.461878 0.028144
v -0.200813 0.461878 0.028144
v -0.241522 0.591001 0.028144
v -0.325242 0.591001 0.028144
v -0.283382 0.591001 0.028144
v -0.242673 0.461878 0.028144
v -0.200813 0.741515 0.028144
v -0.284532 0.741515 0.028144
v -0.241522 0.612392 0.028144
v -0.325242 0.612392 0.028144
v -0.283382 0.612392 0.028144
v -0.242672 0.741515 0.028144
v -0.174157 0.461878 0.028144
v -0.174106 0.461878 0.038474
v -0.214787 0.612392 0.038474
v -0.214867 0.591001 0.028144
v -0.214787 0.591001 0.038474
v -0.214867 0.612392 0.028144
v -0.174106 0.741515 0.038474
v -0.174157 0.741515 0.028144
v -0.283254 0.603819 0.038474
v -0.241423 0.603819 0.038474
v -0.283254 0.599574 0.038474
v -0.241423 0.599574 0.038474
v -0.241522 0.599574 0.028144
v -0.241522 0.603819 0.028144
v -0.325242 0.603819 0.028144
v -0.325085 0.603819 0.038473
v -0.325241 0.599574 0.028144
v -0.325085 0.599574 0.038473
v -0.214867 0.603819 0.028144
v -0.283382 0.599574 0.028144
v -0.283382 0.603819 0.028144
v -0.214867 0.599574 0.028144
v -0.214787 0.599574 0.038474
v -0.214787 0.603819 0.038474
v -0.304745 0.676953 0.038474
v -0.227268 0.676953 0.000001
v -0.299403 0.676953 0.000003
v -0.221083 0.676953 0.038474
v -0.263335 0.676953 0.000002
v -0.262914 0.676953 0.038474
v -0.221167 0.676953 0.028144
v -0.304887 0.676953 0.028144
v -0.194446 0.676953 0.038474
v -0.194512 0.676953 0.028144
v -0.299403 0.526439 0.000003
v -0.221083 0.526439 0.038474
v -0.304745 0.526439 0.038474
v -0.227268 0.526439 0.000001
v -0.262914 0.526439 0.038474
v -0.263335 0.526439 0.000002
v -0.304887 0.526439 0.028144
v -0.221167 0.526439 0.028144
v -0.194446 0.526439 0.038474
v -0.194512 0.526439 0.028144
v -0.087206 0.741515 0.038474
v -0.095900 0.735889 0.000000
v -0.170868 0.741515 0.038474
v -0.168035 0.735889 0.000000
v -0.087206 0.461878 0.038474
v -0.095900 0.467504 0.000000
v -0.170868 0.461878 0.038474
v -0.168035 0.467504 0.000000
v -0.211549 0.591001 0.038474
v -0.211549 0.612392 0.038474
v -0.203111 0.618018 0.000001
v -0.203111 0.585374 0.000001
v -0.127887 0.612392 0.038474
v -0.127887 0.591001 0.038474
v -0.130976 0.585374 0.000000
v -0.130976 0.618018 0.000000
v -0.129037 0.461878 0.038474
v -0.131968 0.467504 0.000000
v -0.167043 0.585374 0.000000
v -0.169718 0.591001 0.038474
v -0.129037 0.741515 0.038474
v -0.131967 0.735889 0.000000
v -0.167043 0.618018 0.000000
v -0.169718 0.612392 0.038474
v -0.170917 0.461878 0.028144
v -0.087197 0.461878 0.028144
v -0.127907 0.591001 0.028144
v -0.211626 0.591001 0.028144
v -0.169766 0.591001 0.028144
v -0.129057 0.461878 0.028144
v -0.087197 0.741515 0.028144
v -0.170917 0.741515 0.028144
v -0.127907 0.612392 0.028144
v -0.211626 0.612392 0.028144
v -0.169766 0.612392 0.028144
v -0.129057 0.741515 0.028144
v -0.060542 0.461878 0.028144
v -0.060569 0.461878 0.038474
v -0.101250 0.612392 0.038474
v -0.101251 0.591001 0.028144
v -0.101250 0.591001 0.038474
v -0.101251 0.612392 0.028144
v -0.060569 0.741515 0.038474
v -0.060542 0.741515 0.028144
v -0.169718 0.603819 0.038474
v -0.127887 0.603819 0.038474
v -0.169718 0.599574 0.038474
v -0.127887 0.599574 0.038474
v -0.127907 0.599574 0.028144
v -0.127907 0.603819 0.028144
v -0.211626 0.603819 0.028144
v -0.211549 0.603819 0.038474
v -0.211626 0.599574 0.028144
v -0.211549 0.599574 0.038474
v -0.101251 0.603819 0.028144
v -0.169766 0.599574 0.028144
v -0.169766 0.603819 0.028144
v -0.101251 0.599574 0.028144
v -0.101250 0.599574 0.038474
v -0.101250 0.603819 0.038474
v -0.191208 0.676953 0.038474
v -0.113438 0.676953 0.000000
v -0.185573 0.676953 0.000001
v -0.107546 0.676953 0.038474
v -0.149505 0.676953 0.000000
v -0.149377 0.676953 0.038474
v -0.107552 0.676953 0.028144
v -0.191271 0.676953 0.028144
v -0.080910 0.676953 0.038474
v -0.080896 0.676953 0.028144
v -0.185573 0.526439 0.000001
v -0.107547 0.526439 0.038474
v -0.191208 0.526439 0.038474
v -0.113439 0.526439 0.000000
v -0.149377 0.526439 0.038474
v -0.149505 0.526439 0.000000
v -0.191272 0.526439 0.028144
v -0.107552 0.526439 0.028144
v -0.080910 0.526439 0.038474
v -0.080897 0.526439 0.028144
v 0.026331 0.741515 0.038474
v 0.017930 0.735888 0.000001
v -0.057331 0.741515 0.038474
v -0.054205 0.735888 0.000000
v 0.026331 0.461878 0.038474
v 0.017929 0.467504 0.000001
v -0.057331 0.461878 0.038474
v -0.054205 0.467504 0.000000
v -0.098012 0.591001 0.038474
v -0.098012 0.612392 0.038474
v -0.089281 0.618018 0.000000
v -0.089281 0.585374 0.000000
v -0.014351 0.612392 0.038474
v -0.014351 0.591000 0.038474
v -0.017146 0.585374 0.000001
v -0.017146 0.618018 0.000001
v -0.015500 0.461878 0.038474
v -0.018138 0.467504 0.000000
v -0.053214 0.585374 0.000000
v -0.056181 0.591000 0.038474
v -0.015500 0.741515 0.038474
v -0.018138 0.735888 0.000001
v -0.053214 0.618018 0.000000
v -0.056181 0.612392 0.038474
v -0.057302 0.461878 0.028144
v 0.026418 0.461878 0.028144
v -0.014291 0.591000 0.028144
v -0.098011 0.591001 0.028144
v -0.056151 0.591000 0.028144
v -0.015442 0.461878 0.028144
v 0.026418 0.741515 0.028144
v -0.057302 0.741515 0.028144
v -0.014291 0.612392 0.028144
v -0.098011 0.612392 0.028144
v -0.056151 0.612392 0.028144
v -0.015442 0.741515 0.028144
v 0.053073 0.461878 0.028144
v 0.052968 0.461878 0.038474
v 0.012287 0.612392 0.038474
v 0.012364 0.591000 0.028144
v 0.012287 0.591000 0.038474
v 0.012364 0.612392 0.028144
v 0.052968 0.741515 0.038474
v 0.053074 0.741515 0.028144
v -0.056181 0.603819 0.038474
v -0.014351 0.603819 0.038474
v -0.056181 0.599574 0.038474
v -0.014351 0.599574 0.038474
v -0.014291 0.599574 0.028144
v -0.014291 0.603819 0.028144
v -0.098011 0.603819 0.028144
v -0.098012 0.603819 0.038474
v -0.098011 0.599574 0.028144
v -0.098012 0.599574 0.038474
v 0.012364 0.603819 0.028144
v -0.056151 0.599574 0.028144
v -0.056151 0.603819 0.028144
v 0.012364 0.599574 0.028144
v 0.012287 0.599574 0.038474
v 0.012287 0.603819 0.038474
v -0.077672 0.676953 0.038474
v 0.000392 0.676953 0.000001
v -0.071743 0.676953 0.000000
v 0.005990 0.676953 0.038474
v -0.035676 0.676953 0.000000
v -0.035841 0.676953 0.038474
v 0.006063 0.676953 0.028144
v -0.077656 0.676953 0.028144
v 0.032627 0.676953 0.038474
v 0.032719 0.676953 0.028144
v -0.071743 0.526439 0.000000
v 0.005990 0.526439 0.038474
v -0.077672 0.526439 0.038474
v 0.000391 0.526439 0.000001
v -0.035841 0.526439 0.038474
v -0.035676 0.526439 0.000000
v -0.077656 0.526439 0.028144
v 0.006063 0.526439 0.028144
v 0.032627 0.526439 0.038474
v 0.032719 0.526439 0.028144
v 0.139867 0.741515 0.038473
v 0.131759 0.735888 0.000004
v 0.056206 0.741515 0.038474
v 0.059625 0.735888 0.000002
v 0.139867 0.461878 0.038473
v 0.131759 0.467504 0.000004
v 0.056205 0.461878 0.038474
v 0.059625 0.467504 0.000002
v 0.015525 0.591000 0.038474
v 0.015524 0.612392 0.038474
v 0.024549 0.618018 0.000001
v 0.024549 0.585374 0.000001
v 0.099186 0.612392 0.038474
v 0.099186 0.591000 0.038474
v 0.096684 0.585374 0.000003
v 0.096684 0.618018 0.000003
v 0.098036 0.461878 0.038474
v 0.095692 0.467504 0.000003
v 0.060616 0.585374 0.000002
v 0.057355 0.591000 0.038474
v 0.098036 0.741515 0.038474
v 0.095692 0.735888 0.000003
v 0.060616 0.618018 0.000002
v 0.057355 0.612392 0.038474
v 0.056314 0.461878 0.028144
v 0.140033 0.461878 0.028144
v 0.099324 0.591000 0.028144
v 0.015605 0.591000 0.028144
v 0.057464 0.591000 0.028144
v 0.098173 0.461878 0.028144
v 0.140034 0.741515 0.028144
v 0.056314 0.741515 0.028144
v 0.099324 0.612392 0.028144
v 0.015604 0.612392 0.028144
v 0.057464 0.612392 0.028144
v 0.098174 0.741515 0.028144
v 0.166689 0.461878 0.028145
v 0.166504 0.461878 0.038473
v 0.125823 0.612392 0.038473
v 0.125980 0.591000 0.028144
v 0.125823 0.591000 0.038473
v 0.125980 0.612392 0.028144
v 0.166504 0.741515 0.038473
v 0.166689 0.741515 0.028145
v 0.057355 0.603819 0.038474
v 0.099186 0.603818 0.038474
v 0.057355 0.599574 0.038474
v 0.099186 0.599574 0.038474
v 0.099324 0.599574 0.028144
v 0.099324 0.603818 0.028144
v 0.015604 0.603819 0.028144
v 0.015524 0.603819 0.038474
v 0.015605 0.599574 0.028144
v 0.015525 0.599574 0.038474
v 0.125980 0.603818 0.028144
v 0.057464 0.599574 0.028144
v 0.057464 0.603819 0.028144
v 0.125980 0.599574 0.028144
v 0.125823 0.599574 0.038473
v 0.125823 0.603818 0.038473
v 0.035865 0.676953 0.038474
v 0.114221 0.676953 0.000003
v 0.042087 0.676953 0.000001
v 0.119527 0.676953 0.038473
v 0.078154 0.676953 0.000002
v 0.077696 0.676953 0.038474
v 0.119679 0.676953 0.028144
v 0.035959 0.676953 0.028144
v 0.146164 0.676953 0.038473
v 0.146334 0.676953 0.028144
v 0.042087 0.526439 0.000002
v 0.119527 0.526439 0.038473
v 0.035865 0.526439 0.038474
v 0.114221 0.526439 0.000003
v 0.077696 0.526439 0.038474
v 0.078154 0.526439 0.000002
v 0.035959 0.526439 0.028144
v 0.119679 0.526439 0.028144
v 0.146164 0.526439 0.038473
v 0.146334 0.526439 0.028144
v 0.253404 0.741515 0.038473
v 0.245589 0.735888 0.000009
v 0.169742 0.741515 0.038473
v 0.173455 0.735888 0.000006
v 0.253404 0.461878 0.038473
v 0.245589 0.467504 0.000009
v 0.169742 0.461878 0.038473
v 0.173455 0.467504 0.000006
v 0.129061 0.591000 0.038473
v 0.129061 0.612392 0.038473
v 0.138379 0.618018 0.000004
v 0.138379 0.585374 0.000004
v 0.212723 0.612392 0.038473
v 0.212723 0.591000 0.038473
v 0.210514 0.585374 0.000007
v 0.210514 0.618018 0.000007
v 0.211573 0.461878 0.038473
v 0.209522 0.467504 0.000007
v 0.174446 0.585374 0.000006
v 0.170892 0.591000 0.038473
v 0.211573 0.741515 0.038473
v 0.209522 0.735888 0.000007
v 0.174446 0.618018 0.000006
v 0.170892 0.612392 0.038473
v 0.169929 0.461878 0.028145
v 0.253648 0.461878 0.028145
v 0.212940 0.591000 0.028145
v 0.129220 0.591000 0.028144
v 0.171080 0.591000 0.028145
v 0.211789 0.461878 0.028145
v 0.253649 0.741515 0.028145
v 0.169929 0.741515 0.028145
v 0.212940 0.612392 0.028145
v 0.129220 0.612392 0.028144
v 0.171080 0.612392 0.028145
v 0.211789 0.741515 0.028145
v 0.280304 0.461878 0.028146
v 0.280041 0.461878 0.038472
v 0.239360 0.612392 0.038473
v 0.239595 0.591000 0.028145
v 0.239360 0.591000 0.038473
v 0.239595 0.612392 0.028145
v 0.280041 0.741515 0.038472
v 0.280304 0.741515 0.028146
v 0.170892 0.603818 0.038473
v 0.212723 0.603818 0.038473
v 0.170892 0.599574 0.038473
v 0.212723 0.599574 0.038473
v 0.212940 0.599574 0.028145
v 0.212940 0.603818 0.028145
v 0.129220 0.603818 0.028144
v 0.129061 0.603818 0.038473
v 0.129220 0.599574 0.028144
v 0.129061 0.599574 0.038473
v 0.239595 0.603818 0.028145
v 0.171080 0.599574 0.028145
v 0.171080 0.603818 0.028145
v 0.239595 0.599574 0.028145
v 0.239360 0.599574 0.038473
v 0.239360 0.603818 0.038473
v 0.149402 0.676953 0.038473
v 0.228051 0.676953 0.000008
v 0.155917 0.676953 0.000005
v 0.233063 0.676953 0.038473
v 0.191984 0.676953 0.000006
v 0.191232 0.676953 0.038473
v 0.233294 0.676953 0.028145
v 0.149574 0.676953 0.028144
v 0.259700 0.676953 0.038473
v 0.259949 0.676953 0.028145
v 0.155917 0.526439 0.000005
v 0.233063 0.526439 0.038473
v 0.149401 0.526439 0.038473
v 0.228051 0.526439 0.000008
v 0.191232 0.526439 0.038473
v 0.191984 0.526439 0.000006
v 0.149574 0.526439 0.028144
v 0.233294 0.526439 0.028145
v 0.259700 0.526439 0.038473
v 0.259949 0.526439 0.028145
v 0.366940 0.741514 0.038472
v 0.359419 0.735888 0.000016
v 0.283279 0.741514 0.038472
v 0.287284 0.735888 0.000011
v 0.366940 0.461877 0.038472
v 0.359419 0.467504 0.000016
v 0.283279 0.461877 0.038472
v 0.287284 0.467504 0.000011
v 0.242598 0.591000 0.038473
v 0.242597 0.612392 0.038473
v 0.252209 0.618018 0.000009
v 0.252209 0.585374 0.000009
v 0.326259 0.612392 0.038472
v 0.326259 0.591000 0.038472
v 0.324343 0.585374 0.000014
v 0.324343 0.618018 0.000014
v 0.325109 0.461877 0.038472
v 0.323352 0.467504 0.000014
v 0.288276 0.585374 0.000011
v 0.284428 0.591000 0.038472
v 0.325110 0.741514 0.038472
v 0.323352 0.735888 0.000014
v 0.288276 0.618018 0.000011
v 0.284428 0.612392 0.038472
v 0.283544 0.461877 0.028146
v 0.367264 0.461877 0.028146
v 0.326555 0.591000 0.028146
v 0.242835 0.591000 0.028145
v 0.284695 0.591000 0.028146
v 0.325404 0.461877 0.028146
v 0.367264 0.741514 0.028146
v 0.283544 0.741514 0.028146
v 0.326555 0.612392 0.028146
v 0.242835 0.612392 0.028145
v 0.284695 0.612392 0.028146
v 0.325404 0.741514 0.028146
v 0.393919 0.461877 0.028147
v 0.393577 0.461877 0.038471
v 0.352896 0.612392 0.038472
v 0.353210 0.591000 0.028146
v 0.352896 0.591000 0.038472
v 0.353210 0.612392 0.028146
v 0.393577 0.741514 0.038471
v 0.393919 0.741514 0.028147
v 0.284428 0.603818 0.038472
v 0.326259 0.603818 0.038472
v 0.284428 0.599574 0.038472
v 0.326259 0.599573 0.038472
v 0.326555 0.599573 0.028146
v 0.326555 0.603818 0.028146
v 0.242835 0.603818 0.028145
v 0.242597 0.603818 0.038473
v 0.242835 0.599574 0.028145
v 0.242598 0.599574 0.038473
v 0.353210 0.603818 0.028146
v 0.284695 0.599574 0.028146
v 0.284695 0.603818 0.028146
v 0.353210 0.599573 0.028146
v 0.352896 0.599573 0.038472
v 0.352896 0.603818 0.038472
v 0.262938 0.676953 0.038473
v 0.341881 0.676953 0.000015
v 0.269747 0.676953 0.000010
v 0.346600 0.676953 0.038472
v 0.305814 0.676953 0.000012
v 0.304769 0.676953 0.038472
v 0.346909 0.676953 0.028146
v 0.263190 0.676953 0.028145
v 0.373237 0.676953 0.038472
v 0.373565 0.676953 0.028147
v 0.269747 0.526439 0.000010
v 0.346600 0.526439 0.038472
v 0.262938 0.526439 0.038473
v 0.341881 0.526439 0.000015
v 0.304769 0.526439 0.038472
v 0.305814 0.526439 0.000012
v 0.263190 0.526439 0.028145
v 0.346909 0.526439 0.028146
v 0.373237 0.526439 0.038472
v 0.373565 0.526439 0.028147
v 0.480477 0.741514 0.038470
v 0.473249 0.735888 0.000025
v 0.396815 0.741514 0.038471
v 0.401114 0.735888 0.000019
v 0.480477 0.461877 0.038470
v 0.473249 0.467504 0.000025
v 0.396815 0.461877 0.038471
v 0.401114 0.467504 0.000019
v 0.356134 0.591000 0.038472
v 0.356134 0.612391 0.038472
v 0.366039 0.618018 0.000016
v 0.366039 0.585374 0.000016
v 0.439796 0.612391 0.038471
v 0.439796 0.591000 0.038471
v 0.438173 0.585374 0.000022
v 0.438173 0.618018 0.000022
v 0.438646 0.461877 0.038471
v 0.437181 0.467504 0.000022
v 0.402106 0.585374 0.000019
v 0.397965 0.591000 0.038471
v 0.438646 0.741514 0.038471
v 0.437181 0.735888 0.000022
v 0.402106 0.618018 0.000019
v 0.397965 0.612391 0.038471
v 0.397160 0.461877 0.028147
v 0.480879 0.461877 0.028148
v 0.440170 0.591000 0.028147
v 0.356450 0.591000 0.028146
v 0.398310 0.591000 0.028147
v 0.439019 0.461877 0.028147
v 0.480879 0.741514 0.028148
v 0.397160 0.741514 0.028147
v 0.440170 0.612391 0.028147
v 0.356450 0.612391 0.028146
v 0.398310 0.612391 0.028147
v 0.439020 0.741514 0.028147
v 0.507535 0.461877 0.028148
v 0.507114 0.461877 0.038470
v 0.466433 0.612391 0.038471
v 0.466825 0.591000 0.028148
v 0.466433 0.591000 0.038471
v 0.466825 0.612391 0.028148
v 0.507114 0.741514 0.038470
v 0.507535 0.741514 0.028148
v 0.397965 0.603818 0.038471
v 0.439796 0.603818 0.038471
v 0.397965 0.599573 0.038471
v 0.439796 0.599573 0.038471
v 0.440170 0.599573 0.028147
v 0.440170 0.603818 0.028147
v 0.356450 0.603818 0.028146
v 0.356134 0.603818 0.038472
v 0.356450 0.599573 0.028146
v 0.356134 0.599573 0.038472
v 0.466825 0.603818 0.028148
v 0.398310 0.599573 0.028147
v 0.398310 0.603818 0.028147
v 0.466825 0.599573 0.028148
v 0.466433 0.599573 0.038471
v 0.466433 0.603818 0.038471
v 0.376475 0.676953 0.038472
v 0.455711 0.676953 0.000023
v 0.383576 0.676953 0.000018
v 0.460136 0.676953 0.038471
v 0.419644 0.676953 0.000020
v 0.418306 0.676953 0.038471
v 0.460525 0.676953 0.028148
v 0.376805 0.676953 0.028147
v 0.486773 0.676953 0.038470
v 0.487180 0.676953 0.028148
v 0.383576 0.526439 0.000018
v 0.460136 0.526439 0.038471
v 0.376475 0.526439 0.038472
v 0.455711 0.526439 0.000023
v 0.418305 0.526439 0.038471
v 0.419644 0.526439 0.000020
v 0.376805 0.526439 0.028147
v 0.460525 0.526439 0.028148
v 0.486773 0.526439 0.038470
v 0.487180 0.526439 0.028148
v 0.594014 0.741514 0.038469
v 0.587078 0.735888 0.000036
v 0.510352 0.741514 0.038470
v 0.514944 0.735888 0.000029
v 0.594013 0.461877 0.038469
v 0.587078 0.467503 0.000036
v 0.510351 0.461877 0.038470
v 0.514944 0.467504 0.000029
v 0.469671 0.591000 0.038471
v 0.469670 0.612391 0.038471
v 0.479868 0.618018 0.000025
v 0.479868 0.585374 0.000025
v 0.553332 0.612391 0.038469
v 0.553332 0.591000 0.038469
v 0.552002 0.585374 0.000032
v 0.552002 0.618018 0.000032
v 0.552183 0.461877 0.038469
v 0.551011 0.467503 0.000032
v 0.515935 0.585374 0.000029
v 0.511502 0.591000 0.038470
v 0.552183 0.741514 0.038469
v 0.551011 0.735888 0.000032
v 0.515935 0.618018 0.000029
v 0.511502 0.612391 0.038470
v 0.510774 0.461877 0.028148
v 0.594495 0.461877 0.028150
v 0.553785 0.591000 0.028149
v 0.470066 0.591000 0.028148
v 0.511925 0.591000 0.028148
v 0.552635 0.461877 0.028149
v 0.594495 0.741514 0.028150
v 0.510775 0.741514 0.028148
v 0.553785 0.612391 0.028149
v 0.470065 0.612391 0.028148
v 0.511926 0.612391 0.028148
v 0.552635 0.741514 0.028149
v 0.621150 0.461877 0.028150
v 0.620650 0.461877 0.038468
v 0.579970 0.612391 0.038469
v 0.580441 0.591000 0.028150
v 0.579970 0.591000 0.038469
v 0.580441 0.612391 0.028150
v 0.620651 0.741514 0.038468
v 0.621150 0.741514 0.028150
v 0.511502 0.603818 0.038470
v 0.553332 0.603818 0.038469
v 0.511502 0.599573 0.038470
v 0.553332 0.599573 0.038469
v 0.553785 0.599573 0.028149
v 0.553785 0.603818 0.028149
v 0.470065 0.603818 0.028148
v 0.469670 0.603818 0.038471
v 0.470066 0.599573 0.028148
v 0.469671 0.599573 0.038471
v 0.580441 0.603818 0.028150
v 0.511925 0.599573 0.028148
v 0.511925 0.603818 0.028148
v 0.580441 0.599573 0.028150
v 0.579970 0.599573 0.038469
v 0.579970 0.603818 0.038469
v 0.490011 0.676953 0.038470
v 0.569540 0.676953 0.000034
v 0.497406 0.676953 0.000027
v 0.573673 0.676953 0.038469
v 0.533473 0.676953 0.000030
v 0.531842 0.676953 0.038470
v 0.574140 0.676953 0.028149
v 0.490420 0.676953 0.028148
v 0.600310 0.676953 0.038469
v 0.600795 0.676953 0.028150
v 0.497406 0.526439 0.000027
v 0.573673 0.526439 0.038469
v 0.490011 0.526439 0.038470
v 0.569540 0.526439 0.000034
v 0.531842 0.526439 0.038470
v 0.533473 0.526439 0.000030
v 0.490420 0.526439 0.028148
v 0.574140 0.526439 0.028149
v 0.600310 0.526439 0.038469
v 0.600795 0.526439 0.028150
v 0.702882 0.741514 0.055775
v 0.710587 0.735888 0.016412
v 0.623888 0.741514 0.038468
v 0.628774 0.735888 0.000040
v 0.702882 0.461877 0.055775
v 0.710587 0.467503 0.016412
v 0.623888 0.461877 0.038468
v 0.628773 0.467503 0.000040
v 0.583208 0.591000 0.038469
v 0.583207 0.612391 0.038469
v 0.593698 0.618018 0.000036
v 0.593698 0.585374 0.000036
v 0.665834 0.612391 0.042392
v 0.665834 0.591000 0.042392
v 0.670500 0.585374 0.003832
v 0.670500 0.618017 0.003832
v 0.664765 0.461877 0.042065
v 0.669368 0.467503 0.003707
v 0.629765 0.585374 0.000040
v 0.625038 0.591000 0.038468
v 0.664765 0.741514 0.042065
v 0.669368 0.735888 0.003707
v 0.629765 0.618018 0.000040
v 0.625038 0.612391 0.038468
v 0.624390 0.461877 0.028150
v 0.707442 0.461877 0.046506
v 0.668020 0.591000 0.032296
v 0.583681 0.591000 0.028150
v 0.625541 0.591000 0.028150
v 0.666881 0.461877 0.031954
v 0.707442 0.741514 0.046506
v 0.624390 0.741514 0.028150
v 0.668020 0.612391 0.032296
v 0.583681 0.612391 0.028150
v 0.625541 0.612391 0.028150
v 0.666881 0.741514 0.031954
v 0.731203 0.461877 0.060284
v 0.725226 0.461877 0.068710
v 0.690610 0.612391 0.049909
v 0.694374 0.591000 0.040289
v 0.690610 0.591000 0.049909
v 0.694374 0.612391 0.040289
v 0.725226 0.741514 0.068710
v 0.731203 0.741514 0.060284
v 0.625038 0.603818 0.038468
v 0.665834 0.603818 0.042392
v 0.625038 0.599573 0.038468
v 0.665834 0.599573 0.042392
v 0.668020 0.599573 0.032296
v 0.668020 0.603818 0.032296
v 0.583681 0.603818 0.028150
v 0.583207 0.603818 0.038469
v 0.583681 0.599573 0.028150
v 0.583208 0.599573 0.038469
v 0.694374 0.603818 0.040289
v 0.625541 0.599573 0.028150
v 0.625541 0.603818 0.028150
v 0.694374 0.599573 0.040289
v 0.690610 0.599573 0.049909
v 0.690610 0.603818 0.049909
v 0.603548 0.676953 0.038469
v 0.690674 0.676953 0.009739
v 0.611236 0.676953 0.000038
v 0.684750 0.676953 0.048142
v 0.649330 0.676953 0.001590
v 0.645018 0.676953 0.039822
v 0.688149 0.676953 0.038387
v 0.604035 0.676953 0.028150
v 0.708279 0.676953 0.058663
v 0.713186 0.676953 0.049572
v 0.611235 0.526439 0.000038
v 0.684750 0.526439 0.048142
v 0.603548 0.526439 0.038469
v 0.690674 0.526439 0.009739
v 0.645018 0.526439 0.039822
v 0.649330 0.526439 0.001590
v 0.604035 0.526439 0.028150
v 0.688148 0.526439 0.038387
v 0.708279 0.526439 0.058663
v 0.713186 0.526439 0.049572
vn 0.8660 -0.0000 -0.5000
vn 0.9659 -0.0000 -0.2588
vn -0.0000 -0.0000 -1.0000
vn 0.2588 -0.0000 -0.9659
vn 0.5000 -0.0000 -0.8660
vn -1.0000 -0.0000 -0.0000
vn -0.9659 -0.0000 0.2588
vn -0.2588 -0.0000 -0.9659
vn -0.5000 -0.0000 -0.8660
vn -0.7071 -0.0000 -0.7071
vn -0.8660 -0.0000 -0.5000
vn -0.9659 -0.0000 -0.2588
vn -0.7071 -0.0000 0.7071
vn -0.8660 -0.0000 0.5000
vn -0.5000 -0.0000 0.8660
vn -0.2588 -0.0000 0.9659
vn 1.0000 -0.0000 -0.0000
vn 0.9659 -0.0000 0.2588
vn 0.8660 -0.0000 0.5000
vn 0.7071 -0.0000 -0.7071
vn -0.0000 -0.0000 1.0000
vn 0.2588 -0.0000 0.9659
vn 0.5000 -0.0000 0.8660
vn 0.7071 -0.0000 0.7071
vn -0.0000 -1.0000 -0.0000
vn -0.0000 1.0000 -0.0000
vn 0.9289 -0.0000 -0.3703
vn 0.3827 -0.0000 -0.9239
vn 0.3827 -0.0000 0.9239
vn -0.9289 -0.0000 -0.3703
vn -0.9289 -0.0000 -0.3702
vn -0.5225 -0.0000 -0.8527
vn 0.5225 -0.0000 -0.8527
vn 0.5224 -0.0000 -0.8527
vn 0.1184 -0.0000 -0.9930
vn 0.4894 -0.0000 -0.8721
vn -0.9254 -0.0000 -0.3790
vn -0.8095 -0.0000 -0.5871
vn -0.5233 -0.0000 -0.8522
vn -0.8721 -0.0000 -0.4894
vn -0.7043 -0.0000 0.7100
vn -0.9223 -0.0000 0.3864
vn -0.7043 -0.0000 0.7099
vn -0.1573 -0.0000 -0.9875
vn 0.9930 -0.0000 0.1184
vn 0.8721 -0.0000 0.4894
vn -0.3790 -0.0000 0.9254
vn 0.5871 -0.0000 -0.8095
vn 0.8522 -0.0000 -0.5233
vn 0.2706 -0.0000 0.9627
vn 0.3864 -0.0000 0.9223
vn 0.9875 -0.0000 -0.1574
vn -0.4894 -0.0000 0.8721
vn -0.7859 -0.0000 0.6184
vn 0.9254 -0.0000 0.3790
vn 0.8095 -0.0000 0.5871
vn 0.5232 -0.0000 0.8522
vn 0.8096 -0.0000 0.5870
vn -0.7858 -0.0000 0.6184
vn -0.9627 -0.0000 0.2706
vn 0.7043 -0.0000 -0.7100
vn 0.9223 -0.0000 -0.3864
vn 0.7043 -0.0000 -0.7099
vn 0.5233 -0.0000 0.8522
vn -0.2326 -0.0000 0.9726
vn -0.3864 -0.0000 -0.9223
vn 0.3790 -0.0000 -0.9254
vn -0.8522 -0.0000 0.5233
vn 0.9627 -0.0000 -0.2706
vn -0.9875 -0.0000 0.1573
vn -0.2706 -0.0000 -0.9627
vn 0.9728 -0.0000 -0.2315
vn 0.9874 -0.0000 0.1584
vn 0.1584 -0.0000 -0.9874
vn 0.2315 -0.0000 0.9728
vn -0.5242 -0.0000 0.8516
vn -0.8102 -0.0000 0.5862
vn -0.9874 -0.0000 -0.1584
vn -0.8516 -0.0000 -0.5242
vn -0.5862 -0.0000 -0.8102
vn 0.5862 -0.0000 0.8102
vn 0.8102 -0.0000 -0.5862
vn -0.9625 -0.0000 -0.2713
vn -0.6979 -0.0000 -0.7162
vn -0.2463 -0.0000 -0.9692
vn 0.2713 -0.0000 -0.9625
vn 0.7162 -0.0000 -0.6979
vn 0.9692 -0.0000 -0.2463
vn 0.9625 -0.0000 0.2713
vn 0.6979 -0.0000 0.7162
vn 0.2463 -0.0000 0.9692
vn -0.2713 -0.0000 0.9625
vn -0.7162 -0.0000 0.6979
vn -0.9692 -0.0000 0.2463
vn -0.8268 -0.0000 0.5625
vn -0.0000 -0.8458 0.5336
vn -0.0617 -0.0000 0.9981
vn 0.0617 -0.0000 0.9981
vn -0.4901 -0.6162 0.6165
vn 0.4901 -0.6162 0.6165
vn 0.8261 -0.0000 0.5636
vn -0.0000 0.8458 0.5336
vn -0.4901 0.6162 0.6165
vn 0.4901 0.6162 0.6165
vn 0.1485 0.9806 -0.1276
vn 0.0707 0.9947 -0.0742
vn 0.0811 0.9945 -0.0668
vn 0.0811 -0.9945 -0.0668
vn 0.1628 -0.9809 -0.1065
vn 0.0512 -0.9982 -0.0327
vn 0.8305 -0.0048 -0.5570
vn 0.7626 -0.0000 -0.6468
vn 0.7807 -0.0032 -0.6249
vn -0.7640 0.0060 0.6451
vn -0.8227 -0.0000 0.5684
vn -0.8300 0.0047 0.5578
vn 0.7174 0.3095 0.6241
vn 0.6811 0.3210 0.6580
vn 0.6791 0.3287 0.6563
vn 0.7752 -0.0070 -0.6317
vn 0.7610 -0.0202 -0.6485
vn 0.6865 0.0002 -0.7271
vn -0.6874 -0.0002 0.7262
vn -0.7640 -0.0060 0.6451
vn -0.6014 -0.0059 0.7989
vn -0.6592 -0.3072 -0.6863
vn -0.7671 -0.3097 -0.5618
vn -0.6884 -0.3289 -0.6464
vn -0.7239 0.3090 -0.6168
vn -0.7671 0.3097 -0.5618
vn -0.6884 0.3289 -0.6464
vn -0.8346 -0.0017 0.5508
vn -0.7725 -0.0171 0.6348
vn -0.6874 0.0002 0.7262
vn 0.6865 -0.0002 -0.7271
vn 0.7177 -0.0131 -0.6962
vn 0.6100 -0.0152 -0.7923
vn 0.6519 -0.3066 0.6935
vn 0.6811 -0.3210 0.6580
vn 0.6791 -0.3287 0.6563
vn -0.6580 0.0101 0.7530
vn -0.5693 -0.0030 0.8221
vn 0.5860 0.0051 -0.8103
vn 0.6100 0.0152 -0.7923
vn -0.6014 0.0059 0.7989
vn -0.5018 -0.0000 0.8650
vn -0.6029 -0.0000 0.7978
vn 0.0707 -0.9947 -0.0742
vn 0.1485 -0.9806 -0.1276
vn 0.6582 0.0107 -0.7527
vn 0.5860 -0.0051 -0.8103
vn -0.5693 0.0030 0.8221
vn -0.8710 -0.2013 -0.4481
vn -0.9259 -0.0000 -0.3778
vn 0.1628 0.9809 -0.1065
vn 0.0512 0.9982 -0.0327
vn 0.1353 0.9808 -0.1404
vn 0.1175 0.9808 -0.1559
vn 0.1353 0.9809 -0.1400
vn -0.7748 -0.3064 -0.5530
vn -0.8350 -0.2919 -0.4665
vn 0.0997 0.9807 -0.1684
vn 0.1211 0.9805 -0.1547
vn 0.1353 -0.9808 -0.1404
vn 0.1175 -0.9808 -0.1559
vn 0.1211 -0.9805 -0.1547
vn -0.8899 -0.0017 0.4561
vn -0.8978 -0.0162 0.4402
vn -0.9123 0.1567 -0.3784
vn -0.8350 0.2919 -0.4665
vn 0.0997 -0.9807 -0.1684
vn 0.3703 0.3071 0.8767
vn 0.4879 0.1484 0.8602
vn 0.4928 0.1484 0.8574
vn 0.3703 -0.3071 0.8767
vn 0.2728 -0.2941 0.9160
vn 0.2621 -0.2924 0.9197
vn 0.6025 -0.0000 -0.7981
vn 0.8907 -0.0018 -0.4547
vn 0.9284 -0.0109 -0.3715
vn 0.8749 0.0015 -0.4842
vn 0.5011 -0.0000 -0.8654
vn 0.8749 -0.0015 -0.4842
vn -0.8346 0.0017 0.5508
vn -0.8300 -0.0047 0.5578
vn 0.7807 0.0032 -0.6249
vn -0.7627 -0.0000 0.6468
vn 0.4984 -0.0000 0.8670
vn 0.8228 -0.0000 -0.5683
vn 0.8305 0.0048 -0.5570
vn 0.4928 -0.1484 0.8574
vn 0.4879 -0.1484 0.8602
vn -0.8710 0.2013 -0.4481
vn -0.9259 -0.0000 -0.3779
vn -0.5018 -0.0058 0.8650
vn 0.9284 0.0109 -0.3715
vn 0.8907 0.0018 -0.4547
vn -0.7748 0.3064 -0.5530
vn -0.6580 -0.0101 0.7530
vn 0.5231 -0.0212 -0.8520
vn 0.7174 -0.3096 0.6241
vn 0.7302 -0.3012 0.6133
vn 0.7610 0.0202 -0.6485
vn 0.7752 0.0070 -0.6317
vn -0.6592 0.3072 -0.6863
vn -0.7136 0.3048 -0.6308
vn -0.8978 0.0162 0.4402
vn -0.8899 0.0017 0.4561
vn 0.2728 0.2941 0.9160
vn 0.2621 0.2924 0.9197
vn -0.9123 -0.1568 -0.3784
vn 0.6582 -0.0107 -0.7527
vn -0.7239 -0.3090 -0.6168
vn -0.7725 0.0171 0.6348
vn 0.7177 0.0131 -0.6962
vn 0.6519 0.3066 0.6935
vn 0.6423 0.3011 0.7048
vn 0.1060 0.9944 -0.0015
vn 0.1928 0.9808 -0.0277
vn 0.0995 0.9949 -0.0146
vn 0.1060 -0.9944 -0.0015
vn 0.1914 -0.9813 0.0210
vn 0.0582 -0.9983 0.0075
vn 0.9940 0.0011 0.1094
vn 0.9998 -0.0000 -0.0218
vn 0.9999 -0.0001 0.0123
vn -0.9998 -0.0003 0.0196
vn -0.9952 -0.0000 -0.0980
vn -0.9940 -0.0012 -0.1098
vn 0.1661 0.3063 0.9373
vn 0.1161 0.3214 0.9398
vn 0.1177 0.3294 0.9368
vn 1.0000 -0.0029 0.0018
vn 0.9996 -0.0038 -0.0282
vn 0.9917 -0.0006 -0.1284
vn -0.9920 0.0006 0.1264
vn -0.9998 0.0003 0.0196
vn -0.9667 -0.0068 0.2559
vn -0.0793 -0.3099 -0.9474
vn -0.2392 -0.3169 -0.9178
vn -0.1237 -0.3284 -0.9364
vn -0.1763 0.3055 -0.9357
vn -0.2392 0.3169 -0.9178
vn -0.1237 0.3284 -0.9364
vn -0.9944 -0.0023 -0.1060
vn -0.9999 -0.0057 0.0082
vn -0.9920 -0.0006 0.1264
vn 0.9917 0.0006 -0.1284
vn 0.9959 0.0013 -0.0905
vn 0.9720 -0.0081 -0.2348
vn 0.0651 -0.3082 0.9491
vn 0.1161 -0.3214 0.9398
vn 0.1177 -0.3294 0.9368
vn -0.9842 0.0047 0.1769
vn -0.9641 -0.0051 0.2654
vn 0.9666 0.0041 -0.2563
vn 0.9720 0.0081 -0.2348
vn -0.9285 0.0125 0.3712
vn -0.9661 -0.0000 0.2580
vn -0.9667 0.0068 0.2559
vn 0.1928 -0.9808 -0.0277
vn 0.0995 -0.9949 -0.0146
vn 0.9851 0.0018 -0.1718
vn 0.9666 -0.0041 -0.2563
vn -0.9641 0.0051 0.2654
vn -0.4761 -0.1481 -0.8668
vn -0.4814 -0.0000 -0.8765
vn -0.3934 -0.1948 -0.8985
vn 0.1914 0.9813 0.0210
vn 0.0582 0.9983 0.0075
vn 0.1901 0.9807 -0.0455
vn 0.1937 0.9807 -0.0263
vn 0.1948 0.9805 -0.0258
vn -0.3532 -0.3071 -0.8837
vn -0.1646 -0.2997 -0.9397
vn -0.2442 -0.2926 -0.9245
vn 0.1802 0.9812 -0.0693
vn 0.1870 0.9811 -0.0494
vn 0.1937 -0.9807 -0.0263
vn 0.1901 -0.9807 -0.0455
vn 0.1948 -0.9805 -0.0258
vn -0.9768 -0.0001 -0.2140
vn -0.9754 -0.0049 -0.2203
vn -0.3532 0.3071 -0.8837
vn -0.3934 0.1948 -0.8985
vn -0.4761 0.1481 -0.8668
vn 0.1870 -0.9811 -0.0494
vn 0.1802 -0.9812 -0.0693
vn -0.2654 0.2936 0.9183
vn -0.1623 0.1562 0.9743
vn -0.2656 0.2918 0.9189
vn -0.2654 -0.2936 0.9183
vn -0.3634 -0.3068 0.8797
vn -0.2656 -0.2918 0.9189
vn 0.9663 -0.0000 -0.2574
vn 0.9767 -0.0001 0.2148
vn 0.9597 0.0009 0.2811
vn 0.9823 -0.0012 0.1876
vn 0.9286 -0.0000 -0.3710
vn 0.9823 0.0012 0.1876
vn -0.9944 0.0023 -0.1060
vn -0.9940 0.0012 -0.1098
vn 0.9999 0.0001 0.0123
vn -0.9998 -0.0000 0.0217
vn -0.1568 0.1547 0.9755
vn -0.1587 -0.0000 0.9873
vn 0.9953 -0.0000 0.0969
vn 0.9940 -0.0011 0.1094
vn -0.1623 -0.1562 0.9743
vn -0.1568 -0.1547 0.9755
vn -0.9285 -0.0000 0.3712
vn -0.9285 -0.0125 0.3712
vn 0.9597 -0.0009 0.2811
vn 0.9767 0.0001 0.2148
vn -0.1646 0.2997 -0.9397
vn -0.2442 0.2926 -0.9245
vn -0.9842 -0.0047 0.1769
vn 0.9406 -0.0197 -0.3389
vn 0.1661 -0.3063 0.9373
vn 0.1820 -0.2981 0.9370
vn 0.9996 0.0038 -0.0282
vn 1.0000 0.0029 0.0018
vn -0.0793 0.3099 -0.9474
vn -0.9754 0.0049 -0.2203
vn -0.9768 0.0001 -0.2140
vn -0.3634 0.3068 0.8797
vn 0.9851 -0.0018 -0.1718
vn -0.1763 -0.3055 -0.9357
vn -0.9999 0.0057 0.0082
vn 0.9959 -0.0013 -0.0905
vn 0.0651 0.3082 0.9491
vn 0.0480 0.3014 0.9523
vn 0.1553 0.9807 0.1190
vn 0.0873 0.9947 0.0540
vn 0.0819 0.9945 0.0656
vn 0.0819 -0.9945 0.0656
vn 0.1373 -0.9810 0.1372
vn 0.0422 -0.9982 0.0432
vn 0.7737 -0.0037 0.6336
vn 0.7283 -0.0000 0.6852
vn 0.7909 -0.0000 0.6120
vn -0.7899 0.0057 -0.6132
vn -0.7286 -0.0000 -0.6849
vn -0.7185 0.0053 -0.6956
vn -0.4612 0.3099 0.8314
vn -0.5013 0.3209 0.8036
vn -0.4995 0.3286 0.8016
vn 0.7780 -0.0061 0.6282
vn 0.7916 -0.0166 0.6108
vn 0.8531 0.0003 0.5217
vn -0.8536 -0.0003 -0.5210
vn -0.7899 -0.0057 -0.6132
vn -0.9069 -0.0050 -0.4213
vn 0.5351 -0.3068 -0.7871
vn 0.3906 -0.3097 -0.8669
vn 0.4903 -0.3290 -0.8071
vn 0.4517 0.3087 -0.8370
vn 0.3906 0.3097 -0.8669
vn 0.4903 0.3290 -0.8071
vn -0.7098 -0.0018 -0.7044
vn -0.7806 -0.0170 -0.6248
vn -0.8536 0.0003 -0.5210
vn 0.8531 -0.0003 0.5217
vn 0.8293 -0.0098 0.5587
vn 0.9011 -0.0118 0.4334
vn -0.5436 -0.3060 0.7816
vn -0.5013 -0.3209 0.8036
vn -0.4995 -0.3286 0.8016
vn -0.8716 0.0069 -0.4901
vn -0.9219 -0.0032 -0.3873
vn 0.9137 0.0044 0.4063
vn 0.9011 0.0118 0.4334
vn -0.9524 0.0058 -0.3049
vn -0.9063 -0.0000 -0.4225
vn -0.9069 0.0050 -0.4213
vn 0.0873 -0.9947 0.0540
vn 0.1553 -0.9807 0.1190
vn 0.8724 0.0072 0.4888
vn 0.9137 -0.0044 0.4063
vn -0.9219 0.0032 -0.3873
vn 0.1812 -0.1565 -0.9709
vn 0.1778 -0.0000 -0.9841
vn 0.2571 -0.2010 -0.9452
vn 0.1373 0.9810 0.1372
vn 0.0423 0.9982 0.0432
vn 0.1651 0.9808 0.1036
vn 0.1766 0.9808 0.0824
vn 0.1645 0.9809 0.1036
vn 0.3804 -0.3065 -0.8725
vn 0.2834 -0.2918 -0.9135
vn 0.1848 0.9808 0.0616
vn 0.1766 0.9805 0.0866
vn 0.1651 -0.9808 0.1036
vn 0.1766 -0.9808 0.0824
vn 0.1766 -0.9805 0.0866
vn -0.6222 -0.0015 -0.7829
vn -0.6156 -0.0167 -0.7879
vn 0.1812 0.1565 -0.9709
vn 0.2834 0.2918 -0.9135
vn 0.1848 -0.9808 0.0616
vn -0.7809 0.3071 0.5439
vn -0.7404 0.1482 0.6556
vn -0.7366 0.1485 0.6598
vn -0.7809 -0.3071 0.5439
vn -0.8397 -0.2937 0.4567
vn -0.8455 -0.2919 0.4471
vn 0.9065 -0.0000 0.4222
vn 0.6215 -0.0016 0.7834
vn 0.5554 -0.0097 0.8315
vn 0.6474 0.0017 0.7621
vn 0.9525 -0.0000 0.3046
vn 0.6474 -0.0017 0.7621
vn 0.7177 -0.0054 0.6964
vn -0.7098 0.0018 -0.7044
vn -0.7185 -0.0053 -0.6956
vn 0.7737 0.0037 0.6336
vn -0.7909 -0.0000 -0.6120
vn -0.7449 -0.0000 0.6672
vn 0.7177 0.0054 0.6964
vn -0.7366 -0.1485 0.6598
vn -0.7404 -0.1482 0.6556
vn 0.2571 0.2010 -0.9453
vn -0.9524 -0.0000 -0.3049
vn -0.9524 -0.0058 -0.3049
vn 0.5554 0.0097 0.8315
vn 0.6215 0.0016 0.7834
vn 0.3804 0.3065 -0.8725
vn -0.8716 -0.0069 -0.4901
vn 0.9417 -0.0179 0.3361
vn -0.4612 -0.3099 0.8314
vn -0.4486 -0.3020 0.8412
vn 0.7916 0.0166 0.6108
vn 0.7780 0.0061 0.6282
vn 0.5351 0.3068 -0.7871
vn 0.4694 0.3046 -0.8288
vn -0.6156 0.0167 -0.7879
vn -0.6222 0.0015 -0.7829
vn -0.8397 0.2937 0.4567
vn -0.8455 0.2919 0.4471
vn 0.8724 -0.0072 0.4888
vn 0.4517 -0.3087 -0.8370
vn -0.7806 0.0170 -0.6248
vn 0.8293 0.0098 0.5587
vn -0.5436 0.3060 0.7816
vn -0.5572 0.3003 0.7742
vn 0.0239 0.9944 0.1030
vn 0.0667 0.9808 0.1831
vn 0.0348 0.9949 0.0946
vn 0.0239 -0.9944 0.1030
vn 0.0229 -0.9806 0.1946
vn 0.0061 -0.9983 0.0574
vn 0.1961 -0.0005 0.9806
vn 0.1145 -0.0000 0.9934
vn 0.2287 -0.0000 0.9735
vn -0.2259 0.0010 -0.9741
vn -0.1128 -0.0000 -0.9936
vn -0.1081 0.0003 -0.9941
vn -0.8825 0.3009 0.3616
vn -0.8914 0.3081 0.3324
vn -0.8902 0.3130 0.3310
vn 0.2079 -0.0030 0.9781
vn 0.2354 -0.0068 0.9719
vn 0.3309 -0.0005 0.9437
vn -0.3264 0.0005 -0.9452
vn -0.2259 -0.0010 -0.9741
vn -0.4482 -0.0084 -0.8939
vn 0.9104 -0.3106 -0.2734
vn 0.8485 -0.3169 -0.4238
vn 0.8906 -0.3283 -0.3147
vn 0.8793 0.3052 -0.3657
vn 0.8485 0.3169 -0.4238
vn 0.8906 0.3283 -0.3147
vn -0.1326 -0.0010 -0.9912
vn -0.2238 -0.0049 -0.9746
vn -0.3264 -0.0005 -0.9452
vn 0.3309 0.0005 0.9437
vn 0.2952 -0.0027 0.9554
vn 0.4303 -0.0117 0.9026
vn -0.9023 -0.2997 0.3099
vn -0.8914 -0.3081 0.3324
vn -0.8902 -0.3130 0.3310
vn -0.3744 0.0078 -0.9272
vn -0.4569 -0.0058 -0.8895
vn 0.4502 0.0050 0.8929
vn 0.4303 0.0117 0.9026
vn -0.5532 0.0140 -0.8329
vn -0.4501 -0.0000 -0.8930
vn -0.4482 0.0084 -0.8939
vn 0.0667 -0.9808 0.1831
vn 0.0348 -0.9949 0.0946
vn 0.3713 0.0051 0.9285
vn 0.4502 -0.0050 0.8929
vn -0.4569 0.0058 -0.8895
vn 0.7493 -0.1483 -0.6454
vn 0.7577 -0.0000 -0.6526
vn 0.7975 -0.1950 -0.5710
vn 0.0229 0.9806 0.1946
vn 0.0061 0.9983 0.0574
vn 0.0837 0.9807 0.1767
vn 0.0656 0.9807 0.1841
vn 0.0653 0.9806 0.1850
vn 0.7913 -0.3071 -0.5287
vn 0.8851 -0.3000 -0.3557
vn 0.8538 -0.2927 -0.4305
vn 0.1051 0.9811 0.1625
vn 0.0868 0.9811 0.1732
vn 0.0656 -0.9807 0.1841
vn 0.0837 -0.9807 0.1767
vn 0.0653 -0.9806 0.1850
vn -0.0687 0.0004 -0.9976
vn -0.0716 -0.0025 -0.9974
vn 0.7913 0.3071 -0.5287
vn 0.7975 0.1949 -0.5710
vn 0.7493 0.1483 -0.6454
vn 0.0868 -0.9811 0.1732
vn 0.1051 -0.9811 0.1625
vn -0.9516 0.2997 0.0679
vn -0.9832 0.1535 0.0991
vn -0.9518 0.2995 0.0664
vn -0.9518 -0.2995 0.0664
vn -0.9515 -0.3004 0.0655
vn -0.9516 -0.3004 0.0654
vn 0.4498 -0.0000 0.8932
vn 0.0692 0.0004 0.9976
vn 0.0491 0.0006 0.9988
vn 0.0785 0.0002 0.9969
vn 0.5533 -0.0000 0.8330
vn 0.0785 -0.0002 0.9969
vn 0.1096 -0.0004 0.9940
vn -0.1326 0.0010 -0.9912
vn -0.1081 -0.0003 -0.9941
vn 0.1961 0.0005 0.9806
vn -0.2282 -0.0000 -0.9736
vn -0.9831 0.1526 0.1007
vn -0.9948 -0.0000 0.1019
vn 0.1096 0.0004 0.9940
vn -0.9832 -0.1535 0.0992
vn -0.9831 -0.1526 0.1007
vn -0.5533 -0.0000 -0.8330
vn -0.5532 -0.0140 -0.8329
vn 0.0491 -0.0006 0.9988
vn 0.0692 -0.0004 0.9976
vn -0.9516 -0.2997 0.0679
vn 0.8851 0.3000 -0.3557
vn 0.8538 0.2927 -0.4305
vn -0.3744 -0.0078 -0.9272
vn 0.5257 -0.0232 0.8504
vn -0.8825 -0.3009 0.3616
vn -0.8800 -0.2954 0.3718
vn 0.2354 0.0068 0.9719
vn 0.2079 0.0030 0.9781
vn 0.9104 0.3106 -0.2734
vn -0.0716 0.0025 -0.9974
vn -0.0687 -0.0004 -0.9976
vn -0.9515 0.3004 0.0656
vn -0.9516 0.3004 0.0655
vn 0.3713 -0.0051 0.9285
vn 0.8793 -0.3052 -0.3657
vn -0.2238 0.0049 -0.9746
vn 0.2952 0.0027 0.9554
vn -0.9023 0.2997 0.3099
vn -0.9057 0.2968 0.3028
vn 0.0083 0.9806 0.1959
vn 0.0041 0.9953 0.0967
vn 0.0042 0.9951 0.0984
vn 0.0042 -0.9951 0.0984
vn 0.0083 -0.9806 0.1959
vn 0.0024 -0.9984 0.0562
vn 0.0425 -0.0000 0.9991
vn -0.0425 -0.0000 -0.9991
vn -0.9285 0.2914 0.2302
vn -0.9245 0.2826 0.2559
vn -0.9257 0.2783 0.2560
vn -0.0454 -0.0004 -0.9990
vn 0.9501 -0.2937 0.1046
vn 0.9552 -0.2941 0.0324
vn 0.9507 -0.2809 0.1311
vn 0.9436 0.2914 0.1572
vn 0.9552 0.2941 0.0324
vn 0.9507 0.2809 0.1311
vn -0.9159 -0.2881 0.2796
vn -0.9245 -0.2826 0.2560
vn -0.9257 -0.2783 0.2560
vn -0.0438 -0.0004 -0.9990
vn -0.0491 0.0010 -0.9988
vn -0.0458 -0.0000 -0.9990
vn -0.0454 0.0004 -0.9990
vn 0.0041 -0.9953 0.0967
vn -0.0438 0.0004 -0.9990
vn 0.9843 -0.1531 -0.0875
vn 0.9960 -0.0000 -0.0894
vn 0.9805 -0.1963 -0.0132
vn 0.0024 0.9984 0.0562
vn 0.0086 0.9807 0.1956
vn 0.9517 -0.2999 -0.0663
vn 0.9538 -0.3002 0.0107
vn 0.9516 -0.3004 -0.0653
vn 0.0091 0.9808 0.1950
vn 0.0086 -0.9807 0.1956
vn 0.9843 0.1531 -0.0875
vn 0.9517 0.2999 -0.0662
vn 0.0091 -0.9808 0.1949
vn -0.9518 0.3005 0.0609
vn -0.9862 0.1524 0.0641
vn -0.9518 0.3005 0.0608
vn -0.9518 -0.3005 0.0608
vn -0.9519 -0.3005 0.0600
vn -0.9519 -0.3005 0.0599
vn 0.0459 -0.0000 0.9989
vn 0.0492 -0.0000 0.9988
vn -0.9863 0.1517 0.0641
vn -0.9979 -0.0000 0.0649
vn -0.9863 -0.1517 0.0641
vn 0.9805 0.1963 -0.0132
vn -0.0491 -0.0000 -0.9988
vn -0.0491 -0.0010 -0.9988
vn -0.9862 -0.1524 0.0641
vn -0.9518 -0.3005 0.0609
vn 0.9538 0.3002 0.0107
vn 0.9516 0.3004 -0.0653
vn -0.9285 -0.2914 0.2302
vn -0.9292 -0.2956 0.2216
vn 0.9501 0.2937 0.1046
vn -0.9519 0.3005 0.0600
vn -0.9519 0.3005 0.0599
vn 0.9436 -0.2914 0.1572
vn -0.9159 0.2881 0.2796
vn -0.9125 0.2913 0.2872
vn 0.0041 0.9953 0.0963
vn 0.0024 -0.9984 0.0563
vn -0.9297 0.2917 0.2249
vn -0.9258 0.2829 0.2508
vn -0.9271 0.2786 0.2508
vn 0.9496 -0.2935 0.1100
vn 0.9550 -0.2941 0.0381
vn 0.9501 -0.2806 0.1365
vn 0.9430 0.2908 0.1617
vn 0.9550 0.2941 0.0381
vn 0.9501 0.2806 0.1365
vn -0.9173 -0.2885 0.2746
vn -0.9258 -0.2829 0.2508
vn -0.9271 -0.2786 0.2508
vn 0.0041 -0.9953 0.0963
vn 0.9863 -0.1524 -0.0639
vn 0.9979 -0.0000 -0.0647
vn 0.9807 -0.1955 0.0054
vn 0.0024 0.9984 0.0563
vn 0.9518 -0.3005 -0.0607
vn 0.9538 -0.3001 0.0163
vn 0.9519 -0.3005 -0.0597
vn 0.9863 0.1524 -0.0639
vn 0.9518 0.3005 -0.0607
vn -0.9522 0.3006 0.0554
vn -0.9866 0.1523 0.0583
vn -0.9522 0.3006 0.0553
vn -0.9522 -0.3005 0.0553
vn -0.9522 -0.3005 0.0544
vn -0.9522 -0.3005 0.0543
vn -0.9867 0.1518 0.0583
vn -0.9983 -0.0000 0.0590
vn -0.9866 -0.1523 0.0583
vn -0.9867 -0.1518 0.0583
vn 0.9807 0.1955 0.0054
vn -0.9522 -0.3006 0.0554
vn 0.9538 0.3001 0.0163
vn 0.9519 0.3005 -0.0597
vn -0.9297 -0.2917 0.2249
vn -0.9304 -0.2959 0.2163
vn 0.9496 0.2935 0.1100
vn -0.9522 0.3005 0.0544
vn -0.9522 0.3005 0.0543
vn 0.9430 -0.2908 0.1617
vn -0.9173 0.2885 0.2746
vn -0.9140 0.2916 0.2822
vn 0.0041 0.9954 0.0959
vn 0.0024 -0.9984 0.0565
vn -0.9309 0.2920 0.2196
vn -0.9271 0.2832 0.2455
vn -0.9284 0.2790 0.2456
vn 0.9490 -0.2932 0.1155
vn 0.9548 -0.2940 0.0436
vn 0.9494 -0.2803 0.1419
vn 0.9422 0.2904 0.1669
vn 0.9548 0.2940 0.0436
vn 0.9494 0.2803 0.1419
vn -0.9187 -0.2889 0.2695
vn -0.9271 -0.2832 0.2455
vn -0.9284 -0.2790 0.2456
vn 0.0041 -0.9954 0.0959
vn 0.9866 -0.1523 -0.0581
vn 0.9983 -0.0000 -0.0589
vn 0.9807 -0.1954 0.0110
vn 0.0024 0.9984 0.0565
vn 0.9522 -0.3006 -0.0551
vn 0.9537 -0.3000 0.0219
vn 0.9522 -0.3005 -0.0542
vn 0.9866 0.1523 -0.0581
vn 0.9522 0.3005 -0.0551
vn -0.9525 0.3006 0.0498
vn -0.9869 0.1522 0.0525
vn -0.9525 0.3006 0.0497
vn -0.9525 -0.3006 0.0497
vn -0.9525 -0.3005 0.0488
vn -0.9525 -0.3005 0.0487
vn -0.9870 0.1519 0.0526
vn -0.9986 -0.0000 0.0532
vn -0.9870 -0.1519 0.0526
vn 0.9807 0.1954 0.0110
vn -0.9869 -0.1522 0.0525
vn -0.9525 -0.3006 0.0498
vn 0.9537 0.3000 0.0219
vn 0.9522 0.3005 -0.0542
vn -0.9309 -0.2920 0.2196
vn -0.9315 -0.2962 0.2110
vn 0.9490 0.2932 0.1154
vn -0.9525 0.3005 0.0488
vn -0.9525 0.3005 0.0487
vn 0.9422 -0.2904 0.1669
vn -0.9187 0.2889 0.2695
vn -0.9154 0.2920 0.2771
vn 0.0041 0.9954 0.0956
vn 0.0024 -0.9984 0.0567
vn -0.9320 0.2923 0.2143
vn -0.9284 0.2835 0.2403
vn -0.9296 0.2793 0.2404
vn 0.9485 -0.2930 0.1209
vn 0.9546 -0.2939 0.0490
vn 0.9486 -0.2800 0.1472
vn 0.9414 0.2901 0.1722
vn 0.9546 0.2939 0.0490
vn 0.9486 0.2800 0.1472
vn -0.9200 -0.2892 0.2644
vn -0.9284 -0.2835 0.2403
vn -0.9296 -0.2793 0.2404
vn 0.0041 -0.9954 0.0956
vn 0.9870 -0.1522 -0.0524
vn 0.9986 -0.0000 -0.0530
vn 0.9806 -0.1953 0.0165
vn 0.0024 0.9984 0.0567
vn 0.9525 -0.3006 -0.0495
vn 0.9536 -0.2999 0.0275
vn 0.9525 -0.3005 -0.0486
vn 0.9870 0.1522 -0.0524
vn 0.9525 0.3006 -0.0495
vn -0.9527 0.3006 0.0442
vn -0.9872 0.1522 0.0468
vn -0.9527 0.3006 0.0441
vn -0.9527 -0.3006 0.0441
vn -0.9528 -0.3005 0.0433
vn -0.9528 -0.3005 0.0432
vn -0.9873 0.1520 0.0468
vn -0.9989 -0.0000 0.0474
vn -0.9872 -0.1522 0.0468
vn -0.9873 -0.1520 0.0468
vn 0.9806 0.1953 0.0165
vn -0.9527 -0.3006 0.0442
vn 0.9536 0.2999 0.0275
vn 0.9525 0.3005 -0.0486
vn -0.9320 -0.2923 0.2143
vn -0.9326 -0.2965 0.2057
vn 0.9485 0.2930 0.1209
vn -0.9528 0.3005 0.0433
vn -0.9528 0.3005 0.0432
vn 0.9414 -0.2901 0.1722
vn -0.9200 0.2892 0.2644
vn -0.9168 0.2924 0.2721
vn 0.0040 0.9955 0.0952
vn 0.0083 -0.9806 0.1958
vn 0.0024 -0.9984 0.0568
vn 0.0423 -0.0000 0.9991
vn -0.0423 -0.0000 -0.9991
vn -0.9331 0.2926 0.2090
vn -0.9296 0.2840 0.2351
vn -0.9308 0.2797 0.2352
vn 0.9478 -0.2927 0.1262
vn 0.9543 -0.2937 0.0545
vn 0.9479 -0.2797 0.1526
vn 0.9405 0.2898 0.1774
vn 0.9543 0.2937 0.0545
vn 0.9479 0.2797 0.1526
vn -0.0418 -0.0000 -0.9991
vn -0.0423 -0.0001 -0.9991
vn -0.9213 -0.2898 0.2592
vn -0.9296 -0.2839 0.2351
vn -0.9308 -0.2797 0.2352
vn 0.0040 -0.9955 0.0952
vn 0.9873 -0.1522 -0.0466
vn 0.9989 -0.0000 -0.0472
vn 0.9805 -0.1952 0.0221
vn 0.0083 0.9806 0.1958
vn 0.0024 0.9984 0.0568
vn 0.9527 -0.3006 -0.0440
vn 0.9534 -0.2998 0.0331
vn 0.9528 -0.3005 -0.0430
vn -0.0409 -0.0000 -0.9992
vn -0.0410 -0.0001 -0.9992
vn 0.9873 0.1522 -0.0466
vn 0.9527 0.3006 -0.0440
vn -0.9532 0.3005 0.0338
vn -0.9876 0.1519 0.0407
vn -0.9875 0.1519 0.0410
vn -0.9532 -0.3006 0.0331
vn -0.9532 -0.3010 0.0269
vn -0.9532 -0.3005 0.0338
vn 0.0409 -0.0000 0.9992
vn 0.0403 -0.0000 0.9992
vn 0.0412 -0.0000 0.9991
vn -0.9991 -0.0000 0.0415
vn -0.9876 -0.1519 0.0407
vn 0.9805 0.1952 0.0221
vn -0.9875 -0.1519 0.0410
vn 0.9534 0.2998 0.0331
vn 0.9528 0.3005 -0.0430
vn -0.9331 -0.2926 0.2090
vn -0.9337 -0.2968 0.2004
vn 0.9478 0.2927 0.1263
vn -0.0410 0.0001 -0.9992
vn -0.9532 0.3010 0.0269
vn -0.9532 0.3006 0.0331
vn 0.9405 -0.2898 0.1774
vn -0.0423 0.0001 -0.9991
vn -0.9213 0.2898 0.2592
vn -0.9181 0.2929 0.2669
vn 0.0013 0.9950 0.1003
vn 0.0078 0.9806 0.1959
vn 0.0038 0.9956 0.0941
vn 0.0013 -0.9950 0.1003
vn -0.0025 -0.9806 0.1961
vn -0.0009 -0.9984 0.0565
vn -0.0146 -0.0004 0.9999
vn 0.0133 -0.0000 0.9999
vn 0.0056 -0.0003 1.0000
vn 0.0147 0.0004 -0.9999
vn -0.0133 -0.0000 -0.9999
vn 0.0135 -0.0000 -0.9999
vn -0.9395 0.2928 0.1779
vn -0.9376 0.2852 0.1989
vn -0.9387 0.2818 0.1987
vn 0.0159 -0.0010 0.9999
vn 0.0168 -0.0007 0.9999
vn 0.0326 -0.0000 0.9995
vn -0.0303 0.0001 -0.9995
vn -0.0135 0.0006 -0.9999
vn -0.0402 -0.0000 -0.9992
vn 0.9453 -0.2930 0.1436
vn 0.9533 -0.2946 0.0672
vn 0.9450 -0.2819 0.1657
vn 0.9386 0.2903 0.1866
vn 0.9533 0.2946 0.0672
vn 0.9450 0.2819 0.1657
vn 0.0064 -0.0003 -1.0000
vn -0.0132 0.0005 -0.9999
vn -0.0303 -0.0001 -0.9995
vn 0.0340 0.0018 0.9994
vn 0.0399 -0.0000 0.9992
vn -0.9319 -0.2893 0.2189
vn -0.9376 -0.2852 0.1989
vn -0.9387 -0.2818 0.1987
vn 0.0400 -0.0000 0.9992
vn 0.0078 -0.9806 0.1959
vn 0.0038 -0.9956 0.0941
vn 0.9876 -0.1518 -0.0409
vn 0.9991 -0.0000 -0.0413
vn 0.9804 -0.1951 0.0288
vn -0.0025 0.9806 0.1961
vn -0.0009 0.9984 0.0565
vn 0.0078 0.9806 0.1960
vn 0.9533 -0.3010 -0.0257
vn 0.9532 -0.3006 -0.0327
vn 0.0079 0.9806 0.1959
vn 0.0078 -0.9806 0.1960
vn 0.0234 -0.0000 -0.9997
vn 0.0202 -0.0010 -0.9998
vn 0.9532 0.3006 -0.0327
vn 0.9804 0.1951 0.0287
vn 0.9876 0.1518 -0.0409
vn 0.0079 -0.9806 0.1959
vn -0.9537 0.3007 -0.0084
vn -0.9883 0.1526 -0.0012
vn -0.9537 0.3006 -0.0092
vn -0.9537 -0.3006 -0.0092
vn -0.9538 -0.3002 -0.0160
vn -0.9538 -0.3001 -0.0167
vn 0.0401 -0.0000 0.9992
vn -0.0233 -0.0000 0.9997
vn -0.0220 0.0001 0.9998
vn 0.0402 -0.0000 0.9992
vn -0.0220 -0.0001 0.9998
vn 0.0064 0.0003 -1.0000
vn 0.0147 -0.0004 -0.9999
vn 0.0056 0.0003 1.0000
vn -0.0135 -0.0006 -0.9999
vn -0.9884 0.1520 -0.0008
vn -1.0000 -0.0000 -0.0008
vn -0.0135 -0.0000 0.9999
vn -0.0146 0.0004 0.9999
vn -0.9883 -0.1526 -0.0012
vn -0.9884 -0.1520 -0.0008
vn 0.9991 -0.0000 -0.0414
vn -0.9537 -0.3007 -0.0084
vn 0.9533 0.3010 -0.0257
vn -0.9395 -0.2928 0.1779
vn -0.9397 -0.2961 0.1710
vn 0.0168 0.0007 0.9999
vn 0.0159 0.0010 0.9999
vn 0.9453 0.2930 0.1436
vn 0.9525 0.2999 0.0519
vn 0.0202 0.0010 -0.9998
vn -0.9538 0.3002 -0.0160
vn -0.9538 0.3000 -0.0167
vn 0.9386 -0.2903 0.1866
vn -0.0132 -0.0005 -0.9999
vn 0.0340 -0.0018 0.9994
vn -0.9319 0.2893 0.2189
vn -0.9295 0.2919 0.2254
vn -0.0031 0.9951 0.0986
vn -0.0055 0.9806 0.1958
vn -0.0027 0.9954 0.0956
vn -0.0031 -0.9951 0.0986
vn -0.0069 -0.9806 0.1959
vn -0.0020 -0.9984 0.0567
vn -0.0327 -0.0000 0.9995
vn -0.0351 -0.0000 0.9994
vn -0.0317 -0.0000 0.9995
vn 0.0320 0.0003 -0.9995
vn 0.0351 -0.0000 -0.9994
vn -0.9460 0.2924 0.1402
vn -0.9444 0.2836 0.1665
vn -0.9457 0.2794 0.1664
vn -0.0341 -0.0000 0.9994
vn -0.0319 -0.0005 0.9995
vn -0.0285 -0.0000 0.9996
vn 0.0286 -0.0000 -0.9996
vn 0.0320 -0.0003 -0.9995
vn 0.0256 -0.0003 -0.9997
vn 0.9374 -0.2940 0.1865
vn 0.9491 -0.2952 0.1096
vn 0.9362 -0.2832 0.2084
vn 0.9288 0.2916 0.2288
vn 0.9491 0.2952 0.1096
vn 0.9362 0.2832 0.2084
vn 0.0347 -0.0000 -0.9994
vn 0.0320 -0.0006 -0.9995
vn -0.0300 -0.0009 0.9996
vn -0.0252 -0.0006 0.9997
vn -0.9380 -0.2893 0.1911
vn -0.9444 -0.2836 0.1664
vn -0.9457 -0.2794 0.1664
vn 0.0265 0.0010 -0.9996
vn -0.0252 0.0006 0.9997
vn 0.0256 0.0003 -0.9997
vn 0.0259 -0.0000 -0.9997
vn -0.0055 -0.9806 0.1958
vn -0.0027 -0.9954 0.0956
vn -0.0264 0.0010 0.9997
vn 0.9883 -0.1526 0.0025
vn 1.0000 -0.0000 0.0022
vn 0.9780 -0.1958 0.0718
vn -0.0069 0.9806 0.1959
vn -0.0020 0.9984 0.0567
vn -0.0050 0.9806 0.1959
vn 0.9537 -0.3006 0.0104
vn 0.9493 -0.2999 0.0943
vn 0.9538 -0.3001 0.0180
vn -0.0046 0.9806 0.1960
vn -0.0051 0.9806 0.1959
vn -0.0050 -0.9806 0.1959
vn -0.0051 -0.9806 0.1959
vn 0.9883 0.1526 0.0025
vn 0.9537 0.3006 0.0104
vn -0.0046 -0.9806 0.1960
vn -0.9532 0.3006 -0.0310
vn -0.9879 0.1521 -0.0312
vn -0.9532 0.3006 -0.0311
vn -0.9532 -0.3006 -0.0311
vn -0.9532 -0.3005 -0.0320
vn -0.9532 -0.3005 -0.0321
vn -0.0258 -0.0000 0.9997
vn 0.0317 -0.0000 -0.9995
vn -0.9879 0.1520 -0.0312
vn -0.9995 -0.0000 -0.0315
vn -0.9879 -0.1521 -0.0312
vn -0.9879 -0.1520 -0.0312
vn 0.9780 0.1958 0.0718
vn -0.9532 -0.3006 -0.0310
vn 0.9493 0.2999 0.0943
vn 0.9538 0.3000 0.0180
vn 0.0265 -0.0010 -0.9996
vn -0.0232 -0.0000 0.9997
vn -0.9460 -0.2923 0.1402
vn -0.9459 -0.2966 0.1316
vn -0.0319 0.0005 0.9995
vn 0.9374 0.2940 0.1865
vn -0.9532 0.3005 -0.0320
vn -0.9532 0.3005 -0.0321
vn -0.0264 -0.0010 0.9997
vn 0.9288 -0.2916 0.2288
vn 0.0320 0.0006 -0.9995
vn -0.0300 0.0009 0.9996
vn -0.9380 0.2893 0.1911
vn -0.9353 0.2925 0.1990
vn -0.0035 0.9951 0.0984
vn -0.0033 0.9955 0.0951
vn -0.0035 -0.9951 0.0984
vn -0.0020 -0.9984 0.0569
vn -0.9467 0.2926 0.1348
vn -0.9452 0.2839 0.1611
vn -0.9465 0.2797 0.1611
vn 0.9350 -0.2926 0.2005
vn 0.9471 -0.2937 0.1296
vn 0.9329 -0.2797 0.2268
vn 0.9236 0.2897 0.2509
vn 0.9471 0.2937 0.1296
vn 0.9329 0.2797 0.2268
vn -0.9389 -0.2897 0.1858
vn -0.9452 -0.2839 0.1611
vn -0.9465 -0.2797 0.1611
vn -0.0033 -0.9955 0.0951
vn 0.9879 -0.1521 0.0314
vn 0.9995 -0.0000 0.0317
vn 0.9757 -0.1952 0.0993
vn -0.0020 0.9984 0.0569
vn 0.9532 -0.3006 0.0313
vn 0.9479 -0.2998 0.1082
vn 0.9532 -0.3005 0.0322
vn 0.9879 0.1521 0.0314
vn 0.9532 0.3006 0.0313
vn -0.9531 0.3006 -0.0366
vn -0.9877 0.1521 -0.0370
vn -0.9877 0.1520 -0.0370
vn -0.9530 -0.3006 -0.0367
vn -0.9530 -0.3006 -0.0376
vn -0.9531 -0.3006 -0.0366
vn -0.9993 -0.0000 -0.0374
vn -0.9877 -0.1520 -0.0370
vn -0.9877 -0.1521 -0.0370
vn 0.9757 0.1952 0.0993
vn 0.9479 0.2998 0.1082
vn 0.9532 0.3005 0.0322
vn -0.9467 -0.2926 0.1348
vn -0.9466 -0.2968 0.1262
vn 0.9350 0.2926 0.2005
vn -0.9530 0.3006 -0.0376
vn -0.9530 0.3006 -0.0367
vn 0.9236 -0.2897 0.2509
vn -0.9389 0.2897 0.1858
vn -0.9363 0.2928 0.1938
vn -0.0033 0.9955 0.0948
vn -0.0020 -0.9984 0.0571
vn -0.9473 0.2929 0.1294
vn -0.9460 0.2842 0.1557
vn -0.9473 0.2800 0.1557
vn 0.9339 -0.2924 0.2059
vn 0.9464 -0.2935 0.1351
vn 0.9317 -0.2794 0.2320
vn 0.9223 0.2893 0.2561
vn 0.9464 0.2935 0.1351
vn 0.9317 0.2794 0.2320
vn -0.9398 -0.2900 0.1806
vn -0.9460 -0.2842 0.1557
vn -0.9473 -0.2800 0.1557
vn -0.0033 -0.9955 0.0948
vn 0.9877 -0.1520 0.0371
vn 0.9993 -0.0000 0.0376
vn 0.9752 -0.1951 0.1049
vn -0.0020 0.9984 0.0571
vn 0.9530 -0.3006 0.0377
vn 0.9530 -0.3006 0.0368
vn 0.9530 0.3006 0.0368
vn 0.9752 0.1951 0.1049
vn 0.9877 0.1520 0.0371
vn -0.9528 0.3006 -0.0422
vn -0.9874 0.1521 -0.0428
vn -0.9875 0.1519 -0.0428
vn -0.9528 -0.3006 -0.0423
vn -0.9528 -0.3006 -0.0432
vn -0.9528 -0.3006 -0.0422
vn -0.9991 -0.0000 -0.0433
vn -0.9875 -0.1519 -0.0428
vn -0.9874 -0.1521 -0.0428
vn 0.9530 0.3006 0.0378
vn -0.9473 -0.2929 0.1294
vn -0.9472 -0.2971 0.1207
vn 0.9339 0.2924 0.2059
vn 0.9472 0.2997 0.1139
vn -0.9528 0.3006 -0.0432
vn -0.9528 0.3006 -0.0423
vn 0.9223 -0.2893 0.2561
vn -0.9398 0.2900 0.1806
vn -0.9373 0.2932 0.1886
vn -0.0033 0.9955 0.0944
vn -0.0020 -0.9984 0.0572
vn -0.9480 0.2932 0.1240
vn -0.9468 0.2845 0.1504
vn -0.9481 0.2802 0.1504
vn 0.9328 -0.2921 0.2113
vn 0.9456 -0.2934 0.1405
vn 0.9305 -0.2791 0.2373
vn 0.9210 0.2890 0.2613
vn 0.9456 0.2934 0.1405
vn 0.9305 0.2791 0.2373
vn -0.9407 -0.2904 0.1753
vn -0.9468 -0.2845 0.1504
vn -0.9481 -0.2802 0.1503
vn -0.0033 -0.9955 0.0944
vn 0.9875 -0.1519 0.0430
vn 0.9991 -0.0000 0.0435
vn 0.9746 -0.1950 0.1105
vn -0.0020 0.9984 0.0572
vn 0.9528 -0.3006 0.0434
vn 0.9528 -0.3006 0.0424
vn 0.9528 0.3006 0.0424
vn 0.9746 0.1950 0.1105
vn 0.9875 0.1519 0.0430
vn -0.9526 0.3006 -0.0479
vn -0.9871 0.1522 -0.0487
vn -0.9872 0.1518 -0.0486
vn -0.9526 -0.3006 -0.0480
vn -0.9525 -0.3006 -0.0488
vn -0.9526 -0.3006 -0.0479
vn -0.9988 -0.0000 -0.0492
vn -0.9872 -0.1518 -0.0486
vn -0.9871 -0.1522 -0.0486
vn 0.9528 0.3006 0.0434
vn -0.9480 -0.2932 0.1239
vn -0.9478 -0.2973 0.1153
vn 0.9328 0.2921 0.2113
vn 0.9466 0.2995 0.1195
vn -0.9525 0.3006 -0.0488
vn -0.9526 0.3006 -0.0480
vn 0.9210 -0.2890 0.2613
vn -0.9407 0.2904 0.1753
vn -0.9382 0.2936 0.1833
vn -0.0035 0.9951 0.0985
vn -0.0033 0.9956 0.0940
vn -0.0035 -0.9951 0.0985
vn -0.0020 -0.9983 0.0574
vn -0.9486 0.2934 0.1185
vn -0.9476 0.2848 0.1450
vn -0.9488 0.2805 0.1450
vn 0.9316 -0.2918 0.2166
vn 0.9448 -0.2932 0.1460
vn 0.9292 -0.2787 0.2426
vn 0.9196 0.2886 0.2664
vn 0.9448 0.2932 0.1460
vn 0.9292 0.2787 0.2426
vn -0.9416 -0.2907 0.1701
vn -0.9476 -0.2848 0.1450
vn -0.9488 -0.2805 0.1450
vn -0.0033 -0.9956 0.0940
vn 0.9872 -0.1518 0.0488
vn 0.9988 -0.0000 0.0493
vn 0.9739 -0.1948 0.1161
vn -0.0020 0.9983 0.0574
vn 0.9525 -0.3006 0.0490
vn 0.9526 -0.3006 0.0480
vn 0.9526 0.3005 0.0480
vn 0.9739 0.1948 0.1161
vn 0.9872 0.1518 0.0488
vn -0.9523 0.3005 -0.0535
vn -0.9868 0.1523 -0.0545
vn -0.9869 0.1517 -0.0544
vn -0.9523 -0.3005 -0.0536
vn -0.9522 -0.3006 -0.0544
vn -0.9523 -0.3005 -0.0535
vn -0.9985 -0.0000 -0.0551
vn -0.9869 -0.1517 -0.0544
vn -0.9868 -0.1523 -0.0545
vn 0.9525 0.3006 0.0490
vn -0.9486 -0.2934 0.1185
vn -0.9484 -0.2976 0.1099
vn 0.9316 0.2918 0.2166
vn 0.9459 0.2994 0.1251
vn -0.9522 0.3006 -0.0544
vn -0.9523 0.3005 -0.0536
vn 0.9196 -0.2886 0.2664
vn -0.9416 0.2907 0.1701
vn -0.9391 0.2939 0.1781
vn -0.0069 0.9806 0.1960
vn -0.0033 0.9956 0.0936
vn -0.0069 -0.9806 0.1960
vn -0.0020 -0.9983 0.0576
vn -0.9492 0.2937 0.1131
vn -0.9483 0.2851 0.1396
vn -0.9496 0.2808 0.1396
vn 0.9305 -0.2915 0.2219
vn 0.9440 -0.2930 0.1515
vn 0.9279 -0.2784 0.2478
vn 0.9183 0.2882 0.2715
vn 0.9440 0.2930 0.1515
vn 0.9279 0.2784 0.2478
vn -0.9424 -0.2910 0.1648
vn -0.9483 -0.2851 0.1396
vn -0.9496 -0.2808 0.1396
vn -0.0033 -0.9956 0.0936
vn 0.9869 -0.1517 0.0546
vn 0.9985 -0.0000 0.0552
vn 0.9733 -0.1947 0.1216
vn -0.0020 0.9983 0.0576
vn 0.9522 -0.3006 0.0546
vn 0.9523 -0.3005 0.0536
vn 0.9523 0.3005 0.0536
vn 0.9733 0.1947 0.1216
vn 0.9869 0.1517 0.0546
vn -0.9520 0.3005 -0.0591
vn -0.9865 0.1524 -0.0603
vn -0.9866 0.1516 -0.0602
vn -0.9519 -0.3005 -0.0592
vn -0.9519 -0.3005 -0.0600
vn -0.9520 -0.3005 -0.0591
vn -0.9981 -0.0000 -0.0609
vn -0.9866 -0.1516 -0.0602
vn -0.9865 -0.1524 -0.0603
vn 0.9522 0.3006 0.0546
vn -0.9492 -0.2937 0.1131
vn -0.9489 -0.2978 0.1044
vn 0.9305 0.2915 0.2219
vn 0.9452 0.2992 0.1307
vn -0.9519 0.3005 -0.0600
vn -0.9519 0.3005 -0.0592
vn 0.9183 -0.2882 0.2715
vn -0.9424 0.2910 0.1648
vn -0.9400 0.2942 0.1728
vn -0.0047 0.9951 0.0991
vn -0.0033 0.9956 0.0933
vn -0.0047 -0.9951 0.0991
vn -0.0116 -0.9808 0.1946
vn -0.0037 -0.9983 0.0589
vn -0.0420 -0.0010 0.9991
vn -0.0458 -0.0000 0.9990
vn -0.0404 -0.0000 0.9992
vn 0.0398 0.0007 -0.9992
vn 0.0456 -0.0000 -0.9990
vn 0.0511 0.0013 -0.9987
vn -0.9498 0.2939 0.1076
vn -0.9476 0.2922 0.1293
vn -0.9479 0.2892 0.1338
vn -0.0387 -0.0011 0.9993
vn -0.0425 -0.0023 0.9991
vn 0.0398 -0.0007 -0.9992
vn 0.9293 -0.2912 0.2272
vn 0.9432 -0.2928 0.1569
vn 0.9266 -0.2781 0.2531
vn 0.9169 0.2878 0.2766
vn 0.9432 0.2928 0.1569
vn 0.9266 0.2781 0.2530
vn 0.0640 -0.0009 -0.9980
vn 0.0460 -0.0037 -0.9989
vn -0.9450 -0.2983 0.1344
vn -0.9476 -0.2922 0.1293
vn -0.9479 -0.2892 0.1338
vn -0.0033 -0.9956 0.0933
vn 0.9866 -0.1516 0.0604
vn 0.9981 -0.0000 0.0611
vn 0.9726 -0.1946 0.1272
vn -0.0116 0.9808 0.1946
vn -0.0037 0.9983 0.0589
vn 0.9519 -0.3005 0.0602
vn 0.9519 -0.3005 0.0592
vn 0.1052 -0.0015 -0.9944
vn 0.1257 -0.0078 -0.9920
vn 0.9519 0.3005 0.0592
vn 0.9726 0.1946 0.1272
vn 0.9866 0.1516 0.0604
vn -0.9391 0.3054 -0.1575
vn -0.9849 0.1498 -0.0871
vn -0.9852 0.1496 -0.0833
vn -0.9391 -0.3054 -0.1575
vn -0.9236 -0.2938 -0.2463
vn -0.9215 -0.2922 -0.2559
vn -0.1066 -0.0015 0.9943
vn -0.1685 -0.0070 0.9857
vn -0.0880 -0.0000 0.9961
vn -0.0515 -0.0013 0.9987
vn 0.0640 0.0009 -0.9980
vn 0.0511 -0.0013 -0.9987
vn -0.0420 0.0010 0.9991
vn 0.0403 -0.0000 -0.9992
vn -0.9964 -0.0000 -0.0843
vn -0.0515 0.0013 0.9987
vn -0.9852 -0.1496 -0.0833
vn -0.9849 -0.1498 -0.0871
vn -0.1685 0.0070 0.9857
vn -0.1066 0.0015 0.9943
vn 0.9519 0.3005 0.0602
vn -0.9498 -0.2939 0.1076
vn -0.9494 -0.2980 0.0989
vn -0.0425 0.0023 0.9991
vn -0.0387 0.0011 0.9993
vn 0.9293 0.2912 0.2272
vn 0.9445 0.2991 0.1363
vn 0.1257 0.0078 -0.9920
vn 0.1052 0.0015 -0.9944
vn -0.9236 0.2938 -0.2463
vn -0.9215 0.2922 -0.2559
vn 0.9169 -0.2878 0.2766
vn 0.0460 0.0037 -0.9989
vn -0.9450 0.2983 0.1344
vn -0.9449 0.2984 0.1347
vn -0.0538 0.9944 0.0909
vn -0.0781 0.9808 0.1787
vn -0.0405 0.9948 0.0930
vn -0.0538 -0.9944 0.0909
vn -0.1177 -0.9807 0.1563
vn -0.0374 -0.9981 0.0486
vn -0.6047 -0.0015 0.7965
vn -0.5026 -0.0000 0.8645
vn -0.5297 -0.0015 0.8482
vn 0.5052 0.0039 -0.8630
vn 0.5950 -0.0000 -0.8037
vn 0.6045 0.0014 -0.7966
vn -0.8858 0.3072 -0.3477
vn -0.8625 0.3213 -0.3910
vn -0.8601 0.3289 -0.3899
vn -0.5255 -0.0050 0.8508
vn -0.4998 -0.0148 0.8660
vn -0.4104 -0.0002 0.9119
vn 0.4094 0.0002 -0.9124
vn 0.5052 -0.0039 -0.8630
vn 0.2920 -0.0086 -0.9564
vn 0.8508 -0.3091 0.4249
vn 0.9082 -0.3125 0.2786
vn 0.8686 -0.3214 0.3772
vn 0.8846 0.2989 0.3579
vn 0.9082 0.3125 0.2786
vn 0.8686 0.3214 0.3772
vn 0.6062 0.0003 -0.7953
vn 0.5110 -0.0115 -0.8595
vn 0.4094 -0.0002 -0.9124
vn -0.4104 0.0002 0.9119
vn -0.4448 -0.0102 0.8956
vn -0.3102 -0.0194 0.9505
vn -0.8461 -0.3090 -0.4343
vn -0.8625 -0.3213 -0.3910
vn -0.8601 -0.3289 -0.3899
vn 0.3638 0.0123 -0.9314
vn 0.2673 -0.0048 -0.9636
vn -0.2892 0.0065 0.9572
vn -0.3102 0.0194 0.9505
vn 0.1756 0.0109 -0.9844
vn 0.2920 -0.0000 -0.9564
vn 0.2920 0.0086 -0.9564
vn -0.0781 -0.9808 0.1787
vn -0.0405 -0.9948 0.0930
vn -0.3699 0.0127 0.9290
vn -0.2892 -0.0065 0.9572
vn 0.2673 0.0048 -0.9636
vn 0.9841 -0.1494 0.0960
vn 0.9953 -0.0000 0.0971
vn 0.9651 -0.1947 0.1752
vn -0.1177 0.9807 0.1563
vn -0.0374 0.9981 0.0486
vn -0.0614 0.9807 0.1859
vn -0.0794 0.9807 0.1784
vn -0.0798 0.9807 0.1787
vn 0.9369 -0.3055 0.1698
vn 0.8878 -0.2985 0.3504
vn 0.9163 -0.2923 0.2737
vn -0.0365 0.9809 0.1908
vn -0.0571 0.9810 0.1857
vn -0.0794 -0.9807 0.1784
vn -0.0614 -0.9807 0.1859
vn -0.0798 -0.9807 0.1787
vn 0.6884 0.0043 -0.7253
vn 0.6985 -0.0035 -0.7156
vn 0.9369 0.3055 0.1698
vn 0.9651 0.1947 0.1752
vn 0.9841 0.1494 0.0960
vn -0.0571 -0.9810 0.1857
vn -0.0365 -0.9809 0.1908
vn -0.6481 0.2994 -0.7003
vn -0.7477 0.1474 -0.6474
vn -0.7514 0.1479 -0.6431
vn -0.6395 -0.3010 -0.7074
vn -0.5610 -0.3077 -0.7685
vn -0.6481 -0.2994 -0.7003
vn -0.2926 -0.0000 0.9562
vn -0.2927 -0.0000 0.9562
vn -0.6894 0.0043 0.7244
vn -0.7528 0.0029 0.6583
vn -0.6655 0.0037 0.7464
vn -0.1766 -0.0000 0.9843
vn -0.6655 -0.0037 0.7464
vn 0.6062 -0.0003 -0.7953
vn 0.6045 -0.0014 -0.7966
vn -0.5297 0.0015 0.8482
vn 0.5027 -0.0000 -0.8645
vn -0.7597 -0.0000 -0.6502
vn -0.6047 0.0015 0.7965
vn -0.5946 -0.0000 0.8040
vn -0.7514 -0.1479 -0.6431
vn -0.7477 -0.1474 -0.6474
vn 0.1757 -0.0000 -0.9845
vn 0.1756 -0.0109 -0.9844
vn -0.7528 -0.0029 0.6583
vn -0.6894 -0.0043 0.7244
vn 0.8878 0.2985 0.3504
vn 0.9163 0.2923 0.2737
vn 0.3638 -0.0123 -0.9314
vn -0.2065 -0.0303 0.9780
vn -0.8859 -0.3072 -0.3477
vn -0.8941 -0.2988 -0.3336
vn -0.4998 0.0148 0.8660
vn -0.5255 0.0050 0.8508
vn 0.8508 0.3091 0.4249
vn 0.6985 0.0035 -0.7156
vn 0.6884 -0.0043 -0.7253
vn -0.5610 0.3077 -0.7685
vn -0.6395 0.3010 -0.7074
vn -0.3699 -0.0127 0.9290
vn 0.8846 -0.2989 0.3579
vn 0.5110 0.0115 -0.8595
vn -0.4448 0.0102 0.8956
vn -0.8461 0.3090 -0.4343
vn -0.8408 0.3033 -0.4484
vn -0.1819 0.9808 0.0698
vn -0.0912 0.9948 0.0459
vn -0.0985 0.9945 0.0352
vn -0.0985 -0.9945 0.0352
vn -0.1876 -0.9813 0.0441
vn -0.0580 -0.9982 0.0128
vn -0.9668 -0.0014 0.2556
vn -0.9340 -0.0000 0.3572
vn -0.9428 -0.0017 0.3333
vn 0.9344 0.0019 -0.3562
vn 0.9618 -0.0000 -0.2737
vn 0.9664 0.0013 -0.2572
vn -0.4691 0.3094 -0.8272
vn -0.4257 0.3208 -0.8461
vn -0.4262 0.3285 -0.8429
vn -0.9428 -0.0034 0.3334
vn -0.9352 -0.0050 0.3542
vn -0.8914 0.0006 0.4532
vn 0.8907 0.0002 -0.4545
vn 0.9344 -0.0019 -0.3562
vn 0.8293 -0.0026 -0.5588
vn 0.3931 -0.3069 0.8667
vn 0.5358 -0.3097 0.7855
vn 0.4314 -0.3292 0.8399
vn 0.4822 0.3077 0.8202
vn 0.5358 0.3097 0.7855
vn 0.4314 0.3292 0.8399
vn 0.9721 -0.0035 -0.2347
vn 0.9413 -0.0118 -0.3375
vn 0.8907 -0.0002 -0.4546
vn -0.8914 -0.0006 0.4532
vn -0.9104 0.0012 0.4136
vn -0.8405 -0.0015 0.5418
vn -0.3820 -0.3058 -0.8721
vn -0.4257 -0.3208 -0.8461
vn -0.4262 -0.3285 -0.8429
vn 0.8744 -0.0002 -0.4852
vn 0.8132 -0.0023 -0.5820
vn -0.8243 0.0027 0.5662
vn -0.8405 0.0015 0.5418
vn 0.7432 0.0065 -0.6691
vn 0.8292 -0.0000 -0.5590
vn 0.8293 0.0026 -0.5588
vn -0.0912 -0.9948 0.0459
vn -0.1819 -0.9808 0.0698
vn -0.8735 -0.0044 0.4868
vn -0.8243 -0.0027 0.5662
vn 0.8132 0.0023 -0.5820
vn 0.7340 -0.1560 0.6609
vn 0.7470 -0.0000 0.6649
vn 0.6739 -0.2006 0.7111
vn -0.1876 0.9813 0.0441
vn -0.0580 0.9982 0.0128
vn -0.1745 0.9809 0.0858
vn -0.1613 0.9810 0.1075
vn -0.1740 0.9811 0.0850
vn 0.5460 -0.3073 0.7794
vn 0.6317 -0.2918 0.7182
vn -0.1455 0.9814 0.1257
vn -0.1661 0.9805 0.1053
vn -0.1745 -0.9809 0.0858
vn -0.1613 -0.9810 0.1075
vn -0.1661 -0.9805 0.1053
vn 0.9936 -0.0033 -0.1131
vn 0.9934 -0.0133 -0.1139
vn 0.7340 0.1560 0.6609
vn 0.6317 0.2918 0.7182
vn -0.1455 -0.9814 0.1257
vn -0.0627 0.3011 -0.9515
vn -0.1731 0.1568 -0.9723
vn -0.0515 0.2996 -0.9527
vn -0.0515 -0.2996 -0.9527
vn 0.0481 -0.2928 -0.9550
vn 0.0594 -0.2910 -0.9549
vn -0.8292 -0.0000 0.5590
vn -0.9936 -0.0033 0.1130
vn -0.9990 -0.0053 0.0448
vn -0.9893 -0.0023 0.1462
vn -0.7438 -0.0000 0.6684
vn -0.9893 0.0023 0.1462
vn 0.9721 0.0035 -0.2347
vn 0.9664 -0.0013 -0.2572
vn -0.9428 0.0017 0.3333
vn 0.9340 -0.0000 -0.3572
vn -0.1787 0.1550 -0.9716
vn -0.1809 -0.0000 -0.9835
vn -0.9668 0.0014 0.2556
vn -0.9621 -0.0000 0.2728
vn -0.1731 -0.1568 -0.9723
vn -0.1787 -0.1550 -0.9716
vn 0.6739 0.2005 0.7111
vn 0.7432 -0.0000 -0.6691
vn 0.7432 -0.0065 -0.6691
vn -0.9990 0.0053 0.0448
vn -0.9936 0.0033 0.1130
vn -0.0627 -0.3011 -0.9515
vn 0.5460 0.3073 0.7794
vn 0.8744 0.0002 -0.4852
vn -0.7771 -0.0086 0.6294
vn -0.4691 -0.3093 -0.8272
vn -0.4830 -0.3018 -0.8219
vn -0.9352 0.0050 0.3542
vn -0.9428 0.0034 0.3334
vn 0.3931 0.3069 0.8667
vn 0.4628 0.3052 0.8322
vn 0.9934 0.0133 -0.1139
vn 0.9936 0.0032 -0.1131
vn 0.0481 0.2928 -0.9550
vn 0.0594 0.2910 -0.9549
vn -0.8735 0.0044 0.4868
vn 0.4822 -0.3077 0.8202
vn 0.9413 0.0118 -0.3375
vn -0.9104 -0.0012 0.4136
vn -0.3820 0.3058 -0.8721
vn -0.3675 0.2995 -0.8805
vn -0.0999 0.9944 -0.0338
vn -0.1910 0.9808 -0.0398
vn -0.0996 0.9948 -0.0207
vn -0.0999 -0.9944 -0.0338
vn -0.1776 -0.9806 -0.0827
vn -0.0557 -0.9981 -0.0265
vn -0.9056 -0.0023 -0.4240
vn -0.9499 -0.0000 -0.3125
vn -0.9398 -0.0019 -0.3416
vn 0.9489 0.0051 0.3156
vn 0.9108 -0.0000 0.4129
vn 0.9058 0.0022 0.4237
vn 0.1568 0.3076 -0.9385
vn 0.2040 0.3213 -0.9247
vn 0.2038 0.3288 -0.9221
vn -0.9409 -0.0057 -0.3387
vn -0.9505 -0.0181 -0.3103
vn -0.9773 -0.0001 -0.2119
vn 0.9776 0.0001 0.2103
vn 0.9489 -0.0051 0.3156
vn 0.9959 -0.0086 0.0895
vn -0.2397 -0.3091 0.9203
vn -0.0751 -0.3134 0.9467
vn -0.1893 -0.3288 0.9252
vn -0.1469 0.3072 0.9402
vn -0.0751 0.3134 0.9467
vn -0.1893 0.3288 0.9252
vn 0.9039 0.0004 0.4277
vn 0.9465 -0.0139 0.3224
vn 0.9776 -0.0001 0.2103
vn -0.9773 0.0001 -0.2119
vn -0.9680 -0.0138 -0.2505
vn -0.9942 -0.0218 -0.1055
vn 0.2487 -0.3089 -0.9180
vn 0.2040 -0.3213 -0.9247
vn 0.2038 -0.3288 -0.9221
vn 0.9866 0.0143 0.1625
vn 0.9984 -0.0043 0.0569
vn -0.9966 0.0071 -0.0815
vn -0.9942 0.0218 -0.1056
vn 0.9995 0.0095 -0.0288
vn 0.9959 -0.0000 0.0905
vn 0.9959 0.0086 0.0895
vn -0.1910 -0.9808 -0.0398
vn -0.0996 -0.9948 -0.0207
vn -0.9855 0.0155 -0.1688
vn -0.9966 -0.0071 -0.0815
vn 0.9984 0.0043 0.0569
vn 0.1542 -0.1567 0.9755
vn 0.1617 -0.0000 0.9868
vn 0.0738 -0.2012 0.9768
vn -0.1776 0.9806 -0.0827
vn -0.0557 0.9981 -0.0265
vn -0.1909 0.9808 -0.0409
vn -0.1939 0.9809 -0.0178
vn -0.1911 0.9807 -0.0408
vn 0.0330 -0.2994 0.9535
vn -0.1586 -0.2981 0.9413
vn -0.0780 -0.2913 0.9534
vn -0.1949 0.9808 0.0037
vn -0.1946 0.9806 -0.0218
vn -0.1909 -0.9808 -0.0409
vn -0.1939 -0.9809 -0.0178
vn -0.1946 -0.9806 -0.0218
vn 0.8532 0.0040 0.5216
vn 0.8441 -0.0052 0.5361
vn 0.1542 0.1567 0.9755
vn 0.0330 0.2994 0.9536
vn -0.1949 -0.9808 0.0037
vn 0.5539 0.3071 -0.7739
vn 0.4784 0.1477 -0.8656
vn 0.4734 0.1480 -0.8683
vn 0.5539 -0.3071 -0.7739
vn 0.6384 -0.2942 -0.7113
vn 0.6471 -0.2924 -0.7041
vn -0.9959 -0.0000 -0.0904
vn -0.8524 0.0040 -0.5229
vn -0.7978 0.0009 -0.6029
vn -0.8694 0.0040 -0.4941
vn -0.9996 -0.0000 0.0293
vn -0.8694 -0.0040 -0.4941
vn 0.9039 -0.0004 0.4277
vn 0.9058 -0.0023 0.4237
vn -0.9398 0.0019 -0.3416
vn 0.9499 -0.0000 0.3125
vn 0.4787 -0.0000 -0.8780
vn -0.9109 -0.0000 -0.4126
vn -0.9056 0.0023 -0.4240
vn 0.4734 -0.1480 -0.8683
vn 0.4784 -0.1477 -0.8656
vn 0.9996 -0.0000 -0.0288
vn 0.9995 -0.0095 -0.0288
vn -0.7979 -0.0009 -0.6029
vn -0.8524 -0.0040 -0.5229
vn -0.1586 0.2981 0.9413
vn -0.0780 0.2913 0.9534
vn 0.9866 -0.0143 0.1625
vn -0.9995 -0.0318 0.0022
vn 0.1568 -0.3076 -0.9385
vn 0.1411 -0.2993 -0.9437
vn -0.9505 0.0181 -0.3103
vn -0.9409 0.0057 -0.3387
vn -0.2397 0.3091 0.9203
vn 0.8441 0.0052 0.5361
vn 0.8532 -0.0040 0.5216
vn 0.6384 0.2942 -0.7113
vn 0.6471 0.2924 -0.7041
vn -0.9855 -0.0155 -0.1688
vn -0.1469 -0.3072 0.9402
vn 0.9465 0.0139 0.3224
vn -0.9680 0.0138 -0.2505
vn 0.2487 0.3089 -0.9180
vn 0.2631 0.3034 -0.9158
vn -0.0551 0.9945 -0.0889
vn -0.1214 0.9812 -0.1503
vn -0.0636 0.9949 -0.0786
vn -0.0551 -0.9945 -0.0889
vn -0.0815 -0.9813 -0.1741
vn -0.0243 -0.9982 -0.0539
vn -0.4528 0.0012 -0.8916
vn -0.5469 -0.0000 -0.8372
vn -0.5249 -0.0003 -0.8512
vn 0.5456 0.0007 0.8380
vn 0.4696 -0.0000 0.8829
vn 0.4544 -0.0013 0.8908
vn 0.7125 0.3087 -0.6301
vn 0.7399 0.3208 -0.5913
vn 0.7365 0.3286 -0.5913
vn -0.5207 -0.0025 -0.8537
vn -0.5406 -0.0020 -0.8413
vn -0.6277 0.0001 -0.7785
vn 0.6286 0.0001 0.7777
vn 0.5456 -0.0007 0.8380
vn 0.7197 -0.0036 0.6943
vn -0.7659 -0.3077 0.5645
vn -0.6591 -0.3132 0.6838
vn -0.7327 -0.3288 0.5958
vn -0.7033 0.3071 0.6411
vn -0.6591 0.3132 0.6838
vn -0.7327 0.3288 0.5958
vn 0.4311 -0.0043 0.9023
vn 0.5263 -0.0098 0.8503
vn 0.6286 -0.0001 0.7777
vn -0.6277 -0.0001 -0.7785
vn -0.5926 0.0045 -0.8055
vn -0.7060 0.0005 -0.7082
vn 0.7744 -0.3063 -0.5536
vn 0.7399 -0.3208 -0.5913
vn 0.7365 -0.3286 -0.5913
vn 0.6588 0.0006 0.7523
vn 0.7360 -0.0030 0.6769
vn -0.7255 0.0018 -0.6882
vn -0.7060 -0.0005 -0.7082
vn 0.7197 0.0036 0.6943
vn 0.8069 -0.0000 0.5906
vn 0.7202 -0.0000 0.6938
vn -0.1214 -0.9812 -0.1503
vn -0.0636 -0.9949 -0.0786
vn -0.6582 -0.0062 -0.7528
vn -0.7255 -0.0018 -0.6882
vn 0.7360 0.0030 0.6769
vn -0.4902 -0.1479 0.8590
vn -0.4957 -0.0000 0.8685
vn -0.5600 -0.1949 0.8052
vn -0.0815 0.9813 -0.1741
vn -0.0243 0.9982 -0.0539
vn -0.1200 0.9811 -0.1516
vn -0.1381 0.9813 -0.1341
vn -0.6493 -0.3076 0.6956
vn -0.5658 -0.2995 0.7682
vn -0.1529 0.9814 -0.1158
vn -0.1362 0.9809 -0.1385
vn -0.1200 -0.9811 -0.1516
vn -0.1381 -0.9813 -0.1341
vn -0.1363 -0.9809 -0.1385
vn 0.3192 -0.0043 0.9477
vn 0.3178 -0.0111 0.9481
vn -0.5658 0.2995 0.7682
vn -0.5600 0.1949 0.8052
vn -0.4902 0.1479 0.8590
vn -0.1529 -0.9814 -0.1158
vn 0.9214 0.2940 -0.2542
vn 0.9154 0.1569 -0.3708
vn 0.9220 0.2923 -0.2538
vn 0.9214 -0.2940 -0.2542
vn 0.9385 -0.3058 -0.1606
vn 0.9220 -0.2923 -0.2538
vn -0.7201 -0.0000 -0.6939
vn -0.3191 -0.0043 -0.9477
vn -0.2537 -0.0038 -0.9673
vn -0.3506 -0.0046 -0.9365
vn -0.8065 -0.0000 -0.5912
vn -0.3506 0.0046 -0.9365
vn 0.4311 0.0043 0.9023
vn 0.4544 0.0013 0.8908
vn -0.5249 0.0003 -0.8512
vn 0.5472 -0.0000 0.8370
vn 0.9136 0.1547 -0.3761
vn 0.9247 -0.0000 -0.3807
vn -0.4686 -0.0000 -0.8834
vn -0.4528 -0.0012 -0.8916
vn 0.9154 -0.1569 -0.3708
vn 0.9136 -0.1547 -0.3761
vn 0.8069 -0.0079 0.5906
vn -0.2537 0.0038 -0.9673
vn -0.3191 0.0043 -0.9477
vn -0.6493 0.3076 0.6956
vn 0.6588 -0.0006 0.7523
vn -0.7819 -0.0088 -0.6233
vn 0.7125 -0.3087 -0.6301
vn 0.7045 -0.3011 -0.6427
vn -0.5406 0.0020 -0.8413
vn -0.5207 0.0025 -0.8537
vn -0.7659 0.3077 0.5645
vn -0.7177 0.3059 0.6256
vn 0.3178 0.0111 0.9481
vn 0.3192 0.0043 0.9477
vn 0.9385 0.3058 -0.1606
vn -0.6582 0.0062 -0.7528
vn -0.7034 -0.3071 0.6411
vn 0.5263 0.0098 0.8503
vn -0.5926 -0.0045 -0.8055
vn 0.7744 0.3063 -0.5536
vn 0.7858 0.2999 -0.5410
vn -0.0054 0.9807 -0.1956
vn -0.0052 0.9950 -0.1002
vn -0.0023 0.9950 -0.0998
vn -0.0023 -0.9950 -0.0998
vn -0.0000 -0.9806 -0.1962
vn -0.0000 -0.9985 -0.0556
vn -0.0238 -0.0000 -0.9997
vn -0.0170 -0.0000 -0.9999
vn 0.0209 0.0031 0.9998
vn 0.9332 0.2901 -0.2121
vn 0.9298 0.2813 -0.2375
vn 0.9310 0.2771 -0.2375
vn -0.0001 -0.0000 -1.0000
vn -0.0215 -0.0064 -0.9997
vn -0.0558 -0.0000 -0.9984
vn 0.0651 -0.0001 0.9979
vn 0.0209 -0.0031 0.9998
vn 0.1397 -0.0056 0.9902
vn -0.9517 -0.3058 -0.0281
vn -0.9422 -0.3112 0.1240
vn -0.9463 -0.3233 0.0058
vn -0.9501 0.3080 0.0505
vn -0.9422 0.3112 0.1240
vn -0.9463 0.3233 0.0058
vn 0.0198 -0.0063 0.9998
vn 0.0651 0.0001 0.9979
vn -0.0339 -0.0106 -0.9994
vn -0.1266 -0.0155 -0.9918
vn 0.9218 -0.2866 -0.2609
vn 0.9298 -0.2813 -0.2375
vn 0.9310 -0.2771 -0.2376
vn 0.0783 0.0060 0.9969
vn 0.1564 -0.0039 0.9877
vn -0.1363 0.0062 -0.9906
vn -0.1267 0.0155 -0.9918
vn 0.2324 0.0082 0.9726
vn 0.1401 -0.0000 0.9901
vn 0.1397 0.0056 0.9902
vn -0.0052 -0.9950 -0.1002
vn -0.0054 -0.9807 -0.1956
vn -0.0750 0.0075 -0.9972
vn -0.1363 -0.0062 -0.9906
vn 0.1564 0.0039 0.9877
vn -0.9224 -0.1568 0.3529
vn -0.9319 -0.0000 0.3627
vn -0.9404 -0.2013 0.2743
vn -0.0000 0.9806 -0.1962
vn -0.0000 0.9985 -0.0556
vn -0.0094 0.9807 -0.1951
vn -0.0275 0.9807 -0.1935
vn -0.0093 0.9808 -0.1949
vn -0.9260 -0.2990 0.2307
vn -0.9527 -0.2982 0.0580
vn -0.9463 -0.2924 0.1376
vn -0.0439 0.9808 -0.1902
vn -0.0246 0.9805 -0.1950
vn -0.0094 -0.9807 -0.1951
vn -0.0275 -0.9807 -0.1935
vn -0.0246 -0.9805 -0.1950
vn -0.9224 0.1568 0.3529
vn -0.9260 0.2990 0.2307
vn -0.0439 -0.9808 -0.1902
vn 0.9529 0.3003 -0.0425
vn 0.9873 0.1526 -0.0452
vn 0.9529 0.3003 -0.0423
vn 0.9529 -0.3003 -0.0423
vn 0.9530 -0.3003 -0.0412
vn 0.9530 -0.3002 -0.0411
vn -0.1412 -0.0000 -0.9900
vn -0.2335 -0.0000 -0.9724
vn 0.0233 -0.0000 0.9997
vn 0.9875 0.1513 -0.0453
vn 0.9989 -0.0000 -0.0458
vn 0.9873 -0.1526 -0.0452
vn 0.9875 -0.1513 -0.0453
vn -0.9404 0.2013 0.2743
vn 0.2324 -0.0000 0.9726
vn 0.2324 -0.0082 0.9726
vn 0.9529 -0.3003 -0.0425
vn -0.9527 0.2982 0.0580
vn -0.9463 0.2924 0.1377
vn 0.0783 -0.0060 0.9969
vn -0.2101 -0.0278 -0.9773
vn 0.9332 -0.2901 -0.2121
vn 0.9337 -0.2944 -0.2036
vn -0.0215 0.0064 -0.9997
vn -0.9517 0.3058 -0.0281
vn 0.9530 0.3003 -0.0412
vn 0.9530 0.3002 -0.0411
vn -0.0750 -0.0075 -0.9972
vn -0.9501 -0.3080 0.0505
vn 0.0198 0.0063 0.9998
vn -0.0339 0.0106 -0.9994
vn 0.9218 0.2866 -0.2609
vn 0.9187 0.2896 -0.2685
vn -0.0000 0.9952 -0.0979
vn -0.0000 0.9951 -0.0986
vn -0.0000 -0.9951 -0.0986
vn -0.0000 -0.9984 -0.0558
vn 0.9346 0.2905 -0.2052
vn 0.9313 0.2817 -0.2307
vn 0.9326 0.2775 -0.2308
vn -0.9469 -0.2944 -0.1293
vn -0.9539 -0.2946 -0.0570
vn -0.9468 -0.2817 -0.1558
vn -0.9391 0.2920 -0.1809
vn -0.9539 0.2946 -0.0570
vn -0.9468 0.2817 -0.1558
vn 0.9235 -0.2871 -0.2543
vn 0.9313 -0.2817 -0.2307
vn 0.9326 -0.2775 -0.2308
vn -0.0000 -0.9952 -0.0979
vn -0.9873 -0.1526 0.0450
vn -0.9990 -0.0000 0.0456
vn -0.9803 -0.1958 -0.0248
vn -0.0000 0.9984 -0.0558
vn -0.9529 -0.3003 0.0421
vn -0.9532 -0.3004 -0.0350
vn -0.9530 -0.3002 0.0409
vn -0.9873 0.1526 0.0450
vn -0.9529 0.3003 0.0421
vn 0.9532 0.3004 -0.0352
vn 0.9876 0.1526 -0.0377
vn 0.9532 0.3004 -0.0351
vn 0.9532 -0.3004 -0.0351
vn 0.9532 -0.3003 -0.0340
vn 0.9532 -0.3003 -0.0338
vn 0.9877 0.1514 -0.0378
vn 0.9993 -0.0000 -0.0382
vn 0.9877 -0.1514 -0.0378
vn -0.9803 0.1958 -0.0248
vn 0.9876 -0.1526 -0.0377
vn 0.9532 -0.3004 -0.0352
vn -0.9532 0.3004 -0.0350
vn -0.9530 0.3002 0.0409
vn 0.9346 -0.2906 -0.2052
vn 0.9351 -0.2948 -0.1967
vn -0.9469 0.2944 -0.1293
vn 0.9532 0.3003 -0.0340
vn 0.9532 0.3003 -0.0339
vn -0.9391 -0.2920 -0.1809
vn 0.9235 0.2871 -0.2543
vn 0.9204 0.2902 -0.2619
vn -0.0000 0.9806 -0.1961
vn -0.0000 0.9952 -0.0974
vn -0.0000 0.9951 -0.0985
vn -0.0000 -0.9951 -0.0985
vn -0.0000 -0.9806 -0.1961
vn -0.0000 -0.9984 -0.0560
vn 0.9360 0.2910 -0.1983
vn 0.9329 0.2822 -0.2239
vn 0.9341 0.2780 -0.2240
vn -0.9460 -0.2941 -0.1363
vn -0.9535 -0.2945 -0.0642
vn -0.9457 -0.2814 -0.1628
vn -0.9379 0.2917 -0.1877
vn -0.9535 0.2945 -0.0642
vn -0.9457 0.2814 -0.1628
vn 0.9252 -0.2876 -0.2476
vn 0.9329 -0.2822 -0.2239
vn 0.9341 -0.2780 -0.2240
vn -0.0000 -0.9952 -0.0974
vn -0.9876 -0.1525 0.0375
vn -0.9993 -0.0000 0.0380
vn -0.9801 -0.1957 -0.0321
vn -0.0000 0.9984 -0.0560
vn -0.9532 -0.3004 0.0349
vn -0.9529 -0.3003 -0.0424
vn -0.9532 -0.3003 0.0336
vn -0.9876 0.1526 0.0375
vn -0.9532 0.3004 0.0349
vn 0.9534 0.3005 -0.0279
vn 0.9878 0.1525 -0.0302
vn 0.9534 0.3005 -0.0278
vn 0.9534 -0.3005 -0.0278
vn 0.9534 -0.3004 -0.0267
vn 0.9534 -0.3004 -0.0266
vn 0.9880 0.1516 -0.0302
vn 0.9995 -0.0000 -0.0306
vn 0.9878 -0.1525 -0.0302
vn 0.9880 -0.1516 -0.0302
vn -0.9801 0.1957 -0.0321
vn 0.9534 -0.3005 -0.0279
vn -0.9529 0.3003 -0.0423
vn -0.9532 0.3003 0.0336
vn 0.9360 -0.2910 -0.1983
vn 0.9364 -0.2952 -0.1898
vn -0.9460 0.2941 -0.1363
vn 0.9534 0.3004 -0.0267
vn 0.9534 0.3004 -0.0266
vn -0.9379 -0.2917 -0.1877
vn 0.9252 0.2876 -0.2476
vn 0.9221 0.2907 -0.2553
vn -0.0000 0.9953 -0.0969
vn -0.0000 -0.9984 -0.0562
vn 0.9373 0.2914 -0.1914
vn 0.9343 0.2826 -0.2171
vn 0.9356 0.2784 -0.2171
vn -0.9450 -0.2938 -0.1434
vn -0.9530 -0.2943 -0.0713
vn -0.9446 -0.2811 -0.1697
vn -0.9367 0.2913 -0.1946
vn -0.9530 0.2943 -0.0713
vn -0.9446 0.2811 -0.1697
vn 0.9268 -0.2881 -0.2410
vn 0.9343 -0.2826 -0.2171
vn 0.9356 -0.2784 -0.2171
vn -0.0000 -0.9953 -0.0969
vn -0.9879 -0.1525 0.0300
vn -0.9995 -0.0000 0.0304
vn -0.9799 -0.1956 -0.0393
vn -0.0000 0.9984 -0.0562
vn -0.9534 -0.3005 0.0276
vn -0.9526 -0.3002 -0.0497
vn -0.9535 -0.3004 0.0264
vn -0.9879 0.1525 0.0300
vn -0.9534 0.3005 0.0276
vn 0.9535 0.3005 -0.0207
vn 0.9881 0.1524 -0.0226
vn 0.9536 0.3005 -0.0205
vn 0.9536 -0.3005 -0.0205
vn 0.9536 -0.3005 -0.0194
vn 0.9536 -0.3004 -0.0193
vn 0.9882 0.1517 -0.0227
vn 0.9997 -0.0000 -0.0230
vn 0.9881 -0.1524 -0.0226
vn 0.9882 -0.1517 -0.0227
vn -0.9799 0.1956 -0.0393
vn 0.9535 -0.3005 -0.0207
vn -0.9526 0.3002 -0.0497
vn -0.9535 0.3004 0.0264
vn 0.9373 -0.2914 -0.1914
vn 0.9376 -0.2956 -0.1829
vn -0.9450 0.2938 -0.1434
vn 0.9536 0.3005 -0.0194
vn 0.9536 0.3004 -0.0193
vn -0.9367 -0.2912 -0.1946
vn 0.9268 0.2881 -0.2410
vn 0.9238 0.2912 -0.2486
vn -0.0000 0.9953 -0.0964
vn -0.0000 -0.9984 -0.0564
vn 0.9385 0.2918 -0.1845
vn 0.9358 0.2831 -0.2103
vn 0.9370 0.2788 -0.2103
vn -0.9440 -0.2935 -0.1504
vn -0.9525 -0.2942 -0.0785
vn -0.9434 -0.2807 -0.1767
vn -0.9353 0.2908 -0.2014
vn -0.9525 0.2942 -0.0785
vn -0.9434 0.2807 -0.1767
vn 0.9283 -0.2886 -0.2343
vn 0.9358 -0.2831 -0.2103
vn 0.9370 -0.2788 -0.2103
vn -0.0000 -0.9953 -0.0964
vn -0.9881 -0.1524 0.0224
vn -0.9997 -0.0000 0.0228
vn -0.9796 -0.1955 -0.0466
vn -0.0000 0.9984 -0.0564
vn -0.9536 -0.3005 0.0203
vn -0.9522 -0.3001 -0.0570
vn -0.9536 -0.3004 0.0191
vn -0.9881 0.1524 0.0224
vn -0.9536 0.3005 0.0203
vn 0.9537 0.3006 -0.0134
vn 0.9882 0.1523 -0.0151
vn 0.9537 0.3006 -0.0133
vn 0.9537 -0.3006 -0.0133
vn 0.9537 -0.3005 -0.0122
vn 0.9537 -0.3005 -0.0120
vn 0.9883 0.1519 -0.0152
vn 0.9999 -0.0000 -0.0153
vn 0.9882 -0.1523 -0.0151
vn 0.9883 -0.1519 -0.0152
vn -0.9796 0.1955 -0.0466
vn 0.9537 -0.3006 -0.0134
vn -0.9522 0.3001 -0.0570
vn -0.9536 0.3004 0.0191
vn 0.9385 -0.2918 -0.1845
vn 0.9389 -0.2960 -0.1759
vn -0.9440 0.2935 -0.1504
vn 0.9537 0.3005 -0.0122
vn 0.9537 0.3005 -0.0120
vn -0.9353 -0.2908 -0.2014
vn 0.9283 0.2886 -0.2343
vn 0.9254 0.2917 -0.2420
vn -0.0000 0.9806 -0.1960
vn -0.0000 0.9954 -0.0959
vn -0.0000 -0.9806 -0.1960
vn -0.0000 -0.9984 -0.0566
vn 0.9397 0.2922 -0.1775
vn 0.9372 0.2835 -0.2034
vn 0.9384 0.2793 -0.2034
vn -0.9430 -0.2932 -0.1574
vn -0.9520 -0.2940 -0.0856
vn -0.9422 -0.2804 -0.1836
vn -0.9340 0.2904 -0.2082
vn -0.9520 0.2940 -0.0856
vn -0.9422 0.2804 -0.1836
vn 0.9299 -0.2891 -0.2276
vn 0.9372 -0.2835 -0.2034
vn 0.9384 -0.2793 -0.2034
vn -0.0000 -0.9954 -0.0959
vn -0.9882 -0.1523 0.0149
vn -0.9999 -0.0000 0.0151
vn -0.9792 -0.1954 -0.0539
vn -0.0000 0.9984 -0.0566
vn -0.9537 -0.3006 0.0131
vn -0.9518 -0.3000 -0.0643
vn -0.9537 -0.3005 0.0118
vn -0.9882 0.1523 0.0149
vn -0.9537 0.3006 0.0131
vn 0.9537 0.3006 -0.0061
vn 0.9883 0.1522 -0.0076
vn 0.9537 0.3006 -0.0060
vn 0.9537 -0.3006 -0.0060
vn 0.9538 -0.3005 -0.0049
vn 0.9538 -0.3005 -0.0048
vn 0.9884 0.1520 -0.0076
vn 1.0000 -0.0000 -0.0077
vn 0.9883 -0.1522 -0.0076
vn 0.9884 -0.1520 -0.0076
vn -0.9792 0.1954 -0.0539
vn 0.9537 -0.3006 -0.0061
vn -0.9518 0.3000 -0.0643
vn -0.9537 0.3005 0.0118
vn 0.9397 -0.2922 -0.1775
vn 0.9400 -0.2964 -0.1690
vn -0.9430 0.2932 -0.1574
vn 0.9538 0.3005 -0.0049
vn 0.9538 0.3005 -0.0048
vn -0.9340 -0.2904 -0.2081
vn 0.9299 0.2891 -0.2275
vn 0.9269 0.2922 -0.2353
vn -0.0000 0.9954 -0.0954
vn -0.0000 -0.9984 -0.0569
vn 0.9409 0.2925 -0.1705
vn 0.9385 0.2839 -0.1965
vn 0.9398 0.2797 -0.1966
vn -0.9419 -0.2929 -0.1644
vn -0.9513 -0.2938 -0.0927
vn -0.9409 -0.2800 -0.1905
vn -0.9326 0.2900 -0.2149
vn -0.9513 0.2938 -0.0927
vn -0.9409 0.2800 -0.1905
vn 0.9313 -0.2896 -0.2208
vn 0.9385 -0.2839 -0.1965
vn 0.9398 -0.2797 -0.1966
vn -0.0000 -0.9954 -0.0954
vn -0.9883 -0.1522 0.0074
vn -1.0000 -0.0000 0.0075
vn -0.9788 -0.1953 -0.0611
vn -0.0000 0.9984 -0.0569
vn -0.9537 -0.3006 0.0058
vn -0.9513 -0.2998 -0.0716
vn -0.9538 -0.3005 0.0046
vn -0.9883 0.1522 0.0074
vn -0.9537 0.3006 0.0058
vn 0.9538 0.3006 0.0011
vn 0.9884 0.1520 -0.0000
vn 0.9884 0.1520 -0.0001
vn 0.9537 -0.3006 0.0013
vn 0.9537 -0.3007 0.0024
vn 0.9538 -0.3006 0.0011
vn 1.0000 -0.0000 -0.0001
vn 0.9884 -0.1520 -0.0001
vn 0.9884 -0.1520 -0.0000
vn -0.9788 0.1953 -0.0611
vn -0.9513 0.2998 -0.0716
vn -0.9538 0.3005 0.0046
vn 0.9409 -0.2925 -0.1705
vn 0.9411 -0.2967 -0.1620
vn -0.9419 0.2929 -0.1644
vn 0.9537 0.3007 0.0024
vn 0.9537 0.3006 0.0013
vn -0.9326 -0.2900 -0.2149
vn 0.9313 0.2896 -0.2208
vn 0.9285 0.2927 -0.2286
vn -0.0000 0.9955 -0.0949
vn -0.0000 -0.9984 -0.0571
vn 0.9421 0.2929 -0.1635
vn 0.9398 0.2843 -0.1896
vn 0.9411 0.2800 -0.1897
vn -0.9408 -0.2925 -0.1714
vn -0.9507 -0.2936 -0.0999
vn -0.9396 -0.2796 -0.1974
vn -0.9312 0.2895 -0.2217
vn -0.9507 0.2936 -0.0999
vn -0.9396 0.2796 -0.1974
vn 0.9328 -0.2900 -0.2141
vn 0.9398 -0.2843 -0.1896
vn 0.9411 -0.2800 -0.1897
vn -0.0000 -0.9955 -0.0949
vn -0.9884 -0.1520 -0.0001
vn -1.0000 -0.0000 -0.0001
vn -0.9784 -0.1951 -0.0684
vn -0.0000 0.9984 -0.0571
vn -0.9537 -0.3007 -0.0026
vn -0.9538 -0.3006 -0.0014
vn -0.9538 0.3006 -0.0014
vn -0.9784 0.1951 -0.0684
vn -0.9884 0.1520 -0.0001
vn 0.9537 0.3006 0.0084
vn 0.9883 0.1521 0.0075
vn 0.9884 0.1519 0.0074
vn 0.9537 -0.3006 0.0085
vn 0.9537 -0.3007 0.0097
vn 0.9537 -0.3006 0.0084
vn 1.0000 -0.0000 0.0075
vn 0.9884 -0.1519 0.0074
vn 0.9883 -0.1521 0.0075
vn -0.9537 0.3007 -0.0026
vn 0.9421 -0.2929 -0.1635
vn 0.9422 -0.2971 -0.1550
vn -0.9408 0.2925 -0.1714
vn -0.9507 0.2997 -0.0789
vn 0.9537 0.3007 0.0097
vn 0.9537 0.3006 0.0085
vn -0.9312 -0.2895 -0.2217
vn 0.9328 0.2900 -0.2141
vn 0.9300 0.2932 -0.2219
vn -0.0000 0.9955 -0.0944
vn -0.0000 -0.9984 -0.0573
vn 0.9431 0.2932 -0.1565
vn 0.9411 0.2846 -0.1827
vn 0.9423 0.2804 -0.1827
vn -0.9396 -0.2921 -0.1784
vn -0.9500 -0.2934 -0.1070
vn -0.9382 -0.2792 -0.2043
vn -0.9297 0.2891 -0.2284
vn -0.9500 0.2934 -0.1070
vn -0.9382 0.2792 -0.2043
vn 0.9342 -0.2905 -0.2073
vn 0.9411 -0.2846 -0.1827
vn 0.9423 -0.2804 -0.1827
vn -0.0000 -0.9955 -0.0944
vn -0.9884 -0.1519 -0.0077
vn -1.0000 -0.0000 -0.0077
vn -0.9779 -0.1950 -0.0757
vn -0.0000 0.9984 -0.0573
vn -0.9537 -0.3007 -0.0099
vn -0.9537 -0.3006 -0.0086
vn -0.9537 0.3006 -0.0086
vn -0.9779 0.1950 -0.0757
vn -0.9884 0.1519 -0.0077
vn 0.9536 0.3005 0.0157
vn 0.9882 0.1522 0.0150
vn 0.9883 0.1518 0.0150
vn 0.9536 -0.3006 0.0158
vn 0.9536 -0.3006 0.0169
vn 0.9536 -0.3005 0.0157
vn 0.9999 -0.0000 0.0151
vn 0.9883 -0.1518 0.0150
vn 0.9882 -0.1522 0.0150
vn -0.9537 0.3007 -0.0099
vn 0.9431 -0.2932 -0.1565
vn 0.9432 -0.2974 -0.1480
vn -0.9396 0.2921 -0.1784
vn -0.9502 0.2996 -0.0862
vn 0.9536 0.3006 0.0169
vn 0.9536 0.3006 0.0158
vn -0.9297 -0.2890 -0.2284
vn 0.9342 0.2905 -0.2073
vn 0.9314 0.2936 -0.2151
vn -0.0000 0.9956 -0.0940
vn -0.0000 -0.9983 -0.0575
vn 0.9442 0.2936 -0.1495
vn 0.9423 0.2850 -0.1758
vn 0.9435 0.2808 -0.1758
vn -0.9384 -0.2917 -0.1853
vn -0.9492 -0.2932 -0.1141
vn -0.9368 -0.2788 -0.2112
vn -0.9281 0.2886 -0.2351
vn -0.9492 0.2932 -0.1141
vn -0.9368 0.2788 -0.2112
vn 0.9355 -0.2909 -0.2005
vn 0.9423 -0.2850 -0.1758
vn 0.9435 -0.2808 -0.1758
vn -0.0000 -0.9956 -0.0940
vn -0.9883 -0.1518 -0.0152
vn -0.9999 -0.0000 -0.0154
vn -0.9773 -0.1948 -0.0829
vn -0.0000 0.9983 -0.0575
vn -0.9536 -0.3006 -0.0171
vn -0.9536 -0.3005 -0.0159
vn -0.9536 0.3005 -0.0159
vn -0.9773 0.1948 -0.0829
vn -0.9883 0.1518 -0.0152
vn 0.9535 0.3005 0.0230
vn 0.9881 0.1523 0.0226
vn 0.9882 0.1516 0.0225
vn 0.9535 -0.3005 0.0231
vn 0.9535 -0.3006 0.0242
vn 0.9535 -0.3005 0.0230
vn 0.9997 -0.0000 0.0228
vn 0.9882 -0.1516 0.0225
vn 0.9881 -0.1523 0.0226
vn -0.9536 0.3006 -0.0171
vn 0.9442 -0.2936 -0.1495
vn 0.9442 -0.2977 -0.1409
vn -0.9384 0.2917 -0.1853
vn -0.9495 0.2994 -0.0935
vn 0.9535 0.3006 0.0242
vn 0.9535 0.3005 0.0231
vn -0.9281 -0.2886 -0.2351
vn 0.9355 0.2909 -0.2005
vn 0.9328 0.2941 -0.2084
vn -0.0000 0.9956 -0.0935
vn -0.0000 -0.9983 -0.0578
vn 0.9452 0.2939 -0.1425
vn 0.9434 0.2853 -0.1688
vn 0.9447 0.2811 -0.1689
vn 0.0001 -0.0000 -1.0000
vn -0.9371 -0.2913 -0.1923
vn -0.9484 -0.2930 -0.1212
vn -0.9354 -0.2784 -0.2180
vn -0.9266 0.2881 -0.2418
vn -0.9484 0.2930 -0.1212
vn -0.9354 0.2784 -0.2180
vn 0.9368 -0.2913 -0.1937
vn 0.9434 -0.2853 -0.1688
vn 0.9447 -0.2811 -0.1689
vn -0.0000 -0.9956 -0.0935
vn -0.9882 -0.1516 -0.0227
vn -0.9997 -0.0000 -0.0230
vn -0.9767 -0.1947 -0.0901
vn -0.0000 0.9983 -0.0578
vn -0.9534 -0.3006 -0.0244
vn -0.9535 -0.3005 -0.0232
vn -0.9535 0.3005 -0.0232
vn -0.9767 0.1947 -0.0901
vn -0.9882 0.1516 -0.0227
vn 0.9533 0.3004 0.0302
vn 0.9879 0.1524 0.0301
vn 0.9880 0.1515 0.0300
vn 0.9533 -0.3005 0.0303
vn 0.9533 -0.3005 0.0315
vn 0.9533 -0.3004 0.0302
vn 0.9995 -0.0000 0.0304
vn 0.9880 -0.1515 0.0300
vn 0.9879 -0.1524 0.0301
vn -0.9534 0.3006 -0.0244
vn 0.9452 -0.2939 -0.1425
vn 0.9451 -0.2980 -0.1339
vn -0.9371 0.2913 -0.1923
vn -0.9489 0.2992 -0.1007
vn 0.9533 0.3005 0.0315
vn 0.9533 0.3005 0.0304
vn -0.9266 -0.2881 -0.2418
vn 0.9368 0.2913 -0.1937
vn 0.9341 0.2945 -0.2016
vn -0.0000 0.9957 -0.0930
vn -0.0000 -0.9983 -0.0580
vn 0.9461 0.2942 -0.1354
vn 0.9446 0.2857 -0.1619
vn 0.9458 0.2815 -0.1619
vn -0.9358 -0.2909 -0.1992
vn -0.9476 -0.2927 -0.1283
vn -0.9339 -0.2779 -0.2248
vn -0.9250 0.2876 -0.2485
vn -0.9476 0.2927 -0.1283
vn -0.9339 0.2779 -0.2248
vn 0.9381 -0.2917 -0.1869
vn 0.9446 -0.2857 -0.1619
vn 0.9458 -0.2815 -0.1619
vn -0.0000 -0.9957 -0.0930
vn -0.9880 -0.1515 -0.0303
vn -0.9995 -0.0000 -0.0306
vn -0.9761 -0.1945 -0.0974
vn -0.0000 0.9983 -0.0580
vn -0.9533 -0.3005 -0.0317
vn -0.9533 -0.3004 -0.0304
vn -0.9533 0.3004 -0.0304
vn -0.9761 0.1945 -0.0974
vn -0.9880 0.1515 -0.0303
vn 0.9531 0.3004 0.0375
vn 0.9876 0.1525 0.0376
vn 0.9878 0.1514 0.0376
vn 0.9531 -0.3004 0.0376
vn 0.9530 -0.3004 0.0387
vn 0.9531 -0.3004 0.0375
vn 0.9993 -0.0000 0.0380
vn 0.9878 -0.1514 0.0376
vn 0.9876 -0.1525 0.0376
vn -0.9532 0.3005 -0.0317
vn 0.9461 -0.2942 -0.1354
vn 0.9460 -0.2983 -0.1268
vn -0.9358 0.2909 -0.1992
vn -0.9481 0.2989 -0.1080
vn 0.9530 0.3004 0.0387
vn 0.9531 0.3004 0.0376
vn -0.9250 -0.2876 -0.2485
vn 0.9381 0.2917 -0.1869
vn 0.9355 0.2949 -0.1948
vn -0.0000 0.9957 -0.0926
vn -0.0000 -0.9983 -0.0582
vn 0.9470 0.2945 -0.1284
vn 0.9456 0.2860 -0.1549
vn 0.9469 0.2818 -0.1549
vn -0.9344 -0.2905 -0.2061
vn -0.9467 -0.2924 -0.1354
vn -0.9324 -0.2775 -0.2316
vn -0.9233 0.2871 -0.2551
vn -0.9467 0.2924 -0.1354
vn -0.9324 0.2775 -0.2316
vn 0.9393 -0.2921 -0.1800
vn 0.9456 -0.2860 -0.1549
vn 0.9469 -0.2818 -0.1549
vn -0.0000 -0.9957 -0.0926
vn -0.9753 -0.1943 -0.1046
vn -0.9993 -0.0000 -0.0382
vn -0.0000 0.9983 -0.0582
vn -0.9530 -0.3004 -0.0389
vn -0.9531 -0.3004 -0.0377
vn -0.9531 0.3004 -0.0377
vn -0.9753 0.1943 -0.1046
vn -0.9878 0.1514 -0.0378
vn 0.9528 0.3003 0.0448
vn 0.9873 0.1525 0.0451
vn 0.9875 0.1512 0.0451
vn 0.9528 -0.3003 0.0449
vn 0.9527 -0.3004 0.0460
vn 0.9528 -0.3003 0.0448
vn 0.9990 -0.0000 0.0456
vn 0.9875 -0.1512 0.0451
vn 0.9873 -0.1525 0.0451
vn -0.9530 0.3004 -0.0389
vn 0.9470 -0.2945 -0.1284
vn 0.9469 -0.2985 -0.1198
vn -0.9344 0.2905 -0.2061
vn -0.9474 0.2987 -0.1152
vn 0.9527 0.3003 0.0460
vn 0.9528 0.3003 0.0449
vn -0.9878 -0.1514 -0.0378
vn -0.9233 -0.2871 -0.2551
vn 0.9393 0.2921 -0.1800
vn 0.9367 0.2953 -0.1880
vn 0.0220 0.9945 -0.1026
vn 0.0174 0.9809 -0.1937
vn 0.0086 0.9953 -0.0965
vn 0.0220 -0.9945 -0.1026
vn 0.0617 -0.9814 -0.1818
vn 0.0198 -0.9983 -0.0552
vn 0.3046 0.0014 -0.9525
vn 0.1946 -0.0000 -0.9809
vn 0.2222 -0.0001 -0.9750
vn -0.1953 -0.0009 0.9807
vn -0.2903 -0.0000 0.9569
vn -0.3039 -0.0014 0.9527
vn 0.9508 0.3073 0.0385
vn 0.9432 0.3210 0.0856
vn 0.9407 0.3289 0.0829
vn 0.2162 -0.0027 -0.9764
vn 0.1923 0.0013 -0.9813
vn 0.1116 -0.0005 -0.9937
vn -0.1139 -0.0003 0.9935
vn -0.1953 0.0009 0.9807
vn -0.0466 -0.0007 0.9989
vn -0.9330 -0.2901 -0.2130
vn -0.9457 -0.2922 -0.1424
vn -0.9308 -0.2770 -0.2384
vn -0.9216 0.2865 -0.2618
vn -0.9457 0.2922 -0.1424
vn -0.9308 0.2770 -0.2384
vn -0.3137 -0.0028 0.9495
vn -0.2123 -0.0041 0.9772
vn -0.1139 0.0003 0.9935
vn 0.1116 0.0005 -0.9937
vn 0.1290 0.0086 -0.9916
vn 0.0451 0.0007 -0.9990
vn 0.9416 -0.3074 0.1372
vn 0.9432 -0.3210 0.0856
vn 0.9407 -0.3289 0.0829
vn -0.0694 0.0018 0.9976
vn -0.0261 0.0002 0.9997
vn 0.0330 -0.0002 -0.9995
vn 0.0451 -0.0007 -0.9990
vn -0.0466 0.0007 0.9989
vn -0.0479 -0.0000 0.9989
vn 0.0174 -0.9809 -0.1937
vn 0.0086 -0.9953 -0.0965
vn 0.0734 -0.0006 -0.9973
vn 0.0330 0.0002 -0.9995
vn -0.0261 -0.0002 0.9997
vn -0.9875 -0.1512 -0.0453
vn -0.9989 -0.0000 -0.0458
vn -0.9746 -0.1941 -0.1118
vn 0.0617 0.9814 -0.1818
vn 0.0198 0.9983 -0.0552
vn 0.0099 0.9808 -0.1946
vn 0.0183 0.9811 -0.1928
vn 0.0179 0.9812 -0.1924
vn -0.9527 -0.3003 -0.0462
vn -0.9528 -0.3003 -0.0450
vn 0.0089 0.9808 -0.1950
vn 0.0183 -0.9811 -0.1928
vn 0.0099 -0.9808 -0.1946
vn 0.0179 -0.9812 -0.1924
vn -0.4200 -0.0021 0.9075
vn -0.4250 -0.0073 0.9052
vn -0.9528 0.3003 -0.0450
vn -0.9746 0.1941 -0.1118
vn -0.9875 0.1512 -0.0453
vn 0.0089 -0.9808 -0.1950
vn 0.8412 0.2936 0.4541
vn 0.9177 0.1565 0.3651
vn 0.8417 0.2918 0.4543
vn 0.8412 -0.2936 0.4541
vn 0.7827 -0.3065 0.5417
vn 0.8417 -0.2918 0.4543
vn 0.0486 -0.0000 -0.9988
vn 0.4205 -0.0021 -0.9073
vn 0.4815 -0.0012 -0.8764
vn 0.3927 -0.0030 -0.9197
vn 0.3927 0.0030 -0.9197
vn -0.3137 0.0028 0.9495
vn -0.3039 0.0014 0.9527
vn 0.2222 0.0001 -0.9750
vn -0.1940 -0.0000 0.9810
vn 0.9201 0.1546 0.3600
vn 0.9312 -0.0000 0.3644
vn 0.2902 -0.0000 -0.9570
vn 0.3046 -0.0014 -0.9525
vn 0.9177 -0.1565 0.3652
vn 0.9200 -0.1546 0.3600
vn 0.4815 0.0012 -0.8764
vn 0.4205 0.0021 -0.9073
vn -0.9527 0.3003 -0.0462
vn -0.0694 -0.0018 0.9976
vn 0.9508 -0.3073 0.0385
vn 0.9538 -0.2996 0.0239
vn 0.1923 -0.0013 -0.9813
vn 0.2162 0.0027 -0.9764
vn -0.9330 0.2901 -0.2130
vn -0.9465 0.2984 -0.1225
vn -0.4250 0.0073 0.9052
vn -0.4200 0.0021 0.9075
vn 0.7827 0.3065 0.5417
vn 0.0734 0.0006 -0.9973
vn -0.9216 -0.2865 -0.2618
vn -0.2123 0.0041 0.9772
vn 0.1290 -0.0086 -0.9916
vn 0.9417 0.3074 0.1372
vn 0.9411 0.3007 0.1546
vn -0.9123 -0.1567 -0.3784
vn -0.9123 0.1568 -0.3784
vn 0.0422 0.9982 0.0432
vn 0.5532 -0.0000 0.8330
vn -0.9522 0.3005 0.0553
vn -0.9168 0.2924 0.2720
vn 0.0041 0.9955 0.0952
vn 0.9479 -0.2797 0.1525
vn -0.9397 -0.2962 0.1710
vn 0.9530 0.3006 0.0377
vn -0.9481 -0.2802 0.1504
vn 0.9266 -0.2781 0.2530
vn -0.1177 0.9807 0.1562
vn -0.6481 0.2995 -0.7003
vn 0.8907 -0.0002 -0.4545
vn -0.1946 0.9807 -0.0218
vn 0.6383 -0.2942 -0.7113
vn 0.0738 0.2012 0.9768
vn -0.1201 0.9811 -0.1516
vn -0.1201 -0.9811 -0.1516
vn 0.8069 -0.0000 0.5907
vn 0.9310 0.2771 -0.2376
vn 0.9876 -0.1525 -0.0377
vn 0.9877 -0.1515 -0.0378
vn 0.9299 0.2891 -0.2276
vn 0.9534 -0.3006 0.0242
vn 0.9534 0.3006 0.0242
vn 0.8417 -0.2918 0.4544
vn 0.1347 0.9807 -0.1419
vn 0.7302 0.3012 0.6133
vn 0.8266 -0.0316 -0.5618
vn -0.7136 -0.3048 -0.6308
vn 0.6423 -0.3011 0.7048
vn 0.5231 0.0212 -0.8520
vn -0.5018 0.0058 0.8650
vn 0.1347 -0.9807 -0.1419
vn 0.0969 0.9811 -0.1674
vn 0.1353 -0.9809 -0.1400
vn -0.9396 -0.0136 0.3421
vn 0.0969 -0.9811 -0.1674
vn 0.3702 0.3084 0.8763
vn 0.3702 -0.3084 0.8763
vn 0.9394 -0.0140 -0.3426
vn 0.9394 0.0140 -0.3426
vn 0.8266 0.0316 -0.5618
vn -0.9396 0.0136 0.3421
vn 0.1971 0.9804 -0.0071
vn 0.1971 -0.9804 -0.0071
vn 0.1820 0.2981 0.9370
vn 0.9970 -0.0099 0.0772
vn 0.0480 -0.3014 0.9523
vn 0.9406 0.0197 -0.3389
vn 0.1765 0.9818 -0.0705
vn -0.9532 -0.0011 -0.3023
vn 0.1765 -0.9818 -0.0705
vn -0.3734 -0.3082 0.8750
vn 0.9529 -0.0015 0.3032
vn 0.9529 0.0015 0.3032
vn 0.9970 0.0099 0.0772
vn -0.9532 0.0011 -0.3023
vn -0.3734 0.3082 0.8750
vn 0.1668 0.9806 0.1027
vn -0.4486 0.3020 0.8412
vn 0.7204 -0.0281 0.6930
vn 0.4694 -0.3046 -0.8288
vn -0.5572 -0.3003 0.7742
vn 0.9417 0.0179 0.3361
vn 0.1668 -0.9806 0.1027
vn 0.1827 0.9814 0.0584
vn 0.1645 -0.9809 0.1036
vn -0.5319 -0.0121 -0.8467
vn 0.1827 -0.9814 0.0584
vn -0.7806 0.3084 0.5437
vn -0.7806 -0.3084 0.5437
vn 0.5321 -0.0125 0.8466
vn 0.5321 0.0125 0.8466
vn 0.7204 0.0281 0.6930
vn -0.5319 0.0121 -0.8467
vn 0.0479 0.9804 0.1911
vn 0.0479 -0.9804 0.1911
vn -0.8800 0.2954 0.3718
vn 0.1343 -0.0116 0.9909
vn -0.9057 -0.2968 0.3028
vn 0.5257 0.0232 0.8504
vn 0.1055 0.9817 0.1588
vn 0.1055 -0.9817 0.1588
vn -0.9948 -0.0000 0.1018
vn 0.1343 0.0116 0.9909
vn -0.9292 0.2956 0.2216
vn -0.9125 -0.2913 0.2872
vn 0.0096 0.9809 0.1944
vn 0.0096 -0.9809 0.1944
vn -0.9304 0.2959 0.2163
vn -0.9140 -0.2916 0.2822
vn -0.9315 0.2962 0.2110
vn -0.9154 -0.2920 0.2771
vn -0.9326 0.2965 0.2057
vn -0.9168 -0.2924 0.2721
vn -0.9337 0.2968 0.2004
vn 0.0424 -0.0000 0.9991
vn -0.9181 -0.2929 0.2668
vn -0.0401 -0.0000 -0.9992
vn -0.9532 -0.3011 0.0262
vn -0.9532 0.3011 0.0262
vn 0.0033 0.9805 0.1964
vn 0.0033 -0.9805 0.1964
vn -0.9397 0.2962 0.1710
vn -0.0088 -0.0043 1.0000
vn 0.9525 -0.2999 0.0519
vn -0.9295 -0.2919 0.2254
vn -0.0088 0.0043 1.0000
vn -0.0061 0.9806 0.1959
vn -0.0061 -0.9806 0.1959
vn -0.9459 0.2966 0.1316
vn -0.9353 -0.2925 0.1990
vn -0.9466 0.2968 0.1262
vn -0.9363 -0.2928 0.1938
vn -0.9530 -0.3007 -0.0377
vn -0.9530 0.3007 -0.0377
vn -0.9472 0.2971 0.1207
vn 0.9472 -0.2997 0.1139
vn -0.9373 -0.2932 0.1886
vn -0.9528 -0.3006 -0.0433
vn -0.9528 0.3006 -0.0433
vn -0.9478 0.2973 0.1153
vn 0.9466 -0.2995 0.1195
vn -0.9382 -0.2936 0.1833
vn -0.9525 -0.3006 -0.0489
vn -0.9525 0.3006 -0.0489
vn -0.9484 0.2976 0.1099
vn 0.9459 -0.2994 0.1251
vn -0.9391 -0.2939 0.1781
vn 0.9988 -0.0000 0.0494
vn -0.9522 -0.3006 -0.0545
vn -0.9522 0.3006 -0.0545
vn -0.9489 0.2978 0.1044
vn 0.9452 -0.2992 0.1307
vn -0.9400 -0.2942 0.1728
vn -0.9519 -0.3006 -0.0601
vn -0.9519 0.3006 -0.0601
vn -0.0086 0.9806 0.1961
vn -0.0086 -0.9806 0.1961
vn -0.9494 0.2980 0.0989
vn -0.0535 -0.0058 0.9986
vn 0.9445 -0.2991 0.1363
vn -0.9449 -0.2984 0.1347
vn 0.1882 -0.0088 -0.9821
vn -0.9390 0.3065 -0.1563
vn -0.9390 -0.3065 -0.1563
vn -0.1890 -0.0090 0.9819
vn -0.1890 0.0090 0.9819
vn -0.0535 0.0058 0.9986
vn 0.1882 0.0088 -0.9821
vn -0.0969 0.9805 0.1710
vn -0.0969 -0.9805 0.1710
vn -0.8941 0.2989 -0.3336
vn -0.5881 -0.0208 0.8085
vn -0.8408 -0.3033 -0.4483
vn -0.2065 0.0303 0.9780
vn -0.0338 0.9815 0.1886
vn 0.7732 0.0002 -0.6341
vn -0.0338 -0.9815 0.1886
vn -0.5517 -0.3091 -0.7746
vn -0.7728 -0.0002 0.6347
vn -0.7728 0.0002 0.6347
vn -0.5881 0.0208 0.8085
vn 0.7732 -0.0002 -0.6341
vn -0.5517 0.3091 -0.7747
vn -0.1736 0.9809 0.0876
vn -0.4830 0.3018 -0.8219
vn -0.9680 -0.0166 0.2505
vn 0.4628 -0.3052 0.8322
vn -0.3675 -0.2995 -0.8805
vn -0.7771 0.0086 0.6294
vn -0.1736 -0.9809 0.0876
vn -0.1396 0.9822 0.1255
vn -0.1740 -0.9811 0.0850
vn 0.9997 -0.0073 -0.0220
vn -0.1396 -0.9822 0.1255
vn -0.9997 -0.0076 0.0217
vn -0.9997 0.0076 0.0217
vn -0.9680 0.0166 0.2505
vn 0.9997 0.0073 -0.0220
vn -0.1871 0.9805 -0.0594
vn -0.1871 -0.9805 -0.0594
vn 0.1411 0.2993 -0.9437
vn -0.9124 -0.0242 -0.4086
vn 0.2631 -0.3034 -0.9158
vn -0.9995 0.0318 0.0022
vn -0.1924 0.9813 0.0056
vn -0.1911 -0.9807 -0.0408
vn 0.7770 -0.0020 0.6295
vn -0.1924 -0.9813 0.0056
vn 0.5536 0.3085 -0.7735
vn 0.5536 -0.3085 -0.7735
vn -0.7777 -0.0024 -0.6286
vn -0.7777 0.0024 -0.6286
vn -0.9124 0.0242 -0.4086
vn 0.7770 0.0020 0.6295
vn -0.1060 0.9809 -0.1630
vn -0.1060 -0.9809 -0.1630
vn 0.7045 0.3011 -0.6427
vn -0.4448 -0.0130 -0.8955
vn -0.7177 -0.3059 0.6256
vn 0.7858 -0.2999 -0.5410
vn -0.7819 0.0088 -0.6233
vn 0.8069 0.0079 0.5906
vn -0.1519 0.9821 -0.1113
vn 0.2313 -0.0058 0.9729
vn -0.1519 -0.9821 -0.1113
vn 0.9397 -0.3071 -0.1507
vn -0.2313 -0.0061 -0.9729
vn -0.2313 0.0061 -0.9729
vn -0.4448 0.0130 -0.8955
vn 0.2313 0.0058 0.9729
vn 0.9397 0.3071 -0.1507
vn -0.0103 0.9807 -0.1954
vn 0.9337 0.2944 -0.2036
vn 0.9187 -0.2896 -0.2685
vn -0.2101 0.0278 -0.9773
vn -0.0103 -0.9807 -0.1954
vn -0.0451 0.9812 -0.1877
vn -0.0093 -0.9808 -0.1949
vn -0.0451 -0.9812 -0.1877
vn 0.9351 0.2948 -0.1967
vn 0.9204 -0.2902 -0.2619
vn 0.9364 0.2952 -0.1898
vn 0.9221 -0.2907 -0.2553
vn 0.9376 0.2956 -0.1829
vn 0.9238 -0.2912 -0.2486
vn 0.9389 0.2960 -0.1759
vn 0.9254 -0.2918 -0.2420
vn 0.9400 0.2964 -0.1690
vn 0.9269 -0.2922 -0.2353
vn 0.9411 0.2967 -0.1620
vn 0.9285 -0.2927 -0.2286
vn 0.9537 -0.3007 0.0025
vn 0.9537 0.3007 0.0025
vn 0.9422 0.2971 -0.1550
vn -0.9507 -0.2997 -0.0789
vn 0.9300 -0.2932 -0.2219
vn 0.9537 -0.3007 0.0098
vn 0.9537 0.3007 0.0098
vn 0.9432 0.2974 -0.1480
vn -0.9502 -0.2996 -0.0862
vn 0.9314 -0.2936 -0.2152
vn 0.9536 -0.3006 0.0170
vn 0.9536 0.3006 0.0170
vn 0.9442 0.2977 -0.1409
vn -0.9495 -0.2994 -0.0935
vn 0.9328 -0.2941 -0.2084
vn 0.9534 -0.3006 0.0243
vn 0.9534 0.3006 0.0243
vn 0.9451 0.2980 -0.1339
vn -0.9489 -0.2992 -0.1007
vn 0.9341 -0.2945 -0.2016
vn 0.9532 -0.3005 0.0316
vn 0.9532 0.3005 0.0316
vn 0.9460 0.2983 -0.1268
vn -0.9481 -0.2989 -0.1080
vn 0.9355 -0.2949 -0.1948
vn 0.9530 -0.3005 0.0388
vn 0.9530 0.3005 0.0389
vn 0.9469 0.2985 -0.1198
vn -0.9474 -0.2987 -0.1152
vn 0.9367 -0.2953 -0.1880
vn 0.9527 -0.3004 0.0461
vn 0.9527 0.3004 0.0461
vn 0.0366 0.9807 -0.1921
vn 0.0366 -0.9807 -0.1921
vn 0.9538 0.2996 0.0239
vn 0.2946 -0.0087 -0.9556
vn -0.9465 -0.2984 -0.1225
vn 0.9411 -0.3007 0.1546
vn -0.5010 -0.0032 0.8654
vn 0.7760 -0.3079 0.5505
vn 0.5016 -0.0035 -0.8651
vn 0.5016 0.0035 -0.8651
vn 0.2946 0.0087 -0.9556
vn -0.5010 0.0032 0.8654
vn 0.7760 0.3079 0.5505
vn 0.0033 0.9805 0.1965
vn -0.1397 -0.9822 0.1255
vn 0.9530 0.3005 0.0388
vt 0.514987 0.305294
vt 0.521591 0.319246
vt 0.514987 0.319246
vt 0.488571 0.305294
vt 0.495175 0.319246
vt 0.488571 0.319246
vt 0.495175 0.305294
vt 0.501779 0.319246
vt 0.448947 0.305294
vt 0.442343 0.319246
vt 0.442343 0.305294
vt 0.481967 0.305294
vt 0.481967 0.319246
vt 0.475363 0.305294
vt 0.475363 0.319246
vt 0.468759 0.305294
vt 0.468759 0.319246
vt 0.462155 0.305294
vt 0.462155 0.319246
vt 0.455551 0.305294
vt 0.455551 0.319246
vt 0.448947 0.319246
vt 0.429135 0.305294
vt 0.435739 0.319246
vt 0.429135 0.319246
vt 0.435739 0.305294
vt 0.422531 0.305294
vt 0.415927 0.319246
vt 0.415927 0.305294
vt 0.422531 0.319246
vt 0.528195 0.305294
vt 0.534799 0.319246
vt 0.528195 0.319246
vt 0.534799 0.305294
vt 0.541403 0.319246
vt 0.508383 0.319246
vt 0.501779 0.305294
vt 0.508383 0.305294
vt 0.773744 0.693485
vt 0.752489 0.699501
vt 0.752489 0.693485
vt 0.773744 0.705517
vt 0.752489 0.705517
vt 0.773744 0.711533
vt 0.752489 0.711533
vt 0.773744 0.717549
vt 0.752489 0.717548
vt 0.752489 0.723564
vt 0.773744 0.723564
vt 0.752489 0.729580
vt 0.773744 0.729580
vt 0.752489 0.735596
vt 0.773744 0.735596
vt 0.752489 0.741612
vt 0.773744 0.741612
vt 0.752489 0.747628
vt 0.773744 0.747628
vt 0.752489 0.753643
vt 0.773744 0.753643
vt 0.752489 0.759659
vt 0.773744 0.759659
vt 0.752489 0.765675
vt 0.773744 0.765675
vt 0.752489 0.771691
vt 0.773744 0.771691
vt 0.752489 0.777707
vt 0.773744 0.777707
vt 0.752489 0.783722
vt 0.773744 0.789738
vt 0.752489 0.789738
vt 0.752489 0.795754
vt 0.773744 0.801770
vt 0.752489 0.801770
vt 0.752489 0.657390
vt 0.773744 0.663406
vt 0.752489 0.663406
vt 0.752489 0.669422
vt 0.773744 0.669422
vt 0.752489 0.675438
vt 0.773745 0.675438
vt 0.752489 0.681454
vt 0.773744 0.681454
vt 0.752489 0.687469
vt 0.773744 0.687469
vt 0.390333 0.942715
vt 0.381118 0.947852
vt 0.386678 0.940605
vt 0.394408 0.943807
vt 0.386837 0.951154
vt 0.399820 0.952863
vt 0.393216 0.952863
vt 0.402704 0.942715
vt 0.398628 0.943807
vt 0.411918 0.947852
vt 0.406199 0.951154
vt 0.409341 0.937622
vt 0.406358 0.940605
vt 0.411451 0.933968
vt 0.416588 0.943182
vt 0.421599 0.931084
vt 0.419890 0.937463
vt 0.412543 0.925672
vt 0.412543 0.929892
vt 0.411451 0.921597
vt 0.421599 0.924480
vt 0.409341 0.917942
vt 0.419890 0.918101
vt 0.411918 0.907712
vt 0.416588 0.912382
vt 0.402704 0.912849
vt 0.406358 0.914959
vt 0.398628 0.911757
vt 0.406199 0.904410
vt 0.393216 0.902701
vt 0.399820 0.902701
vt 0.390333 0.912849
vt 0.394408 0.911757
vt 0.386678 0.914959
vt 0.386837 0.904410
vt 0.383695 0.917942
vt 0.381118 0.907712
vt 0.373146 0.918101
vt 0.376448 0.912382
vt 0.381585 0.921597
vt 0.371437 0.924480
vt 0.380493 0.929892
vt 0.380493 0.925672
vt 0.373146 0.937463
vt 0.371437 0.931084
vt 0.016332 0.292981
vt 0.028025 0.297201
vt 0.016332 0.297201
vt 0.383695 0.937622
vt 0.381585 0.933968
vt 0.016332 0.255006
vt 0.028025 0.259225
vt 0.016332 0.259225
vt 0.016332 0.326738
vt 0.028025 0.330957
vt 0.016332 0.330957
vt 0.028025 0.301420
vt 0.016332 0.301420
vt 0.028025 0.263445
vt 0.016332 0.263445
vt 0.016332 0.267664
vt 0.028025 0.271884
vt 0.016332 0.271884
vt 0.028025 0.335177
vt 0.016332 0.335177
vt 0.028025 0.305640
vt 0.016332 0.305640
vt 0.028025 0.267664
vt 0.028025 0.276103
vt 0.016332 0.276103
vt 0.016332 0.339396
vt 0.028025 0.339396
vt 0.028025 0.309860
vt 0.016332 0.309860
vt 0.028025 0.280323
vt 0.016332 0.280323
vt 0.028025 0.343616
vt 0.016332 0.343616
vt 0.028025 0.314079
vt 0.016332 0.314079
vt 0.028025 0.284542
vt 0.016332 0.284542
vt 0.016332 0.242347
vt 0.028025 0.246567
vt 0.016332 0.246567
vt 0.028025 0.318299
vt 0.016332 0.318299
vt 0.028025 0.288762
vt 0.016332 0.288762
vt 0.028025 0.250786
vt 0.016332 0.250786
vt 0.028025 0.322518
vt 0.016332 0.322518
vt 0.028025 0.292981
vt 0.028025 0.255006
vt 0.028025 0.326738
vt 0.376448 0.943182
vt 0.431794 0.944729
vt 0.432218 0.948815
vt 0.430816 0.948655
vt 0.665971 0.941690
vt 0.669381 0.940290
vt 0.669199 0.941711
vt 0.450912 0.961301
vt 0.448105 0.963427
vt 0.447915 0.962072
vt 0.680519 0.963446
vt 0.681130 0.959247
vt 0.682512 0.959789
vt 0.655590 0.955248
vt 0.655148 0.958773
vt 0.654269 0.955420
vt 0.665385 0.937503
vt 0.661822 0.940081
vt 0.661196 0.938675
vt 0.453455 0.941282
vt 0.456687 0.942628
vt 0.455604 0.943458
vt 0.433749 0.941165
vt 0.433125 0.945246
vt 0.444664 0.963428
vt 0.444825 0.962166
vt 0.682105 0.955622
vt 0.683562 0.955804
vt 0.444319 0.966119
vt 0.448278 0.964672
vt 0.448485 0.966109
vt 0.679574 0.955291
vt 0.680017 0.958795
vt 0.678781 0.958295
vt 0.660128 0.944145
vt 0.662342 0.941290
vt 0.662878 0.942541
vt 0.441867 0.961310
vt 0.441336 0.962578
vt 0.682144 0.951859
vt 0.683576 0.951692
vt 0.440299 0.965059
vt 0.444503 0.964661
vt 0.679586 0.952177
vt 0.680888 0.955460
vt 0.661170 0.968682
vt 0.658474 0.965266
vt 0.661779 0.967270
vt 0.460795 0.944568
vt 0.460389 0.948647
vt 0.459427 0.945126
vt 0.682621 0.947614
vt 0.681183 0.948184
vt 0.436745 0.962936
vt 0.440863 0.963709
vt 0.457926 0.948978
vt 0.459213 0.952143
vt 0.457938 0.951989
vt 0.665357 0.969916
vt 0.665565 0.968366
vt 0.461799 0.952455
vt 0.461726 0.948472
vt 0.654274 0.951950
vt 0.654014 0.948129
vt 0.655159 0.948596
vt 0.653037 0.955575
vt 0.659253 0.964287
vt 0.655872 0.962504
vt 0.656839 0.961785
vt 0.665750 0.967047
vt 0.662289 0.966098
vt 0.669374 0.967091
vt 0.673338 0.967287
vt 0.669549 0.968373
vt 0.678288 0.961803
vt 0.676627 0.965283
vt 0.675869 0.964324
vt 0.680908 0.952008
vt 0.675855 0.943073
vt 0.679343 0.944825
vt 0.678326 0.945580
vt 0.672819 0.941266
vt 0.669550 0.939025
vt 0.673305 0.940123
vt 0.665609 0.939039
vt 0.665783 0.940319
vt 0.659294 0.943088
vt 0.655887 0.944853
vt 0.658509 0.942101
vt 0.440701 0.937381
vt 0.438250 0.940297
vt 0.437488 0.939338
vt 0.444372 0.936404
vt 0.447997 0.937620
vt 0.444535 0.937602
vt 0.451792 0.937392
vt 0.454257 0.940250
vt 0.451325 0.938494
vt 0.457631 0.941913
vt 0.458287 0.945594
vt 0.460397 0.952290
vt 0.459196 0.948805
vt 0.459470 0.955824
vt 0.456705 0.958316
vt 0.458385 0.955388
vt 0.455112 0.961724
vt 0.451431 0.962524
vt 0.454355 0.960767
vt 0.438376 0.960831
vt 0.433190 0.955986
vt 0.435975 0.958427
vt 0.435047 0.959133
vt 0.432272 0.952473
vt 0.433441 0.948961
vt 0.433427 0.952317
vt 0.434919 0.942021
vt 0.434248 0.945688
vt 0.548007 0.319246
vt 0.541403 0.305294
vt 0.548007 0.305294
vt 0.554611 0.319246
vt 0.554611 0.305294
vt 0.561215 0.305294
vt 0.567819 0.319246
vt 0.567819 0.305294
vt 0.409323 0.305294
vt 0.296074 0.222819
vt 0.299750 0.228022
vt 0.296074 0.228022
vt 0.296074 0.280056
vt 0.299750 0.285259
vt 0.296074 0.285259
vt 0.017039 0.025093
vt 0.020714 0.030296
vt 0.017039 0.030296
vt 0.017039 0.097940
vt 0.020714 0.103144
vt 0.017039 0.103144
vt 0.296074 0.290463
vt 0.299750 0.295666
vt 0.296074 0.295666
vt 0.017039 0.035500
vt 0.020714 0.040703
vt 0.017039 0.040703
vt 0.915664 0.357747
vt 0.915505 0.347198
vt 0.919160 0.349308
vt 0.296074 0.300869
vt 0.299750 0.306073
vt 0.296074 0.306073
vt 0.017039 0.045907
vt 0.020714 0.051110
vt 0.017039 0.051110
vt 0.296074 0.238429
vt 0.299750 0.243632
vt 0.296074 0.243632
vt 0.296074 0.311276
vt 0.299750 0.316479
vt 0.296074 0.316479
vt 0.299750 0.248836
vt 0.296074 0.248836
vt 0.017039 0.056313
vt 0.020714 0.061517
vt 0.017039 0.061517
vt 0.299750 0.321683
vt 0.296074 0.321683
vt 0.017039 0.113550
vt 0.020714 0.118754
vt 0.017039 0.118754
vt 0.299750 0.254039
vt 0.296074 0.254039
vt 0.020714 0.066720
vt 0.017039 0.066720
vt 0.296074 0.196802
vt 0.299750 0.202005
vt 0.296074 0.202005
vt 0.020714 0.123957
vt 0.017039 0.123957
vt 0.296074 0.259242
vt 0.299750 0.259242
vt 0.020714 0.071923
vt 0.017039 0.071923
vt 0.299750 0.207209
vt 0.296074 0.207209
vt 0.020714 0.129161
vt 0.017039 0.129161
vt 0.299750 0.264446
vt 0.296074 0.264446
vt 0.020714 0.077127
vt 0.017039 0.077127
vt 0.299750 0.212412
vt 0.296074 0.212412
vt 0.017039 0.004280
vt 0.020714 0.009483
vt 0.017039 0.009483
vt 0.299750 0.269649
vt 0.296074 0.269649
vt 0.020714 0.082330
vt 0.017039 0.082330
vt 0.299750 0.217615
vt 0.296074 0.217615
vt 0.020714 0.014686
vt 0.017039 0.014686
vt 0.299750 0.274852
vt 0.296074 0.274852
vt 0.020714 0.087534
vt 0.017039 0.087534
vt 0.299750 0.222819
vt 0.020714 0.019890
vt 0.017039 0.019890
vt 0.299750 0.280056
vt 0.020714 0.092737
vt 0.017039 0.092737
vt 0.020714 0.025093
vt 0.020714 0.097940
vt 0.299750 0.290463
vt 0.020714 0.035500
vt 0.020714 0.108347
vt 0.017039 0.108347
vt 0.299750 0.300869
vt 0.682357 0.324098
vt 0.670664 0.328318
vt 0.670664 0.324098
vt 0.296074 0.233225
vt 0.299750 0.238429
vt 0.299750 0.311276
vt 0.020714 0.056313
vt 0.020714 0.113550
vt 0.084310 0.931682
vt 0.087732 0.966267
vt 0.084310 0.962845
vt 0.129394 0.932901
vt 0.132816 0.967485
vt 0.129394 0.964063
vt 0.953664 0.116743
vt 0.956519 0.154749
vt 0.953664 0.154749
vt 0.952863 0.309498
vt 0.950009 0.271492
vt 0.952863 0.271492
vt 0.194964 0.709164
vt 0.191211 0.705755
vt 0.194964 0.705755
vt 0.100575 0.964063
vt 0.097153 0.929479
vt 0.100575 0.932901
vt 0.055490 0.962845
vt 0.052068 0.928261
vt 0.055490 0.931682
vt 0.058900 0.928261
vt 0.080900 0.931682
vt 0.058900 0.931682
vt 0.125985 0.967485
vt 0.103984 0.964063
vt 0.125985 0.964063
vt 0.698198 0.927687
vt 0.695343 0.949687
vt 0.695343 0.927687
vt 0.159205 0.327036
vt 0.162060 0.305036
vt 0.162060 0.327036
vt 0.103984 0.929479
vt 0.125985 0.932901
vt 0.103984 0.932901
vt 0.080900 0.962845
vt 0.080900 0.966267
vt 0.058900 0.962845
vt 0.906560 0.599849
vt 0.875398 0.621849
vt 0.875398 0.599849
vt 0.125985 0.929479
vt 0.132816 0.929479
vt 0.103984 0.967485
vt 0.097153 0.967485
vt 0.058900 0.966267
vt 0.052068 0.966267
vt 0.080900 0.928261
vt 0.087732 0.928261
vt 0.162060 0.333868
vt 0.159205 0.298204
vt 0.162060 0.298204
vt 0.698198 0.956519
vt 0.695343 0.956519
vt 0.695343 0.920856
vt 0.299750 0.233225
vt 0.020714 0.045907
vt 0.311071 0.911766
vt 0.304923 0.913550
vt 0.309177 0.909297
vt 0.335339 0.943392
vt 0.332024 0.948869
vt 0.330833 0.945994
vt 0.339019 0.939713
vt 0.337234 0.945861
vt 0.325807 0.947341
vt 0.326213 0.950426
vt 0.320197 0.950426
vt 0.320604 0.947341
vt 0.314387 0.948869
vt 0.315578 0.945994
vt 0.309177 0.945861
vt 0.311071 0.943392
vt 0.307392 0.939713
vt 0.304923 0.941608
vt 0.304790 0.935207
vt 0.301915 0.936398
vt 0.303444 0.930181
vt 0.300358 0.930587
vt 0.300358 0.924571
vt 0.303444 0.924977
vt 0.304790 0.919951
vt 0.301915 0.918760
vt 0.307392 0.915445
vt 0.314387 0.906289
vt 0.315578 0.909164
vt 0.320604 0.907817
vt 0.320197 0.904732
vt 0.326213 0.904732
vt 0.325807 0.907817
vt 0.332024 0.906289
vt 0.330833 0.909164
vt 0.337234 0.909297
vt 0.335339 0.911766
vt 0.339019 0.915445
vt 0.341488 0.913550
vt 0.341620 0.919951
vt 0.344496 0.918760
vt 0.346053 0.924571
vt 0.342967 0.924977
vt 0.346053 0.930587
vt 0.342967 0.930181
vt 0.341620 0.935207
vt 0.344496 0.936398
vt 0.341488 0.941608
vt 0.260745 0.945994
vt 0.265365 0.950426
vt 0.259554 0.948869
vt 0.270975 0.947341
vt 0.265771 0.947341
vt 0.277192 0.948869
vt 0.271381 0.950426
vt 0.280507 0.943392
vt 0.276001 0.945994
vt 0.284186 0.939713
vt 0.282402 0.945861
vt 0.286788 0.935207
vt 0.286655 0.941608
vt 0.288135 0.930181
vt 0.289663 0.936398
vt 0.288135 0.924977
vt 0.291220 0.930587
vt 0.286788 0.919951
vt 0.291220 0.924571
vt 0.286655 0.913550
vt 0.289663 0.918760
vt 0.254344 0.945861
vt 0.256239 0.943392
vt 0.280507 0.911766
vt 0.284186 0.915445
vt 0.277192 0.906289
vt 0.282402 0.909297
vt 0.270975 0.907817
vt 0.276001 0.909164
vt 0.265365 0.904732
vt 0.271381 0.904732
vt 0.260745 0.909164
vt 0.265771 0.907817
vt 0.254345 0.909296
vt 0.259554 0.906289
vt 0.256239 0.911766
vt 0.250091 0.913550
vt 0.252560 0.915445
vt 0.247083 0.918760
vt 0.249958 0.919951
vt 0.245526 0.924571
vt 0.248611 0.924977
vt 0.245526 0.930587
vt 0.248611 0.930181
vt 0.247083 0.936398
vt 0.252560 0.939713
vt 0.249958 0.935207
vt 0.250091 0.941607
vt 0.024104 0.942850
vt 0.042519 0.935222
vt 0.043866 0.940248
vt 0.039917 0.930716
vt 0.036238 0.927036
vt 0.031732 0.924434
vt 0.026706 0.923088
vt 0.021502 0.923088
vt 0.016476 0.924434
vt 0.011970 0.927036
vt 0.008291 0.930715
vt 0.005689 0.935222
vt 0.004342 0.940248
vt 0.004342 0.945451
vt 0.005689 0.950477
vt 0.008291 0.954984
vt 0.011970 0.958663
vt 0.016476 0.961265
vt 0.021502 0.962611
vt 0.026706 0.962611
vt 0.031732 0.961265
vt 0.036238 0.958663
vt 0.039917 0.954984
vt 0.042519 0.950477
vt 0.043866 0.945451
vt 0.810034 0.941631
vt 0.791619 0.949259
vt 0.790272 0.944233
vt 0.794220 0.953765
vt 0.797900 0.957444
vt 0.802406 0.960046
vt 0.807432 0.961393
vt 0.812635 0.961393
vt 0.817661 0.960046
vt 0.822168 0.957444
vt 0.825847 0.953765
vt 0.828449 0.949259
vt 0.829795 0.944233
vt 0.829795 0.939029
vt 0.828449 0.934003
vt 0.825847 0.929497
vt 0.822168 0.925818
vt 0.817661 0.923216
vt 0.812635 0.921869
vt 0.807432 0.921869
vt 0.802406 0.923216
vt 0.797900 0.925818
vt 0.794220 0.929497
vt 0.791619 0.934003
vt 0.790272 0.939029
vt 0.923235 0.350400
vt 0.928647 0.359456
vt 0.927455 0.350400
vt 0.931531 0.349308
vt 0.935185 0.347198
vt 0.935026 0.357747
vt 0.945415 0.349775
vt 0.938168 0.344214
vt 0.948717 0.344056
vt 0.940278 0.340560
vt 0.950426 0.337677
vt 0.941370 0.336485
vt 0.941370 0.332265
vt 0.948717 0.324694
vt 0.940278 0.328189
vt 0.945415 0.318975
vt 0.938168 0.324535
vt 0.935185 0.321551
vt 0.935026 0.311003
vt 0.931531 0.319442
vt 0.928647 0.309294
vt 0.927455 0.318350
vt 0.922043 0.309294
vt 0.923235 0.318350
vt 0.919160 0.319442
vt 0.909945 0.314305
vt 0.915505 0.321551
vt 0.905275 0.318975
vt 0.912522 0.324535
vt 0.910412 0.328189
vt 0.900264 0.331073
vt 0.909320 0.332265
vt 0.909320 0.336485
vt 0.901973 0.344056
vt 0.910412 0.340560
vt 0.905275 0.349775
vt 0.912522 0.344214
vt 0.682357 0.362074
vt 0.670664 0.366293
vt 0.670664 0.362074
vt 0.682357 0.290342
vt 0.670664 0.294562
vt 0.670664 0.290342
vt 0.682357 0.319879
vt 0.670664 0.319879
vt 0.682357 0.357854
vt 0.670664 0.357854
vt 0.682357 0.349415
vt 0.670664 0.353635
vt 0.670664 0.349415
vt 0.682357 0.286123
vt 0.670664 0.286123
vt 0.682357 0.315659
vt 0.670664 0.315659
vt 0.682357 0.353635
vt 0.682357 0.345196
vt 0.670664 0.345196
vt 0.670664 0.281903
vt 0.682357 0.311440
vt 0.670664 0.311440
vt 0.682357 0.340976
vt 0.670664 0.340976
vt 0.682357 0.277684
vt 0.670664 0.277684
vt 0.682357 0.307220
vt 0.670664 0.307220
vt 0.682357 0.336757
vt 0.670664 0.336757
vt 0.682357 0.374733
vt 0.670664 0.378952
vt 0.670664 0.374733
vt 0.682357 0.303001
vt 0.670664 0.303001
vt 0.682357 0.332537
vt 0.670664 0.332537
vt 0.670664 0.370513
vt 0.682357 0.298781
vt 0.670664 0.298781
vt 0.682357 0.328318
vt 0.682357 0.366293
vt 0.682357 0.294562
vt 0.677221 0.961007
vt 0.675030 0.963261
vt 0.450814 0.939716
vt 0.651568 0.955775
vt 0.653963 0.959249
vt 0.652628 0.959784
vt 0.455919 0.938146
vt 0.452373 0.936046
vt 0.435456 0.946159
vt 0.435870 0.942724
vt 0.436923 0.943501
vt 0.451901 0.963629
vt 0.452484 0.964980
vt 0.654633 0.963422
vt 0.455026 0.939268
vt 0.656375 0.958279
vt 0.657548 0.940931
vt 0.457154 0.946063
vt 0.657538 0.966451
vt 0.458728 0.941084
vt 0.660084 0.963234
vt 0.657860 0.961024
vt 0.654683 0.943974
vt 0.439180 0.959789
vt 0.657926 0.946377
vt 0.662829 0.964839
vt 0.678789 0.949145
vt 0.439063 0.941323
vt 0.437002 0.957643
vt 0.656853 0.945576
vt 0.653044 0.951787
vt 0.672833 0.966114
vt 0.679312 0.962567
vt 0.680028 0.948643
vt 0.676661 0.942057
vt 0.441206 0.938549
vt 0.448168 0.936366
vt 0.457703 0.959056
vt 0.437630 0.961792
vt 0.434330 0.955516
vt 0.521591 0.305294
vt 0.436578 0.938212
vt 0.680520 0.943950
vt 0.665939 0.965675
vt 0.433848 0.960036
vt 0.441729 0.939759
vt 0.457181 0.954907
vt 0.440107 0.936031
vt 0.669781 0.969922
vt 0.435457 0.955048
vt 0.460799 0.956348
vt 0.677620 0.940878
vt 0.669186 0.965657
vt 0.431944 0.956496
vt 0.444719 0.938923
vt 0.675024 0.944130
vt 0.677246 0.946392
vt 0.455667 0.957545
vt 0.444161 0.934856
vt 0.673970 0.968690
vt 0.434701 0.952144
vt 0.652637 0.947579
vt 0.458854 0.959900
vt 0.673934 0.938655
vt 0.672301 0.964852
vt 0.430867 0.952672
vt 0.656393 0.949094
vt 0.447828 0.938928
vt 0.672310 0.942472
vt 0.651568 0.951605
vt 0.453540 0.959743
vt 0.448378 0.934910
vt 0.677580 0.966459
vt 0.434715 0.949113
vt 0.655596 0.952118
vt 0.456017 0.962854
vt 0.669745 0.937486
vt 0.446319 0.950536
vt 0.428298 0.948369
vt 0.429445 0.943782
vt 0.431712 0.939678
vt 0.434933 0.936196
vt 0.429601 0.957444
vt 0.428417 0.953017
vt 0.431835 0.961532
vt 0.439298 0.967423
vt 0.435141 0.964975
vt 0.443954 0.968704
vt 0.453502 0.967336
vt 0.448853 0.968704
vt 0.457602 0.964882
vt 0.463161 0.957238
vt 0.460934 0.961418
vt 0.464247 0.952747
vt 0.463088 0.943641
vt 0.464230 0.948148
vt 0.460779 0.939587
vt 0.453438 0.933668
vt 0.457531 0.936163
vt 0.448754 0.932289
vt 0.439072 0.933621
vt 0.443809 0.932266
vt 0.667579 0.953698
vt 0.168606 0.947713
vt 0.168600 0.952243
vt 0.166790 0.949107
vt 0.171808 0.955443
vt 0.169538 0.955742
vt 0.164229 0.946546
vt 0.169538 0.959363
vt 0.170716 0.963738
vt 0.168600 0.962862
vt 0.168606 0.967392
vt 0.166789 0.965998
vt 0.164228 0.968559
vt 0.161968 0.972486
vt 0.161092 0.970370
vt 0.157593 0.971308
vt 0.157892 0.973578
vt 0.153972 0.971308
vt 0.149597 0.972486
vt 0.150473 0.970370
vt 0.145943 0.970376
vt 0.147337 0.968559
vt 0.144776 0.965998
vt 0.140849 0.963738
vt 0.142965 0.962862
vt 0.142027 0.959363
vt 0.139757 0.959662
vt 0.142027 0.955741
vt 0.140850 0.951367
vt 0.142965 0.952243
vt 0.142959 0.947713
vt 0.144776 0.949107
vt 0.147337 0.946546
vt 0.149597 0.942619
vt 0.150473 0.944735
vt 0.153972 0.943797
vt 0.153673 0.941527
vt 0.157594 0.943797
vt 0.161968 0.942619
vt 0.161092 0.944735
vt 0.372860 0.151051
vt 0.369450 0.160940
vt 0.369450 0.151051
vt 0.007311 0.394750
vt 0.003901 0.404639
vt 0.003901 0.394750
vt 0.369450 0.190085
vt 0.372860 0.160940
vt 0.372860 0.190085
vt 0.882391 0.657987
vt 0.906560 0.656216
vt 0.904789 0.657987
vt 0.414606 0.712120
vt 0.385461 0.743282
vt 0.385461 0.712120
vt 0.003901 0.433784
vt 0.007311 0.404639
vt 0.007311 0.433784
vt 0.906560 0.565483
vt 0.882391 0.563711
vt 0.904789 0.563711
vt 0.708014 0.039519
vt 0.739176 0.010374
vt 0.739176 0.039519
vt 0.003901 0.372352
vt 0.007311 0.369846
vt 0.007311 0.372352
vt 0.369450 0.128653
vt 0.372860 0.126148
vt 0.372860 0.128653
vt 0.421599 0.719113
vt 0.419828 0.743282
vt 0.372860 0.091781
vt 0.369450 0.126147
vt 0.369450 0.091781
vt 0.708014 0.005153
vt 0.732183 0.003381
vt 0.007311 0.335480
vt 0.003901 0.369846
vt 0.003901 0.335480
vt 0.875398 0.650994
vt 0.906560 0.621849
vt 0.875398 0.570704
vt 0.095901 0.709164
vt 0.092148 0.705755
vt 0.095901 0.705755
vt 0.076343 0.680345
vt 0.080095 0.683754
vt 0.076343 0.683754
vt 0.017665 0.705755
vt 0.021418 0.709164
vt 0.017665 0.709164
vt 0.037223 0.705755
vt 0.033470 0.683754
vt 0.037223 0.683754
vt 0.137471 0.705755
vt 0.141223 0.709164
vt 0.137471 0.709164
vt 0.739176 0.182680
vt 0.708014 0.187796
vt 0.708014 0.182680
vt 0.739176 0.187796
vt 0.708014 0.192912
vt 0.712998 0.358143
vt 0.709589 0.363259
vt 0.709589 0.358143
vt 0.712998 0.363259
vt 0.709589 0.368375
vt 0.738408 0.358143
vt 0.734998 0.363259
vt 0.734998 0.358143
vt 0.738408 0.363259
vt 0.734998 0.368375
vt 0.175406 0.680345
vt 0.179158 0.683754
vt 0.175406 0.683754
vt 0.157029 0.709164
vt 0.153276 0.705755
vt 0.157029 0.705755
vt 0.137471 0.683754
vt 0.141223 0.705755
vt 0.037223 0.709164
vt 0.033470 0.705755
vt 0.712998 0.368375
vt 0.232069 0.712119
vt 0.237185 0.743282
vt 0.232069 0.743282
vt 0.237185 0.712119
vt 0.242301 0.743282
vt 0.281420 0.712119
vt 0.286536 0.743282
vt 0.281420 0.743282
vt 0.286536 0.712119
vt 0.291652 0.743282
vt 0.739176 0.133329
vt 0.708014 0.138445
vt 0.708014 0.133329
vt 0.739176 0.138445
vt 0.708014 0.143561
vt 0.712998 0.308792
vt 0.709589 0.313908
vt 0.709589 0.308792
vt 0.712998 0.313908
vt 0.709589 0.319024
vt 0.738408 0.308792
vt 0.734998 0.313908
vt 0.734998 0.308792
vt 0.738408 0.313908
vt 0.734998 0.319024
vt 0.095901 0.683754
vt 0.092148 0.680345
vt 0.095901 0.680345
vt 0.194964 0.683754
vt 0.191211 0.680345
vt 0.194964 0.680345
vt 0.017665 0.680345
vt 0.021418 0.683754
vt 0.017665 0.683754
vt 0.080095 0.705755
vt 0.076343 0.705755
vt 0.137471 0.680345
vt 0.141223 0.683754
vt 0.712998 0.319024
vt 0.361831 0.712120
vt 0.366947 0.743282
vt 0.361831 0.743282
vt 0.366947 0.712120
vt 0.372063 0.743282
vt 0.739176 0.052918
vt 0.708014 0.058034
vt 0.708014 0.052918
vt 0.739176 0.058034
vt 0.708014 0.063150
vt 0.712998 0.228381
vt 0.709589 0.233497
vt 0.709589 0.228381
vt 0.712998 0.233497
vt 0.709589 0.238613
vt 0.738408 0.228381
vt 0.734998 0.233497
vt 0.734998 0.228381
vt 0.738408 0.233497
vt 0.734998 0.238613
vt 0.179158 0.705755
vt 0.175406 0.705755
vt 0.153276 0.683754
vt 0.157029 0.683754
vt 0.092148 0.683754
vt 0.712998 0.238613
vt 0.734998 0.256990
vt 0.712998 0.262106
vt 0.712998 0.256990
vt 0.734998 0.262106
vt 0.712998 0.267222
vt 0.191211 0.683754
vt 0.021418 0.705755
vt 0.080095 0.709164
vt 0.076343 0.709164
vt 0.153276 0.680345
vt 0.157029 0.680345
vt 0.179158 0.709164
vt 0.175406 0.709164
vt 0.033470 0.680345
vt 0.037223 0.680345
vt 0.738408 0.256990
vt 0.738408 0.262106
vt 0.734998 0.267222
vt 0.709589 0.262106
vt 0.709589 0.256990
vt 0.709589 0.267222
vt 0.739176 0.081527
vt 0.708014 0.086643
vt 0.708014 0.081527
vt 0.739176 0.086643
vt 0.708014 0.091759
vt 0.333222 0.712119
vt 0.338338 0.743282
vt 0.333222 0.743282
vt 0.338338 0.712119
vt 0.343454 0.743282
vt 0.709589 0.382607
vt 0.712998 0.382607
vt 0.242301 0.712119
vt 0.217836 0.712119
vt 0.003433 0.680345
vt 0.003433 0.683754
vt 0.708014 0.207144
vt 0.739176 0.192912
vt 0.739176 0.207144
vt 0.739176 0.143561
vt 0.003433 0.705755
vt 0.734998 0.382607
vt 0.738408 0.368375
vt 0.738408 0.382607
vt 0.738408 0.319024
vt 0.003433 0.709164
vt 0.738408 0.267222
vt 0.739176 0.091759
vt 0.291652 0.712119
vt 0.208363 0.683754
vt 0.738408 0.238613
vt 0.739176 0.063150
vt 0.738408 0.214983
vt 0.372063 0.712120
vt 0.977824 0.924687
vt 0.984544 0.933367
vt 0.977824 0.933367
vt 0.208363 0.709164
vt 0.712998 0.214982
vt 0.744705 0.054602
vt 0.745719 0.058034
vt 0.742788 0.058034
vt 0.744705 0.061467
vt 0.363514 0.706591
vt 0.366947 0.705577
vt 0.366947 0.708507
vt 0.370379 0.706591
vt 0.744705 0.135012
vt 0.745719 0.138445
vt 0.742788 0.138445
vt 0.744705 0.141877
vt 0.283103 0.706591
vt 0.286536 0.705576
vt 0.286536 0.708507
vt 0.289968 0.706591
vt 0.233752 0.706591
vt 0.237185 0.705576
vt 0.237185 0.708507
vt 0.240617 0.706591
vt 0.744705 0.184363
vt 0.745719 0.187796
vt 0.742788 0.187796
vt 0.744705 0.191228
vt 0.334905 0.706591
vt 0.338338 0.705577
vt 0.338338 0.708507
vt 0.341770 0.706591
vt 0.744705 0.083210
vt 0.745719 0.086643
vt 0.742788 0.086643
vt 0.744705 0.090076
vt 0.082542 0.680345
vt 0.086122 0.683754
vt 0.082542 0.683754
vt 0.089701 0.680345
vt 0.089701 0.683754
vt 0.181605 0.683754
vt 0.185185 0.705755
vt 0.181605 0.705755
vt 0.185185 0.683754
vt 0.188764 0.705755
vt 0.143670 0.709164
vt 0.147250 0.705755
vt 0.147250 0.709164
vt 0.150829 0.709164
vt 0.143670 0.683754
vt 0.143670 0.705755
vt 0.147250 0.683754
vt 0.150829 0.705755
vt 0.143670 0.680345
vt 0.150829 0.680345
vt 0.150829 0.683754
vt 0.086122 0.705755
vt 0.082542 0.705755
vt 0.089701 0.705755
vt 0.181605 0.680345
vt 0.188764 0.680345
vt 0.188764 0.683754
vt 0.023865 0.683754
vt 0.027444 0.705755
vt 0.023865 0.705755
vt 0.027444 0.683754
vt 0.031023 0.705755
vt 0.086122 0.709164
vt 0.082542 0.709164
vt 0.089701 0.709164
vt 0.027444 0.709164
vt 0.023865 0.709164
vt 0.031023 0.709164
vt 0.185185 0.709164
vt 0.181605 0.709164
vt 0.188764 0.709164
vt 0.023865 0.680345
vt 0.027444 0.680345
vt 0.031023 0.683754
vt 0.179158 0.680345
vt 0.742929 0.063150
vt 0.191211 0.709164
vt 0.372063 0.708367
vt 0.092148 0.709164
vt 0.080095 0.680345
vt 0.742929 0.143561
vt 0.291652 0.708367
vt 0.242301 0.708367
vt 0.033470 0.709164
vt 0.021418 0.680345
vt 0.031023 0.680345
vt 0.742929 0.192912
vt 0.141223 0.680345
vt 0.153276 0.709164
vt 0.343454 0.708367
vt 0.742929 0.091759
vt 0.356976 0.723361
vt 0.356976 0.732041
vt 0.348308 0.732041
vt 0.343454 0.712119
vt 0.348308 0.723361
vt 0.149737 0.386112
vt 0.158404 0.394792
vt 0.149737 0.394792
vt 0.977824 0.916020
vt 0.984544 0.924687
vt 0.986981 0.264276
vt 0.980261 0.255595
vt 0.986981 0.255595
vt 0.986981 0.272943
vt 0.980261 0.264276
vt 0.370423 0.042389
vt 0.369936 0.043487
vt 0.369936 0.042389
vt 0.411365 0.188368
vt 0.411851 0.187270
vt 0.411851 0.188368
vt 0.370423 0.070913
vt 0.369936 0.072011
vt 0.369936 0.070913
vt 0.370423 0.048980
vt 0.369936 0.050078
vt 0.369936 0.048980
vt 0.411365 0.189467
vt 0.411851 0.189467
vt 0.370423 0.072011
vt 0.369936 0.073110
vt 0.370423 0.044586
vt 0.369936 0.045684
vt 0.369936 0.044586
vt 0.411365 0.190565
vt 0.411851 0.190565
vt 0.370423 0.064322
vt 0.369936 0.065420
vt 0.369936 0.064322
vt 0.370423 0.045684
vt 0.369936 0.046783
vt 0.411365 0.191664
vt 0.411851 0.191664
vt 0.370423 0.065420
vt 0.369936 0.066519
vt 0.370423 0.046783
vt 0.369936 0.047881
vt 0.411365 0.192762
vt 0.411851 0.192762
vt 0.370423 0.066519
vt 0.369936 0.067617
vt 0.370423 0.047881
vt 0.411365 0.193861
vt 0.411851 0.193861
vt 0.370423 0.067617
vt 0.369936 0.068716
vt 0.411365 0.187270
vt 0.411851 0.186171
vt 0.411365 0.194959
vt 0.411851 0.194959
vt 0.370423 0.068716
vt 0.369936 0.069814
vt 0.370423 0.043487
vt 0.370423 0.069814
vt 0.370423 0.050078
vt 0.369936 0.051177
vt 0.253447 0.327277
vt 0.252960 0.328375
vt 0.252960 0.327277
vt 0.253447 0.325080
vt 0.252960 0.326178
vt 0.252960 0.325080
vt 0.253447 0.329474
vt 0.252960 0.330572
vt 0.252960 0.329474
vt 0.253447 0.330572
vt 0.252960 0.331671
vt 0.253447 0.331671
vt 0.252960 0.332769
vt 0.253447 0.332769
vt 0.252960 0.333868
vt 0.253447 0.328375
vt 0.253447 0.326178
vt 0.118746 0.918745
vt 0.115755 0.850588
vt 0.118746 0.850588
vt 0.115755 0.918745
vt 0.112764 0.850588
vt 0.148656 0.918745
vt 0.145665 0.850588
vt 0.148656 0.850588
vt 0.145665 0.918745
vt 0.142674 0.850588
vt 0.142674 0.918745
vt 0.139683 0.850588
vt 0.139683 0.918745
vt 0.136692 0.850588
vt 0.136692 0.918745
vt 0.133701 0.850588
vt 0.133701 0.918745
vt 0.130710 0.850588
vt 0.130710 0.918745
vt 0.127719 0.850588
vt 0.127719 0.918745
vt 0.124728 0.850588
vt 0.124728 0.918745
vt 0.121737 0.850588
vt 0.121737 0.918745
vt 0.194688 0.781366
vt 0.155386 0.823711
vt 0.155386 0.781366
vt 0.726526 0.906560
vt 0.768871 0.838375
vt 0.768871 0.906560
vt 0.109354 0.775013
vt 0.148656 0.843199
vt 0.109354 0.843199
vt 0.088950 0.850560
vt 0.046606 0.918745
vt 0.046606 0.850560
vt 0.004292 0.775013
vt 0.043595 0.843199
vt 0.004292 0.843199
vt 0.043595 0.775013
vt 0.145001 0.571049
vt 0.115905 0.582959
vt 0.131327 0.561309
vt 0.041441 0.604365
vt 0.100841 0.588185
vt 0.107200 0.604374
vt 0.299750 0.823711
vt 0.260447 0.781366
vt 0.299750 0.781366
vt 0.260447 0.826140
vt 0.719734 0.699070
vt 0.743282 0.659693
vt 0.743282 0.699070
vt 0.707946 0.780931
vt 0.675097 0.804207
vt 0.675097 0.780931
vt 0.708055 0.683117
vt 0.675097 0.659693
vt 0.719734 0.764829
vt 0.743282 0.804207
vt 0.743282 0.764829
vt 0.125879 0.597894
vt 0.032601 0.582899
vt 0.047805 0.588178
vt 0.003551 0.571049
vt 0.022589 0.597819
vt 0.255177 0.542742
vt 0.259263 0.538656
vt 0.260758 0.541246
vt 0.260758 0.544237
vt 0.259262 0.546827
vt 0.256672 0.548323
vt 0.253681 0.548323
vt 0.251091 0.546827
vt 0.249595 0.544237
vt 0.249595 0.541246
vt 0.251091 0.538656
vt 0.253681 0.537160
vt 0.256672 0.537160
vt 0.576241 0.369097
vt 0.575692 0.367771
vt 0.576790 0.367771
vt 0.578678 0.383718
vt 0.578129 0.385045
vt 0.577352 0.384268
vt 0.577352 0.383169
vt 0.578129 0.382393
vt 0.577567 0.368547
vt 0.577567 0.369646
vt 0.579227 0.385045
vt 0.576790 0.370423
vt 0.575692 0.370423
vt 0.574915 0.369646
vt 0.574915 0.368547
vt 0.580004 0.384268
vt 0.579227 0.382392
vt 0.580004 0.383169
vt 0.027918 0.561619
vt 0.028467 0.560293
vt 0.029244 0.561069
vt 0.029244 0.562168
vt 0.028467 0.562945
vt 0.027369 0.560293
vt 0.026592 0.561069
vt 0.027369 0.562945
vt 0.026592 0.562168
vt 0.578678 0.330105
vt 0.580004 0.330654
vt 0.579227 0.331431
vt 0.578129 0.331431
vt 0.577352 0.330654
vt 0.580004 0.329555
vt 0.579227 0.328779
vt 0.577352 0.329555
vt 0.578129 0.328779
vt 0.773744 0.699501
vt 0.773744 0.783723
vt 0.773744 0.795754
vt 0.773744 0.657390
vt 0.561215 0.319246
vt 0.922043 0.359456
vt 0.940745 0.354445
vt 0.950426 0.331073
vt 0.940745 0.314305
vt 0.915664 0.311003
vt 0.901973 0.324694
vt 0.900264 0.337677
vt 0.682357 0.281903
vt 0.682357 0.370513
vt 0.909945 0.354445
vt 0.170716 0.951367
vt 0.165622 0.944729
vt 0.171808 0.959662
vt 0.165622 0.970376
vt 0.153673 0.973578
vt 0.142959 0.967392
vt 0.139757 0.955443
vt 0.145943 0.944729
vt 0.157892 0.941527
vt 0.086122 0.680345
vt 0.147250 0.680345
vt 0.185185 0.680345
vt 0.742929 0.052918
vt 0.361831 0.708367
vt 0.742929 0.133329
vt 0.281420 0.708367
vt 0.232069 0.708367
vt 0.742929 0.182680
vt 0.333222 0.708367
vt 0.742929 0.081527
vt 0.194688 0.826140
vt 0.675097 0.683117
vt 0.869113 0.966323
vt 0.875936 0.968756
vt 0.869940 0.970558
vt 0.189524 0.969339
vt 0.195508 0.966654
vt 0.195520 0.971141
vt 0.966099 0.842443
vt 0.969559 0.840083
vt 0.969922 0.841313
vt 0.972640 0.037190
vt 0.976824 0.037010
vt 0.976484 0.038247
vt 0.195567 0.948258
vt 0.199830 0.957719
vt 0.195537 0.957456
vt 0.190351 0.965104
vt 0.190381 0.955906
vt 0.589491 0.964103
vt 0.595313 0.972455
vt 0.589309 0.974229
vt 0.185195 0.963555
vt 0.180932 0.954094
vt 0.185225 0.954357
vt 0.874209 0.946378
vt 0.878532 0.955312
vt 0.874239 0.955576
vt 0.973014 0.047310
vt 0.967353 0.055772
vt 0.966978 0.045651
vt 0.869083 0.957125
vt 0.863897 0.949476
vt 0.869053 0.947927
vt 0.863957 0.967872
vt 0.859634 0.958938
vt 0.863927 0.958674
vt 0.583669 0.955751
vt 0.583487 0.965877
vt 0.190411 0.946709
vt 0.966603 0.035530
vt 0.960907 0.032634
vt 0.966943 0.034294
vt 0.183528 0.967538
vt 0.874269 0.964774
vt 0.960942 0.043991
vt 0.612839 0.528491
vt 0.614122 0.526946
vt 0.614122 0.528491
vt 0.863945 0.972359
vt 0.902578 0.734086
vt 0.904123 0.740346
vt 0.902578 0.740346
vt 0.191239 0.942474
vt 0.197234 0.944275
vt 0.216892 0.099537
vt 0.215347 0.109665
vt 0.215347 0.099537
vt 0.882191 0.549210
vt 0.880645 0.553197
vt 0.880645 0.549210
vt 0.185255 0.945159
vt 0.902578 0.746607
vt 0.880645 0.542950
vt 0.882191 0.542950
vt 0.868226 0.943692
vt 0.976858 0.048367
vt 0.973389 0.057431
vt 0.144674 0.014242
vt 0.146219 0.004115
vt 0.146219 0.014242
vt 0.882191 0.536690
vt 0.770089 0.928114
vt 0.768543 0.917986
vt 0.770089 0.917986
vt 0.926056 0.132372
vt 0.924511 0.122245
vt 0.926056 0.122245
vt 0.660424 0.528827
vt 0.659142 0.522566
vt 0.660424 0.522566
vt 0.519948 0.959873
vt 0.523589 0.950877
vt 0.523771 0.961003
vt 0.612839 0.534752
vt 0.614122 0.534752
vt 0.969740 0.851439
vt 0.904123 0.750593
vt 0.902578 0.750593
vt 0.595495 0.962329
vt 0.599136 0.971325
vt 0.963503 0.404041
vt 0.965048 0.397781
vt 0.965048 0.404041
vt 0.967353 0.032803
vt 0.961316 0.031144
vt 0.963503 0.410302
vt 0.965048 0.410302
vt 0.973389 0.034463
vt 0.965048 0.414288
vt 0.963503 0.414288
vt 0.972980 0.035953
vt 0.612839 0.541012
vt 0.614122 0.541012
vt 0.595677 0.973685
vt 0.589673 0.975459
vt 0.768543 0.916704
vt 0.770089 0.916704
vt 0.659142 0.516306
vt 0.660424 0.516306
vt 0.523953 0.971129
vt 0.519766 0.971229
vt 0.520130 0.969999
vt 0.926056 0.142500
vt 0.924511 0.143782
vt 0.924511 0.142500
vt 0.659142 0.514761
vt 0.660424 0.514761
vt 0.583669 0.977233
vt 0.583306 0.976003
vt 0.969559 0.861565
vt 0.965917 0.852569
vt 0.146219 0.024370
vt 0.961316 0.054112
vt 0.859631 0.948810
vt 0.878535 0.965440
vt 0.595677 0.952203
vt 0.599318 0.961199
vt 0.768543 0.938241
vt 0.770089 0.938241
vt 0.215347 0.089409
vt 0.180929 0.943966
vt 0.589673 0.953977
vt 0.199833 0.967847
vt 0.960567 0.033871
vt 0.612839 0.526946
vt 0.904123 0.734086
vt 0.216892 0.109665
vt 0.882191 0.553197
vt 0.904123 0.746607
vt 0.862230 0.945494
vt 0.144674 0.004115
vt 0.880645 0.536690
vt 0.768543 0.928114
vt 0.924511 0.132372
vt 0.963503 0.397781
vt 0.977233 0.035519
vt 0.144674 0.024370
vt 0.216892 0.089409
vt 0.965736 0.841213
vt 0.926056 0.143782
vt 0.659142 0.528827
vt 0.523589 0.972359
vt 0.599500 0.972555
vt 0.028025 0.242347
vt 0.409323 0.319246
vt 0.299750 0.196802
vt 0.020714 0.004280
vt 0.956519 0.116743
vt 0.950009 0.309498
vt 0.698198 0.949687
vt 0.159205 0.305036
vt 0.159205 0.333868
vt 0.698198 0.920856
vt 0.682357 0.378952
vt 0.421599 0.741511
vt 0.709785 0.003381
vt 0.217836 0.743282
vt 0.208363 0.680345
vt 0.208363 0.705755
vt 0.734998 0.214983
vt 0.709589 0.214982
vt 0.158404 0.386112
vt 0.984544 0.916020
vt 0.980261 0.272943
vt 0.370423 0.073110
vt 0.411365 0.186171
vt 0.370423 0.051177
vt 0.253447 0.333868
vt 0.112764 0.918745
vt 0.726526 0.838375
vt 0.148656 0.775013
vt 0.088950 0.918745
vt 0.017247 0.561309
vt 0.199833 0.947592
vt 0.180929 0.964221
vt 0.878535 0.945185
vt 0.859631 0.969065
vt 0.185243 0.940672
vt 0.977233 0.058488
vt 0.874221 0.941891
vt 0.519766 0.949747
vt 0.965736 0.862695
vt 0.599500 0.951073
s 1
usemtl Excavator
f 118/1/1 2/2/2 4/3/1
f 114/4/3 7/5/4 8/6/3
f 115/7/4 6/8/5 7/5/4
f 108/9/6 15/10/7 107/11/7
f 113/12/8 8/6/3 9/13/8
f 112/14/9 9/13/8 10/15/9
f 111/16/10 10/15/9 11/17/10
f 110/18/11 11/17/10 12/19/11
f 109/20/12 12/19/11 13/21/12
f 108/9/6 13/21/12 14/22/6
f 105/23/13 16/24/14 17/25/13
f 106/26/14 15/10/7 16/24/14
f 104/27/15 19/28/16 103/29/16
f 104/27/15 17/25/13 18/30/15
f 119/31/17 25/32/18 3/33/17
f 280/34/18 24/35/19 25/32/18
f 5/36/20 116/37/5 117/38/20
f 122/39/17 146/40/2 145/41/17
f 146/40/2 123/42/1 147/43/1
f 147/43/1 124/44/20 148/45/20
f 148/45/20 125/46/5 149/47/5
f 125/46/5 150/48/4 149/47/5
f 126/49/4 151/50/3 150/48/4
f 127/51/3 152/52/8 151/50/3
f 128/53/8 153/54/9 152/52/8
f 129/55/9 154/56/10 153/54/9
f 130/57/10 155/58/11 154/56/10
f 131/59/11 156/60/12 155/58/11
f 132/61/12 157/62/6 156/60/12
f 133/63/6 158/64/7 157/62/6
f 134/65/7 159/66/14 158/64/7
f 135/67/14 160/68/13 159/66/14
f 160/68/13 137/69/15 161/70/15
f 137/69/15 162/71/16 161/70/15
f 162/71/16 139/72/21 163/73/21
f 163/74/21 140/75/22 164/76/22
f 140/75/22 165/77/23 164/76/22
f 141/78/23 166/79/24 165/77/23
f 142/80/24 167/81/19 166/79/24
f 143/82/19 168/83/18 167/81/19
f 144/84/18 145/41/17 168/83/18
f 29/85/25 4/86/25 28/87/25
f 30/88/25 5/89/25 29/85/25
f 30/88/25 7/90/25 6/91/25
f 32/92/25 7/90/25 31/93/25
f 32/92/25 9/94/25 8/95/25
f 34/96/25 9/94/25 33/97/25
f 35/98/25 10/99/25 34/96/25
f 35/98/25 12/100/25 11/101/25
f 37/102/25 12/100/25 36/103/25
f 38/104/25 13/105/25 37/102/25
f 39/106/25 14/107/25 38/104/25
f 39/106/25 16/108/25 15/109/25
f 41/110/25 16/108/25 40/111/25
f 42/112/25 17/113/25 41/110/25
f 42/112/25 19/114/25 18/115/25
f 44/116/25 19/114/25 43/117/25
f 45/118/25 20/119/25 44/116/25
f 46/120/25 21/121/25 45/118/25
f 46/120/25 23/122/25 22/123/25
f 47/124/25 24/125/25 23/122/25
f 49/126/25 24/125/25 48/127/25
f 49/126/25 3/128/25 25/129/25
f 32/130/3 58/131/8 33/132/8
f 26/133/25 3/128/25 27/134/25
f 47/135/24 73/136/19 48/137/19
f 40/138/14 66/139/13 41/140/13
f 33/132/8 59/141/9 34/142/9
f 48/137/19 74/143/18 49/144/18
f 27/145/17 51/146/2 26/147/2
f 41/140/13 67/148/15 42/149/15
f 34/142/9 60/150/10 35/151/10
f 49/144/18 52/152/17 27/145/17
f 26/147/2 53/153/1 28/154/1
f 43/155/16 67/148/15 68/156/16
f 35/151/10 61/157/11 36/158/11
f 28/154/1 54/159/20 29/160/20
f 43/155/16 69/161/21 44/162/21
f 36/158/11 62/163/12 37/164/12
f 29/160/20 55/165/5 30/166/5
f 44/167/21 70/168/22 45/169/22
f 37/164/12 63/170/6 38/171/6
f 30/166/5 56/172/4 31/173/4
f 45/169/22 71/174/23 46/175/23
f 38/171/6 64/176/7 39/177/7
f 31/173/4 57/178/3 32/130/3
f 46/175/23 72/179/24 47/135/24
f 39/177/7 65/180/14 40/138/14
f 26/133/25 4/86/25 2/181/25
f 382/182/7 375/183/14 386/184/14
f 436/185/20 486/186/5 438/187/5
f 401/188/11 362/189/10 399/190/10
f 453/191/17 499/192/18 451/193/18
f 472/194/24 518/195/23 520/196/24
f 435/197/13 481/198/14 433/199/14
f 417/200/21 88/201/16 415/202/16
f 383/203/6 379/204/7 382/182/7
f 399/190/10 364/205/9 397/206/9
f 451/193/18 497/207/19 449/208/19
f 398/209/23 361/210/24 400/211/24
f 450/212/11 500/213/12 452/214/12
f 430/215/2 482/216/1 434/217/1
f 395/218/8 364/205/9 366/219/8
f 449/208/19 495/220/24 447/221/24
f 396/222/22 363/223/23 398/209/23
f 448/224/10 498/225/11 450/212/11
f 463/226/4 513/227/3 511/228/4
f 414/229/5 91/230/20 89/231/5
f 445/232/23 495/220/24 493/233/23
f 394/234/21 365/235/22 396/222/22
f 411/236/13 94/237/14 409/238/14
f 461/239/5 511/228/4 509/240/5
f 410/241/1 91/230/20 412/242/20
f 522/243/26 523/244/26 524/245/26
f 518/195/26 519/246/26 520/196/26
f 514/247/26 515/248/26 516/249/26
f 510/250/26 511/228/26 512/251/26
f 508/252/26 505/253/26 507/254/26
f 502/255/26 503/256/26 504/257/26
f 498/225/26 499/192/26 500/213/26
f 496/258/26 493/233/26 495/220/26
f 490/259/26 491/260/26 492/261/26
f 488/262/26 485/263/26 487/264/26
f 482/216/26 483/265/26 484/266/26
f 478/267/26 480/268/26 477/269/26
f 77/270/25 76/271/25 75/272/25
f 79/273/25 82/274/25 80/275/25
f 83/276/25 86/277/25 84/278/25
f 87/279/25 90/280/25 88/201/25
f 93/281/25 92/282/25 91/230/25
f 95/283/25 98/284/25 96/285/25
f 357/286/25 360/287/25 358/288/25
f 363/223/25 362/189/25 361/210/25
f 365/235/25 368/289/25 366/219/25
f 371/290/25 370/291/25 369/292/25
f 373/293/25 376/294/25 374/295/25
f 378/296/25 380/297/25 379/204/25
f 118/1/1 5/36/20 117/38/20
f 23/298/24 1/299/19 99/300/24
f 22/301/23 99/300/24 100/302/23
f 101/303/22 22/301/23 100/302/23
f 20/304/21 101/303/22 102/305/21
f 19/28/16 102/306/21 103/29/16
f 209/307/2 282/308/17 232/309/17
f 222/310/14 292/311/7 221/312/7
f 248/313/11 314/314/12 247/315/12
f 234/316/17 328/317/2 233/318/2
f 220/319/6 294/320/12 219/321/12
f 246/322/6 316/323/7 245/324/7
f 119/325/26 279/326/26 278/327/26
f 218/328/11 296/329/10 217/330/10
f 244/331/14 318/332/13 243/333/13
f 230/334/19 284/335/24 229/336/24
f 216/337/9 298/338/8 215/339/8
f 229/336/24 285/340/23 228/341/23
f 242/342/15 320/343/16 241/344/16
f 215/339/8 299/345/3 214/346/3
f 255/347/20 307/348/5 254/349/5
f 228/341/23 286/350/22 227/351/22
f 241/344/16 321/352/21 240/353/21
f 214/354/3 300/355/4 213/356/4
f 254/349/5 308/357/4 253/358/4
f 226/359/21 286/350/22 287/360/21
f 240/353/21 322/361/22 239/362/22
f 213/356/4 301/363/5 212/364/5
f 253/358/4 309/365/3 252/366/3
f 226/359/21 288/367/16 225/368/16
f 239/362/22 323/369/23 238/370/23
f 212/364/5 302/371/20 211/372/20
f 252/373/3 310/374/8 251/375/8
f 225/368/16 289/376/15 224/377/15
f 238/370/23 324/378/24 237/379/24
f 211/372/20 303/380/1 210/381/1
f 251/375/8 311/382/9 250/383/9
f 224/377/15 290/384/13 223/385/13
f 237/379/24 325/386/19 236/387/19
f 210/381/1 304/388/2 209/307/2
f 250/383/9 312/389/10 249/390/10
f 223/385/13 291/391/14 222/310/14
f 236/387/19 326/392/18 235/393/18
f 249/390/10 313/394/11 248/313/11
f 235/393/18 327/395/17 234/316/17
f 221/312/7 293/396/6 220/319/6
f 247/315/12 315/397/6 246/322/6
f 233/318/2 306/398/1 256/399/1
f 219/321/12 295/400/11 218/328/11
f 340/401/8 273/402/3 272/403/8
f 231/404/18 283/405/19 230/334/19
f 217/330/10 297/406/9 216/337/9
f 243/333/13 319/407/15 242/342/15
f 256/399/1 305/408/20 255/347/20
f 176/409/6 183/410/6 175/411/6
f 171/412/17 180/413/17 172/414/17
f 179/415/26 184/416/26 180/417/26
f 177/418/25 182/419/25 178/420/25
f 612/421/17 651/422/27 627/423/17
f 170/424/17 178/425/17 169/426/17
f 174/427/6 181/428/6 173/429/6
f 207/430/6 199/431/6 200/432/6
f 203/433/17 195/434/17 196/435/17
f 208/436/21 204/437/21 203/438/21
f 205/439/3 201/440/3 202/441/3
f 202/442/17 193/443/17 194/444/17
f 197/445/6 200/432/6 199/431/6
f 206/446/6 198/447/6 197/445/6
f 187/448/17 185/449/17 186/450/17
f 169/426/17 202/442/17 194/444/17
f 171/412/17 201/451/17 179/452/17
f 172/414/17 203/433/17 196/435/17
f 170/424/17 204/453/17 177/454/17
f 174/427/6 205/455/6 182/456/6
f 173/429/6 198/447/6 174/427/6
f 175/411/6 206/446/6 197/445/6
f 199/431/6 175/411/6 197/445/6
f 176/409/6 208/457/6 184/458/6
f 173/429/6 207/430/6 200/432/6
f 178/459/3 205/439/3 202/441/3
f 201/440/3 183/460/3 179/461/3
f 204/437/21 181/462/21 177/463/21
f 180/464/21 208/436/21 203/438/21
f 232/309/17 281/465/18 231/404/18
f 245/324/7 317/466/14 244/331/14
f 209/467/26 157/468/26 158/469/26
f 221/470/26 147/471/26 222/472/26
f 220/473/26 146/474/26 221/470/26
f 223/475/26 147/471/26 148/476/26
f 223/475/26 149/477/26 224/478/26
f 224/478/26 150/479/26 225/480/26
f 225/480/26 151/481/26 226/482/26
f 227/483/26 151/481/26 152/484/26
f 228/485/26 152/484/26 153/486/26
f 229/487/26 153/486/26 154/488/26
f 229/487/26 155/489/26 230/490/26
f 231/491/26 155/489/26 156/492/26
f 231/491/26 157/468/26 232/493/26
f 209/467/26 159/494/26 210/495/26
f 211/496/26 159/494/26 160/497/26
f 211/496/26 161/498/26 212/499/26
f 212/499/26 162/500/26 213/501/26
f 213/501/26 163/502/26 214/503/26
f 215/504/26 163/502/26 164/505/26
f 216/506/26 164/505/26 165/507/26
f 216/506/26 166/508/26 217/509/26
f 217/509/26 167/510/26 218/511/26
f 219/512/26 167/510/26 168/513/26
f 220/473/26 168/513/26 145/514/26
f 233/515/25 135/516/25 134/517/25
f 255/518/25 135/516/25 256/519/25
f 255/518/25 137/520/25 136/521/25
f 253/522/25 137/520/25 254/523/25
f 252/524/25 138/525/25 253/522/25
f 251/526/25 139/527/25 252/524/25
f 250/528/25 140/529/25 251/526/25
f 249/530/25 141/531/25 250/528/25
f 248/532/25 142/533/25 249/530/25
f 248/532/25 144/534/25 143/535/25
f 233/515/25 133/536/25 234/537/25
f 246/538/25 144/534/25 247/539/25
f 246/538/25 121/540/25 122/541/25
f 244/542/25 121/540/25 245/543/25
f 244/542/25 124/544/25 123/545/25
f 242/546/25 124/544/25 243/547/25
f 242/546/25 126/548/25 125/549/25
f 241/550/25 127/551/25 126/548/25
f 240/552/25 128/553/25 127/551/25
f 239/554/25 129/555/25 128/553/25
f 238/556/25 130/557/25 129/555/25
f 237/558/25 131/559/25 130/557/25
f 235/560/25 131/559/25 236/561/25
f 235/560/25 133/536/25 132/562/25
f 257/563/26 281/564/26 282/565/26
f 257/563/26 283/566/26 281/564/26
f 257/563/26 284/567/26 283/566/26
f 257/563/26 285/568/26 284/567/26
f 257/563/26 286/569/26 285/568/26
f 257/563/26 287/570/26 286/569/26
f 257/563/26 288/571/26 287/570/26
f 257/563/26 289/572/26 288/571/26
f 257/563/26 290/573/26 289/572/26
f 257/563/26 291/574/26 290/573/26
f 257/563/26 292/575/26 291/574/26
f 257/563/26 293/576/26 292/575/26
f 257/563/26 294/577/26 293/576/26
f 257/563/26 295/578/26 294/577/26
f 257/563/26 296/579/26 295/578/26
f 257/563/26 297/580/26 296/579/26
f 257/563/26 298/581/26 297/580/26
f 257/563/26 299/582/26 298/581/26
f 257/563/26 300/583/26 299/582/26
f 257/563/26 301/584/26 300/583/26
f 257/563/26 302/585/26 301/584/26
f 257/563/26 303/586/26 302/585/26
f 257/563/26 304/587/26 303/586/26
f 257/563/26 282/565/26 304/587/26
f 268/588/25 305/589/25 306/590/25
f 268/588/25 307/591/25 305/589/25
f 268/588/25 308/592/25 307/591/25
f 268/588/25 309/593/25 308/592/25
f 268/588/25 310/594/25 309/593/25
f 268/588/25 311/595/25 310/594/25
f 268/588/25 312/596/25 311/595/25
f 268/588/25 313/597/25 312/596/25
f 268/588/25 314/598/25 313/597/25
f 268/588/25 315/599/25 314/598/25
f 268/588/25 316/600/25 315/599/25
f 268/588/25 317/601/25 316/600/25
f 268/588/25 318/602/25 317/601/25
f 268/588/25 319/603/25 318/602/25
f 268/588/25 320/604/25 319/603/25
f 268/588/25 321/605/25 320/604/25
f 268/588/25 322/606/25 321/605/25
f 268/588/25 323/607/25 322/606/25
f 268/588/25 324/608/25 323/607/25
f 268/588/25 325/609/25 324/608/25
f 268/588/25 326/610/25 325/609/25
f 268/588/25 327/611/25 326/610/25
f 268/588/25 328/612/25 327/611/25
f 268/588/25 306/590/25 328/612/25
f 331/613/26 119/325/26 278/327/26
f 1/614/26 331/613/26 330/615/26
f 329/616/26 1/614/26 330/615/26
f 258/617/26 99/618/26 329/616/26
f 101/619/26 258/617/26 259/620/26
f 102/621/26 259/620/26 260/622/26
f 103/623/26 260/622/26 261/624/26
f 262/625/26 103/623/26 261/624/26
f 105/626/26 262/625/26 263/627/26
f 106/628/26 263/627/26 264/629/26
f 265/630/26 106/628/26 264/629/26
f 108/631/26 265/630/26 266/632/26
f 109/633/26 266/632/26 267/634/26
f 110/635/26 267/634/26 269/636/26
f 270/637/26 110/635/26 269/636/26
f 112/638/26 270/637/26 271/639/26
f 113/640/26 271/639/26 272/641/26
f 273/642/26 113/640/26 272/641/26
f 115/643/26 273/642/26 274/644/26
f 275/645/26 115/643/26 274/644/26
f 117/646/26 275/645/26 276/647/26
f 118/648/26 276/647/26 277/649/26
f 355/650/19 329/651/24 330/652/19
f 348/653/13 264/654/14 263/655/13
f 341/656/9 272/403/8 271/657/9
f 356/658/18 330/652/19 331/659/18
f 333/660/2 278/661/17 279/662/2
f 349/663/15 263/655/13 262/664/15
f 342/665/10 271/657/9 270/666/10
f 334/667/17 331/659/18 278/661/17
f 335/668/1 279/662/2 277/669/1
f 261/670/16 349/663/15 262/664/15
f 343/671/11 270/666/10 269/672/11
f 336/673/20 277/669/1 276/674/20
f 351/675/21 261/670/16 260/676/21
f 344/677/12 269/672/11 267/678/12
f 337/679/5 276/674/20 275/680/5
f 352/681/22 260/682/21 259/683/22
f 345/684/6 267/678/12 266/685/6
f 338/686/4 275/680/5 274/687/4
f 258/688/23 352/681/22 259/683/22
f 346/689/7 266/685/6 265/690/7
f 339/691/3 274/687/4 273/402/3
f 354/692/24 258/688/23 329/651/24
f 347/693/14 265/690/7 264/654/14
f 279/326/26 118/648/26 277/649/26
f 454/694/6 504/257/7 456/695/7
f 419/696/22 86/277/21 417/200/21
f 471/697/10 517/698/9 469/699/9
f 418/700/3 83/276/8 420/701/8
f 381/702/2 377/703/17 384/704/17
f 400/211/24 359/705/19 402/706/19
f 452/214/12 502/255/6 454/694/6
f 434/217/1 484/266/20 436/185/20
f 467/707/8 517/698/9 515/248/8
f 418/700/3 87/279/4 85/708/3
f 470/709/23 516/249/22 518/195/23
f 433/199/14 477/269/7 429/710/7
f 413/711/15 88/201/16 90/280/15
f 467/707/8 513/227/3 465/712/3
f 416/713/4 89/231/5 87/279/4
f 466/714/21 516/249/22 468/715/22
f 429/710/7 480/268/6 432/716/6
f 413/711/15 92/282/13 411/236/13
f 395/218/8 368/289/3 393/717/3
f 431/718/17 478/267/2 430/215/2
f 464/719/16 514/247/21 466/714/21
f 446/720/9 496/258/10 448/224/10
f 384/704/17 76/271/18 427/721/18
f 393/717/3 370/291/4 391/722/4
f 524/245/26 480/268/26 479/723/26
f 522/243/26 519/246/26 521/724/26
f 516/249/26 517/698/26 518/195/26
f 512/251/26 513/227/26 514/247/26
f 508/252/26 509/240/26 510/250/26
f 506/725/26 503/256/26 505/253/26
f 500/213/26 501/726/26 502/255/26
f 496/258/26 497/207/26 498/225/26
f 492/261/26 493/233/26 494/727/26
f 490/259/26 487/264/26 489/728/26
f 484/266/26 485/263/26 486/186/26
f 482/216/26 477/269/26 481/198/26
f 378/296/25 76/271/25 377/703/25
f 79/273/25 78/729/25 77/270/25
f 81/730/25 84/278/25 82/274/25
f 85/708/25 88/201/25 86/277/25
f 89/231/25 92/282/25 90/280/25
f 95/283/25 94/237/25 93/281/25
f 357/286/25 98/284/25 97/731/25
f 361/210/25 360/287/25 359/705/25
f 363/223/25 366/219/25 364/205/25
f 369/292/25 368/289/25 367/732/25
f 371/290/25 374/295/25 372/733/25
f 379/204/25 376/294/25 375/183/25
f 120/734/2 3/33/17 2/2/2
f 428/735/12 378/296/6 383/203/6
f 445/232/23 491/260/22 443/736/22
f 462/737/15 512/251/16 464/719/16
f 392/738/16 367/732/21 394/234/21
f 427/721/18 78/729/19 425/739/19
f 446/720/9 492/261/8 494/727/9
f 409/238/14 96/285/7 407/740/7
f 426/741/11 75/272/12 428/735/12
f 461/239/5 507/254/20 459/742/20
f 389/743/5 370/291/4 372/733/5
f 408/744/2 93/281/1 410/241/1
f 443/736/22 489/728/21 441/745/21
f 460/746/13 510/250/15 462/737/15
f 390/747/15 369/292/16 392/738/16
f 425/739/19 80/275/24 423/748/24
f 442/749/3 492/261/8 444/750/8
f 407/740/7 98/284/6 405/751/6
f 424/752/10 77/270/11 426/741/11
f 459/742/20 505/253/1 457/753/1
f 389/743/5 374/295/20 387/754/20
f 432/716/6 523/244/12 475/755/12
f 406/756/17 95/283/2 408/744/2
f 441/745/21 487/264/16 439/757/16
f 458/758/14 508/252/13 460/746/13
f 388/759/13 371/290/15 390/747/15
f 476/760/18 479/723/17 431/718/17
f 423/748/24 82/274/23 421/761/23
f 440/762/4 490/259/3 442/749/3
f 475/755/12 521/724/11 473/763/11
f 405/751/6 358/288/12 403/764/12
f 422/765/9 79/273/10 424/752/10
f 457/753/1 503/256/2 455/766/2
f 387/754/20 376/294/1 385/767/1
f 474/768/19 524/245/18 476/760/18
f 404/769/18 97/731/17 406/756/17
f 439/757/16 485/263/15 437/770/15
f 456/695/7 506/725/14 458/758/14
f 386/184/14 373/293/13 388/759/13
f 421/761/23 84/278/22 419/696/22
f 438/187/5 488/262/4 440/762/4
f 473/763/11 519/246/10 471/697/10
f 403/764/12 360/287/11 401/188/11
f 420/701/8 81/730/9 422/765/9
f 455/766/2 501/726/17 453/191/17
f 385/767/1 380/297/2 381/702/2
f 472/194/24 522/243/19 474/768/19
f 402/706/19 357/286/18 404/769/18
f 437/770/15 483/265/13 435/197/13
f 50/771/25 381/702/25 384/704/25
f 382/182/25 53/772/25 51/773/25
f 382/182/25 52/774/25 383/203/25
f 50/771/25 385/767/25 381/702/25
f 50/771/25 384/704/25 427/721/25
f 428/735/25 52/774/25 74/775/25
f 388/759/25 53/772/25 386/184/25
f 50/771/25 387/754/25 385/767/25
f 388/759/25 55/776/25 54/777/25
f 50/771/25 389/743/25 387/754/25
f 390/747/25 56/778/25 55/776/25
f 50/771/25 391/722/25 389/743/25
f 394/234/25 56/778/25 392/738/25
f 50/771/25 393/717/25 391/722/25
f 394/234/25 58/779/25 57/780/25
f 50/771/25 395/218/25 393/717/25
f 398/209/25 58/779/25 396/222/25
f 50/771/25 397/206/25 395/218/25
f 400/211/25 59/781/25 398/209/25
f 50/771/25 399/190/25 397/206/25
f 400/211/25 61/782/25 60/783/25
f 50/771/25 401/188/25 399/190/25
f 402/706/25 62/784/25 61/782/25
f 50/771/25 403/764/25 401/188/25
f 406/756/25 62/784/25 404/769/25
f 50/771/25 405/751/25 403/764/25
f 406/756/25 64/785/25 63/786/25
f 50/771/25 407/740/25 405/751/25
f 410/241/25 64/785/25 408/744/25
f 50/771/25 409/238/25 407/740/25
f 412/242/25 65/787/25 410/241/25
f 50/771/25 411/236/25 409/238/25
f 412/242/25 67/788/25 66/789/25
f 50/771/25 413/711/25 411/236/25
f 414/229/25 68/790/25 67/788/25
f 50/771/25 415/202/25 413/711/25
f 418/700/25 68/790/25 416/713/25
f 50/771/25 417/200/25 415/202/25
f 418/700/25 70/791/25 69/792/25
f 50/771/25 419/696/25 417/200/25
f 422/765/25 70/791/25 420/701/25
f 50/771/25 421/761/25 419/696/25
f 424/752/25 71/793/25 422/765/25
f 50/771/25 423/748/25 421/761/25
f 424/752/25 73/794/25 72/795/25
f 50/771/25 425/739/25 423/748/25
f 428/735/25 73/794/25 426/741/25
f 50/771/25 427/721/25 425/739/25
f 332/796/26 431/718/26 430/215/26
f 334/797/26 429/798/26 432/799/26
f 332/796/26 430/215/26 434/217/26
f 429/798/26 335/800/26 433/801/26
f 475/802/26 334/797/26 432/799/26
f 332/796/26 476/760/26 431/718/26
f 332/796/26 434/217/26 436/185/26
f 335/800/26 435/803/26 433/801/26
f 332/796/26 436/185/26 438/187/26
f 435/803/26 337/804/26 437/805/26
f 332/796/26 438/187/26 440/762/26
f 437/805/26 338/806/26 439/807/26
f 332/796/26 440/762/26 442/749/26
f 338/806/26 441/808/26 439/807/26
f 332/796/26 442/749/26 444/750/26
f 441/808/26 340/809/26 443/810/26
f 332/796/26 444/750/26 446/720/26
f 340/809/26 445/811/26 443/810/26
f 332/796/26 446/720/26 448/224/26
f 341/812/26 447/813/26 445/811/26
f 332/796/26 448/224/26 450/212/26
f 447/813/26 343/814/26 449/815/26
f 332/796/26 450/212/26 452/214/26
f 449/815/26 344/816/26 451/817/26
f 332/796/26 452/214/26 454/694/26
f 344/816/26 453/818/26 451/817/26
f 332/796/26 454/694/26 456/695/26
f 453/818/26 346/819/26 455/820/26
f 332/796/26 456/695/26 458/758/26
f 346/819/26 457/821/26 455/820/26
f 332/796/26 458/758/26 460/746/26
f 347/822/26 459/823/26 457/821/26
f 332/796/26 460/746/26 462/737/26
f 459/823/26 349/824/26 461/825/26
f 332/796/26 462/737/26 464/719/26
f 461/825/26 350/826/26 463/827/26
f 332/796/26 464/719/26 466/714/26
f 350/826/26 465/828/26 463/827/26
f 332/796/26 466/714/26 468/715/26
f 465/828/26 352/829/26 467/830/26
f 332/796/26 468/715/26 470/709/26
f 352/829/26 469/831/26 467/830/26
f 332/796/26 470/709/26 472/194/26
f 353/832/26 471/833/26 469/831/26
f 332/796/26 472/194/26 474/768/26
f 471/833/26 355/834/26 473/835/26
f 332/796/26 474/768/26 476/760/26
f 355/834/26 475/802/26 473/835/26
f 526/836/20 532/837/28 531/838/20
f 530/839/20 528/840/28 527/841/20
f 185/842/3 525/843/28 192/844/3
f 531/845/26 537/846/26 538/847/26
f 525/848/25 191/849/25 192/850/25
f 190/851/3 529/852/28 186/853/3
f 540/854/25 530/855/25 539/856/25
f 189/857/26 528/858/26 190/859/26
f 536/860/24 540/861/29 539/862/24
f 538/863/24 534/864/29 533/865/24
f 526/866/25 534/867/25 525/848/25
f 191/868/21 537/869/29 188/870/21
f 538/863/17 526/836/17 531/838/17
f 535/871/26 527/872/26 528/858/26
f 187/873/21 535/874/29 189/875/21
f 536/860/17 530/839/17 527/841/17
f 532/876/26 188/877/26 537/846/26
f 187/448/25 529/878/25 540/854/25
f 590/879/17 547/880/27 605/881/17
f 599/882/6 548/883/30 585/884/6
f 582/885/6 554/886/31 574/887/6
f 583/888/17 559/889/27 568/890/17
f 638/891/6 658/892/31 645/893/6
f 565/894/26 572/895/26 571/896/26
f 567/897/26 570/898/26 572/895/26
f 576/899/21 564/900/21 563/901/21
f 578/902/21 562/903/21 564/900/21
f 571/904/21 581/905/21 580/906/21
f 572/907/21 579/908/21 581/905/21
f 621/909/6 650/910/31 607/911/6
f 719/912/17 654/913/27 637/914/17
f 639/915/6 656/916/30 638/891/6
f 573/917/17 557/918/27 583/888/17
f 580/906/21 578/902/21 576/899/21
f 581/905/21 577/919/21 578/902/21
f 574/920/25 564/921/25 562/922/25
f 575/923/25 563/924/25 564/921/25
f 589/925/25 597/926/25 596/927/25
f 591/928/25 595/929/25 597/926/25
f 598/930/26 588/931/26 587/932/26
f 600/933/26 586/934/26 588/931/26
f 592/935/21 597/936/21 595/937/21
f 594/938/21 596/939/21 597/936/21
f 587/940/21 603/941/21 602/942/21
f 588/943/21 601/944/21 603/941/21
f 584/945/17 551/946/27 598/947/17
f 606/948/17 543/949/27 620/950/17
f 566/951/6 558/952/30 569/953/6
f 585/884/6 546/954/30 604/955/6
f 631/956/6 655/957/30 639/915/6
f 602/942/21 594/938/21 592/935/21
f 603/941/21 593/958/21 594/938/21
f 718/959/25 619/960/25 717/961/25
f 613/962/25 617/963/25 619/960/25
f 620/964/26 610/965/26 609/966/26
f 622/967/26 608/968/26 610/965/26
f 614/969/21 619/970/21 617/971/21
f 616/972/21 717/973/21 619/970/21
f 609/974/21 625/975/21 624/976/21
f 610/977/21 623/978/21 625/975/21
f 607/911/6 652/979/31 626/980/6
f 637/914/17 653/981/27 640/982/17
f 605/881/17 549/983/27 584/945/17
f 624/976/21 616/972/21 614/969/21
f 625/975/21 615/984/21 616/972/21
f 634/985/21 649/986/21 648/987/21
f 636/988/21 647/989/21 649/986/21
f 627/423/17 541/990/27 606/948/17
f 569/953/6 555/991/30 582/885/6
f 604/955/6 553/992/30 589/993/6
f 640/982/17 659/994/27 632/995/17
f 626/980/6 545/996/31 718/997/6
f 568/890/17 561/998/27 565/999/17
f 641/1000/21 636/988/21 634/985/21
f 643/1001/21 635/1002/21 636/988/21
f 648/987/21 630/1003/21 720/1004/21
f 649/986/21 628/1005/21 630/1003/21
f 632/1006/26 643/1007/26 641/1008/26
f 633/1009/26 642/1010/26 643/1007/26
f 645/1011/25 630/1012/25 628/1013/25
f 646/1014/25 720/1015/25 630/1012/25
f 170/1016/21 577/919/21 195/1017/21
f 596/927/25 573/1018/25 589/925/25
f 562/922/25 169/1019/25 574/920/25
f 563/901/21 593/958/21 576/899/21
f 171/1020/3 569/953/3 193/1021/3
f 172/1022/26 566/1023/26 171/1024/26
f 565/999/3 585/884/3 568/890/3
f 571/896/26 599/1025/26 565/894/26
f 569/953/3 194/1026/3 193/1021/3
f 585/884/3 583/888/3 568/890/3
f 196/1027/21 570/1028/21 172/1029/21
f 580/906/21 586/1030/21 571/904/21
f 194/1026/3 574/887/3 169/1031/3
f 583/888/3 589/993/3 573/917/3
f 577/919/21 196/1027/21 195/1017/21
f 593/958/21 580/906/21 576/899/21
f 639/915/3 605/881/3 584/945/3
f 598/947/3 639/915/3 584/945/3
f 602/942/21 642/1032/21 587/940/21
f 587/932/26 631/1033/26 598/930/26
f 605/881/3 645/893/3 590/879/3
f 628/1013/25 590/1034/25 645/1011/25
f 647/989/21 602/942/21 592/935/21
f 595/937/21 647/989/21 592/935/21
f 620/950/3 186/1035/3 606/948/3
f 607/911/3 637/914/3 640/982/3
f 186/1035/3 627/423/3 606/948/3
f 632/995/3 607/911/3 640/982/3
f 609/966/26 190/859/26 620/964/26
f 634/985/21 608/1036/21 641/1000/21
f 641/1008/26 621/1037/26 632/1006/26
f 624/976/21 189/1038/21 609/974/21
f 191/849/25 612/1039/25 192/850/25
f 637/914/3 718/997/3 719/912/3
f 644/1040/17 724/1041/17 629/1042/17
f 627/423/3 192/1043/3 612/421/3
f 617/971/21 188/1044/21 614/969/21
f 615/984/21 634/985/21 648/987/21
f 188/1044/21 624/976/21 614/969/21
f 720/1004/21 615/984/21 648/987/21
f 664/1045/26 667/1046/26 666/1047/26
f 667/1046/26 665/1048/26 666/1047/26
f 668/1049/25 671/1050/25 670/1051/25
f 671/1050/25 669/1052/25 670/1051/25
f 678/1053/26 681/1054/26 680/1055/26
f 681/1054/26 679/1056/26 680/1055/26
f 682/1057/25 685/1058/25 684/1059/25
f 685/1058/25 683/1060/25 684/1059/25
f 686/1061/25 689/1062/25 688/1063/25
f 689/1062/25 687/1064/25 688/1063/25
f 696/1065/26 699/1066/26 698/1067/26
f 699/1066/26 697/1068/26 698/1067/26
f 709/1069/25 712/1070/25 711/1071/25
f 712/1070/25 710/1072/25 711/1071/25
f 713/1073/26 716/1074/26 715/1075/26
f 716/1074/26 714/1076/26 715/1075/26
f 679/1077/32 677/1078/3 676/1079/32
f 677/1078/3 678/1080/33 675/1081/33
f 661/1082/32 702/1083/3 701/1084/32
f 663/1085/3 700/1086/33 702/1083/3
f 709/1087/32 708/1088/3 712/1089/3
f 708/1088/3 710/1090/33 712/1089/3
f 703/1091/32 708/1088/3 706/1092/32
f 705/1093/3 707/1094/33 708/1088/3
f 714/1095/32 705/1093/3 703/1091/32
f 705/1093/3 713/1096/33 704/1097/33
f 676/1079/32 674/1098/3 673/1099/32
f 677/1078/3 672/1100/33 674/1098/3
f 665/1101/32 663/1085/3 661/1082/32
f 663/1085/3 664/1102/33 662/1103/33
f 693/1104/32 692/1105/3 691/1106/32
f 695/1107/3 690/1108/33 692/1105/3
f 673/1099/32 685/1109/3 682/1110/32
f 674/1098/3 683/1111/34 685/1109/3
f 691/1106/32 689/1112/3 686/1113/32
f 692/1105/3 687/1114/33 689/1112/3
f 701/1084/32 671/1115/3 668/1116/32
f 702/1083/3 669/1117/33 671/1115/3
f 697/1118/32 695/1107/3 693/1104/32
f 699/1119/3 694/1120/33 695/1107/3
f 651/422/27 662/1103/33 541/990/27
f 701/1084/32 650/910/31 661/1082/32
f 661/1082/32 542/1121/30 665/1101/32
f 543/949/27 662/1103/33 664/1102/33
f 622/967/26 665/1048/26 542/1122/26
f 620/964/26 664/1045/26 666/1047/26
f 544/1123/27 700/1086/33 651/422/27
f 718/959/25 668/1049/25 670/1051/25
f 613/962/25 669/1052/25 544/1124/25
f 668/1116/32 652/979/31 701/1084/32
f 547/880/27 675/1081/33 549/983/27
f 552/1125/27 672/1100/33 547/880/27
f 673/1099/32 548/883/30 676/1079/32
f 673/1099/32 553/992/30 546/954/30
f 549/983/27 678/1080/33 551/946/27
f 676/1079/32 550/1126/30 679/1077/32
f 600/933/26 679/1056/26 550/1127/26
f 598/930/26 678/1053/26 680/1055/26
f 591/928/25 683/1060/25 552/1128/25
f 589/925/25 682/1057/25 684/1059/25
f 575/923/25 687/1064/25 556/1129/25
f 686/1113/32 555/991/30 691/1106/32
f 556/1130/27 690/1108/33 557/918/27
f 574/920/25 686/1061/25 688/1063/25
f 557/918/27 694/1120/33 559/889/27
f 691/1106/32 558/952/30 693/1104/32
f 693/1104/32 560/1131/30 697/1118/32
f 559/889/27 696/1132/33 561/998/27
f 567/897/26 697/1068/26 560/1133/26
f 565/894/26 696/1065/26 698/1067/26
f 654/913/27 704/1097/33 653/981/27
f 706/1092/32 655/957/30 703/1091/32
f 659/994/27 704/1097/33 713/1096/33
f 703/1091/32 660/1134/30 714/1095/32
f 657/1135/27 707/1094/33 654/913/27
f 706/1092/32 658/892/31 656/916/30
f 646/1014/25 710/1072/25 657/1136/25
f 645/1011/25 709/1069/25 711/1071/25
f 633/1009/26 714/1076/26 660/1137/26
f 632/1006/26 713/1073/26 715/1075/26
f 611/1138/25 717/961/25 618/1139/25
f 629/1140/25 719/1141/25 644/1142/25
f 644/1142/25 718/959/25 611/1138/25
f 618/1139/25 720/1015/25 629/1140/25
f 721/1143/25 723/1144/25 722/1145/25
f 611/1146/21 723/1147/21 644/1040/21
f 618/1148/6 722/1149/6 611/1150/6
f 629/1151/3 721/1152/3 618/1148/3
f 745/1153/35 829/1154/36 828/1155/35
f 742/1156/37 825/1157/37 827/1158/37
f 726/1159/38 813/1160/39 812/1161/38
f 743/1162/40 832/1163/40 833/1164/40
f 741/1165/41 827/1158/42 826/1166/43
f 727/1167/39 818/1168/44 813/1160/39
f 747/1169/45 831/1170/46 830/1171/45
f 739/1172/47 826/1166/43 817/1173/47
f 728/1174/48 819/1175/49 818/1176/48
f 748/1177/50 834/1178/50 831/1170/50
f 738/1179/51 817/1173/51 816/1180/51
f 729/1181/49 821/1182/52 819/1175/49
f 750/1183/53 835/1184/54 834/1178/53
f 737/1185/55 816/1180/55 815/1186/55
f 731/1187/56 822/1188/57 821/1182/58
f 751/1189/59 833/1164/60 835/1184/54
f 736/1190/61 815/1186/62 814/1191/63
f 732/1192/64 823/1193/65 822/1188/57
f 725/1194/66 820/1195/66 825/1157/66
f 735/1196/67 814/1191/63 820/1197/67
f 733/1198/65 824/1199/68 823/1193/65
f 746/1200/69 830/1171/45 829/1154/69
f 734/1201/68 812/1161/70 824/1199/68
f 744/1202/71 828/1203/35 832/1163/71
f 754/1204/72 837/1205/73 836/1206/72
f 752/1207/74 840/1208/74 841/1209/74
f 756/1210/75 839/1211/76 838/1212/75
f 757/1213/76 842/1214/77 839/1211/76
f 759/1215/78 843/1216/79 842/1214/78
f 760/1217/79 841/1218/80 843/1216/79
f 755/1219/81 838/1212/75 837/1205/81
f 753/1220/82 836/1206/72 840/1208/82
f 761/1221/83 801/1222/84 800/1223/83
f 762/1224/84 802/1225/85 801/1222/84
f 763/1226/85 803/1227/86 802/1228/85
f 764/1229/86 804/1230/87 803/1227/86
f 765/1231/87 805/1232/88 804/1230/87
f 766/1233/88 806/1234/89 805/1232/88
f 768/1235/89 807/1236/90 806/1234/89
f 769/1237/90 808/1238/91 807/1236/90
f 770/1239/91 809/1240/92 808/1238/91
f 771/1241/92 810/1242/93 809/1240/92
f 772/1243/93 811/1244/94 810/1242/93
f 773/1245/94 800/1223/83 811/1244/94
f 782/1246/25 789/1247/25 776/1248/25
f 790/1249/17 774/1250/17 780/1251/17
f 787/1252/3 774/1253/3 783/1254/3
f 789/1255/6 778/1256/6 776/1257/6
f 778/1258/3 782/1259/3 776/1260/3
f 786/1261/3 783/1254/3 782/1259/3
f 779/1262/95 798/1263/95 795/1264/95
f 784/1265/96 796/1266/96 785/1267/96
f 791/1268/25 783/1269/25 774/1270/25
f 793/1271/25 782/1246/25 783/1269/25
f 785/1272/97 789/1273/97 788/1274/97
f 775/1275/98 790/1276/98 781/1277/98
f 777/1278/97 792/1279/97 789/1273/97
f 784/1280/98 791/1281/98 775/1275/98
f 785/1272/21 793/1282/21 784/1280/21
f 785/1267/99 798/1263/99 777/1283/99
f 784/1265/100 799/1284/100 797/1285/100
f 781/1286/101 799/1284/101 775/1287/101
f 767/1288/25 800/1289/25 801/1290/25
f 767/1288/25 801/1290/25 802/1291/25
f 767/1288/25 802/1291/25 803/1292/25
f 767/1288/25 803/1292/25 804/1293/25
f 767/1288/25 804/1293/25 805/1294/25
f 767/1288/25 805/1294/25 806/1295/25
f 767/1288/25 806/1295/25 807/1296/25
f 767/1288/25 807/1296/25 808/1297/25
f 767/1288/25 808/1297/25 809/1298/25
f 767/1288/25 809/1298/25 810/1299/25
f 767/1288/25 810/1299/25 811/1300/25
f 767/1288/25 811/1300/25 800/1289/25
f 730/1301/25 812/1302/25 813/1303/25
f 740/1304/25 814/1305/25 815/1306/25
f 740/1304/25 816/1307/25 817/1308/25
f 730/1301/25 813/1303/25 818/1309/25
f 730/1301/25 818/1309/25 819/1310/25
f 740/1304/25 820/1311/25 814/1305/25
f 730/1301/25 819/1310/25 821/1312/25
f 740/1304/25 815/1306/25 816/1307/25
f 730/1301/25 821/1312/25 822/1313/25
f 730/1301/25 822/1313/25 823/1314/25
f 730/1301/25 823/1314/25 824/1315/25
f 740/1304/25 825/1316/25 820/1311/25
f 730/1301/25 824/1315/25 812/1302/25
f 740/1304/25 817/1308/25 826/1317/25
f 740/1304/25 826/1317/25 827/1318/25
f 740/1304/25 827/1318/25 825/1316/25
f 749/1319/25 828/1320/25 829/1321/25
f 749/1319/25 830/1322/25 831/1323/25
f 749/1319/25 832/1324/25 828/1320/25
f 749/1319/25 829/1321/25 830/1322/25
f 749/1319/25 833/1325/25 832/1324/25
f 749/1319/25 831/1323/25 834/1326/25
f 749/1319/25 834/1326/25 835/1327/25
f 749/1319/25 835/1327/25 833/1325/25
f 758/1328/25 836/1329/25 837/1330/25
f 758/1328/25 838/1331/25 839/1332/25
f 758/1328/25 840/1333/25 836/1329/25
f 758/1328/25 837/1330/25 838/1331/25
f 758/1328/25 841/1334/25 840/1333/25
f 758/1328/25 839/1332/25 842/1335/25
f 758/1328/25 842/1335/25 843/1336/25
f 758/1328/25 843/1336/25 841/1334/25
f 845/2/2 961/1/1 847/3/1
f 850/5/4 957/4/3 851/6/3
f 849/8/5 958/7/4 850/5/4
f 858/10/7 951/9/6 950/11/7
f 851/6/3 956/12/8 852/13/8
f 852/13/8 955/14/9 853/15/9
f 853/15/9 954/16/10 854/17/10
f 854/17/10 953/18/11 855/19/11
f 855/19/11 952/20/12 856/21/12
f 856/21/12 951/9/6 857/22/6
f 859/24/14 948/23/13 860/25/13
f 858/10/7 949/26/14 859/24/14
f 862/28/16 947/27/15 946/29/16
f 860/25/13 947/27/15 861/30/15
f 868/32/18 962/31/17 846/33/17
f 867/35/19 1123/34/18 868/32/18
f 959/37/5 848/36/20 960/38/20
f 989/40/2 965/39/17 988/41/17
f 989/40/2 966/42/1 964/1337/2
f 990/43/1 967/44/20 966/42/1
f 991/45/20 968/46/5 967/44/20
f 992/47/5 969/49/4 968/46/5
f 994/50/3 969/49/4 993/48/4
f 995/52/8 970/51/3 994/50/3
f 996/54/9 971/53/8 995/52/8
f 997/56/10 972/55/9 996/54/9
f 998/58/11 973/57/10 997/56/10
f 999/60/12 974/59/11 998/58/11
f 1000/62/6 975/61/12 999/60/12
f 1001/64/7 976/63/6 1000/62/6
f 1002/66/14 977/65/7 1001/64/7
f 1003/68/13 978/67/14 1002/66/14
f 1003/68/13 980/69/15 979/1338/13
f 1005/71/16 980/69/15 1004/70/15
f 1005/71/16 982/72/21 981/1339/16
f 1006/74/21 983/75/22 982/1340/21
f 1008/77/23 983/75/22 1007/76/22
f 1009/79/24 984/78/23 1008/77/23
f 1010/81/19 985/80/24 1009/79/24
f 1011/83/18 986/82/19 1010/81/19
f 988/41/17 987/84/18 1011/83/18
f 847/86/26 872/85/26 871/87/26
f 848/89/26 873/88/26 872/85/26
f 873/88/26 850/90/26 874/93/26
f 850/90/26 875/92/26 874/93/26
f 875/92/26 852/94/26 876/97/26
f 852/94/26 877/96/26 876/97/26
f 853/99/26 878/98/26 877/96/26
f 878/98/26 855/100/26 879/103/26
f 855/100/26 880/102/26 879/103/26
f 856/105/26 881/104/26 880/102/26
f 857/107/26 882/106/26 881/104/26
f 882/106/26 859/108/26 883/111/26
f 859/108/26 884/110/26 883/111/26
f 860/113/26 885/112/26 884/110/26
f 885/112/26 862/114/26 886/117/26
f 862/114/26 887/116/26 886/117/26
f 863/119/26 888/118/26 887/116/26
f 864/121/26 889/120/26 888/118/26
f 889/120/26 866/122/26 890/124/26
f 890/124/26 867/125/26 891/127/26
f 867/125/26 892/126/26 891/127/26
f 892/126/26 846/128/26 870/134/26
f 901/131/8 875/130/3 876/132/8
f 846/128/26 869/133/26 870/134/26
f 916/136/19 890/135/24 891/137/19
f 909/139/13 883/138/14 884/140/13
f 902/141/9 876/132/8 877/142/9
f 917/143/18 891/137/19 892/144/18
f 894/146/2 870/145/17 869/147/2
f 910/148/15 884/140/13 885/149/15
f 903/150/10 877/142/9 878/151/10
f 895/152/17 892/144/18 870/145/17
f 896/153/1 869/147/2 871/154/1
f 886/155/16 910/148/15 885/149/15
f 904/157/11 878/151/10 879/158/11
f 897/159/20 871/154/1 872/160/20
f 912/161/21 886/155/16 887/162/21
f 905/163/12 879/158/11 880/164/12
f 898/165/5 872/160/20 873/166/5
f 913/168/22 887/167/21 888/169/22
f 906/170/6 880/164/12 881/171/6
f 899/172/4 873/166/5 874/173/4
f 914/174/23 888/169/22 889/175/23
f 907/176/7 881/171/6 882/177/7
f 900/178/3 874/173/4 875/130/3
f 915/179/24 889/175/23 890/135/24
f 908/180/14 882/177/7 883/138/14
f 869/133/26 847/86/26 871/87/26
f 1218/183/14 1225/182/7 1229/184/14
f 1329/186/5 1279/185/20 1281/187/5
f 1205/189/10 1244/188/11 1242/190/10
f 1342/192/18 1296/191/17 1294/193/18
f 1315/194/24 1361/195/23 1313/709/23
f 1324/198/14 1278/197/13 1276/199/14
f 931/201/16 1260/200/21 1258/202/16
f 1222/204/7 1226/203/6 1225/182/7
f 1207/205/9 1242/190/10 1240/206/9
f 1340/207/19 1294/193/18 1292/208/19
f 1204/210/24 1241/209/23 1243/211/24
f 1343/213/12 1293/212/11 1295/214/12
f 1325/216/1 1273/215/2 1277/217/1
f 1238/218/8 1207/205/9 1240/206/9
f 1338/220/24 1292/208/19 1290/221/24
f 1241/209/23 1208/235/22 1239/222/22
f 1341/225/11 1291/224/10 1293/212/11
f 1306/226/4 1356/227/3 1308/712/3
f 1257/229/5 934/230/20 1255/242/20
f 1288/232/23 1338/220/24 1290/221/24
f 1208/235/22 1237/234/21 1239/222/22
f 937/237/14 1254/236/13 1252/238/14
f 1304/239/5 1354/228/4 1306/226/4
f 934/230/20 1253/241/1 1255/242/20
f 1366/244/25 1365/243/25 1367/245/25
f 1362/246/25 1361/195/25 1363/196/25
f 1358/248/25 1357/247/25 1359/249/25
f 1354/228/25 1353/250/25 1355/251/25
f 1351/252/25 1348/253/25 1349/725/25
f 1346/256/25 1345/255/25 1347/257/25
f 1342/192/25 1341/225/25 1343/213/25
f 1339/258/25 1336/233/25 1337/727/25
f 1334/260/25 1333/259/25 1335/261/25
f 1331/262/25 1328/263/25 1329/186/25
f 1326/265/25 1325/216/25 1327/266/25
f 1321/267/25 1323/268/25 1322/723/25
f 919/271/26 920/270/26 918/272/26
f 922/273/26 925/274/26 924/730/26
f 926/276/26 929/277/26 928/708/26
f 930/279/26 933/280/26 932/231/26
f 935/282/26 936/281/26 934/230/26
f 938/283/26 941/284/26 940/731/26
f 1200/286/26 1203/287/26 1202/705/26
f 1205/189/26 1206/223/26 1204/210/26
f 1208/235/26 1211/289/26 1210/732/26
f 1213/291/26 1214/290/26 1212/292/26
f 1216/293/26 1219/294/26 1218/183/26
f 1223/297/26 1221/296/26 1222/204/26
f 848/36/20 961/1/1 960/38/20
f 844/299/19 866/298/24 942/300/24
f 942/300/24 865/301/23 943/302/23
f 944/303/22 865/301/23 864/1341/22
f 944/303/22 863/304/21 945/305/21
f 945/306/21 862/28/16 946/29/16
f 1125/308/17 1052/307/2 1075/309/17
f 1135/311/7 1065/310/14 1064/312/7
f 1157/314/12 1091/313/11 1090/315/12
f 1171/317/2 1077/316/17 1076/318/2
f 1137/320/12 1063/319/6 1062/321/12
f 1159/323/7 1089/322/6 1088/324/7
f 1122/326/25 962/325/25 1121/327/25
f 1139/329/10 1061/328/11 1060/330/10
f 1161/332/13 1087/331/14 1086/333/13
f 1127/335/24 1073/334/19 1072/336/24
f 1141/338/8 1059/337/9 1058/339/8
f 1128/340/23 1072/336/24 1071/341/23
f 1163/343/16 1085/342/15 1084/344/16
f 1142/345/3 1058/339/8 1057/346/3
f 1150/348/5 1098/347/20 1097/349/5
f 1129/350/22 1071/341/23 1070/351/22
f 1164/352/21 1084/344/16 1083/353/21
f 1143/355/4 1057/354/3 1056/356/4
f 1151/357/4 1097/349/5 1096/358/4
f 1069/359/21 1129/350/22 1070/351/22
f 1165/361/22 1083/353/21 1082/362/22
f 1144/363/5 1056/356/4 1055/364/5
f 1152/365/3 1096/358/4 1095/366/3
f 1131/367/16 1069/359/21 1068/368/16
f 1166/369/23 1082/362/22 1081/370/23
f 1145/371/20 1055/364/5 1054/372/20
f 1153/374/8 1095/373/3 1094/375/8
f 1132/376/15 1068/368/16 1067/377/15
f 1167/378/24 1081/370/23 1080/379/24
f 1146/380/1 1054/372/20 1053/381/1
f 1154/382/9 1094/375/8 1093/383/9
f 1133/384/13 1067/377/15 1066/385/13
f 1168/386/19 1080/379/24 1079/387/19
f 1147/388/2 1053/381/1 1052/307/2
f 1155/389/10 1093/383/9 1092/390/10
f 1134/391/14 1066/385/13 1065/310/14
f 1169/392/18 1079/387/19 1078/393/18
f 1156/394/11 1092/390/10 1091/313/11
f 1170/395/17 1078/393/18 1077/316/17
f 1136/396/6 1064/312/7 1063/319/6
f 1158/397/6 1090/315/12 1089/322/6
f 1149/398/1 1076/318/2 1099/399/1
f 1138/400/11 1062/321/12 1061/328/11
f 1116/402/3 1183/401/8 1115/403/8
f 1126/405/19 1074/404/18 1073/334/19
f 1140/406/9 1060/330/10 1059/337/9
f 1162/407/15 1086/333/13 1085/342/15
f 1148/408/20 1099/399/1 1098/347/20
f 1026/410/6 1019/409/6 1018/411/6
f 1023/413/17 1014/412/17 1015/414/17
f 1027/416/25 1022/415/25 1023/417/25
f 1025/419/26 1020/418/26 1021/420/26
f 1494/422/27 1455/421/17 1470/423/17
f 1021/425/17 1013/424/17 1012/426/17
f 1024/428/6 1017/427/6 1016/429/6
f 1042/431/6 1050/430/6 1043/432/6
f 1038/434/17 1046/433/17 1039/435/17
f 1047/437/21 1051/436/21 1046/438/21
f 1044/440/3 1048/439/3 1045/441/3
f 1036/443/17 1045/442/17 1037/444/17
f 1043/432/6 1040/445/6 1042/431/6
f 1041/447/6 1049/446/6 1040/445/6
f 1028/449/17 1030/448/17 1029/450/17
f 1045/442/17 1012/426/17 1037/444/17
f 1014/412/17 1044/451/17 1036/443/17
f 1046/433/17 1015/414/17 1039/435/17
f 1013/424/17 1047/453/17 1038/434/17
f 1017/427/6 1048/455/6 1041/447/6
f 1041/447/6 1016/429/6 1017/427/6
f 1049/446/6 1018/411/6 1040/445/6
f 1018/411/6 1042/431/6 1040/445/6
f 1019/409/6 1051/457/6 1042/431/6
f 1050/430/6 1016/429/6 1043/432/6
f 1048/439/3 1021/459/3 1045/441/3
f 1026/460/3 1044/440/3 1022/461/3
f 1024/462/21 1047/437/21 1020/463/21
f 1051/436/21 1023/464/21 1046/438/21
f 1124/465/18 1075/309/17 1074/404/18
f 1160/466/14 1088/324/7 1087/331/14
f 1052/467/25 1000/468/25 1075/493/25
f 990/471/25 1064/470/25 1065/472/25
f 989/474/25 1063/473/25 1064/470/25
f 1066/475/25 990/471/25 1065/472/25
f 992/477/25 1066/475/25 1067/478/25
f 993/479/25 1067/478/25 1068/480/25
f 994/481/25 1068/480/25 1069/482/25
f 1070/483/25 994/481/25 1069/482/25
f 1071/485/25 995/484/25 1070/483/25
f 1072/487/25 996/486/25 1071/485/25
f 998/489/25 1072/487/25 1073/490/25
f 1074/491/25 998/489/25 1073/490/25
f 1000/468/25 1074/491/25 1075/493/25
f 1002/494/25 1052/467/25 1053/495/25
f 1054/496/25 1002/494/25 1053/495/25
f 1004/498/25 1054/496/25 1055/499/25
f 1005/500/25 1055/499/25 1056/501/25
f 1006/502/25 1056/501/25 1057/503/25
f 1058/504/25 1006/502/25 1057/503/25
f 1059/506/25 1007/505/25 1058/504/25
f 1060/509/25 1008/507/25 1059/506/25
f 1010/510/25 1060/509/25 1061/511/25
f 1062/512/25 1010/510/25 1061/511/25
f 1063/473/25 1011/513/25 1062/512/25
f 1076/515/26 978/516/26 1099/519/26
f 978/516/26 1098/518/26 1099/519/26
f 1098/518/26 980/520/26 1097/523/26
f 980/520/26 1096/522/26 1097/523/26
f 981/525/26 1095/524/26 1096/522/26
f 982/527/26 1094/526/26 1095/524/26
f 983/529/26 1093/528/26 1094/526/26
f 984/531/26 1092/530/26 1093/528/26
f 985/533/26 1091/532/26 1092/530/26
f 1091/532/26 987/534/26 1090/539/26
f 976/536/26 1076/515/26 1077/537/26
f 987/534/26 1089/538/26 1090/539/26
f 1089/538/26 964/540/26 1088/543/26
f 964/540/26 1087/542/26 1088/543/26
f 1087/542/26 967/544/26 1086/547/26
f 967/544/26 1085/546/26 1086/547/26
f 1085/546/26 969/548/26 1084/550/26
f 1084/550/26 970/551/26 1083/552/26
f 1083/552/26 971/553/26 1082/554/26
f 1082/554/26 972/555/26 1081/556/26
f 1081/556/26 973/557/26 1080/558/26
f 1080/558/26 974/559/26 1079/561/26
f 974/559/26 1078/560/26 1079/561/26
f 975/562/26 1077/537/26 1078/560/26
f 1100/563/25 1125/565/25 1124/564/25
f 1100/563/25 1124/564/25 1126/566/25
f 1100/563/25 1126/566/25 1127/567/25
f 1100/563/25 1127/567/25 1128/568/25
f 1100/563/25 1128/568/25 1129/569/25
f 1100/563/25 1129/569/25 1130/570/25
f 1100/563/25 1130/570/25 1131/571/25
f 1100/563/25 1131/571/25 1132/572/25
f 1100/563/25 1132/572/25 1133/573/25
f 1100/563/25 1133/573/25 1134/574/25
f 1100/563/25 1134/574/25 1135/575/25
f 1100/563/25 1135/575/25 1136/576/25
f 1100/563/25 1136/576/25 1137/577/25
f 1100/563/25 1137/577/25 1138/578/25
f 1100/563/25 1138/578/25 1139/579/25
f 1100/563/25 1139/579/25 1140/580/25
f 1100/563/25 1140/580/25 1141/581/25
f 1100/563/25 1141/581/25 1142/582/25
f 1100/563/25 1142/582/25 1143/583/25
f 1100/563/25 1143/583/25 1144/584/25
f 1100/563/25 1144/584/25 1145/585/25
f 1100/563/25 1145/585/25 1146/586/25
f 1100/563/25 1146/586/25 1147/587/25
f 1100/563/25 1147/587/25 1125/565/25
f 1111/588/26 1149/590/26 1148/589/26
f 1111/588/26 1148/589/26 1150/591/26
f 1111/588/26 1150/591/26 1151/592/26
f 1111/588/26 1151/592/26 1152/593/26
f 1111/588/26 1152/593/26 1153/594/26
f 1111/588/26 1153/594/26 1154/595/26
f 1111/588/26 1154/595/26 1155/596/26
f 1111/588/26 1155/596/26 1156/597/26
f 1111/588/26 1156/597/26 1157/598/26
f 1111/588/26 1157/598/26 1158/599/26
f 1111/588/26 1158/599/26 1159/600/26
f 1111/588/26 1159/600/26 1160/601/26
f 1111/588/26 1160/601/26 1161/602/26
f 1111/588/26 1161/602/26 1162/603/26
f 1111/588/26 1162/603/26 1163/604/26
f 1111/588/26 1163/604/26 1164/605/26
f 1111/588/26 1164/605/26 1165/606/26
f 1111/588/26 1165/606/26 1166/607/26
f 1111/588/26 1166/607/26 1167/608/26
f 1111/588/26 1167/608/26 1168/609/26
f 1111/588/26 1168/609/26 1169/610/26
f 1111/588/26 1169/610/26 1170/611/26
f 1111/588/26 1170/611/26 1171/612/26
f 1111/588/26 1171/612/26 1149/590/26
f 1174/613/25 962/325/25 1123/1342/25
f 1174/613/25 844/614/25 1173/615/25
f 1172/616/25 844/614/25 942/618/25
f 1101/617/25 942/618/25 943/1343/25
f 1101/617/25 944/619/25 1102/620/25
f 1102/620/25 945/621/25 1103/622/25
f 1103/622/25 946/623/25 1104/624/25
f 1105/625/25 946/623/25 947/1344/25
f 1105/625/25 948/626/25 1106/627/25
f 1106/627/25 949/628/25 1107/629/25
f 1108/630/25 949/628/25 950/1345/25
f 1108/630/25 951/631/25 1109/632/25
f 1109/632/25 952/633/25 1110/634/25
f 1110/634/25 953/635/25 1112/636/25
f 1113/637/25 953/635/25 954/1346/25
f 1113/637/25 955/638/25 1114/639/25
f 1114/639/25 956/640/25 1115/641/25
f 1116/642/25 956/640/25 957/1347/25
f 1116/642/25 958/643/25 1117/644/25
f 1118/645/25 958/643/25 959/1348/25
f 1118/645/25 960/646/25 1119/647/25
f 1119/647/25 961/648/25 1120/649/25
f 1172/651/24 1198/650/19 1173/652/19
f 1107/654/14 1191/653/13 1106/655/13
f 1115/403/8 1184/656/9 1114/657/9
f 1173/652/19 1199/658/18 1174/659/18
f 1121/661/17 1176/660/2 1122/662/2
f 1106/655/13 1192/663/15 1105/664/15
f 1114/657/9 1185/665/10 1113/666/10
f 1174/659/18 1177/667/17 1121/661/17
f 1122/662/2 1178/668/1 1120/669/1
f 1104/670/16 1192/663/15 1193/1349/16
f 1113/666/10 1186/671/11 1112/672/11
f 1120/669/1 1179/673/20 1119/674/20
f 1104/670/16 1194/675/21 1103/676/21
f 1112/672/11 1187/677/12 1110/678/12
f 1119/674/20 1180/679/5 1118/680/5
f 1103/682/21 1195/681/22 1102/683/22
f 1110/678/12 1188/684/6 1109/685/6
f 1118/680/5 1181/686/4 1117/687/4
f 1101/688/23 1195/681/22 1196/1350/23
f 1109/685/6 1189/689/7 1108/690/7
f 1117/687/4 1182/691/3 1116/402/3
f 1101/688/23 1197/692/24 1172/651/24
f 1108/690/7 1190/693/14 1107/654/14
f 1122/326/25 961/648/25 963/1351/25
f 1347/257/7 1297/694/6 1299/695/7
f 1260/200/21 927/278/22 1262/696/22
f 1360/698/9 1314/697/10 1312/699/9
f 926/276/8 1261/700/3 1263/701/8
f 1220/703/17 1224/702/2 1227/704/17
f 1202/705/19 1243/211/24 1245/706/19
f 1345/255/6 1295/214/12 1297/694/6
f 1327/266/20 1277/217/1 1279/185/20
f 1310/707/8 1360/698/9 1312/699/9
f 928/708/3 1259/713/4 1261/700/3
f 1361/195/23 1311/715/22 1313/709/23
f 1320/269/7 1276/199/14 1272/710/7
f 1256/711/15 931/201/16 1258/202/16
f 1356/227/3 1310/707/8 1308/712/3
f 1259/713/4 932/231/5 1257/229/5
f 1359/249/22 1309/714/21 1311/715/22
f 1323/268/6 1272/710/7 1275/716/6
f 935/282/13 1256/711/15 1254/236/13
f 1211/289/3 1238/218/8 1236/717/3
f 1321/267/2 1274/718/17 1273/215/2
f 1357/247/21 1307/719/16 1309/714/21
f 1339/258/10 1289/720/9 1291/224/10
f 919/271/18 1227/704/17 1270/721/18
f 1213/291/4 1236/717/3 1234/722/4
f 1323/268/25 1367/245/25 1322/723/25
f 1365/243/25 1362/246/25 1363/196/25
f 1360/698/25 1359/249/25 1361/195/25
f 1356/227/25 1355/251/25 1357/247/25
f 1352/240/25 1351/252/25 1353/250/25
f 1349/725/25 1346/256/25 1347/257/25
f 1344/726/25 1343/213/25 1345/255/25
f 1341/225/25 1338/220/25 1339/258/25
f 1336/233/25 1335/261/25 1337/727/25
f 1333/259/25 1330/264/25 1331/262/25
f 1328/263/25 1327/266/25 1329/186/25
f 1325/216/25 1320/269/25 1321/267/25
f 1221/296/26 919/271/26 918/272/26
f 921/729/26 922/273/26 920/270/26
f 924/730/26 927/278/26 926/276/26
f 928/708/26 931/201/26 930/279/26
f 932/231/26 935/282/26 934/230/26
f 937/237/26 938/283/26 936/281/26
f 941/284/26 1200/286/26 940/731/26
f 1203/287/26 1204/210/26 1202/705/26
f 1206/223/26 1209/219/26 1208/235/26
f 1211/289/26 1212/292/26 1210/732/26
f 1214/290/26 1217/295/26 1216/293/26
f 1219/294/26 1222/204/26 1218/183/26
f 846/33/17 963/734/2 845/2/2
f 1221/296/6 1271/735/12 1226/203/6
f 1334/260/22 1288/232/23 1286/736/22
f 1355/251/16 1305/737/15 1307/719/16
f 1210/732/21 1235/738/16 1237/234/21
f 921/729/19 1270/721/18 1268/739/19
f 1289/720/9 1335/261/8 1287/750/8
f 939/285/7 1252/238/14 1250/740/7
f 918/272/12 1269/741/11 1271/735/12
f 1350/254/20 1304/239/5 1302/742/20
f 1232/743/5 1213/291/4 1234/722/4
f 936/281/1 1251/744/2 1253/241/1
f 1332/728/21 1286/736/22 1284/745/21
f 1353/250/15 1303/746/13 1305/737/15
f 1212/292/16 1233/747/15 1235/738/16
f 923/275/24 1268/739/19 1266/748/24
f 1335/261/8 1285/749/3 1287/750/8
f 941/284/6 1250/740/7 1248/751/6
f 920/270/11 1267/752/10 1269/741/11
f 1348/253/1 1302/742/20 1300/753/1
f 1217/295/20 1232/743/5 1230/754/20
f 1366/244/12 1275/716/6 1318/755/12
f 938/283/2 1249/756/17 1251/744/2
f 1330/264/16 1284/745/21 1282/757/16
f 1351/252/13 1301/758/14 1303/746/13
f 1214/290/15 1231/759/13 1233/747/15
f 1322/723/17 1319/760/18 1274/718/17
f 925/274/23 1266/748/24 1264/761/23
f 1333/259/3 1283/762/4 1285/749/3
f 1364/724/11 1318/755/12 1316/763/11
f 1201/288/12 1248/751/6 1246/764/12
f 1267/752/10 924/730/9 1265/765/9
f 1346/256/2 1300/753/1 1298/766/2
f 1219/294/1 1230/754/20 1228/767/1
f 1367/245/18 1317/768/19 1319/760/18
f 940/731/17 1247/769/18 1249/756/17
f 1328/263/15 1282/757/16 1280/770/15
f 1349/725/14 1299/695/7 1301/758/14
f 1216/293/13 1229/184/14 1231/759/13
f 1262/696/22 925/274/23 1264/761/23
f 1283/762/4 1329/186/5 1281/187/5
f 1362/246/10 1316/763/11 1314/697/10
f 1203/287/11 1246/764/12 1244/188/11
f 924/730/9 1263/701/8 1265/765/9
f 1344/726/17 1298/766/2 1296/191/17
f 1223/297/2 1228/767/1 1224/702/2
f 1365/243/19 1315/194/24 1317/768/19
f 1200/286/18 1245/706/19 1247/769/18
f 1278/197/13 1328/263/15 1280/770/15
f 893/771/26 1227/704/26 1224/702/26
f 1225/182/26 896/772/26 1229/184/26
f 895/774/26 1225/182/26 1226/203/26
f 893/771/26 1224/702/26 1228/767/26
f 893/771/26 1270/721/26 1227/704/26
f 1271/735/26 895/774/26 1226/203/26
f 896/772/26 1231/759/26 1229/184/26
f 893/771/26 1228/767/26 1230/754/26
f 1231/759/26 898/776/26 1233/747/26
f 893/771/26 1230/754/26 1232/743/26
f 1233/747/26 899/778/26 1235/738/26
f 893/771/26 1232/743/26 1234/722/26
f 899/778/26 1237/234/26 1235/738/26
f 893/771/26 1234/722/26 1236/717/26
f 1237/234/26 901/779/26 1239/222/26
f 893/771/26 1236/717/26 1238/218/26
f 901/779/26 1241/209/26 1239/222/26
f 893/771/26 1238/218/26 1240/206/26
f 902/781/26 1243/211/26 1241/209/26
f 893/771/26 1240/206/26 1242/190/26
f 1243/211/26 904/782/26 1245/706/26
f 893/771/26 1242/190/26 1244/188/26
f 1245/706/26 905/784/26 1247/769/26
f 893/771/26 1244/188/26 1246/764/26
f 905/784/26 1249/756/26 1247/769/26
f 893/771/26 1246/764/26 1248/751/26
f 1249/756/26 907/785/26 1251/744/26
f 893/771/26 1248/751/26 1250/740/26
f 907/785/26 1253/241/26 1251/744/26
f 893/771/26 1250/740/26 1252/238/26
f 908/787/26 1255/242/26 1253/241/26
f 893/771/26 1252/238/26 1254/236/26
f 1255/242/26 910/788/26 1257/229/26
f 893/771/26 1254/236/26 1256/711/26
f 1257/229/26 911/790/26 1259/713/26
f 893/771/26 1256/711/26 1258/202/26
f 911/790/26 1261/700/26 1259/713/26
f 893/771/26 1258/202/26 1260/200/26
f 1261/700/26 913/791/26 1263/701/26
f 893/771/26 1260/200/26 1262/696/26
f 913/791/26 1265/765/26 1263/701/26
f 893/771/26 1262/696/26 1264/761/26
f 914/793/26 1267/752/26 1265/765/26
f 893/771/26 1264/761/26 1266/748/26
f 1267/752/26 916/794/26 1269/741/26
f 893/771/26 1266/748/26 1268/739/26
f 916/794/26 1271/735/26 1269/741/26
f 893/771/26 1268/739/26 1270/721/26
f 1175/796/25 1273/215/25 1274/718/25
f 1272/798/25 1177/797/25 1275/799/25
f 1175/796/25 1277/217/25 1273/215/25
f 1272/798/25 1178/800/25 1176/1352/25
f 1318/802/25 1177/797/25 1199/1353/25
f 1175/796/25 1274/718/25 1319/760/25
f 1175/796/25 1279/185/25 1277/217/25
f 1278/803/25 1178/800/25 1276/801/25
f 1175/796/25 1281/187/25 1279/185/25
f 1278/803/25 1180/804/25 1179/1354/25
f 1175/796/25 1283/762/25 1281/187/25
f 1280/805/25 1181/806/25 1180/804/25
f 1175/796/25 1285/749/25 1283/762/25
f 1284/808/25 1181/806/25 1282/807/25
f 1175/796/25 1287/750/25 1285/749/25
f 1284/808/25 1183/809/25 1182/1355/25
f 1175/796/25 1289/720/25 1287/750/25
f 1288/811/25 1183/809/25 1286/810/25
f 1175/796/25 1291/224/25 1289/720/25
f 1290/813/25 1184/812/25 1288/811/25
f 1175/796/25 1293/212/25 1291/224/25
f 1290/813/25 1186/814/25 1185/1356/25
f 1175/796/25 1295/214/25 1293/212/25
f 1292/815/25 1187/816/25 1186/814/25
f 1175/796/25 1297/694/25 1295/214/25
f 1296/818/25 1187/816/25 1294/817/25
f 1175/796/25 1299/695/25 1297/694/25
f 1296/818/25 1189/819/25 1188/1357/25
f 1175/796/25 1301/758/25 1299/695/25
f 1300/821/25 1189/819/25 1298/820/25
f 1175/796/25 1303/746/25 1301/758/25
f 1302/823/25 1190/822/25 1300/821/25
f 1175/796/25 1305/737/25 1303/746/25
f 1302/823/25 1192/824/25 1191/1358/25
f 1175/796/25 1307/719/25 1305/737/25
f 1304/825/25 1193/826/25 1192/824/25
f 1175/796/25 1309/714/25 1307/719/25
f 1308/828/25 1193/826/25 1306/827/25
f 1175/796/25 1311/715/25 1309/714/25
f 1308/828/25 1195/829/25 1194/1359/25
f 1175/796/25 1313/709/25 1311/715/25
f 1312/831/25 1195/829/25 1310/830/25
f 1175/796/25 1315/194/25 1313/709/25
f 1314/833/25 1196/832/25 1312/831/25
f 1175/796/25 1317/768/25 1315/194/25
f 1314/833/25 1198/834/25 1197/1360/25
f 1175/796/25 1319/760/25 1317/768/25
f 1318/802/25 1198/834/25 1316/835/25
f 1375/837/28 1369/836/20 1374/838/20
f 1371/840/28 1373/839/20 1370/841/20
f 1368/843/28 1028/842/3 1035/844/3
f 1374/845/25 1380/846/25 1375/876/25
f 1034/849/26 1368/848/26 1035/850/26
f 1372/852/28 1033/851/3 1029/853/3
f 1373/855/26 1383/854/26 1382/856/26
f 1371/858/25 1032/857/25 1033/859/25
f 1383/861/29 1379/860/24 1382/862/24
f 1377/864/29 1381/863/24 1376/865/24
f 1377/867/26 1369/866/26 1368/848/26
f 1380/869/29 1034/868/21 1031/870/21
f 1369/836/17 1381/863/17 1374/838/17
f 1370/872/25 1378/871/25 1371/858/25
f 1378/874/29 1030/873/21 1032/875/21
f 1373/839/17 1379/860/17 1370/841/17
f 1375/876/25 1031/877/25 1028/449/25
f 1372/878/26 1030/448/26 1383/854/26
f 1390/880/27 1433/879/17 1448/881/17
f 1391/883/30 1442/882/6 1428/884/6
f 1397/886/31 1425/885/6 1417/887/6
f 1402/889/27 1426/888/17 1411/890/17
f 1501/892/31 1481/891/6 1488/893/6
f 1415/895/25 1408/894/25 1414/896/25
f 1413/898/25 1410/897/25 1415/895/25
f 1407/900/21 1419/899/21 1406/901/21
f 1405/903/21 1421/902/21 1407/900/21
f 1424/905/21 1414/904/21 1423/906/21
f 1422/908/21 1415/907/21 1424/905/21
f 1493/910/31 1464/909/6 1450/911/6
f 1497/913/27 1562/912/17 1480/914/17
f 1499/916/30 1482/915/6 1481/891/6
f 1400/918/27 1416/917/17 1426/888/17
f 1421/902/21 1423/906/21 1419/899/21
f 1420/919/21 1424/905/21 1421/902/21
f 1407/921/26 1417/920/26 1405/922/26
f 1406/924/26 1418/923/26 1407/921/26
f 1440/926/26 1432/925/26 1439/927/26
f 1438/929/26 1434/928/26 1440/926/26
f 1431/931/25 1441/930/25 1430/932/25
f 1429/934/25 1443/933/25 1431/931/25
f 1440/936/21 1435/935/21 1438/937/21
f 1439/939/21 1437/938/21 1440/936/21
f 1446/941/21 1430/940/21 1445/942/21
f 1444/944/21 1431/943/21 1446/941/21
f 1394/946/27 1427/945/17 1441/947/17
f 1386/949/27 1449/948/17 1463/950/17
f 1401/952/30 1409/951/6 1412/953/6
f 1389/954/30 1428/884/6 1447/955/6
f 1498/957/30 1474/956/6 1482/915/6
f 1437/938/21 1445/942/21 1435/935/21
f 1436/958/21 1446/941/21 1437/938/21
f 1462/960/26 1561/959/26 1560/961/26
f 1460/963/26 1456/962/26 1462/960/26
f 1453/965/25 1463/964/25 1452/966/25
f 1451/968/25 1465/967/25 1453/965/25
f 1462/970/21 1457/969/21 1460/971/21
f 1560/973/21 1459/972/21 1462/970/21
f 1468/975/21 1452/974/21 1467/976/21
f 1466/978/21 1453/977/21 1468/975/21
f 1495/979/31 1450/911/6 1469/980/6
f 1496/981/27 1480/914/17 1483/982/17
f 1392/983/27 1448/881/17 1427/945/17
f 1459/972/21 1467/976/21 1457/969/21
f 1458/984/21 1468/975/21 1459/972/21
f 1492/986/21 1477/985/21 1491/987/21
f 1490/989/21 1479/988/21 1492/986/21
f 1384/990/27 1470/423/17 1449/948/17
f 1398/991/30 1412/953/6 1425/885/6
f 1396/992/30 1447/955/6 1432/993/6
f 1502/994/27 1483/982/17 1475/995/17
f 1388/996/31 1469/980/6 1561/997/6
f 1404/998/27 1411/890/17 1408/999/17
f 1479/988/21 1484/1000/21 1477/985/21
f 1478/1002/21 1486/1001/21 1479/988/21
f 1473/1003/21 1491/987/21 1563/1004/21
f 1471/1005/21 1492/986/21 1473/1003/21
f 1486/1007/25 1475/1006/25 1484/1008/25
f 1485/1010/25 1476/1009/25 1486/1007/25
f 1473/1012/26 1488/1011/26 1471/1013/26
f 1563/1015/26 1489/1014/26 1473/1012/26
f 1420/919/21 1013/1016/21 1038/1017/21
f 1416/1018/26 1439/927/26 1432/925/26
f 1012/1019/26 1405/922/26 1417/920/26
f 1436/958/21 1406/901/21 1419/899/21
f 1412/953/3 1014/1020/3 1036/1021/3
f 1409/1023/25 1015/1022/25 1014/1024/25
f 1428/884/3 1408/999/3 1411/890/3
f 1442/1025/25 1414/896/25 1408/894/25
f 1037/1026/3 1412/953/3 1036/1021/3
f 1426/888/3 1428/884/3 1411/890/3
f 1413/1028/21 1039/1027/21 1015/1029/21
f 1429/1030/21 1423/906/21 1414/904/21
f 1417/887/3 1037/1026/3 1012/1031/3
f 1432/993/3 1426/888/3 1416/917/3
f 1039/1027/21 1420/919/21 1038/1017/21
f 1423/906/21 1436/958/21 1419/899/21
f 1448/881/3 1482/915/3 1427/945/3
f 1482/915/3 1441/947/3 1427/945/3
f 1485/1032/21 1445/942/21 1430/940/21
f 1474/1033/25 1430/932/25 1441/930/25
f 1488/893/3 1448/881/3 1433/879/3
f 1433/1034/26 1471/1013/26 1488/1011/26
f 1445/942/21 1490/989/21 1435/935/21
f 1490/989/21 1438/937/21 1435/935/21
f 1029/1035/3 1463/950/3 1449/948/3
f 1480/914/3 1450/911/3 1483/982/3
f 1470/423/3 1029/1035/3 1449/948/3
f 1450/911/3 1475/995/3 1483/982/3
f 1033/859/25 1452/966/25 1463/964/25
f 1451/1036/21 1477/985/21 1484/1000/21
f 1464/1037/25 1484/1008/25 1475/1006/25
f 1032/1038/21 1467/976/21 1452/974/21
f 1455/1039/26 1034/849/26 1035/850/26
f 1561/997/3 1480/914/3 1562/912/3
f 1567/1041/17 1487/1040/17 1472/1042/17
f 1035/1043/3 1470/423/3 1455/421/3
f 1031/1044/21 1460/971/21 1457/969/21
f 1477/985/21 1458/984/21 1491/987/21
f 1467/976/21 1031/1044/21 1457/969/21
f 1458/984/21 1563/1004/21 1491/987/21
f 1507/1045/25 1509/1047/25 1510/1046/25
f 1510/1046/25 1509/1047/25 1508/1048/25
f 1511/1049/26 1513/1051/26 1514/1050/26
f 1514/1050/26 1513/1051/26 1512/1052/26
f 1521/1053/25 1523/1055/25 1524/1054/25
f 1524/1054/25 1523/1055/25 1522/1056/25
f 1525/1057/26 1527/1059/26 1528/1058/26
f 1528/1058/26 1527/1059/26 1526/1060/26
f 1529/1061/26 1531/1063/26 1532/1062/26
f 1532/1062/26 1531/1063/26 1530/1064/26
f 1539/1065/25 1541/1067/25 1542/1066/25
f 1542/1066/25 1541/1067/25 1540/1068/25
f 1552/1069/26 1554/1071/26 1555/1070/26
f 1555/1070/26 1554/1071/26 1553/1072/26
f 1556/1073/25 1558/1075/25 1559/1074/25
f 1559/1074/25 1558/1075/25 1557/1076/25
f 1520/1078/3 1522/1077/32 1519/1079/32
f 1520/1078/3 1521/1080/33 1524/1361/3
f 1545/1083/3 1504/1082/32 1544/1084/32
f 1543/1086/33 1506/1085/3 1545/1083/3
f 1552/1087/32 1551/1088/3 1549/1092/32
f 1553/1090/33 1551/1088/3 1555/1089/3
f 1551/1088/3 1546/1091/32 1549/1092/32
f 1550/1094/33 1548/1093/3 1551/1088/3
f 1548/1093/3 1557/1095/32 1546/1091/32
f 1548/1093/3 1556/1096/33 1559/1362/3
f 1517/1098/3 1519/1079/32 1516/1099/32
f 1515/1100/33 1520/1078/3 1517/1098/3
f 1506/1085/3 1508/1101/32 1504/1082/32
f 1506/1085/3 1507/1102/33 1510/1363/3
f 1535/1105/3 1536/1104/32 1534/1106/32
f 1533/1108/33 1538/1107/3 1535/1105/3
f 1528/1109/3 1516/1099/32 1525/1110/32
f 1526/1111/34 1517/1098/3 1528/1109/3
f 1532/1112/3 1534/1106/32 1529/1113/32
f 1530/1114/33 1535/1105/3 1532/1112/3
f 1514/1115/3 1544/1084/32 1511/1116/32
f 1512/1117/33 1545/1083/3 1514/1115/3
f 1538/1107/3 1540/1118/32 1536/1104/32
f 1537/1120/33 1542/1119/3 1538/1107/3
f 1505/1103/33 1494/422/27 1384/990/27
f 1493/910/31 1544/1084/32 1504/1082/32
f 1385/1121/30 1504/1082/32 1508/1101/32
f 1386/949/27 1505/1103/33 1384/990/27
f 1385/1122/25 1509/1047/25 1465/967/25
f 1509/1047/25 1386/1364/25 1463/964/25
f 1543/1086/33 1387/1123/27 1494/422/27
f 1513/1051/26 1388/1365/26 1561/959/26
f 1387/1124/26 1513/1051/26 1456/962/26
f 1495/979/31 1511/1116/32 1544/1084/32
f 1518/1081/33 1390/880/27 1392/983/27
f 1515/1100/33 1395/1125/27 1390/880/27
f 1391/883/30 1516/1099/32 1519/1079/32
f 1516/1099/32 1396/992/30 1525/1110/32
f 1521/1080/33 1392/983/27 1394/946/27
f 1393/1126/30 1519/1079/32 1522/1077/32
f 1393/1127/25 1523/1055/25 1443/933/25
f 1523/1055/25 1394/1366/25 1441/930/25
f 1395/1128/26 1527/1059/26 1434/928/26
f 1527/1059/26 1396/1367/26 1432/925/26
f 1399/1129/26 1531/1063/26 1418/923/26
f 1398/991/30 1529/1113/32 1534/1106/32
f 1533/1108/33 1399/1130/27 1400/918/27
f 1531/1063/26 1397/1368/26 1417/920/26
f 1537/1120/33 1400/918/27 1402/889/27
f 1401/952/30 1534/1106/32 1536/1104/32
f 1403/1131/30 1536/1104/32 1540/1118/32
f 1539/1132/33 1402/889/27 1404/998/27
f 1403/1133/25 1541/1067/25 1410/897/25
f 1541/1067/25 1404/1369/25 1408/894/25
f 1547/1097/33 1497/913/27 1496/981/27
f 1498/957/30 1549/1092/32 1546/1091/32
f 1502/994/27 1547/1097/33 1496/981/27
f 1503/1134/30 1546/1091/32 1557/1095/32
f 1550/1094/33 1500/1135/27 1497/913/27
f 1549/1092/32 1501/892/31 1552/1087/32
f 1500/1136/26 1554/1071/26 1489/1014/26
f 1554/1071/26 1501/1370/26 1488/1011/26
f 1503/1137/25 1558/1075/25 1476/1009/25
f 1558/1075/25 1502/1371/25 1475/1006/25
f 1560/961/26 1454/1138/26 1461/1139/26
f 1562/1141/26 1472/1140/26 1487/1142/26
f 1561/959/26 1487/1142/26 1454/1138/26
f 1563/1015/26 1461/1139/26 1472/1140/26
f 1566/1144/26 1564/1143/26 1565/1145/26
f 1566/1147/21 1454/1146/21 1487/1040/21
f 1565/1149/6 1461/1148/6 1454/1150/6
f 1564/1152/3 1472/1151/3 1461/1148/3
f 1662/1154/36 1588/1153/35 1661/1155/35
f 1658/1157/37 1585/1156/37 1660/1158/37
f 1646/1160/39 1569/1159/38 1645/1161/38
f 1665/1163/40 1586/1162/40 1666/1164/40
f 1660/1158/42 1584/1165/41 1659/1166/43
f 1651/1168/44 1570/1167/39 1646/1160/39
f 1664/1170/46 1590/1169/45 1663/1171/45
f 1659/1166/43 1582/1172/47 1650/1173/47
f 1652/1175/49 1571/1174/48 1651/1176/48
f 1667/1178/50 1591/1177/50 1664/1170/50
f 1650/1173/51 1581/1179/51 1649/1180/51
f 1654/1182/52 1572/1181/49 1652/1175/49
f 1668/1184/54 1593/1183/53 1667/1178/53
f 1649/1180/55 1580/1185/55 1648/1186/55
f 1655/1188/57 1574/1187/56 1654/1182/58
f 1666/1164/60 1594/1189/59 1668/1184/54
f 1648/1186/62 1579/1190/61 1647/1191/63
f 1656/1193/65 1575/1192/64 1655/1188/57
f 1653/1195/66 1568/1194/66 1658/1157/66
f 1647/1191/63 1578/1196/67 1653/1197/67
f 1657/1199/68 1576/1198/65 1656/1193/65
f 1663/1171/45 1589/1200/69 1662/1154/69
f 1645/1161/70 1577/1201/68 1657/1199/68
f 1661/1203/35 1587/1202/71 1665/1163/71
f 1670/1205/73 1597/1204/72 1669/1206/72
f 1673/1208/74 1595/1207/74 1674/1209/74
f 1672/1211/76 1599/1210/75 1671/1212/75
f 1675/1214/77 1600/1213/76 1672/1211/76
f 1676/1216/79 1602/1215/78 1675/1214/78
f 1674/1218/80 1603/1217/79 1676/1216/79
f 1671/1212/75 1598/1219/81 1670/1205/81
f 1669/1206/72 1596/1220/82 1673/1208/82
f 1634/1222/84 1604/1221/83 1633/1223/83
f 1635/1225/85 1605/1224/84 1634/1222/84
f 1636/1227/86 1606/1226/85 1635/1228/85
f 1637/1230/87 1607/1229/86 1636/1227/86
f 1638/1232/88 1608/1231/87 1637/1230/87
f 1639/1234/89 1609/1233/88 1638/1232/88
f 1640/1236/90 1611/1235/89 1639/1234/89
f 1641/1238/91 1612/1237/90 1640/1236/90
f 1642/1240/92 1613/1239/91 1641/1238/91
f 1643/1242/93 1614/1241/92 1642/1240/92
f 1644/1244/94 1615/1243/93 1643/1242/93
f 1633/1223/83 1616/1245/94 1644/1244/94
f 1621/1246/26 1626/1247/26 1625/1372/26
f 1617/1250/17 790/1249/17 780/1251/17
f 1617/1253/3 787/1252/3 1622/1254/3
f 778/1256/6 1626/1255/6 1619/1257/6
f 1621/1259/3 778/1258/3 1619/1260/3
f 1622/1254/3 786/1261/3 1621/1259/3
f 779/1262/95 1631/1263/95 1620/1283/95
f 1629/1266/102 1623/1265/102 1624/1267/102
f 1622/1269/26 1627/1268/26 1617/1270/26
f 1621/1246/26 1628/1271/26 1622/1269/26
f 1624/1272/97 1626/1273/97 1620/1278/97
f 790/1276/98 1618/1275/98 781/1277/98
f 1620/1278/97 792/1279/97 779/1373/97
f 1627/1281/98 1623/1280/98 1618/1275/98
f 1628/1282/21 1624/1272/21 1623/1280/21
f 1631/1263/103 1624/1267/103 1620/1283/103
f 1623/1265/104 1632/1284/104 1618/1287/104
f 1632/1284/101 781/1286/101 1618/1287/101
f 1610/1288/26 1634/1290/26 1633/1289/26
f 1610/1288/26 1635/1291/26 1634/1290/26
f 1610/1288/26 1636/1292/26 1635/1291/26
f 1610/1288/26 1637/1293/26 1636/1292/26
f 1610/1288/26 1638/1294/26 1637/1293/26
f 1610/1288/26 1639/1295/26 1638/1294/26
f 1610/1288/26 1640/1296/26 1639/1295/26
f 1610/1288/26 1641/1297/26 1640/1296/26
f 1610/1288/26 1642/1298/26 1641/1297/26
f 1610/1288/26 1643/1299/26 1642/1298/26
f 1610/1288/26 1644/1300/26 1643/1299/26
f 1610/1288/26 1633/1289/26 1644/1300/26
f 1573/1301/26 1646/1303/26 1645/1302/26
f 1583/1304/26 1648/1306/26 1647/1305/26
f 1583/1304/26 1650/1308/26 1649/1307/26
f 1573/1301/26 1651/1309/26 1646/1303/26
f 1573/1301/26 1652/1310/26 1651/1309/26
f 1583/1304/26 1647/1305/26 1653/1311/26
f 1573/1301/26 1654/1312/26 1652/1310/26
f 1583/1304/26 1649/1307/26 1648/1306/26
f 1573/1301/26 1655/1313/26 1654/1312/26
f 1573/1301/26 1656/1314/26 1655/1313/26
f 1573/1301/26 1657/1315/26 1656/1314/26
f 1583/1304/26 1653/1311/26 1658/1316/26
f 1573/1301/26 1645/1302/26 1657/1315/26
f 1583/1304/26 1659/1317/26 1650/1308/26
f 1583/1304/26 1660/1318/26 1659/1317/26
f 1583/1304/26 1658/1316/26 1660/1318/26
f 1592/1319/26 1662/1321/26 1661/1320/26
f 1592/1319/26 1664/1323/26 1663/1322/26
f 1592/1319/26 1661/1320/26 1665/1324/26
f 1592/1319/26 1663/1322/26 1662/1321/26
f 1592/1319/26 1665/1324/26 1666/1325/26
f 1592/1319/26 1667/1326/26 1664/1323/26
f 1592/1319/26 1668/1327/26 1667/1326/26
f 1592/1319/26 1666/1325/26 1668/1327/26
f 1601/1328/26 1670/1330/26 1669/1329/26
f 1601/1328/26 1672/1332/26 1671/1331/26
f 1601/1328/26 1669/1329/26 1673/1333/26
f 1601/1328/26 1671/1331/26 1670/1330/26
f 1601/1328/26 1673/1333/26 1674/1334/26
f 1601/1328/26 1675/1335/26 1672/1332/26
f 1601/1328/26 1676/1336/26 1675/1335/26
f 1601/1328/26 1674/1334/26 1676/1336/26
f 1698/1374/105 1708/1375/106 1712/1376/107
f 1706/1377/108 1682/1378/109 1702/1379/110
f 1718/1380/111 1726/1381/112 1709/1382/113
f 1689/1383/114 1736/1384/115 1715/1385/116
f 1691/1386/117 1754/1387/118 1750/1388/119
f 1750/1388/120 1694/1389/121 1752/1390/122
f 1751/1391/123 1690/1392/124 1696/1393/125
f 1684/1394/126 1753/1395/127 1747/1396/128
f 1687/1397/129 1744/1398/130 1739/1399/131
f 1740/1400/132 1697/1401/133 1742/1402/134
f 1741/1403/135 1692/1404/136 1699/1405/137
f 1678/1406/138 1743/1407/139 1738/1408/140
f 1683/1409/141 1751/1391/123 1749/1410/142
f 1747/1396/143 1695/1411/144 1752/1390/122
f 1700/1412/145 1728/1413/146 1721/1414/147
f 1701/1415/148 1694/1389/149 1706/1377/108
f 1680/1416/150 1741/1403/135 1739/1399/151
f 1737/1417/152 1700/1412/145 1742/1402/134
f 1704/1418/153 1730/1419/154 1729/1420/154
f 1678/1406/155 1712/1376/107 1707/1421/156
f 1683/1422/25 1706/1423/108 1693/1424/25
f 1691/1386/157 1705/1425/158 1703/1426/159
f 1753/1427/127 1683/1428/160 1749/1429/161
f 1677/1430/26 1720/1431/26 1707/1432/156
f 1688/1433/162 1705/1425/158 1695/1411/163
f 1706/1423/108 1681/1434/25 1693/1424/25
f 1677/1430/26 1712/1435/107 1697/1436/26
f 1692/1404/164 1711/1437/165 1699/1405/166
f 1745/1438/167 1677/1439/168 1740/1400/132
f 1744/1440/130 1686/1441/169 1737/1442/170
f 1711/1437/165 1687/1397/171 1699/1405/166
f 1712/1435/107 1679/1443/26 1697/1436/26
f 1755/1444/172 1716/1445/173 1717/1446/174
f 1745/1447/175 1720/1448/176 1719/1449/177
f 1709/1450/113 1733/1451/178 1711/1452/178
f 1756/1453/179 1702/1454/180 1754/1455/181
f 1705/1456/178 1729/1420/182 1732/1457/178
f 1743/1458/183 1718/1380/111 1709/1382/113
f 1681/1434/25 1713/1459/25 1714/1460/25
f 1748/1461/184 1717/1462/185 1690/1392/124
f 1732/1463/26 1730/1464/26 1723/1465/26
f 1733/1466/25 1728/1413/25 1727/1467/25
f 1725/1468/26 1723/1465/26 1724/1469/26
f 1726/1470/25 1721/1414/25 1733/1466/25
f 1725/1468/26 1735/1471/26 1734/1472/26
f 1726/1470/25 1736/1384/25 1722/1473/25
f 1703/1474/186 1732/1457/178 1725/1475/112
f 1717/1462/185 1724/1476/187 1690/1392/124
f 1689/1383/114 1721/1414/147 1722/1473/187
f 1690/1392/124 1723/1477/147 1696/1393/125
f 1717/1446/174 1734/1478/188 1735/1479/188
f 1711/1452/178 1727/1480/182 1710/1481/182
f 1703/1482/186 1734/1483/189 1716/1484/190
f 1715/1485/191 1731/1486/188 1718/1487/192
f 1710/1481/193 1728/1488/194 1686/1489/169
f 1696/1393/125 1730/1490/146 1685/1491/195
f 1707/1492/196 1746/1493/197 1743/1458/183
f 1718/1487/192 1745/1447/175 1715/1485/191
f 1679/1494/198 1744/1440/130 1737/1442/170
f 1715/1385/116 1740/1400/132 1689/1383/114
f 1679/1495/199 1742/1402/134 1697/1401/133
f 1739/1399/151 1699/1405/137 1687/1397/200
f 1692/1404/201 1743/1407/139 1709/1496/202
f 1698/1374/203 1738/1408/204 1741/1403/135
f 1689/1383/114 1742/1402/134 1700/1412/145
f 1680/1416/205 1744/1398/130 1708/1497/206
f 1681/1498/207 1755/1499/208 1748/1461/184
f 1716/1484/190 1754/1455/181 1703/1482/186
f 1713/1500/209 1755/1444/172 1714/1501/210
f 1685/1502/211 1753/1427/127 1749/1429/161
f 1684/1394/212 1752/1390/122 1694/1389/121
f 1749/1410/142 1696/1393/125 1685/1491/195
f 1688/1433/213 1753/1395/127 1704/1503/153
f 1693/1504/214 1748/1461/184 1751/1391/123
f 1691/1386/215 1752/1390/122 1695/1411/144
f 1682/1378/216 1754/1387/118 1702/1505/217
f 1792/1376/218 1760/1416/219 1788/1375/220
f 1786/1377/221 1762/1378/222 1782/1379/223
f 1798/1380/224 1806/1381/225 1789/1382/226
f 1769/1383/227 1816/1384/228 1795/1385/229
f 1771/1386/230 1834/1387/231 1830/1388/232
f 1830/1388/233 1774/1389/234 1832/1390/235
f 1831/1391/236 1770/1392/237 1776/1393/238
f 1764/1394/239 1833/1395/240 1827/1396/241
f 1767/1397/242 1824/1398/243 1819/1399/244
f 1820/1400/245 1777/1401/246 1822/1402/247
f 1821/1403/248 1772/1404/249 1779/1405/250
f 1758/1406/251 1823/1407/252 1818/1408/253
f 1763/1409/254 1831/1391/236 1829/1410/255
f 1827/1396/256 1775/1411/257 1832/1390/235
f 1766/1506/258 1801/1414/259 1780/1412/260
f 1764/1394/261 1786/1377/221 1781/1415/262
f 1760/1416/263 1821/1403/248 1819/1399/264
f 1817/1417/265 1780/1412/260 1822/1402/247
f 1765/1507/266 1809/1420/267 1784/1418/268
f 1758/1406/269 1792/1376/218 1787/1421/270
f 1781/1508/262 1773/1424/25 1763/1422/25
f 1775/1411/271 1783/1426/272 1771/1386/273
f 1829/1429/274 1781/1509/275 1763/1428/276
f 1787/1432/270 1799/1510/26 1800/1431/26
f 1768/1433/277 1785/1425/278 1775/1411/271
f 1773/1424/25 1782/1511/223 1761/1434/25
f 1787/1432/270 1777/1436/26 1757/1430/26
f 1789/1512/279 1779/1405/280 1772/1404/281
f 1825/1438/282 1757/1439/283 1820/1400/245
f 1817/1442/284 1790/1513/285 1766/1441/286
f 1791/1437/287 1767/1397/288 1779/1405/280
f 1777/1436/26 1788/1514/220 1759/1443/26
f 1836/1515/289 1797/1446/290 1835/1444/291
f 1826/1516/292 1799/1449/293 1825/1447/294
f 1789/1450/226 1813/1451/295 1791/1452/295
f 1836/1453/296 1782/1454/297 1834/1455/298
f 1784/1418/299 1812/1457/295 1785/1456/295
f 1823/1458/300 1798/1380/224 1789/1382/226
f 1782/1511/223 1794/1460/25 1761/1434/25
f 1828/1461/301 1797/1462/302 1770/1392/237
f 1809/1517/26 1803/1465/26 1812/1463/26
f 1801/1414/25 1807/1467/25 1813/1466/25
f 1812/1463/26 1804/1469/26 1805/1468/26
f 1802/1473/25 1813/1466/25 1806/1470/25
f 1804/1469/26 1814/1472/26 1805/1468/26
f 1802/1473/25 1811/1518/25 1816/1384/25
f 1785/1456/295 1805/1475/225 1783/1474/303
f 1797/1462/302 1804/1476/304 1770/1392/237
f 1780/1412/260 1802/1473/304 1769/1383/227
f 1770/1392/237 1803/1477/259 1776/1393/238
f 1796/1445/305 1815/1479/306 1797/1446/290
f 1790/1481/299 1813/1451/295 1807/1480/299
f 1783/1482/303 1814/1483/307 1796/1484/308
f 1795/1485/309 1811/1486/306 1798/1487/310
f 1766/1489/286 1807/1480/267 1808/1488/267
f 1776/1393/238 1810/1490/311 1765/1491/312
f 1787/1492/313 1826/1493/314 1823/1458/300
f 1795/1485/309 1826/1516/292 1825/1447/294
f 1788/1519/315 1817/1442/284 1759/1494/316
f 1795/1385/229 1820/1400/245 1769/1383/227
f 1759/1495/317 1822/1402/247 1777/1401/246
f 1819/1399/264 1779/1405/250 1767/1397/318
f 1772/1404/319 1823/1407/252 1789/1496/320
f 1778/1374/321 1818/1408/322 1821/1403/248
f 1769/1383/227 1822/1402/247 1780/1412/260
f 1760/1416/323 1824/1398/243 1788/1497/315
f 1761/1498/324 1835/1499/325 1828/1461/301
f 1796/1484/308 1834/1455/298 1783/1482/303
f 1794/1501/326 1836/1515/289 1835/1444/291
f 1784/1520/268 1829/1429/274 1765/1502/266
f 1764/1394/327 1832/1390/235 1774/1389/234
f 1829/1410/255 1776/1393/238 1765/1491/312
f 1768/1433/328 1833/1395/240 1784/1503/268
f 1773/1504/329 1828/1461/301 1831/1391/236
f 1771/1386/330 1832/1390/235 1775/1411/257
f 1762/1378/331 1834/1387/231 1782/1505/332
f 1858/1374/333 1868/1375/334 1872/1376/335
f 1866/1377/336 1842/1378/337 1862/1379/338
f 1869/1382/339 1891/1521/340 1886/1381/341
f 1849/1383/342 1896/1384/343 1875/1385/344
f 1851/1386/345 1914/1387/346 1910/1388/347
f 1910/1388/348 1854/1389/349 1912/1390/350
f 1911/1391/351 1850/1392/352 1856/1393/353
f 1844/1394/354 1913/1395/355 1907/1396/356
f 1847/1397/357 1904/1398/358 1899/1399/359
f 1900/1400/360 1857/1401/361 1902/1402/362
f 1901/1403/363 1852/1404/364 1859/1405/365
f 1838/1406/366 1903/1407/367 1898/1408/368
f 1843/1409/369 1911/1391/351 1909/1410/370
f 1907/1396/371 1855/1411/372 1912/1390/350
f 1846/1506/373 1881/1414/374 1860/1412/375
f 1861/1415/376 1854/1389/377 1866/1377/336
f 1840/1416/378 1901/1403/363 1899/1399/379
f 1897/1417/380 1860/1412/375 1902/1402/362
f 1845/1507/381 1889/1420/382 1864/1418/383
f 1838/1406/384 1872/1376/335 1867/1421/385
f 1843/1422/25 1866/1423/336 1853/1424/25
f 1851/1386/386 1865/1425/387 1863/1426/388
f 1913/1427/355 1843/1428/389 1909/1429/390
f 1837/1430/26 1880/1431/26 1867/1432/385
f 1848/1433/391 1865/1425/387 1855/1411/392
f 1866/1423/336 1841/1434/25 1853/1424/25
f 1837/1430/26 1872/1435/335 1857/1436/26
f 1852/1404/393 1871/1437/394 1859/1405/395
f 1905/1438/396 1837/1439/397 1900/1400/360
f 1904/1440/358 1846/1441/398 1897/1442/399
f 1871/1437/394 1847/1397/400 1859/1405/395
f 1872/1435/335 1839/1443/26 1857/1436/26
f 1915/1444/401 1876/1445/402 1877/1446/403
f 1905/1447/404 1880/1448/405 1879/1449/406
f 1869/1450/339 1893/1451/407 1871/1452/407
f 1916/1453/408 1862/1454/409 1914/1455/410
f 1865/1456/407 1889/1420/411 1892/1457/407
f 1903/1458/412 1878/1380/413 1869/1382/339
f 1841/1434/25 1873/1459/25 1874/1460/25
f 1908/1461/414 1877/1462/415 1850/1392/352
f 1892/1463/26 1890/1464/26 1883/1465/26
f 1893/1466/25 1888/1413/25 1887/1467/25
f 1885/1468/26 1883/1465/26 1884/1469/26
f 1886/1470/25 1881/1414/25 1893/1466/25
f 1885/1468/26 1895/1471/26 1894/1472/26
f 1886/1470/25 1896/1384/25 1882/1473/25
f 1865/1456/407 1885/1475/341 1863/1474/416
f 1877/1462/415 1884/1476/417 1850/1392/352
f 1860/1412/375 1882/1473/417 1849/1383/342
f 1850/1392/352 1883/1477/374 1856/1393/353
f 1876/1445/402 1895/1479/418 1877/1446/403
f 1871/1452/407 1887/1480/411 1870/1481/411
f 1863/1482/416 1894/1483/340 1876/1484/419
f 1875/1485/420 1891/1486/418 1878/1487/421
f 1870/1481/422 1888/1488/382 1846/1489/398
f 1856/1393/353 1890/1490/423 1845/1491/424
f 1867/1492/425 1906/1493/426 1903/1458/412
f 1878/1487/421 1905/1447/404 1875/1485/420
f 1839/1494/427 1904/1440/358 1897/1442/399
f 1875/1385/344 1900/1400/360 1849/1383/342
f 1839/1495/428 1902/1402/362 1857/1401/361
f 1899/1399/379 1859/1405/365 1847/1397/429
f 1852/1404/430 1903/1407/367 1869/1496/431
f 1858/1374/432 1898/1408/433 1901/1403/363
f 1849/1383/342 1902/1402/362 1860/1412/375
f 1840/1416/434 1904/1398/358 1868/1497/435
f 1841/1498/436 1915/1499/437 1908/1461/414
f 1876/1484/419 1914/1455/410 1863/1482/416
f 1873/1500/438 1915/1444/401 1874/1501/439
f 1845/1502/381 1913/1427/355 1909/1429/390
f 1844/1394/440 1912/1390/350 1854/1389/349
f 1909/1410/370 1856/1393/353 1845/1491/424
f 1848/1433/441 1913/1395/355 1864/1503/383
f 1853/1504/442 1908/1461/414 1911/1391/351
f 1851/1386/443 1912/1390/350 1855/1411/372
f 1842/1378/444 1914/1387/346 1862/1505/445
f 1952/1376/446 1920/1416/447 1948/1375/448
f 1946/1377/449 1922/1378/450 1942/1379/451
f 1949/1382/452 1971/1521/453 1966/1381/454
f 1929/1383/455 1976/1384/456 1955/1385/457
f 1931/1386/458 1994/1387/459 1990/1388/460
f 1990/1388/461 1934/1389/462 1992/1390/463
f 1991/1391/464 1930/1392/465 1936/1393/466
f 1924/1394/467 1993/1395/468 1987/1396/469
f 1927/1397/470 1984/1398/471 1979/1399/472
f 1980/1400/473 1937/1401/474 1982/1402/475
f 1981/1403/476 1932/1404/477 1939/1405/478
f 1918/1406/479 1983/1407/480 1978/1408/481
f 1923/1409/482 1991/1391/464 1989/1410/483
f 1987/1396/484 1935/1411/485 1992/1390/463
f 1926/1506/486 1961/1414/487 1940/1412/488
f 1924/1394/489 1946/1377/449 1941/1415/490
f 1920/1416/491 1981/1403/476 1979/1399/492
f 1977/1417/493 1940/1412/488 1982/1402/475
f 1925/1507/494 1969/1420/495 1944/1418/496
f 1918/1406/497 1952/1376/446 1947/1421/498
f 1941/1508/490 1933/1424/25 1923/1422/25
f 1935/1411/499 1943/1426/500 1931/1386/501
f 1989/1429/502 1941/1509/503 1923/1428/504
f 1917/1430/26 1960/1431/26 1947/1432/498
f 1928/1433/505 1945/1425/506 1935/1411/499
f 1933/1424/25 1942/1511/451 1921/1434/25
f 1947/1432/498 1937/1436/26 1917/1430/26
f 1949/1512/507 1939/1405/508 1932/1404/509
f 1985/1438/510 1917/1439/511 1980/1400/473
f 1977/1442/512 1950/1513/513 1926/1441/514
f 1951/1437/515 1927/1397/516 1939/1405/508
f 1937/1436/26 1948/1514/448 1919/1443/26
f 1996/1515/517 1957/1446/518 1995/1444/519
f 1985/1447/520 1960/1448/521 1959/1449/522
f 1949/1450/452 1973/1451/523 1951/1452/523
f 1996/1453/524 1942/1454/525 1994/1455/526
f 1944/1418/527 1972/1457/523 1945/1456/523
f 1983/1458/528 1958/1380/529 1949/1382/452
f 1921/1434/25 1953/1459/25 1954/1460/25
f 1988/1461/530 1957/1462/531 1930/1392/465
f 1969/1517/26 1963/1465/26 1972/1463/26
f 1961/1414/25 1967/1467/25 1973/1466/25
f 1972/1463/26 1964/1469/26 1965/1468/26
f 1962/1473/25 1973/1466/25 1966/1470/25
f 1964/1469/26 1974/1472/26 1965/1468/26
f 1962/1473/25 1971/1518/25 1976/1384/25
f 1943/1474/532 1972/1457/523 1965/1475/454
f 1957/1462/531 1964/1476/533 1930/1392/465
f 1940/1412/488 1962/1473/533 1929/1383/455
f 1930/1392/465 1963/1477/487 1936/1393/466
f 1956/1445/534 1975/1479/535 1957/1446/518
f 1950/1481/527 1973/1451/523 1967/1480/527
f 1943/1482/532 1974/1483/453 1956/1484/536
f 1955/1485/537 1971/1486/535 1958/1487/538
f 1950/1481/513 1968/1488/495 1926/1489/514
f 1936/1393/466 1970/1490/539 1925/1491/540
f 1947/1492/541 1986/1493/542 1983/1458/528
f 1955/1485/537 1986/1516/543 1985/1447/520
f 1948/1519/544 1977/1442/512 1919/1494/545
f 1955/1385/457 1980/1400/473 1929/1383/455
f 1919/1495/546 1982/1402/475 1937/1401/474
f 1979/1399/492 1939/1405/478 1927/1397/547
f 1932/1404/548 1983/1407/480 1949/1496/549
f 1938/1374/550 1978/1408/551 1981/1403/476
f 1929/1383/455 1982/1402/475 1940/1412/488
f 1920/1416/552 1984/1398/471 1948/1497/544
f 1921/1498/553 1995/1499/554 1988/1461/530
f 1956/1484/536 1994/1455/526 1943/1482/532
f 1953/1500/555 1995/1444/519 1954/1501/556
f 1944/1520/496 1989/1429/502 1925/1502/494
f 1924/1394/557 1992/1390/463 1934/1389/462
f 1989/1410/483 1936/1393/466 1925/1491/540
f 1928/1433/558 1993/1395/468 1944/1503/496
f 1933/1504/559 1988/1461/530 1991/1391/464
f 1931/1386/560 1992/1390/463 1935/1411/485
f 1922/1378/561 1994/1387/459 1942/1505/562
f 2018/1374/563 2028/1375/564 2032/1376/565
f 2026/1377/566 2002/1378/567 2022/1379/568
f 2029/1382/569 2051/1521/569 2046/1381/569
f 2009/1383/570 2056/1384/570 2035/1385/570
f 2011/1386/571 2074/1387/572 2070/1388/573
f 2070/1388/569 2014/1389/569 2072/1390/569
f 2071/1391/570 2010/1392/570 2016/1393/574
f 2004/1394/575 2073/1395/576 2067/1396/577
f 2007/1397/578 2064/1398/579 2059/1399/580
f 2060/1400/570 2017/1401/570 2062/1402/570
f 2061/1403/569 2012/1404/569 2019/1405/569
f 1998/1406/581 2063/1407/582 2058/1408/583
f 2003/1409/570 2071/1391/570 2069/1410/584
f 2067/1396/569 2015/1411/569 2072/1390/569
f 2006/1506/585 2041/1414/586 2020/1412/587
f 2021/1415/588 2014/1389/567 2026/1377/566
f 2000/1416/569 2061/1403/569 2059/1399/569
f 2057/1417/589 2020/1412/587 2062/1402/570
f 2005/1507/590 2049/1420/591 2024/1418/592
f 1998/1406/563 2032/1376/565 2027/1421/593
f 2003/1422/25 2026/1423/566 2013/1424/25
f 2011/1386/563 2025/1425/594 2023/1426/563
f 2069/1429/595 2021/1509/596 2003/1428/597
f 1997/1430/26 2040/1431/26 2027/1432/593
f 2008/1433/598 2025/1425/594 2015/1411/563
f 2013/1424/25 2022/1511/568 2001/1434/25
f 2027/1432/593 2017/1436/26 1997/1430/26
f 2012/1404/567 2031/1437/599 2019/1405/567
f 2065/1438/570 1997/1439/570 2060/1400/570
f 2064/1440/579 2006/1441/600 2057/1442/601
f 2031/1437/599 2007/1397/602 2019/1405/567
f 2032/1435/565 1999/1443/26 2017/1436/26
f 2076/1515/603 2037/1446/604 2075/1444/605
f 2065/1447/606 2040/1448/607 2039/1449/608
f 2029/1450/569 2053/1451/609 2031/1452/609
f 2076/1453/569 2022/1454/569 2074/1455/569
f 2024/1418/610 2052/1457/609 2025/1456/609
f 2063/1458/569 2038/1380/569 2029/1382/569
f 2001/1434/25 2033/1459/25 2034/1460/25
f 2068/1461/570 2037/1462/570 2010/1392/570
f 2052/1463/26 2050/1464/26 2043/1465/26
f 2053/1466/25 2048/1413/25 2047/1467/25
f 2045/1468/26 2043/1465/26 2044/1469/26
f 2046/1470/25 2041/1414/25 2053/1466/25
f 2044/1469/26 2054/1472/26 2045/1468/26
f 2042/1473/25 2051/1518/25 2056/1384/25
f 2023/1474/569 2052/1457/609 2045/1475/569
f 2037/1462/570 2044/1476/570 2010/1392/570
f 2020/1412/587 2042/1473/570 2009/1383/570
f 2010/1392/570 2043/1477/586 2016/1393/574
f 2036/1445/611 2055/1479/612 2037/1446/604
f 2031/1452/609 2047/1480/610 2030/1481/610
f 2023/1482/569 2054/1483/569 2036/1484/569
f 2038/1487/613 2056/1522/612 2051/1486/612
f 2030/1481/614 2048/1488/591 2006/1489/600
f 2016/1393/574 2050/1490/615 2005/1491/616
f 2027/1492/569 2066/1493/569 2063/1458/569
f 2035/1485/617 2066/1516/618 2065/1447/606
f 2028/1519/619 2057/1442/601 1999/1494/620
f 2035/1385/570 2060/1400/570 2009/1383/570
f 1999/1495/570 2062/1402/570 2017/1401/570
f 2059/1399/569 2019/1405/569 2007/1397/569
f 2012/1404/621 2063/1407/582 2029/1496/622
f 2018/1374/569 2058/1408/569 2061/1403/569
f 2009/1383/570 2062/1402/570 2020/1412/587
f 2000/1416/623 2064/1398/579 2028/1497/619
f 2001/1498/570 2075/1499/570 2068/1461/570
f 2036/1484/569 2074/1455/569 2023/1482/569
f 2033/1500/624 2075/1444/605 2034/1501/625
f 2005/1502/590 2073/1427/576 2069/1429/595
f 2004/1394/569 2072/1390/569 2014/1389/569
f 2069/1410/584 2016/1393/574 2005/1491/616
f 2008/1433/626 2073/1395/576 2024/1503/592
f 2013/1504/570 2068/1461/570 2071/1391/570
f 2011/1386/569 2072/1390/569 2015/1411/569
f 2002/1378/627 2074/1387/572 2022/1505/628
f 2098/1374/563 2108/1375/629 2112/1376/565
f 2106/1377/566 2082/1378/567 2102/1379/630
f 2118/1380/569 2126/1381/569 2109/1382/569
f 2089/1383/570 2136/1384/570 2115/1385/570
f 2091/1386/631 2154/1387/632 2150/1388/633
f 2150/1388/569 2094/1389/569 2152/1390/569
f 2151/1391/570 2090/1392/570 2096/1393/570
f 2084/1394/634 2153/1395/635 2147/1396/636
f 2087/1397/637 2144/1398/638 2139/1399/639
f 2140/1400/570 2097/1401/570 2142/1402/570
f 2141/1403/569 2092/1404/569 2099/1405/569
f 2078/1406/640 2143/1407/641 2138/1408/642
f 2083/1409/570 2151/1391/570 2149/1410/570
f 2147/1396/569 2095/1411/569 2152/1390/569
f 2086/1506/570 2121/1414/570 2100/1412/570
f 2101/1415/643 2094/1389/567 2106/1377/566
f 2080/1416/569 2141/1403/569 2139/1399/569
f 2137/1417/570 2100/1412/570 2142/1402/570
f 2085/1507/644 2129/1420/645 2104/1418/646
f 2078/1406/563 2112/1376/565 2107/1421/647
f 2083/1422/25 2106/1423/566 2093/1424/25
f 2091/1386/563 2105/1425/563 2103/1426/563
f 2149/1429/648 2101/1509/649 2083/1428/650
f 2077/1430/26 2120/1431/26 2107/1432/647
f 2088/1433/563 2105/1425/563 2095/1411/563
f 2093/1424/25 2102/1511/630 2081/1434/25
f 2107/1432/647 2097/1436/26 2077/1430/26
f 2092/1404/567 2111/1437/567 2099/1405/567
f 2145/1438/570 2077/1439/570 2140/1400/570
f 2144/1440/638 2086/1441/651 2137/1442/652
f 2111/1437/567 2087/1397/567 2099/1405/567
f 2112/1435/565 2079/1443/26 2097/1436/26
f 2156/1515/653 2117/1446/654 2155/1444/655
f 2145/1447/656 2120/1448/657 2119/1449/658
f 2111/1452/569 2126/1523/569 2133/1451/569
f 2156/1453/569 2102/1454/569 2154/1455/569
f 2104/1418/569 2132/1457/569 2105/1456/569
f 2143/1458/569 2118/1380/569 2109/1382/569
f 2081/1434/25 2113/1459/25 2114/1460/25
f 2148/1461/570 2117/1462/570 2090/1392/570
f 2132/1463/26 2130/1464/26 2123/1465/26
f 2133/1466/25 2128/1413/25 2127/1467/25
f 2125/1468/26 2123/1465/26 2124/1469/26
f 2126/1470/25 2121/1414/25 2133/1466/25
f 2124/1469/26 2134/1472/26 2125/1468/26
f 2122/1473/25 2131/1518/25 2136/1384/25
f 2105/1456/569 2125/1475/569 2103/1474/569
f 2117/1462/570 2124/1476/570 2090/1392/570
f 2100/1412/570 2122/1473/570 2089/1383/570
f 2090/1392/570 2123/1477/570 2096/1393/570
f 2116/1445/659 2135/1479/660 2117/1446/654
f 2110/1481/569 2133/1451/569 2127/1480/569
f 2116/1484/569 2125/1524/569 2134/1483/569
f 2115/1485/661 2131/1486/660 2118/1487/662
f 2110/1481/663 2128/1488/645 2086/1489/651
f 2096/1393/570 2130/1490/570 2085/1491/570
f 2107/1492/569 2146/1493/569 2143/1458/569
f 2115/1485/661 2146/1516/664 2145/1447/656
f 2108/1519/665 2137/1442/652 2079/1494/666
f 2115/1385/570 2140/1400/570 2089/1383/570
f 2079/1495/570 2142/1402/570 2097/1401/570
f 2139/1399/569 2099/1405/569 2087/1397/569
f 2092/1404/667 2143/1407/641 2109/1496/668
f 2098/1374/569 2138/1408/569 2141/1403/569
f 2089/1383/570 2142/1402/570 2100/1412/570
f 2080/1416/669 2144/1398/638 2108/1497/665
f 2081/1498/570 2155/1499/570 2148/1461/570
f 2116/1484/569 2154/1455/569 2103/1482/569
f 2113/1500/670 2155/1444/655 2114/1501/671
f 2085/1502/644 2153/1427/635 2149/1429/648
f 2084/1394/569 2152/1390/569 2094/1389/569
f 2149/1410/570 2096/1393/570 2085/1491/570
f 2088/1433/672 2153/1395/635 2104/1503/646
f 2093/1504/570 2148/1461/570 2151/1391/570
f 2091/1386/569 2152/1390/569 2095/1411/569
f 2082/1378/673 2154/1387/632 2102/1505/674
f 2178/1374/563 2188/1375/675 2192/1376/565
f 2186/1377/566 2162/1378/567 2182/1379/676
f 2198/1380/569 2206/1381/569 2189/1382/569
f 2195/1385/570 2202/1473/570 2216/1384/570
f 2171/1386/677 2234/1387/678 2230/1388/679
f 2230/1388/569 2174/1389/569 2232/1390/569
f 2231/1391/570 2170/1392/570 2176/1393/570
f 2164/1394/680 2233/1395/681 2227/1396/682
f 2167/1397/683 2224/1398/684 2219/1399/685
f 2220/1400/570 2177/1401/570 2222/1402/570
f 2221/1403/569 2172/1404/569 2179/1405/569
f 2158/1406/686 2223/1407/687 2218/1408/688
f 2163/1409/570 2231/1391/570 2229/1410/570
f 2227/1396/569 2175/1411/569 2232/1390/569
f 2166/1506/570 2201/1414/570 2180/1412/570
f 2181/1415/689 2174/1389/567 2186/1377/566
f 2160/1416/569 2221/1403/569 2219/1399/569
f 2217/1417/570 2180/1412/570 2222/1402/570
f 2165/1507/690 2209/1420/691 2184/1418/692
f 2158/1406/563 2192/1376/565 2187/1421/693
f 2163/1422/25 2186/1423/566 2173/1424/25
f 2171/1386/563 2185/1425/563 2183/1426/563
f 2229/1429/694 2181/1509/695 2163/1428/696
f 2157/1430/26 2200/1431/26 2187/1432/693
f 2168/1433/563 2185/1425/563 2175/1411/563
f 2173/1424/25 2182/1511/676 2161/1434/25
f 2187/1432/693 2177/1436/26 2157/1430/26
f 2172/1404/567 2191/1437/567 2179/1405/567
f 2225/1438/570 2157/1439/570 2220/1400/570
f 2224/1440/684 2166/1441/697 2217/1442/698
f 2191/1437/567 2167/1397/567 2179/1405/567
f 2192/1435/565 2159/1443/26 2177/1436/26
f 2236/1515/699 2197/1446/700 2235/1444/701
f 2225/1447/702 2200/1448/703 2199/1449/704
f 2191/1452/569 2206/1523/569 2213/1451/569
f 2236/1453/569 2182/1454/569 2234/1455/569
f 2184/1418/569 2212/1457/569 2185/1456/569
f 2223/1458/569 2198/1380/569 2189/1382/569
f 2161/1434/25 2193/1459/25 2194/1460/25
f 2228/1461/570 2197/1462/570 2170/1392/570
f 2212/1463/26 2210/1464/26 2203/1465/26
f 2213/1466/25 2208/1413/25 2207/1467/25
f 2205/1468/26 2203/1465/26 2204/1469/26
f 2206/1470/25 2201/1414/25 2213/1466/25
f 2204/1469/26 2214/1472/26 2205/1468/26
f 2202/1473/25 2211/1518/25 2216/1384/25
f 2183/1474/569 2212/1457/569 2205/1475/569
f 2197/1462/570 2204/1476/570 2170/1392/570
f 2180/1412/570 2202/1473/570 2169/1383/570
f 2170/1392/570 2203/1477/570 2176/1393/570
f 2196/1445/705 2215/1479/706 2197/1446/700
f 2190/1481/569 2213/1451/569 2207/1480/569
f 2196/1484/569 2205/1524/569 2214/1483/569
f 2198/1487/707 2216/1522/706 2211/1486/706
f 2190/1481/708 2208/1488/691 2166/1489/697
f 2176/1393/570 2210/1490/570 2165/1491/570
f 2187/1492/569 2226/1493/569 2223/1458/569
f 2195/1485/709 2226/1516/710 2225/1447/702
f 2188/1519/711 2217/1442/698 2159/1494/712
f 2195/1385/570 2220/1400/570 2169/1383/570
f 2159/1495/570 2222/1402/570 2177/1401/570
f 2219/1399/569 2179/1405/569 2167/1397/569
f 2172/1404/713 2223/1407/687 2189/1496/714
f 2178/1374/569 2218/1408/569 2221/1403/569
f 2169/1383/570 2222/1402/570 2180/1412/570
f 2160/1416/715 2224/1398/684 2188/1497/711
f 2161/1498/570 2235/1499/570 2228/1461/570
f 2196/1484/569 2234/1455/569 2183/1482/569
f 2193/1500/716 2235/1444/701 2194/1501/717
f 2165/1502/690 2233/1427/681 2229/1429/694
f 2164/1394/569 2232/1390/569 2174/1389/569
f 2229/1410/570 2176/1393/570 2165/1491/570
f 2168/1433/718 2233/1395/681 2184/1503/692
f 2173/1504/570 2228/1461/570 2231/1391/570
f 2171/1386/569 2232/1390/569 2175/1411/569
f 2162/1378/719 2234/1387/678 2182/1505/720
f 2258/1374/563 2268/1375/721 2272/1376/565
f 2266/1377/566 2242/1378/567 2262/1379/722
f 2278/1380/569 2286/1381/569 2269/1382/569
f 2249/1383/570 2296/1384/570 2275/1385/570
f 2251/1386/723 2314/1387/724 2310/1388/725
f 2310/1388/569 2254/1389/569 2312/1390/569
f 2311/1391/570 2250/1392/570 2256/1393/570
f 2244/1394/726 2313/1395/727 2307/1396/728
f 2247/1397/729 2304/1398/730 2299/1399/731
f 2300/1400/570 2257/1401/570 2302/1402/570
f 2301/1403/569 2252/1404/569 2259/1405/569
f 2238/1406/732 2303/1407/733 2298/1408/734
f 2243/1409/570 2311/1391/570 2309/1410/570
f 2307/1396/569 2255/1411/569 2312/1390/569
f 2246/1506/570 2281/1414/570 2260/1412/570
f 2261/1415/735 2254/1389/567 2266/1377/566
f 2240/1416/569 2301/1403/569 2299/1399/569
f 2297/1417/570 2260/1412/570 2302/1402/570
f 2245/1507/736 2289/1420/737 2264/1418/738
f 2238/1406/563 2272/1376/565 2267/1421/739
f 2243/1422/25 2266/1423/566 2253/1424/25
f 2251/1386/563 2265/1425/563 2263/1426/563
f 2309/1429/740 2261/1509/741 2243/1428/742
f 2237/1430/26 2280/1431/26 2267/1432/739
f 2248/1433/563 2265/1425/563 2255/1411/563
f 2253/1424/25 2262/1511/722 2241/1434/25
f 2267/1432/739 2257/1436/26 2237/1430/26
f 2252/1404/567 2271/1437/567 2259/1405/567
f 2305/1438/570 2237/1439/570 2300/1400/570
f 2304/1440/730 2246/1441/743 2297/1442/744
f 2271/1437/567 2247/1397/567 2259/1405/567
f 2272/1435/565 2239/1443/26 2257/1436/26
f 2316/1515/745 2277/1446/746 2315/1444/747
f 2305/1447/748 2280/1448/749 2279/1449/750
f 2271/1452/569 2286/1523/569 2293/1451/569
f 2316/1453/569 2262/1454/569 2314/1455/569
f 2265/1456/569 2289/1420/569 2292/1457/569
f 2303/1458/569 2278/1380/569 2269/1382/569
f 2241/1434/25 2273/1459/25 2274/1460/25
f 2308/1461/570 2277/1462/570 2250/1392/570
f 2292/1463/26 2290/1464/26 2283/1465/26
f 2293/1466/25 2288/1413/25 2287/1467/25
f 2285/1468/26 2283/1465/26 2284/1469/26
f 2286/1470/25 2281/1414/25 2293/1466/25
f 2284/1469/26 2294/1472/26 2285/1468/26
f 2282/1473/25 2291/1518/25 2296/1384/25
f 2265/1456/569 2285/1475/569 2263/1474/569
f 2250/1392/570 2295/1525/570 2284/1476/570
f 2260/1412/570 2282/1473/570 2249/1383/570
f 2250/1392/570 2283/1477/570 2256/1393/570
f 2276/1445/751 2295/1479/752 2277/1446/746
f 2270/1481/569 2293/1451/569 2287/1480/569
f 2263/1482/569 2294/1483/569 2276/1484/569
f 2275/1485/753 2291/1486/752 2278/1487/754
f 2270/1481/755 2288/1488/737 2246/1489/743
f 2256/1393/570 2290/1490/570 2245/1491/570
f 2267/1492/569 2306/1493/569 2303/1458/569
f 2275/1485/753 2306/1516/756 2305/1447/748
f 2268/1519/757 2297/1442/744 2239/1494/758
f 2275/1385/570 2300/1400/570 2249/1383/570
f 2239/1495/570 2302/1402/570 2257/1401/570
f 2299/1399/569 2259/1405/569 2247/1397/569
f 2252/1404/759 2303/1407/733 2269/1496/760
f 2258/1374/569 2298/1408/569 2301/1403/569
f 2249/1383/570 2302/1402/570 2260/1412/570
f 2240/1416/761 2304/1398/730 2268/1497/757
f 2241/1498/570 2315/1499/570 2308/1461/570
f 2276/1484/569 2314/1455/569 2263/1482/569
f 2273/1500/762 2315/1444/747 2274/1501/763
f 2245/1502/736 2313/1427/727 2309/1429/740
f 2244/1394/569 2312/1390/569 2254/1389/569
f 2309/1410/570 2256/1393/570 2245/1491/570
f 2248/1433/764 2313/1395/727 2264/1503/738
f 2253/1504/570 2308/1461/570 2311/1391/570
f 2251/1386/569 2312/1390/569 2255/1411/569
f 2242/1378/765 2314/1387/724 2262/1505/766
f 2352/1376/565 2320/1416/563 2348/1375/767
f 2346/1377/566 2322/1378/768 2342/1379/769
f 2358/1380/770 2366/1381/569 2349/1382/569
f 2329/1383/570 2376/1384/570 2355/1385/771
f 2331/1386/772 2394/1387/773 2390/1388/774
f 2390/1388/569 2334/1389/569 2392/1390/569
f 2391/1391/570 2330/1392/570 2336/1393/570
f 2324/1394/775 2393/1395/776 2387/1396/777
f 2327/1397/778 2384/1398/779 2379/1399/780
f 2380/1400/781 2337/1401/782 2382/1402/570
f 2381/1403/569 2332/1404/569 2339/1405/569
f 2318/1406/783 2383/1407/784 2378/1408/785
f 2323/1409/570 2391/1391/570 2389/1410/570
f 2387/1396/569 2335/1411/569 2392/1390/569
f 2326/1506/570 2361/1414/570 2340/1412/570
f 2324/1394/567 2346/1377/566 2341/1415/786
f 2320/1416/569 2381/1403/569 2379/1399/569
f 2377/1417/570 2340/1412/570 2382/1402/570
f 2325/1507/787 2369/1420/788 2344/1418/789
f 2318/1406/790 2352/1376/565 2347/1421/791
f 2323/1422/25 2346/1423/566 2333/1424/25
f 2331/1386/563 2345/1425/563 2343/1426/563
f 2389/1429/792 2341/1509/793 2323/1428/794
f 2347/1432/791 2359/1510/26 2360/1431/26
f 2328/1433/563 2345/1425/563 2335/1411/563
f 2346/1423/566 2321/1434/25 2333/1424/25
f 2317/1430/26 2352/1435/565 2337/1436/26
f 2332/1404/567 2351/1437/567 2339/1405/567
f 2385/1438/795 2317/1439/796 2380/1400/781
f 2384/1440/779 2326/1441/797 2377/1442/798
f 2351/1437/567 2327/1397/567 2339/1405/567
f 2352/1435/565 2319/1443/26 2337/1436/26
f 2395/1444/799 2356/1445/800 2357/1446/801
f 2386/1516/802 2359/1449/803 2385/1447/804
f 2349/1450/569 2373/1451/569 2351/1452/569
f 2396/1453/805 2342/1454/806 2394/1455/807
f 2345/1456/569 2369/1420/569 2372/1457/569
f 2383/1458/807 2358/1380/770 2349/1382/569
f 2342/1511/769 2354/1460/25 2321/1434/25
f 2388/1461/781 2357/1462/771 2330/1392/570
f 2372/1463/26 2370/1464/26 2363/1465/26
f 2373/1466/25 2368/1413/25 2367/1467/25
f 2365/1468/26 2363/1465/26 2364/1469/26
f 2366/1470/25 2361/1414/25 2373/1466/25
f 2365/1468/26 2375/1471/26 2374/1472/26
f 2366/1470/25 2376/1384/25 2362/1473/25
f 2345/1456/569 2365/1475/569 2343/1474/569
f 2357/1462/771 2364/1476/570 2330/1392/570
f 2340/1412/570 2362/1473/570 2329/1383/570
f 2330/1392/570 2363/1477/570 2336/1393/570
f 2356/1445/800 2375/1479/808 2357/1446/801
f 2351/1452/569 2367/1480/569 2350/1481/569
f 2356/1484/770 2365/1524/569 2374/1483/569
f 2358/1487/809 2376/1522/808 2371/1486/808
f 2350/1481/810 2368/1488/788 2326/1489/797
f 2336/1393/570 2370/1490/570 2325/1491/570
f 2347/1492/806 2386/1493/805 2383/1458/807
f 2358/1487/809 2385/1447/804 2355/1485/811
f 2348/1519/812 2377/1442/798 2319/1494/813
f 2355/1385/771 2380/1400/781 2329/1383/570
f 2319/1495/570 2382/1402/570 2337/1401/782
f 2379/1399/569 2339/1405/569 2327/1397/569
f 2332/1404/814 2383/1407/784 2349/1496/815
f 2338/1374/569 2378/1408/569 2381/1403/569
f 2329/1383/570 2382/1402/570 2340/1412/570
f 2320/1416/816 2384/1398/779 2348/1497/812
f 2321/1498/817 2395/1499/795 2388/1461/781
f 2356/1484/770 2394/1455/807 2343/1482/569
f 2354/1501/818 2396/1515/819 2395/1444/799
f 2325/1502/787 2393/1427/776 2389/1429/792
f 2324/1394/569 2392/1390/569 2334/1389/569
f 2389/1410/570 2336/1393/570 2325/1491/570
f 2328/1433/820 2393/1395/776 2344/1503/789
f 2333/1504/821 2388/1461/781 2391/1391/570
f 2331/1386/569 2392/1390/569 2335/1411/569
f 2322/1378/822 2394/1387/773 2342/1505/823
f 2432/1376/824 2400/1416/825 2428/1375/826
f 2426/1377/827 2402/1378/828 2422/1379/829
f 2438/1380/830 2446/1381/831 2429/1382/832
f 2435/1385/833 2442/1473/834 2456/1384/835
f 2411/1386/836 2474/1387/837 2470/1388/838
f 2470/1388/839 2414/1389/840 2472/1390/841
f 2471/1391/842 2410/1392/843 2416/1393/844
f 2404/1394/845 2473/1395/846 2467/1396/847
f 2407/1397/848 2464/1398/849 2459/1399/850
f 2460/1400/851 2417/1401/852 2462/1402/853
f 2461/1403/841 2412/1404/854 2419/1405/855
f 2398/1406/856 2463/1407/857 2458/1408/858
f 2403/1409/844 2471/1391/842 2469/1410/844
f 2467/1396/859 2415/1411/855 2472/1390/841
f 2406/1506/844 2441/1414/844 2420/1412/844
f 2404/1394/860 2426/1377/827 2421/1415/861
f 2400/1416/855 2461/1403/841 2459/1399/859
f 2457/1417/844 2420/1412/844 2462/1402/853
f 2405/1507/862 2449/1420/863 2424/1418/864
f 2398/1406/865 2432/1376/824 2427/1421/866
f 2421/1508/861 2413/1424/25 2403/1422/25
f 2415/1411/825 2423/1426/825 2411/1386/867
f 2473/1427/846 2403/1428/868 2469/1429/869
f 2397/1430/26 2440/1431/26 2427/1432/866
f 2408/1433/870 2425/1425/870 2415/1411/825
f 2413/1424/25 2422/1511/829 2401/1434/25
f 2427/1432/866 2417/1436/26 2397/1430/26
f 2429/1512/860 2419/1405/860 2412/1404/871
f 2465/1438/872 2397/1439/873 2460/1400/851
f 2457/1442/874 2430/1513/875 2406/1441/876
f 2431/1437/877 2407/1397/877 2419/1405/860
f 2417/1436/26 2428/1514/826 2399/1443/26
f 2476/1515/878 2437/1446/879 2475/1444/880
f 2465/1447/881 2440/1448/882 2439/1449/883
f 2429/1450/832 2453/1451/884 2431/1452/884
f 2476/1453/885 2422/1454/885 2474/1455/886
f 2424/1418/887 2452/1457/884 2425/1456/884
f 2463/1458/888 2438/1380/830 2429/1382/832
f 2401/1434/25 2433/1459/25 2434/1460/25
f 2468/1461/889 2437/1462/890 2410/1392/843
f 2449/1517/26 2443/1465/26 2452/1463/26
f 2441/1414/25 2447/1467/25 2453/1466/25
f 2452/1463/26 2444/1469/26 2445/1468/26
f 2442/1473/25 2453/1466/25 2446/1470/25
f 2444/1469/26 2454/1472/26 2445/1468/26
f 2442/1473/25 2451/1518/25 2456/1384/25
f 2423/1474/891 2452/1457/884 2445/1475/831
f 2437/1462/890 2444/1476/834 2410/1392/843
f 2420/1412/844 2442/1473/834 2409/1383/892
f 2416/1393/844 2444/1476/834 2443/1477/844
f 2436/1445/893 2455/1479/894 2437/1446/879
f 2430/1481/887 2453/1451/884 2447/1480/887
f 2423/1482/891 2454/1483/895 2436/1484/896
f 2435/1485/897 2451/1486/894 2438/1487/898
f 2430/1481/875 2448/1488/899 2406/1489/876
f 2416/1393/844 2450/1490/844 2405/1491/844
f 2427/1492/885 2466/1493/885 2463/1458/888
f 2435/1485/897 2466/1516/900 2465/1447/881
f 2399/1494/901 2464/1440/849 2457/1442/874
f 2435/1385/833 2460/1400/851 2409/1383/892
f 2399/1495/844 2462/1402/853 2417/1401/852
f 2459/1399/859 2419/1405/855 2407/1397/859
f 2412/1404/902 2463/1407/857 2429/1496/903
f 2418/1374/904 2458/1408/905 2461/1403/841
f 2409/1383/892 2462/1402/853 2420/1412/844
f 2400/1416/906 2464/1398/849 2428/1497/907
f 2401/1498/908 2475/1499/872 2468/1461/889
f 2436/1484/896 2474/1455/886 2423/1482/891
f 2433/1500/909 2475/1444/880 2434/1501/910
f 2424/1520/864 2469/1429/869 2405/1502/862
f 2404/1394/855 2472/1390/841 2414/1389/840
f 2469/1410/844 2416/1393/844 2405/1491/844
f 2408/1433/911 2473/1395/846 2424/1503/864
f 2413/1504/912 2468/1461/889 2471/1391/842
f 2411/1386/913 2472/1390/841 2415/1411/855
f 2402/1378/914 2474/1387/837 2422/1505/915
f 2512/1376/916 2480/1416/917 2508/1375/918
f 2506/1377/919 2482/1378/920 2502/1379/921
f 2509/1382/922 2531/1521/923 2526/1381/924
f 2489/1383/925 2536/1384/926 2515/1385/926
f 2491/1386/927 2554/1387/928 2550/1388/929
f 2550/1388/930 2494/1389/931 2552/1390/932
f 2551/1391/933 2490/1392/934 2496/1393/935
f 2484/1394/936 2553/1395/937 2547/1396/938
f 2487/1397/939 2544/1398/940 2539/1399/941
f 2540/1400/942 2497/1401/943 2542/1402/933
f 2541/1403/932 2492/1404/944 2499/1405/945
f 2478/1406/946 2543/1407/947 2538/1408/948
f 2483/1409/949 2551/1391/933 2549/1410/872
f 2547/1396/885 2495/1411/950 2552/1390/932
f 2500/1412/951 2528/1413/872 2521/1414/952
f 2484/1394/953 2506/1377/919 2501/1415/954
f 2480/1416/955 2541/1403/932 2539/1399/885
f 2537/1417/872 2500/1412/951 2542/1402/933
f 2485/1507/956 2529/1420/957 2504/1418/958
f 2478/1406/959 2512/1376/916 2507/1421/960
f 2483/1422/25 2506/1423/919 2493/1424/25
f 2491/1386/917 2505/1425/961 2503/1426/917
f 2549/1429/962 2501/1509/963 2483/1428/964
f 2477/1430/26 2520/1431/26 2507/1432/960
f 2488/1433/965 2505/1425/961 2495/1411/966
f 2493/1424/25 2502/1511/921 2481/1434/25
f 2507/1432/960 2497/1436/26 2477/1430/26
f 2492/1404/953 2511/1437/967 2499/1405/968
f 2545/1438/926 2477/1439/926 2540/1400/942
f 2544/1440/940 2486/1441/969 2537/1442/970
f 2511/1437/967 2487/1397/971 2499/1405/968
f 2512/1435/916 2479/1443/26 2497/1436/26
f 2556/1515/972 2517/1446/973 2555/1444/974
f 2545/1447/975 2520/1448/976 2519/1449/977
f 2511/1452/978 2526/1523/924 2533/1451/978
f 2556/1453/923 2502/1454/923 2554/1455/923
f 2504/1418/885 2532/1457/978 2505/1456/978
f 2543/1458/923 2518/1380/923 2509/1382/922
f 2481/1434/25 2513/1459/25 2514/1460/25
f 2548/1461/942 2517/1462/926 2490/1392/934
f 2532/1463/26 2530/1464/26 2523/1465/26
f 2533/1466/25 2528/1413/25 2527/1467/25
f 2525/1468/26 2523/1465/26 2524/1469/26
f 2526/1470/25 2521/1414/25 2533/1466/25
f 2524/1469/26 2534/1472/26 2525/1468/26
f 2522/1473/25 2531/1518/25 2536/1384/25
f 2505/1456/978 2525/1475/924 2503/1474/922
f 2517/1462/926 2524/1476/979 2490/1392/934
f 2500/1412/951 2522/1473/979 2489/1383/925
f 2490/1392/934 2523/1477/952 2496/1393/935
f 2516/1445/980 2535/1479/981 2517/1446/973
f 2511/1452/978 2527/1480/885 2510/1481/885
f 2503/1482/922 2534/1483/923 2516/1484/923
f 2515/1485/982 2531/1486/981 2518/1487/983
f 2510/1481/984 2528/1488/957 2486/1489/969
f 2485/1491/872 2523/1477/952 2530/1490/872
f 2507/1492/923 2546/1493/923 2543/1458/923
f 2515/1485/982 2546/1516/985 2545/1447/975
f 2508/1519/986 2537/1442/970 2479/1494/987
f 2515/1385/926 2540/1400/942 2489/1383/925
f 2479/1495/988 2542/1402/933 2497/1401/943
f 2539/1399/885 2499/1405/945 2487/1397/989
f 2492/1404/990 2543/1407/947 2509/1496/991
f 2498/1374/992 2538/1408/930 2541/1403/932
f 2489/1383/925 2542/1402/933 2500/1412/951
f 2480/1416/993 2544/1398/940 2508/1497/986
f 2481/1498/926 2555/1499/926 2548/1461/942
f 2516/1484/923 2554/1455/923 2503/1482/922
f 2513/1500/994 2555/1444/974 2514/1501/995
f 2485/1502/956 2553/1427/937 2549/1429/962
f 2484/1394/996 2552/1390/932 2494/1389/931
f 2549/1410/872 2496/1393/935 2485/1491/872
f 2488/1433/997 2553/1395/937 2504/1503/958
f 2493/1504/998 2548/1461/942 2551/1391/933
f 2491/1386/999 2552/1390/932 2495/1411/950
f 2482/1378/1000 2554/1387/928 2502/1505/1001
f 2592/1376/1002 2560/1416/959 2588/1375/1003
f 2586/1377/1004 2562/1378/920 2582/1379/1005
f 2598/1380/923 2606/1381/923 2589/1382/923
f 2569/1383/926 2616/1384/926 2595/1385/926
f 2571/1386/1006 2634/1387/1007 2630/1388/1008
f 2630/1388/923 2574/1389/923 2632/1390/923
f 2631/1391/926 2570/1392/926 2576/1393/926
f 2564/1394/1009 2633/1395/1010 2627/1396/1011
f 2567/1397/1012 2624/1398/1013 2619/1399/1014
f 2620/1400/926 2577/1401/926 2622/1402/926
f 2621/1403/923 2572/1404/923 2579/1405/923
f 2558/1406/1015 2623/1407/1016 2618/1408/1017
f 2563/1409/926 2631/1391/926 2629/1410/926
f 2627/1396/923 2575/1411/923 2632/1390/923
f 2566/1506/926 2601/1414/926 2580/1412/926
f 2564/1394/920 2586/1377/1004 2581/1415/1018
f 2560/1416/923 2621/1403/923 2619/1399/923
f 2617/1417/926 2580/1412/926 2622/1402/926
f 2565/1507/1019 2609/1420/1020 2584/1418/1021
f 2558/1406/959 2592/1376/1002 2587/1421/1022
f 2563/1422/25 2586/1423/1004 2573/1424/25
f 2571/1386/959 2585/1425/959 2583/1426/959
f 2629/1429/1023 2581/1509/1024 2563/1428/1025
f 2587/1432/1022 2599/1510/26 2600/1431/26
f 2568/1433/959 2585/1425/959 2575/1411/959
f 2586/1423/1004 2561/1434/25 2573/1424/25
f 2557/1430/26 2592/1435/1002 2577/1436/26
f 2572/1404/920 2591/1437/920 2579/1405/920
f 2625/1438/926 2557/1439/926 2620/1400/926
f 2624/1440/1013 2566/1441/1026 2617/1442/1027
f 2591/1437/920 2567/1397/920 2579/1405/920
f 2592/1435/1002 2559/1443/26 2577/1436/26
f 2635/1444/1028 2596/1445/1029 2597/1446/1030
f 2626/1516/1031 2599/1449/1032 2625/1447/1033
f 2589/1450/923 2613/1451/923 2591/1452/923
f 2636/1453/923 2582/1454/923 2634/1455/923
f 2584/1418/923 2612/1457/923 2585/1456/923
f 2623/1458/923 2598/1380/923 2589/1382/923
f 2582/1511/1005 2594/1460/25 2561/1434/25
f 2628/1461/926 2597/1462/926 2570/1392/926
f 2612/1463/26 2610/1464/26 2603/1465/26
f 2613/1466/25 2608/1413/25 2607/1467/25
f 2605/1468/26 2603/1465/26 2604/1469/26
f 2606/1470/25 2601/1414/25 2613/1466/25
f 2605/1468/26 2615/1471/26 2614/1472/26
f 2606/1470/25 2616/1384/25 2602/1473/25
f 2585/1456/923 2605/1475/923 2583/1474/923
f 2597/1462/926 2604/1476/926 2570/1392/926
f 2580/1412/926 2602/1473/926 2569/1383/926
f 2570/1392/926 2603/1477/926 2576/1393/926
f 2596/1445/1029 2615/1479/1034 2597/1446/1030
f 2591/1452/923 2607/1480/923 2590/1481/923
f 2583/1482/923 2614/1483/923 2596/1484/923
f 2595/1485/1035 2611/1486/1034 2598/1487/1036
f 2590/1481/1037 2608/1488/1020 2566/1489/1026
f 2576/1393/926 2610/1490/926 2565/1491/926
f 2587/1492/923 2626/1493/923 2623/1458/923
f 2598/1487/1036 2625/1447/1033 2595/1485/1035
f 2588/1519/1038 2617/1442/1027 2559/1494/1039
f 2595/1385/926 2620/1400/926 2569/1383/926
f 2559/1495/926 2622/1402/926 2577/1401/926
f 2619/1399/923 2579/1405/923 2567/1397/923
f 2572/1404/1040 2623/1407/1016 2589/1496/1041
f 2578/1374/923 2618/1408/923 2621/1403/923
f 2569/1383/926 2622/1402/926 2580/1412/926
f 2560/1416/1042 2624/1398/1013 2588/1497/1038
f 2561/1498/926 2635/1499/926 2628/1461/926
f 2596/1484/923 2634/1455/923 2583/1482/923
f 2594/1501/1043 2636/1515/1044 2635/1444/1028
f 2565/1502/1019 2633/1427/1010 2629/1429/1023
f 2564/1394/923 2632/1390/923 2574/1389/923
f 2629/1410/926 2576/1393/926 2565/1491/926
f 2568/1433/1045 2633/1395/1010 2584/1503/1021
f 2573/1504/926 2628/1461/926 2631/1391/926
f 2571/1386/923 2632/1390/923 2575/1411/923
f 2562/1378/1046 2634/1387/1007 2582/1505/1047
f 2672/1376/1002 2640/1416/959 2668/1375/1048
f 2666/1377/1004 2642/1378/920 2662/1379/1049
f 2678/1380/923 2686/1381/923 2669/1382/923
f 2675/1385/926 2682/1473/926 2696/1384/926
f 2651/1386/1050 2714/1387/1051 2710/1388/1052
f 2710/1388/923 2654/1389/923 2712/1390/923
f 2711/1391/926 2650/1392/926 2656/1393/926
f 2644/1394/1053 2713/1395/1054 2707/1396/1055
f 2647/1397/1056 2704/1398/1057 2699/1399/1058
f 2700/1400/926 2657/1401/926 2702/1402/926
f 2701/1403/923 2652/1404/923 2659/1405/923
f 2638/1406/1059 2703/1407/1060 2698/1408/1061
f 2643/1409/926 2711/1391/926 2709/1410/926
f 2707/1396/923 2655/1411/923 2712/1390/923
f 2646/1506/926 2681/1414/926 2660/1412/926
f 2644/1394/920 2666/1377/1004 2661/1415/1062
f 2640/1416/923 2701/1403/923 2699/1399/923
f 2697/1417/926 2660/1412/926 2702/1402/926
f 2645/1507/1063 2689/1420/1064 2664/1418/1065
f 2638/1406/959 2672/1376/1002 2667/1421/1066
f 2661/1508/1062 2653/1424/25 2643/1422/25
f 2655/1411/959 2663/1426/959 2651/1386/959
f 2713/1427/1054 2643/1428/1067 2709/1429/1068
f 2667/1432/1066 2679/1510/26 2680/1431/26
f 2648/1433/959 2665/1425/959 2655/1411/959
f 2666/1423/1004 2641/1434/25 2653/1424/25
f 2637/1430/26 2672/1435/1002 2657/1436/26
f 2669/1512/920 2659/1405/920 2652/1404/920
f 2705/1438/926 2637/1439/926 2700/1400/926
f 2697/1442/1069 2670/1513/1070 2646/1441/1071
f 2671/1437/920 2647/1397/920 2659/1405/920
f 2657/1436/26 2668/1514/1048 2639/1443/26
f 2715/1444/1072 2676/1445/1073 2677/1446/1074
f 2706/1516/1075 2679/1449/1076 2705/1447/1077
f 2669/1450/923 2693/1451/923 2671/1452/923
f 2716/1453/923 2662/1454/923 2714/1455/923
f 2664/1418/923 2692/1457/923 2665/1456/923
f 2703/1458/923 2678/1380/923 2669/1382/923
f 2662/1511/1049 2674/1460/25 2641/1434/25
f 2708/1461/926 2677/1462/926 2650/1392/926
f 2689/1517/26 2683/1465/26 2692/1463/26
f 2681/1414/25 2687/1467/25 2693/1466/25
f 2692/1463/26 2684/1469/26 2685/1468/26
f 2682/1473/25 2693/1466/25 2686/1470/25
f 2685/1468/26 2695/1471/26 2694/1472/26
f 2686/1470/25 2696/1384/25 2682/1473/25
f 2663/1474/923 2692/1457/923 2685/1475/923
f 2677/1462/926 2684/1476/926 2650/1392/926
f 2660/1412/926 2682/1473/926 2649/1383/926
f 2650/1392/926 2683/1477/926 2656/1393/926
f 2676/1445/1073 2695/1479/1078 2677/1446/1074
f 2670/1481/923 2693/1451/923 2687/1480/923
f 2663/1482/923 2694/1483/923 2676/1484/923
f 2675/1485/1079 2691/1486/1078 2678/1487/1080
f 2670/1481/1070 2688/1488/1064 2646/1489/1071
f 2656/1393/926 2690/1490/926 2645/1491/926
f 2667/1492/923 2706/1493/923 2703/1458/923
f 2678/1487/1080 2705/1447/1077 2675/1485/1079
f 2639/1494/1081 2704/1440/1057 2697/1442/1069
f 2675/1385/926 2700/1400/926 2649/1383/926
f 2639/1495/926 2702/1402/926 2657/1401/926
f 2699/1399/923 2659/1405/923 2647/1397/923
f 2652/1404/1082 2703/1407/1060 2669/1496/1083
f 2658/1374/923 2698/1408/923 2701/1403/923
f 2649/1383/926 2702/1402/926 2660/1412/926
f 2640/1416/1084 2704/1398/1057 2668/1497/1085
f 2641/1498/926 2715/1499/926 2708/1461/926
f 2676/1484/923 2714/1455/923 2663/1482/923
f 2674/1501/1086 2716/1515/1087 2715/1444/1072
f 2664/1520/1065 2709/1429/1068 2645/1502/1063
f 2644/1394/923 2712/1390/923 2654/1389/923
f 2709/1410/926 2656/1393/926 2645/1491/926
f 2648/1433/1088 2713/1395/1054 2664/1503/1065
f 2653/1504/926 2708/1461/926 2711/1391/926
f 2651/1386/923 2712/1390/923 2655/1411/923
f 2642/1378/1089 2714/1387/1051 2662/1505/1090
f 2752/1376/1002 2720/1416/959 2748/1375/1091
f 2746/1377/1004 2722/1378/920 2742/1379/1092
f 2758/1380/923 2766/1381/923 2749/1382/923
f 2755/1385/926 2762/1473/926 2776/1384/926
f 2731/1386/1093 2794/1387/1094 2790/1388/1095
f 2790/1388/923 2734/1389/923 2792/1390/923
f 2791/1391/926 2730/1392/926 2736/1393/926
f 2724/1394/1096 2793/1395/1097 2787/1396/1098
f 2727/1397/1099 2784/1398/1100 2779/1399/1101
f 2780/1400/926 2737/1401/926 2782/1402/926
f 2781/1403/923 2732/1404/923 2739/1405/923
f 2718/1406/1102 2783/1407/1103 2778/1408/1104
f 2723/1409/926 2791/1391/926 2789/1410/926
f 2787/1396/923 2735/1411/923 2792/1390/923
f 2726/1506/926 2761/1414/926 2740/1412/926
f 2724/1394/920 2746/1377/1004 2741/1415/1105
f 2720/1416/923 2781/1403/923 2779/1399/923
f 2777/1417/926 2740/1412/926 2782/1402/926
f 2725/1507/1106 2769/1420/1107 2744/1418/1108
f 2718/1406/959 2752/1376/1002 2747/1421/1109
f 2741/1508/1105 2733/1424/25 2723/1422/25
f 2735/1411/959 2743/1426/959 2731/1386/959
f 2793/1427/1097 2723/1428/1110 2789/1429/1111
f 2747/1432/1109 2759/1510/26 2760/1431/26
f 2728/1433/959 2745/1425/959 2735/1411/959
f 2746/1423/1004 2721/1434/25 2733/1424/25
f 2717/1430/26 2752/1435/1002 2737/1436/26
f 2749/1512/920 2739/1405/920 2732/1404/920
f 2785/1438/926 2717/1439/926 2780/1400/926
f 2777/1442/1112 2750/1513/1113 2726/1441/1114
f 2751/1437/920 2727/1397/920 2739/1405/920
f 2737/1436/26 2748/1514/1091 2719/1443/26
f 2795/1444/1115 2756/1445/1116 2757/1446/1117
f 2786/1516/1118 2759/1449/1119 2785/1447/1120
f 2749/1450/923 2773/1451/923 2751/1452/923
f 2796/1453/923 2742/1454/923 2794/1455/923
f 2744/1418/923 2772/1457/923 2745/1456/923
f 2783/1458/923 2758/1380/923 2749/1382/923
f 2742/1511/1092 2754/1460/25 2721/1434/25
f 2788/1461/926 2757/1462/926 2730/1392/926
f 2769/1517/26 2763/1465/26 2772/1463/26
f 2761/1414/25 2767/1467/25 2773/1466/25
f 2772/1463/26 2764/1469/26 2765/1468/26
f 2762/1473/25 2773/1466/25 2766/1470/25
f 2765/1468/26 2775/1471/26 2774/1472/26
f 2766/1470/25 2776/1384/25 2762/1473/25
f 2743/1474/923 2772/1457/923 2765/1475/923
f 2757/1462/926 2764/1476/926 2730/1392/926
f 2729/1383/926 2761/1414/926 2762/1473/926
f 2730/1392/926 2763/1477/926 2736/1393/926
f 2756/1445/1116 2775/1479/1121 2757/1446/1117
f 2751/1452/923 2767/1480/923 2750/1481/923
f 2743/1482/923 2774/1483/923 2756/1484/923
f 2755/1485/1122 2771/1486/1121 2758/1487/1123
f 2750/1481/1113 2768/1488/1107 2726/1489/1114
f 2736/1393/926 2770/1490/926 2725/1491/926
f 2747/1492/923 2786/1493/923 2783/1458/923
f 2758/1487/1123 2785/1447/1120 2755/1485/1122
f 2719/1494/1124 2784/1440/1100 2777/1442/1112
f 2755/1385/926 2780/1400/926 2729/1383/926
f 2719/1495/926 2782/1402/926 2737/1401/926
f 2779/1399/923 2739/1405/923 2727/1397/923
f 2732/1404/1125 2783/1407/1103 2749/1496/1126
f 2738/1374/923 2778/1408/923 2781/1403/923
f 2729/1383/926 2782/1402/926 2740/1412/926
f 2720/1416/1127 2784/1398/1100 2748/1497/1128
f 2721/1498/926 2795/1499/926 2788/1461/926
f 2756/1484/923 2794/1455/923 2743/1482/923
f 2754/1501/1129 2796/1515/1130 2795/1444/1115
f 2744/1520/1108 2789/1429/1111 2725/1502/1106
f 2724/1394/923 2792/1390/923 2734/1389/923
f 2789/1410/926 2736/1393/926 2725/1491/926
f 2728/1433/1131 2793/1395/1097 2744/1503/1108
f 2733/1504/926 2788/1461/926 2791/1391/926
f 2731/1386/923 2792/1390/923 2735/1411/923
f 2722/1378/1132 2794/1387/1094 2742/1505/1133
f 2832/1376/1134 2800/1416/959 2828/1375/1135
f 2826/1377/1136 2802/1378/920 2822/1379/1137
f 2838/1380/923 2846/1381/923 2829/1382/923
f 2809/1383/926 2856/1384/926 2835/1385/926
f 2811/1386/1138 2874/1387/1139 2870/1388/1140
f 2870/1388/923 2814/1389/923 2872/1390/923
f 2871/1391/926 2810/1392/926 2816/1393/926
f 2804/1394/1141 2873/1395/1142 2867/1396/1143
f 2807/1397/1144 2864/1398/1145 2859/1399/1146
f 2860/1400/926 2817/1401/926 2862/1402/926
f 2861/1403/923 2812/1404/923 2819/1405/923
f 2798/1406/1147 2863/1407/1148 2858/1408/1149
f 2803/1409/926 2871/1391/926 2869/1410/926
f 2867/1396/923 2815/1411/923 2872/1390/923
f 2806/1506/926 2841/1414/926 2820/1412/926
f 2804/1394/920 2826/1377/1136 2821/1415/1150
f 2800/1416/923 2861/1403/923 2859/1399/923
f 2857/1417/926 2820/1412/926 2862/1402/926
f 2805/1507/1151 2849/1420/1152 2824/1418/1153
f 2798/1406/959 2832/1376/1134 2827/1421/1154
f 2821/1508/1150 2813/1424/25 2803/1422/25
f 2815/1411/959 2823/1426/959 2811/1386/959
f 2873/1427/1142 2803/1428/1155 2869/1429/1156
f 2827/1432/1154 2839/1510/26 2840/1431/26
f 2808/1433/959 2825/1425/959 2815/1411/959
f 2826/1423/1136 2801/1434/25 2813/1424/25
f 2797/1430/26 2832/1435/1134 2817/1436/26
f 2829/1512/920 2819/1405/920 2812/1404/920
f 2865/1438/926 2797/1439/926 2860/1400/926
f 2857/1442/1157 2830/1513/1158 2806/1441/1159
f 2831/1437/920 2807/1397/920 2819/1405/920
f 2817/1436/26 2828/1514/1135 2799/1443/26
f 2875/1444/1160 2836/1445/1161 2837/1446/1162
f 2866/1516/1163 2839/1449/1164 2865/1447/1165
f 2829/1450/923 2853/1451/923 2831/1452/923
f 2876/1453/923 2822/1454/923 2874/1455/923
f 2825/1456/923 2849/1420/923 2852/1457/923
f 2863/1458/923 2838/1380/923 2829/1382/923
f 2822/1511/1137 2834/1460/25 2801/1434/25
f 2868/1461/926 2837/1462/926 2810/1392/926
f 2849/1517/26 2843/1465/26 2852/1463/26
f 2841/1414/25 2847/1467/25 2853/1466/25
f 2852/1463/26 2844/1469/26 2845/1468/26
f 2842/1473/25 2853/1466/25 2846/1470/25
f 2845/1468/26 2855/1471/26 2854/1472/26
f 2846/1470/25 2856/1384/25 2842/1473/25
f 2825/1456/923 2845/1475/923 2823/1474/923
f 2837/1462/926 2844/1476/926 2810/1392/926
f 2820/1412/926 2842/1473/926 2809/1383/926
f 2810/1392/926 2843/1477/926 2816/1393/926
f 2836/1445/1161 2855/1479/1166 2837/1446/1162
f 2831/1452/923 2847/1480/923 2830/1481/923
f 2836/1484/923 2845/1524/923 2854/1483/923
f 2835/1485/1167 2851/1486/1166 2838/1487/1168
f 2830/1481/1158 2848/1488/1152 2806/1489/1159
f 2816/1393/926 2850/1490/926 2805/1491/926
f 2827/1492/923 2866/1493/923 2863/1458/923
f 2838/1487/1168 2865/1447/1165 2835/1485/1167
f 2799/1494/1169 2864/1440/1145 2857/1442/1157
f 2835/1385/926 2860/1400/926 2809/1383/926
f 2799/1495/926 2862/1402/926 2817/1401/926
f 2859/1399/923 2819/1405/923 2807/1397/923
f 2812/1404/1170 2863/1407/1148 2829/1496/1171
f 2818/1374/923 2858/1408/923 2861/1403/923
f 2809/1383/926 2862/1402/926 2820/1412/926
f 2800/1416/1172 2864/1398/1145 2828/1497/1173
f 2801/1498/926 2875/1499/926 2868/1461/926
f 2836/1484/923 2874/1455/923 2823/1482/923
f 2834/1501/1174 2876/1515/1175 2875/1444/1160
f 2824/1520/1153 2869/1429/1156 2805/1502/1151
f 2804/1394/923 2872/1390/923 2814/1389/923
f 2869/1410/926 2816/1393/926 2805/1491/926
f 2808/1433/1176 2873/1395/1142 2824/1503/1153
f 2813/1504/926 2868/1461/926 2871/1391/926
f 2811/1386/923 2872/1390/923 2815/1411/923
f 2802/1378/1177 2874/1387/1139 2822/1505/1178
f 2912/1376/1134 2880/1416/1179 2908/1375/1180
f 2906/1377/1136 2882/1378/1181 2902/1379/1182
f 2918/1380/923 2926/1381/923 2909/1382/923
f 2889/1383/926 2936/1384/926 2915/1385/926
f 2891/1386/1183 2954/1387/1184 2950/1388/1185
f 2950/1388/923 2894/1389/923 2952/1390/923
f 2951/1391/926 2890/1392/926 2896/1393/926
f 2884/1394/1186 2953/1395/1187 2947/1396/1188
f 2887/1397/1189 2944/1398/1190 2939/1399/1191
f 2940/1400/926 2897/1401/926 2942/1402/926
f 2941/1403/923 2892/1404/923 2899/1405/923
f 2878/1406/1192 2943/1407/1193 2938/1408/1194
f 2883/1409/926 2951/1391/926 2949/1410/926
f 2947/1396/923 2895/1411/923 2952/1390/923
f 2886/1506/926 2921/1414/926 2900/1412/926
f 2884/1394/1181 2906/1377/1136 2901/1415/1195
f 2880/1416/923 2941/1403/923 2939/1399/923
f 2937/1417/926 2900/1412/926 2942/1402/926
f 2885/1507/1196 2929/1420/1197 2904/1418/1198
f 2878/1406/1179 2912/1376/1134 2907/1421/1199
f 2901/1508/1195 2893/1424/25 2883/1422/25
f 2895/1411/1179 2903/1426/1179 2891/1386/1179
f 2953/1427/1187 2883/1428/1200 2949/1429/1201
f 2907/1432/1199 2919/1510/26 2920/1431/26
f 2888/1433/1179 2905/1425/1179 2895/1411/1179
f 2906/1423/1136 2881/1434/25 2893/1424/25
f 2877/1430/26 2912/1435/1134 2897/1436/26
f 2909/1512/1181 2899/1405/1181 2892/1404/1181
f 2945/1438/926 2877/1439/926 2940/1400/926
f 2937/1442/1202 2910/1513/1203 2886/1441/1204
f 2911/1437/1181 2887/1397/1181 2899/1405/1181
f 2897/1436/26 2908/1514/1180 2879/1443/26
f 2955/1444/1205 2916/1445/1206 2917/1446/1207
f 2946/1516/1208 2919/1449/1209 2945/1447/1210
f 2911/1452/923 2926/1523/923 2933/1451/923
f 2956/1453/923 2902/1454/923 2954/1455/923
f 2905/1456/923 2929/1420/923 2932/1457/923
f 2943/1458/923 2918/1380/923 2909/1382/923
f 2902/1511/1182 2914/1460/25 2881/1434/25
f 2948/1461/926 2917/1462/926 2890/1392/926
f 2929/1517/26 2923/1465/26 2932/1463/26
f 2921/1414/25 2927/1467/25 2933/1466/25
f 2932/1463/26 2924/1469/26 2925/1468/26
f 2922/1473/25 2933/1466/25 2926/1470/25
f 2925/1468/26 2935/1471/26 2934/1472/26
f 2926/1470/25 2936/1384/25 2922/1473/25
f 2905/1456/923 2925/1475/923 2903/1474/923
f 2917/1462/926 2924/1476/926 2890/1392/926
f 2900/1412/926 2922/1473/926 2889/1383/926
f 2890/1392/926 2923/1477/926 2896/1393/926
f 2916/1445/1206 2935/1479/1211 2917/1446/1207
f 2911/1452/923 2927/1480/923 2910/1481/923
f 2916/1484/923 2925/1524/923 2934/1483/923
f 2915/1485/1212 2931/1486/1211 2918/1487/1213
f 2910/1481/1203 2928/1488/1197 2886/1489/1204
f 2896/1393/926 2930/1490/926 2885/1491/926
f 2907/1492/923 2946/1493/923 2943/1458/923
f 2918/1487/1213 2945/1447/1210 2915/1485/1212
f 2879/1494/1214 2944/1440/1190 2937/1442/1202
f 2915/1385/926 2940/1400/926 2889/1383/926
f 2879/1495/926 2942/1402/926 2897/1401/926
f 2939/1399/923 2899/1405/923 2887/1397/923
f 2892/1404/1215 2943/1407/1193 2909/1496/1216
f 2898/1374/923 2938/1408/923 2941/1403/923
f 2889/1383/926 2942/1402/926 2900/1412/926
f 2880/1416/1217 2944/1398/1190 2908/1497/1218
f 2881/1498/926 2955/1499/926 2948/1461/926
f 2916/1484/923 2954/1455/923 2903/1482/923
f 2914/1501/1219 2956/1515/1220 2955/1444/1205
f 2904/1520/1198 2949/1429/1201 2885/1502/1196
f 2884/1394/923 2952/1390/923 2894/1389/923
f 2949/1410/926 2896/1393/926 2885/1491/926
f 2888/1433/1221 2953/1395/1187 2904/1503/1198
f 2893/1504/926 2948/1461/926 2951/1391/926
f 2891/1386/923 2952/1390/923 2895/1411/923
f 2882/1378/1222 2954/1387/1184 2902/1505/1223
f 2992/1376/1224 2960/1416/1179 2988/1375/1225
f 2986/1377/1226 2962/1378/1227 2982/1379/1228
f 2989/1382/1229 3011/1521/1230 3006/1381/1231
f 2969/1383/1232 3016/1384/1233 2995/1385/1234
f 2971/1386/1235 3034/1387/1236 3030/1388/1237
f 3030/1388/1238 2974/1389/1239 3032/1390/923
f 3031/1391/926 2970/1392/1240 2976/1393/926
f 2964/1394/1241 3033/1395/1242 3027/1396/1243
f 2967/1397/1244 3024/1398/1245 3019/1399/1246
f 3020/1400/1247 2977/1401/1248 3022/1402/926
f 3021/1403/923 2972/1404/923 2979/1405/923
f 2958/1406/1249 3023/1407/1250 3018/1408/1251
f 2963/1409/926 3031/1391/926 3029/1410/926
f 3027/1396/923 2975/1411/923 3032/1390/923
f 2966/1506/926 3001/1414/926 2980/1412/926
f 2964/1394/1181 2986/1377/1226 2981/1415/1252
f 2960/1416/923 3021/1403/923 3019/1399/923
f 3017/1417/926 2980/1412/926 3022/1402/926
f 2965/1507/1253 3009/1420/1254 2984/1418/1255
f 2958/1406/1256 2992/1376/1224 2987/1421/1257
f 2981/1508/1252 2973/1424/25 2963/1422/25
f 2975/1411/1179 2983/1426/1179 2971/1386/1179
f 3033/1427/1242 2963/1428/1258 3029/1429/1259
f 2987/1432/1257 2999/1510/26 3000/1431/26
f 2968/1433/1179 2985/1425/1179 2975/1411/1179
f 2986/1423/1226 2961/1434/25 2973/1424/25
f 2957/1430/26 2992/1435/1224 2977/1436/26
f 2989/1512/1181 2979/1405/1181 2972/1404/1181
f 3025/1438/1260 2957/1439/1261 3020/1400/1247
f 3017/1442/1262 2990/1513/1263 2966/1441/1264
f 2991/1437/1181 2967/1397/1181 2979/1405/1181
f 2977/1436/26 2988/1514/1225 2959/1443/26
f 3035/1444/1265 2996/1445/1266 2997/1446/1267
f 3025/1447/1268 3000/1448/1269 2999/1449/1270
f 2989/1450/1229 3013/1451/923 2991/1452/923
f 3036/1453/1271 2982/1454/1272 3034/1455/1273
f 2985/1456/923 3009/1420/923 3012/1457/923
f 3023/1458/1273 2998/1380/1274 2989/1382/1229
f 2982/1511/1228 2994/1460/25 2961/1434/25
f 3028/1461/1275 2997/1462/1276 2970/1392/1240
f 3009/1517/26 3003/1465/26 3012/1463/26
f 3001/1414/25 3007/1467/25 3013/1466/25
f 3012/1463/26 3004/1469/26 3005/1468/26
f 3002/1473/25 3013/1466/25 3006/1470/25
f 3005/1468/26 3015/1471/26 3014/1472/26
f 3006/1470/25 3016/1384/25 3002/1473/25
f 2985/1456/923 3005/1475/1231 2983/1474/1277
f 2997/1462/1276 3004/1476/1278 2970/1392/1240
f 2980/1412/926 3002/1473/1278 2969/1383/1232
f 2970/1392/1240 3003/1477/926 2976/1393/926
f 2996/1445/1266 3015/1479/1279 2997/1446/1267
f 2990/1481/923 3013/1451/923 3007/1480/923
f 2983/1482/1277 3014/1483/1230 2996/1484/1280
f 2995/1485/1281 3011/1486/1279 2998/1487/1282
f 2990/1481/1263 3008/1488/1254 2966/1489/1264
f 2976/1393/926 3010/1490/926 2965/1491/926
f 2987/1492/1283 3026/1493/1284 3023/1458/1273
f 2998/1487/1282 3025/1447/1268 2995/1485/1281
f 2959/1494/1285 3024/1440/1245 3017/1442/1262
f 2995/1385/1234 3020/1400/1247 2969/1383/1232
f 2959/1495/926 3022/1402/926 2977/1401/1248
f 3019/1399/923 2979/1405/923 2967/1397/923
f 2972/1404/1286 3023/1407/1250 2989/1496/1287
f 2978/1374/1288 3018/1408/1289 3021/1403/923
f 2969/1383/1232 3022/1402/926 2980/1412/926
f 2960/1416/1290 3024/1398/1245 2988/1497/1291
f 2961/1498/1292 3035/1499/1293 3028/1461/1275
f 2996/1484/1280 3034/1455/1273 2983/1482/1277
f 2993/1500/1294 3035/1444/1265 2994/1501/1295
f 2984/1520/1255 3029/1429/1259 2965/1502/1253
f 2964/1394/923 3032/1390/923 2974/1389/1239
f 3029/1410/926 2976/1393/926 2965/1491/926
f 2968/1433/1296 3033/1395/1242 2984/1503/1255
f 2973/1504/1297 3028/1461/1275 3031/1391/926
f 2971/1386/923 3032/1390/923 2975/1411/923
f 2962/1378/1298 3034/1387/1236 2982/1505/1299
f 3072/1376/1300 3040/1416/1301 3068/1375/1302
f 3066/1377/1303 3042/1378/1304 3062/1379/1305
f 3078/1380/1306 3086/1381/1307 3069/1382/1308
f 3049/1383/1309 3096/1384/1310 3075/1385/1311
f 3051/1386/1312 3114/1387/1313 3110/1388/1314
f 3110/1388/1315 3054/1389/1316 3112/1390/1317
f 3111/1391/1318 3050/1392/1319 3056/1393/1320
f 3044/1394/1321 3113/1395/1322 3107/1396/1323
f 3047/1397/1324 3104/1398/1325 3099/1399/1326
f 3100/1400/1327 3057/1401/1328 3102/1402/1329
f 3101/1403/1330 3052/1404/1331 3059/1405/1332
f 3038/1406/1333 3103/1407/1334 3098/1408/1335
f 3043/1409/1336 3111/1391/1318 3109/1410/1337
f 3107/1396/1338 3055/1411/1339 3112/1390/1317
f 3046/1506/1340 3081/1414/1341 3060/1412/1342
f 3044/1394/1343 3066/1377/1303 3061/1415/1344
f 3040/1416/1345 3101/1403/1330 3099/1399/1346
f 3097/1417/1347 3060/1412/1342 3102/1402/1329
f 3045/1507/1348 3089/1420/1349 3064/1418/1350
f 3038/1406/1351 3072/1376/1300 3067/1421/1352
f 3061/1508/1344 3053/1424/25 3043/1422/25
f 3055/1411/1353 3063/1426/1354 3051/1386/1355
f 3109/1429/1356 3061/1509/1357 3043/1428/1358
f 3037/1430/26 3080/1431/26 3067/1432/1352
f 3048/1433/1359 3065/1425/1360 3055/1411/1353
f 3066/1423/1303 3041/1434/25 3053/1424/25
f 3037/1430/26 3072/1435/1300 3057/1436/26
f 3069/1512/1361 3059/1405/1362 3052/1404/1363
f 3105/1438/1364 3037/1439/1365 3100/1400/1327
f 3097/1442/1366 3070/1513/1367 3046/1441/1368
f 3071/1437/1369 3047/1397/1370 3059/1405/1362
f 3057/1436/26 3068/1514/1302 3039/1443/26
f 3115/1444/1371 3076/1445/1372 3077/1446/1373
f 3106/1516/1374 3079/1449/1375 3105/1447/1376
f 3071/1452/1377 3086/1523/1307 3093/1451/1378
f 3116/1453/1379 3062/1454/1380 3114/1455/1381
f 3065/1456/1378 3089/1420/1382 3092/1457/1377
f 3103/1458/1383 3078/1380/1306 3069/1382/1308
f 3041/1434/25 3073/1459/25 3074/1460/25
f 3108/1461/1384 3077/1462/1385 3050/1392/1319
f 3089/1517/26 3083/1465/26 3092/1463/26
f 3081/1414/25 3087/1467/25 3093/1466/25
f 3092/1463/26 3084/1469/26 3085/1468/26
f 3082/1473/25 3093/1466/25 3086/1470/25
f 3084/1469/26 3094/1472/26 3085/1468/26
f 3082/1473/25 3091/1518/25 3096/1384/25
f 3063/1474/1386 3092/1457/1377 3085/1475/1307
f 3077/1462/1385 3084/1476/1387 3050/1392/1319
f 3060/1412/1342 3082/1473/1387 3049/1383/1309
f 3050/1392/1319 3083/1477/1341 3056/1393/1320
f 3076/1445/1372 3095/1479/1388 3077/1446/1373
f 3070/1481/1382 3093/1451/1378 3087/1480/1382
f 3076/1484/1389 3085/1524/1307 3094/1483/1390
f 3075/1485/1391 3091/1486/1388 3078/1487/1392
f 3070/1481/1367 3088/1488/1349 3046/1489/1368
f 3056/1393/1320 3090/1490/1393 3045/1491/1394
f 3067/1492/1395 3106/1493/1396 3103/1458/1383
f 3078/1487/1392 3105/1447/1376 3075/1485/1391
f 3068/1519/1397 3097/1442/1366 3039/1494/1398
f 3075/1385/1311 3100/1400/1327 3049/1383/1309
f 3039/1495/1399 3102/1402/1329 3057/1401/1328
f 3099/1399/1346 3059/1405/1332 3047/1397/1400
f 3052/1404/1401 3103/1407/1334 3069/1496/1402
f 3058/1374/1403 3098/1408/1404 3101/1403/1330
f 3049/1383/1309 3102/1402/1329 3060/1412/1342
f 3040/1416/1405 3104/1398/1325 3068/1497/1397
f 3041/1498/1406 3115/1499/1407 3108/1461/1384
f 3076/1484/1389 3114/1455/1381 3063/1482/1386
f 3074/1501/1408 3116/1515/1409 3115/1444/1371
f 3064/1520/1350 3109/1429/1356 3045/1502/1348
f 3044/1394/1410 3112/1390/1317 3054/1389/1316
f 3109/1410/1337 3056/1393/1320 3045/1491/1394
f 3048/1433/1411 3113/1395/1322 3064/1503/1350
f 3053/1504/1412 3108/1461/1384 3111/1391/1318
f 3051/1386/1413 3112/1390/1317 3055/1411/1339
f 3042/1378/1414 3114/1387/1313 3062/1505/1415
f 3138/1374/1416 3148/1375/1417 3152/1376/1418
f 3146/1377/1419 3122/1378/1420 3142/1379/1421
f 3158/1380/1422 3166/1381/1423 3149/1382/1424
f 3129/1383/1425 3176/1384/1426 3155/1385/1427
f 3131/1386/1428 3194/1387/1429 3190/1388/1430
f 3190/1388/1431 3134/1389/1432 3192/1390/1433
f 3191/1391/1434 3130/1392/1435 3136/1393/1436
f 3124/1394/1437 3193/1395/1438 3187/1396/1439
f 3127/1397/1440 3184/1398/1441 3179/1399/1442
f 3180/1400/1443 3137/1401/1444 3182/1402/1445
f 3181/1403/1446 3132/1404/1447 3139/1405/1448
f 3118/1406/1449 3183/1407/1450 3178/1408/1451
f 3123/1409/1452 3191/1391/1434 3189/1410/1453
f 3187/1396/1454 3135/1411/1455 3192/1390/1433
f 3126/1506/1456 3161/1414/1457 3140/1412/1458
f 3141/1415/1459 3134/1389/1460 3146/1377/1419
f 3120/1416/1461 3181/1403/1446 3179/1399/1462
f 3177/1417/1463 3140/1412/1458 3182/1402/1445
f 3125/1507/1464 3169/1420/1465 3144/1418/1466
f 3118/1406/1467 3152/1376/1418 3147/1421/1468
f 3123/1422/25 3146/1423/1419 3133/1424/25
f 3131/1386/1469 3145/1425/1470 3143/1426/1471
f 3193/1427/1438 3123/1428/1472 3189/1429/1473
f 3147/1432/1468 3159/1510/26 3160/1431/26
f 3128/1433/1474 3145/1425/1470 3135/1411/1475
f 3133/1424/25 3142/1511/1421 3121/1434/25
f 3147/1432/1468 3137/1436/26 3117/1430/26
f 3132/1404/1476 3151/1437/1477 3139/1405/1478
f 3185/1438/1479 3117/1439/1480 3180/1400/1443
f 3184/1440/1441 3126/1441/1481 3177/1442/1482
f 3151/1437/1477 3127/1397/1483 3139/1405/1478
f 3152/1435/1418 3119/1443/26 3137/1436/26
f 3196/1515/1484 3157/1446/1485 3195/1444/1486
f 3185/1447/1487 3160/1448/1488 3159/1449/1489
f 3151/1452/1490 3166/1523/1423 3173/1451/1490
f 3196/1453/1491 3142/1454/1492 3194/1455/1493
f 3145/1456/1490 3169/1420/1494 3172/1457/1490
f 3183/1458/1495 3158/1380/1422 3149/1382/1424
f 3142/1511/1421 3154/1460/25 3121/1434/25
f 3188/1461/1496 3157/1462/1497 3130/1392/1435
f 3169/1517/26 3163/1465/26 3172/1463/26
f 3161/1414/25 3167/1467/25 3173/1466/25
f 3165/1468/26 3163/1465/26 3164/1469/26
f 3166/1470/25 3161/1414/25 3173/1466/25
f 3165/1468/26 3175/1471/26 3174/1472/26
f 3166/1470/25 3176/1384/25 3162/1473/25
f 3145/1456/1490 3165/1475/1423 3143/1474/1498
f 3157/1462/1497 3164/1476/1499 3130/1392/1435
f 3140/1412/1458 3162/1473/1499 3129/1383/1425
f 3130/1392/1435 3163/1477/1457 3136/1393/1436
f 3156/1445/1500 3175/1479/1501 3157/1446/1485
f 3151/1452/1490 3167/1480/1494 3150/1481/1494
f 3156/1484/1502 3165/1524/1423 3174/1483/1503
f 3155/1485/1504 3171/1486/1501 3158/1487/1505
f 3150/1481/1506 3168/1488/1465 3126/1489/1481
f 3136/1393/1436 3170/1490/1507 3125/1491/1508
f 3147/1492/1509 3186/1493/1510 3183/1458/1495
f 3155/1485/1504 3186/1516/1511 3185/1447/1487
f 3119/1494/1512 3184/1440/1441 3177/1442/1482
f 3155/1385/1427 3180/1400/1443 3129/1383/1425
f 3119/1495/1513 3182/1402/1445 3137/1401/1444
f 3179/1399/1462 3139/1405/1448 3127/1397/1514
f 3132/1404/1515 3183/1407/1450 3149/1496/1516
f 3138/1374/1517 3178/1408/1518 3181/1403/1446
f 3129/1383/1425 3182/1402/1445 3140/1412/1458
f 3120/1416/1519 3184/1398/1441 3148/1497/1520
f 3121/1498/1521 3195/1499/1522 3188/1461/1496
f 3156/1484/1502 3194/1455/1493 3143/1482/1498
f 3153/1500/1523 3195/1444/1486 3154/1501/1524
f 3125/1502/1464 3193/1427/1438 3189/1429/1473
f 3124/1394/1525 3192/1390/1433 3134/1389/1432
f 3189/1410/1453 3136/1393/1436 3125/1491/1508
f 3128/1433/1526 3193/1395/1438 3144/1503/1466
f 3133/1504/1527 3188/1461/1496 3191/1391/1434
f 3131/1386/1528 3192/1390/1433 3135/1411/1455
f 3122/1378/1529 3194/1387/1429 3142/1505/1530
f 3232/1376/1531 3200/1416/1532 3228/1375/1533
f 3226/1377/1534 3202/1378/1535 3222/1379/1536
f 3238/1380/1537 3246/1381/1538 3229/1382/1539
f 3209/1383/1540 3256/1384/1541 3235/1385/1542
f 3211/1386/1543 3274/1387/1544 3270/1388/1545
f 3270/1388/1546 3214/1389/1547 3272/1390/1548
f 3271/1391/1549 3210/1392/1550 3216/1393/1551
f 3204/1394/1552 3273/1395/1553 3267/1396/1554
f 3207/1397/1555 3264/1398/1556 3259/1399/1557
f 3260/1400/1558 3217/1401/1559 3262/1402/1560
f 3261/1403/1561 3212/1404/1562 3219/1405/1563
f 3198/1406/1564 3263/1407/1565 3258/1408/1566
f 3203/1409/1567 3271/1391/1549 3269/1410/1568
f 3267/1396/1569 3215/1411/1570 3272/1390/1548
f 3206/1506/1571 3241/1414/1572 3220/1412/1573
f 3204/1394/1574 3226/1377/1534 3221/1415/1575
f 3200/1416/1576 3261/1403/1561 3259/1399/1577
f 3257/1417/1578 3220/1412/1573 3262/1402/1560
f 3205/1507/1579 3249/1420/1580 3224/1418/1581
f 3198/1406/1582 3232/1376/1531 3227/1421/1583
f 3221/1508/1575 3213/1424/25 3203/1422/25
f 3211/1386/1584 3225/1425/1585 3223/1426/1586
f 3269/1429/1587 3221/1509/1588 3203/1428/1589
f 3197/1430/26 3240/1431/26 3227/1432/1583
f 3208/1433/1590 3225/1425/1585 3215/1411/1591
f 3226/1423/1534 3201/1434/25 3213/1424/25
f 3197/1430/26 3232/1435/1531 3217/1436/26
f 3212/1404/1592 3231/1437/1593 3219/1405/1594
f 3265/1438/1595 3197/1439/1596 3260/1400/1558
f 3264/1440/1556 3206/1441/1597 3257/1442/1598
f 3231/1437/1593 3207/1397/1599 3219/1405/1594
f 3217/1436/26 3228/1514/1533 3199/1443/26
f 3275/1444/1600 3236/1445/1601 3237/1446/1602
f 3265/1447/1603 3240/1448/1604 3239/1449/1605
f 3229/1450/1539 3253/1451/1606 3231/1452/1606
f 3276/1453/1607 3222/1454/1608 3274/1455/1609
f 3224/1418/1610 3252/1457/1606 3225/1456/1606
f 3263/1458/1611 3238/1380/1537 3229/1382/1539
f 3201/1434/25 3233/1459/25 3234/1460/25
f 3268/1461/1612 3237/1462/1613 3210/1392/1550
f 3252/1463/26 3250/1464/26 3243/1465/26
f 3253/1466/25 3248/1413/25 3247/1467/25
f 3252/1463/26 3244/1469/26 3245/1468/26
f 3242/1473/25 3253/1466/25 3246/1470/25
f 3244/1469/26 3254/1472/26 3245/1468/26
f 3242/1473/25 3251/1518/25 3256/1384/25
f 3223/1474/1614 3252/1457/1606 3245/1475/1538
f 3237/1462/1613 3244/1476/1615 3210/1392/1550
f 3220/1412/1573 3242/1473/1615 3209/1383/1540
f 3210/1392/1550 3243/1477/1572 3216/1393/1551
f 3236/1445/1601 3255/1479/1616 3237/1446/1602
f 3231/1452/1606 3247/1480/1610 3230/1481/1610
f 3223/1482/1614 3254/1483/1617 3236/1484/1618
f 3235/1485/1619 3251/1486/1616 3238/1487/1620
f 3206/1489/1597 3247/1480/1580 3248/1488/1580
f 3216/1393/1551 3250/1490/1621 3205/1491/1622
f 3227/1492/1623 3266/1493/1624 3263/1458/1611
f 3238/1487/1620 3265/1447/1603 3235/1485/1619
f 3228/1519/1625 3257/1442/1598 3199/1494/1626
f 3235/1385/1542 3260/1400/1558 3209/1383/1540
f 3199/1495/1627 3262/1402/1560 3217/1401/1559
f 3259/1399/1577 3219/1405/1563 3207/1397/1628
f 3212/1404/1629 3263/1407/1565 3229/1496/1630
f 3218/1374/1631 3258/1408/1632 3261/1403/1561
f 3209/1383/1540 3262/1402/1560 3220/1412/1573
f 3200/1416/1633 3264/1398/1556 3228/1497/1625
f 3201/1498/1634 3275/1499/1635 3268/1461/1612
f 3236/1484/1618 3274/1455/1609 3223/1482/1614
f 3233/1500/1636 3275/1444/1600 3234/1501/1637
f 3205/1502/1579 3273/1427/1553 3269/1429/1587
f 3204/1394/1638 3272/1390/1548 3214/1389/1547
f 3269/1410/1568 3216/1393/1551 3205/1491/1622
f 3208/1433/1639 3273/1395/1553 3224/1503/1581
f 3213/1504/1640 3268/1461/1612 3271/1391/1549
f 3211/1386/1641 3272/1390/1548 3215/1411/1570
f 3202/1378/1642 3274/1387/1544 3222/1505/1643
f 3312/1376/1644 3280/1416/1645 3308/1375/1646
f 3306/1377/1647 3282/1378/1648 3302/1379/1649
f 3318/1380/1650 3326/1381/1651 3309/1382/1652
f 3289/1383/1653 3336/1384/1654 3315/1385/1655
f 3291/1386/1656 3354/1387/1657 3350/1388/1658
f 3350/1388/1659 3294/1389/1660 3352/1390/1661
f 3351/1391/1662 3290/1392/1663 3296/1393/1664
f 3284/1394/1665 3353/1395/1666 3347/1396/1667
f 3287/1397/1668 3344/1398/1669 3339/1399/1670
f 3340/1400/1671 3297/1401/1672 3342/1402/1673
f 3341/1403/1674 3292/1404/1675 3299/1405/1676
f 3278/1406/1677 3343/1407/1678 3338/1408/1679
f 3283/1409/1680 3351/1391/1662 3349/1410/1681
f 3347/1396/1682 3295/1411/1683 3352/1390/1661
f 3300/1412/1684 3328/1413/1685 3321/1414/1686
f 3284/1394/1687 3306/1377/1647 3301/1415/1688
f 3280/1416/1689 3341/1403/1674 3339/1399/1690
f 3337/1417/1691 3300/1412/1684 3342/1402/1673
f 3285/1507/1692 3329/1420/1693 3304/1418/1694
f 3278/1406/1695 3312/1376/1644 3307/1421/1696
f 3283/1422/25 3306/1423/1647 3293/1424/25
f 3291/1386/1697 3305/1425/1698 3303/1426/1697
f 3353/1427/1666 3283/1428/1699 3349/1429/1700
f 3307/1432/1696 3319/1510/26 3320/1431/26
f 3288/1433/1701 3305/1425/1698 3295/1411/1702
f 3293/1424/25 3302/1511/1649 3281/1434/25
f 3307/1432/1696 3297/1436/26 3277/1430/26
f 3292/1404/1703 3311/1437/1704 3299/1405/1705
f 3345/1438/1706 3277/1439/1707 3340/1400/1671
f 3337/1442/1708 3310/1513/1709 3286/1441/1710
f 3311/1437/1704 3287/1397/1711 3299/1405/1705
f 3312/1435/1644 3279/1443/26 3297/1436/26
f 3356/1515/1712 3317/1446/1713 3355/1444/1714
f 3346/1516/1715 3319/1449/1716 3345/1447/1717
f 3311/1452/1718 3326/1523/1651 3333/1451/1718
f 3356/1453/1719 3302/1454/1720 3354/1455/1721
f 3304/1418/1722 3332/1457/1718 3305/1456/1718
f 3343/1458/1723 3318/1380/1650 3309/1382/1652
f 3302/1511/1649 3314/1460/25 3281/1434/25
f 3348/1461/1724 3317/1462/1725 3290/1392/1663
f 3329/1517/26 3323/1465/26 3332/1463/26
f 3321/1414/25 3327/1467/25 3333/1466/25
f 3325/1468/26 3323/1465/26 3324/1469/26
f 3326/1470/25 3321/1414/25 3333/1466/25
f 3325/1468/26 3335/1471/26 3334/1472/26
f 3326/1470/25 3336/1384/25 3322/1473/25
f 3305/1456/1718 3325/1475/1651 3303/1474/1726
f 3317/1462/1725 3324/1476/1727 3290/1392/1663
f 3300/1412/1684 3322/1473/1727 3289/1383/1653
f 3290/1392/1663 3323/1477/1686 3296/1393/1664
f 3316/1445/1728 3335/1479/1729 3317/1446/1713
f 3311/1452/1718 3327/1480/1722 3310/1481/1722
f 3303/1482/1726 3334/1483/1730 3316/1484/1731
f 3315/1485/1732 3331/1486/1729 3318/1487/1733
f 3310/1481/1709 3328/1488/1693 3286/1489/1710
f 3296/1393/1664 3330/1490/1685 3285/1491/1734
f 3307/1492/1735 3346/1493/1736 3343/1458/1723
f 3315/1485/1732 3346/1516/1715 3345/1447/1717
f 3279/1494/1737 3344/1440/1669 3337/1442/1708
f 3315/1385/1655 3340/1400/1671 3289/1383/1653
f 3279/1495/1738 3342/1402/1673 3297/1401/1672
f 3339/1399/1690 3299/1405/1676 3287/1397/1739
f 3292/1404/1740 3343/1407/1678 3309/1496/1741
f 3298/1374/1742 3338/1408/1743 3341/1403/1674
f 3289/1383/1653 3342/1402/1673 3300/1412/1684
f 3280/1416/1744 3344/1398/1669 3308/1497/1745
f 3281/1498/1746 3355/1499/1747 3348/1461/1724
f 3316/1484/1731 3354/1455/1721 3303/1482/1726
f 3314/1501/1748 3356/1515/1712 3355/1444/1714
f 3304/1520/1694 3349/1429/1700 3285/1502/1692
f 3284/1394/1749 3352/1390/1661 3294/1389/1660
f 3349/1410/1681 3296/1393/1664 3285/1491/1734
f 3288/1433/1750 3353/1395/1666 3304/1503/1694
f 3293/1504/1751 3348/1461/1724 3351/1391/1662
f 3291/1386/1752 3352/1390/1661 3295/1411/1683
f 3282/1378/1753 3354/1387/1657 3302/1505/1754
f 3378/1374/1755 3388/1375/1756 3392/1376/1757
f 3386/1377/1758 3362/1378/1759 3382/1379/1760
f 3398/1380/3 3406/1381/1761 3389/1382/1762
f 3369/1383/1763 3416/1384/21 3395/1385/21
f 3371/1386/1764 3434/1387/1765 3430/1388/1766
f 3430/1388/1767 3374/1389/1768 3432/1390/1769
f 3431/1391/1770 3370/1392/1771 3376/1393/1772
f 3364/1394/1773 3433/1395/1774 3427/1396/1775
f 3367/1397/1776 3424/1398/1777 3419/1399/1778
f 3420/1400/21 3377/1401/1779 3422/1402/1780
f 3421/1403/1769 3372/1404/1781 3379/1405/1782
f 3358/1406/1783 3423/1407/1784 3418/1408/1785
f 3363/1409/1786 3431/1391/1770 3429/1410/1787
f 3427/1396/1788 3375/1411/1789 3432/1390/1769
f 3366/1506/1790 3401/1414/1791 3380/1412/1792
f 3381/1415/1793 3374/1389/1794 3386/1377/1758
f 3360/1416/1795 3421/1403/1769 3419/1399/1796
f 3417/1417/1797 3380/1412/1792 3422/1402/1780
f 3365/1507/1798 3409/1420/1799 3384/1418/1800
f 3358/1406/1801 3392/1376/1757 3387/1421/1802
f 3363/1422/25 3386/1423/1758 3373/1424/25
f 3371/1386/1803 3385/1425/1804 3383/1426/1805
f 3429/1429/1806 3381/1509/1807 3363/1428/1808
f 3357/1430/26 3400/1431/26 3387/1432/1802
f 3368/1433/1809 3385/1425/1804 3375/1411/1810
f 3373/1424/25 3382/1511/1760 3361/1434/25
f 3387/1432/1802 3377/1436/26 3357/1430/26
f 3372/1404/1811 3391/1437/1812 3379/1405/1813
f 3425/1438/21 3357/1439/21 3420/1400/21
f 3424/1440/1777 3366/1441/1814 3417/1442/1815
f 3391/1437/1812 3367/1397/1816 3379/1405/1813
f 3392/1435/1757 3359/1443/26 3377/1436/26
f 3436/1515/1817 3397/1446/1818 3435/1444/1819
f 3425/1447/1820 3400/1448/1821 3399/1449/1822
f 3389/1450/1762 3413/1451/1823 3391/1452/1823
f 3436/1453/3 3382/1454/3 3434/1455/3
f 3384/1418/1824 3412/1457/1823 3385/1456/1823
f 3423/1458/3 3398/1380/3 3389/1382/1762
f 3361/1434/25 3393/1459/25 3394/1460/25
f 3428/1461/21 3397/1462/21 3370/1392/1771
f 3412/1463/26 3410/1464/26 3403/1465/26
f 3413/1466/25 3408/1413/25 3407/1467/25
f 3405/1468/26 3403/1465/26 3404/1469/26
f 3406/1470/25 3401/1414/25 3413/1466/25
f 3404/1469/26 3414/1472/26 3405/1468/26
f 3402/1473/25 3411/1518/25 3416/1384/25
f 3385/1456/1823 3405/1475/1761 3383/1474/1762
f 3397/1462/21 3404/1476/1825 3370/1392/1771
f 3369/1383/1763 3401/1414/1791 3402/1473/1825
f 3370/1392/1771 3403/1477/1791 3376/1393/1772
f 3396/1445/1826 3415/1479/1827 3397/1446/1818
f 3391/1452/1823 3407/1480/1824 3390/1481/1824
f 3383/1482/1762 3414/1483/3 3396/1484/3
f 3395/1485/1828 3411/1486/1827 3398/1487/1829
f 3390/1481/1830 3408/1488/1799 3366/1489/1814
f 3376/1393/1772 3410/1490/1831 3365/1491/1832
f 3387/1492/3 3426/1493/3 3423/1458/3
f 3395/1485/1828 3426/1516/1833 3425/1447/1820
f 3388/1519/1834 3417/1442/1815 3359/1494/1835
f 3395/1385/21 3420/1400/21 3369/1383/1763
f 3359/1495/1836 3422/1402/1780 3377/1401/1779
f 3419/1399/1796 3379/1405/1782 3367/1397/1837
f 3372/1404/1838 3423/1407/1784 3389/1496/1839
f 3378/1374/1840 3418/1408/1767 3421/1403/1769
f 3369/1383/1763 3422/1402/1780 3380/1412/1792
f 3360/1416/1841 3424/1398/1777 3388/1497/1834
f 3361/1498/21 3435/1499/21 3428/1461/21
f 3396/1484/3 3434/1455/3 3383/1482/1762
f 3393/1500/1842 3435/1444/1819 3394/1501/1843
f 3365/1502/1798 3433/1427/1774 3429/1429/1806
f 3364/1394/1844 3432/1390/1769 3374/1389/1768
f 3429/1410/1787 3376/1393/1772 3365/1491/1832
f 3368/1433/1845 3433/1395/1774 3384/1503/1800
f 3373/1504/1846 3428/1461/21 3431/1391/1770
f 3371/1386/1847 3432/1390/1769 3375/1411/1789
f 3362/1378/1848 3434/1387/1765 3382/1505/1849
f 3458/1374/1801 3468/1375/1850 3472/1376/1851
f 3466/1377/1852 3442/1378/1759 3462/1379/1853
f 3478/1380/3 3486/1381/3 3469/1382/3
f 3449/1383/21 3496/1384/21 3475/1385/21
f 3451/1386/1854 3514/1387/1855 3510/1388/1856
f 3510/1388/1767 3454/1389/1767 3512/1390/1767
f 3511/1391/21 3450/1392/21 3456/1393/21
f 3444/1394/1857 3513/1395/1858 3507/1396/1859
f 3447/1397/1860 3504/1398/1861 3499/1399/1862
f 3500/1400/21 3457/1401/21 3502/1402/21
f 3501/1403/1767 3452/1404/1767 3459/1405/1767
f 3438/1406/1863 3503/1407/1864 3498/1408/1865
f 3443/1409/21 3511/1391/21 3509/1410/21
f 3507/1396/1767 3455/1411/1767 3512/1390/1767
f 3460/1412/21 3488/1413/21 3481/1414/21
f 3461/1415/1866 3454/1389/1759 3466/1377/1852
f 3440/1416/1767 3501/1403/1767 3499/1399/1767
f 3497/1417/21 3460/1412/21 3502/1402/21
f 3445/1507/1867 3489/1420/1868 3464/1418/1869
f 3438/1406/1801 3472/1376/1851 3467/1421/1870
f 3443/1422/25 3466/1423/1852 3453/1424/25
f 3451/1386/1801 3465/1425/1801 3463/1426/1801
f 3509/1429/1871 3461/1509/1872 3443/1428/1873
f 3437/1430/26 3480/1431/26 3467/1432/1870
f 3448/1433/1801 3465/1425/1801 3455/1411/1801
f 3453/1424/25 3462/1511/1853 3441/1434/25
f 3467/1432/1870 3457/1436/26 3437/1430/26
f 3452/1404/1759 3471/1437/1759 3459/1405/1759
f 3505/1438/21 3437/1439/21 3500/1400/21
f 3504/1440/1861 3446/1441/1874 3497/1442/1875
f 3471/1437/1759 3447/1397/1759 3459/1405/1759
f 3472/1435/1851 3439/1443/26 3457/1436/26
f 3516/1515/1876 3477/1446/1877 3515/1444/1878
f 3505/1447/1879 3480/1448/1880 3479/1449/1881
f 3469/1450/3 3493/1451/3 3471/1452/3
f 3516/1453/3 3462/1454/3 3514/1455/3
f 3464/1418/3 3492/1457/3 3465/1456/3
f 3503/1458/3 3478/1380/3 3469/1382/3
f 3441/1434/25 3473/1459/25 3474/1460/25
f 3508/1461/21 3477/1462/21 3450/1392/21
f 3492/1463/26 3490/1464/26 3483/1465/26
f 3493/1466/25 3488/1413/25 3487/1467/25
f 3485/1468/26 3483/1465/26 3484/1469/26
f 3486/1470/25 3481/1414/25 3493/1466/25
f 3484/1469/26 3494/1472/26 3485/1468/26
f 3482/1473/25 3491/1518/25 3496/1384/25
f 3465/1456/3 3485/1475/3 3463/1474/3
f 3450/1392/21 3495/1525/21 3484/1476/21
f 3460/1412/21 3482/1473/21 3449/1383/21
f 3450/1392/21 3483/1477/21 3456/1393/21
f 3476/1445/1882 3495/1479/1883 3477/1446/1877
f 3471/1452/3 3487/1480/3 3470/1481/3
f 3463/1482/3 3494/1483/3 3476/1484/3
f 3478/1487/1884 3496/1522/1883 3491/1486/1883
f 3470/1481/1885 3488/1488/1868 3446/1489/1874
f 3456/1393/21 3490/1490/21 3445/1491/21
f 3467/1492/3 3506/1493/3 3503/1458/3
f 3475/1485/1886 3506/1516/1887 3505/1447/1879
f 3468/1519/1888 3497/1442/1875 3439/1494/1889
f 3475/1385/21 3500/1400/21 3449/1383/21
f 3439/1495/21 3502/1402/21 3457/1401/21
f 3499/1399/1767 3459/1405/1767 3447/1397/1767
f 3452/1404/1890 3503/1407/1864 3469/1496/1891
f 3458/1374/1767 3498/1408/1767 3501/1403/1767
f 3449/1383/21 3502/1402/21 3460/1412/21
f 3440/1416/1892 3504/1398/1861 3468/1497/1888
f 3441/1498/21 3515/1499/21 3508/1461/21
f 3476/1484/3 3514/1455/3 3463/1482/3
f 3473/1500/1893 3515/1444/1878 3474/1501/1894
f 3445/1502/1867 3513/1427/1858 3509/1429/1871
f 3444/1394/1767 3512/1390/1767 3454/1389/1767
f 3509/1410/21 3456/1393/21 3445/1491/21
f 3448/1433/1895 3513/1395/1858 3464/1503/1869
f 3453/1504/21 3508/1461/21 3511/1391/21
f 3451/1386/1767 3512/1390/1767 3455/1411/1767
f 3442/1378/1896 3514/1387/1855 3462/1505/1897
f 3538/1374/1898 3548/1375/1899 3552/1376/1900
f 3546/1377/1901 3522/1378/1902 3542/1379/1903
f 3558/1380/3 3566/1381/3 3549/1382/3
f 3529/1383/21 3576/1384/21 3555/1385/21
f 3531/1386/1904 3594/1387/1905 3590/1388/1906
f 3590/1388/1767 3534/1389/1767 3592/1390/1767
f 3591/1391/21 3530/1392/21 3536/1393/21
f 3524/1394/1907 3593/1395/1908 3587/1396/1909
f 3527/1397/1910 3584/1398/1911 3579/1399/1912
f 3580/1400/21 3537/1401/21 3582/1402/21
f 3581/1403/1767 3532/1404/1767 3539/1405/1767
f 3518/1406/1913 3583/1407/1914 3578/1408/1915
f 3523/1409/21 3591/1391/21 3589/1410/21
f 3587/1396/1767 3535/1411/1767 3592/1390/1767
f 3526/1506/21 3561/1414/21 3540/1412/21
f 3541/1415/1916 3534/1389/1902 3546/1377/1901
f 3520/1416/1767 3581/1403/1767 3579/1399/1767
f 3577/1417/21 3540/1412/21 3582/1402/21
f 3525/1507/1917 3569/1420/1918 3544/1418/1919
f 3518/1406/1898 3552/1376/1900 3547/1421/1920
f 3523/1422/25 3546/1423/1901 3533/1424/25
f 3531/1386/1898 3545/1425/1898 3543/1426/1898
f 3589/1429/1921 3541/1509/1922 3523/1428/1923
f 3517/1430/26 3560/1431/26 3547/1432/1920
f 3528/1433/1801 3545/1425/1898 3535/1411/1898
f 3533/1424/25 3542/1511/1903 3521/1434/25
f 3547/1432/1920 3537/1436/26 3517/1430/26
f 3532/1404/1902 3551/1437/1902 3539/1405/1902
f 3585/1438/21 3517/1439/21 3580/1400/21
f 3584/1440/1911 3526/1441/1924 3577/1442/1925
f 3551/1437/1902 3527/1397/1759 3539/1405/1902
f 3552/1435/1900 3519/1443/26 3537/1436/26
f 3596/1515/1926 3557/1446/1927 3595/1444/1928
f 3585/1447/1929 3560/1448/1930 3559/1449/1931
f 3549/1450/3 3573/1451/3 3551/1452/3
f 3596/1453/3 3542/1454/3 3594/1455/3
f 3544/1418/3 3572/1457/3 3545/1456/3
f 3583/1458/3 3558/1380/3 3549/1382/3
f 3521/1434/25 3553/1459/25 3554/1460/25
f 3588/1461/21 3557/1462/21 3530/1392/21
f 3572/1463/26 3570/1464/26 3563/1465/26
f 3573/1466/25 3568/1413/25 3567/1467/25
f 3565/1468/26 3563/1465/26 3564/1469/26
f 3566/1470/25 3561/1414/25 3573/1466/25
f 3564/1469/26 3574/1472/26 3565/1468/26
f 3562/1473/25 3571/1518/25 3576/1384/25
f 3545/1456/3 3565/1475/3 3543/1474/3
f 3557/1462/21 3564/1476/21 3530/1392/21
f 3540/1412/21 3562/1473/21 3529/1383/21
f 3536/1393/21 3564/1476/21 3563/1477/21
f 3556/1445/1932 3575/1479/1933 3557/1446/1927
f 3551/1452/3 3567/1480/3 3550/1481/3
f 3543/1482/3 3574/1483/3 3556/1484/3
f 3555/1485/1934 3571/1486/1933 3558/1487/1935
f 3550/1481/1936 3568/1488/1918 3526/1489/1924
f 3536/1393/21 3570/1490/21 3525/1491/21
f 3547/1492/3 3586/1493/3 3583/1458/3
f 3555/1485/1934 3586/1516/1937 3585/1447/1929
f 3548/1519/1938 3577/1442/1925 3519/1494/1939
f 3555/1385/21 3580/1400/21 3529/1383/21
f 3519/1495/21 3582/1402/21 3537/1401/21
f 3579/1399/1767 3539/1405/1767 3527/1397/1767
f 3532/1404/1940 3583/1407/1914 3549/1496/1941
f 3538/1374/1767 3578/1408/1767 3581/1403/1767
f 3529/1383/21 3582/1402/21 3540/1412/21
f 3520/1416/1942 3584/1398/1911 3548/1497/1938
f 3521/1498/21 3595/1499/21 3588/1461/21
f 3556/1484/3 3594/1455/3 3543/1482/3
f 3553/1500/1943 3595/1444/1928 3554/1501/1944
f 3525/1502/1917 3593/1427/1908 3589/1429/1921
f 3524/1394/1767 3592/1390/1767 3534/1389/1767
f 3589/1410/21 3536/1393/21 3525/1491/21
f 3528/1433/1945 3593/1395/1908 3544/1503/1919
f 3533/1504/21 3588/1461/21 3591/1391/21
f 3531/1386/1767 3592/1390/1767 3535/1411/1767
f 3522/1378/1946 3594/1387/1905 3542/1505/1947
f 3618/1374/1898 3628/1375/1948 3632/1376/1900
f 3626/1377/1901 3602/1378/1902 3622/1379/1949
f 3638/1380/3 3646/1381/3 3629/1382/3
f 3609/1383/21 3656/1384/21 3635/1385/21
f 3611/1386/1950 3674/1387/1951 3670/1388/1952
f 3670/1388/1767 3614/1389/1767 3672/1390/1767
f 3671/1391/21 3610/1392/21 3616/1393/21
f 3604/1394/1953 3673/1395/1954 3667/1396/1955
f 3607/1397/1956 3664/1398/1957 3659/1399/1958
f 3660/1400/21 3617/1401/21 3662/1402/21
f 3661/1403/1767 3612/1404/1767 3619/1405/1767
f 3598/1406/1959 3663/1407/1960 3658/1408/1961
f 3603/1409/21 3671/1391/21 3669/1410/21
f 3667/1396/1767 3615/1411/1767 3672/1390/1767
f 3606/1506/21 3641/1414/21 3620/1412/21
f 3621/1415/1962 3614/1389/1902 3626/1377/1901
f 3600/1416/1767 3661/1403/1767 3659/1399/1767
f 3657/1417/21 3620/1412/21 3662/1402/21
f 3605/1507/1963 3649/1420/1964 3624/1418/1965
f 3598/1406/1898 3632/1376/1900 3627/1421/1966
f 3603/1422/25 3626/1423/1901 3613/1424/25
f 3611/1386/1898 3625/1425/1898 3623/1426/1898
f 3669/1429/1967 3621/1509/1968 3603/1428/1969
f 3597/1430/26 3640/1431/26 3627/1432/1966
f 3608/1433/1898 3625/1425/1898 3615/1411/1898
f 3613/1424/25 3622/1511/1949 3601/1434/25
f 3627/1432/1966 3617/1436/26 3597/1430/26
f 3612/1404/1902 3631/1437/1902 3619/1405/1902
f 3665/1438/21 3597/1439/21 3660/1400/21
f 3664/1440/1957 3606/1441/1970 3657/1442/1971
f 3631/1437/1902 3607/1397/1902 3619/1405/1902
f 3632/1435/1900 3599/1443/26 3617/1436/26
f 3676/1515/1972 3637/1446/1973 3675/1444/1974
f 3665/1447/1975 3640/1448/1976 3639/1449/1977
f 3629/1450/3 3653/1451/3 3631/1452/3
f 3676/1453/3 3622/1454/3 3674/1455/3
f 3624/1418/3 3652/1457/3 3625/1456/3
f 3663/1458/3 3638/1380/3 3629/1382/3
f 3601/1434/25 3633/1459/25 3634/1460/25
f 3668/1461/21 3637/1462/21 3610/1392/21
f 3652/1463/26 3650/1464/26 3643/1465/26
f 3653/1466/25 3648/1413/25 3647/1467/25
f 3645/1468/26 3643/1465/26 3644/1469/26
f 3646/1470/25 3641/1414/25 3653/1466/25
f 3644/1469/26 3654/1472/26 3645/1468/26
f 3642/1473/25 3651/1518/25 3656/1384/25
f 3625/1456/3 3645/1475/3 3623/1474/3
f 3637/1462/21 3644/1476/21 3610/1392/21
f 3609/1383/21 3641/1414/21 3642/1473/21
f 3610/1392/21 3643/1477/21 3616/1393/21
f 3636/1445/1978 3655/1479/1979 3637/1446/1973
f 3631/1452/3 3647/1480/3 3630/1481/3
f 3623/1482/3 3654/1483/3 3636/1484/3
f 3635/1485/1980 3651/1486/1979 3638/1487/1981
f 3630/1481/1982 3648/1488/1964 3606/1489/1970
f 3605/1491/21 3643/1477/21 3650/1490/21
f 3627/1492/3 3666/1493/3 3663/1458/3
f 3635/1485/1980 3666/1516/1983 3665/1447/1975
f 3628/1519/1984 3657/1442/1971 3599/1494/1985
f 3635/1385/21 3660/1400/21 3609/1383/21
f 3599/1495/21 3662/1402/21 3617/1401/21
f 3659/1399/1767 3619/1405/1767 3607/1397/1767
f 3612/1404/1986 3663/1407/1960 3629/1496/1987
f 3618/1374/1767 3658/1408/1767 3661/1403/1767
f 3609/1383/21 3662/1402/21 3620/1412/21
f 3600/1416/1988 3664/1398/1957 3628/1497/1984
f 3601/1498/21 3675/1499/21 3668/1461/21
f 3636/1484/3 3674/1455/3 3623/1482/3
f 3633/1500/1989 3675/1444/1974 3634/1501/1990
f 3605/1502/1963 3673/1427/1954 3669/1429/1967
f 3604/1394/1767 3672/1390/1767 3614/1389/1767
f 3669/1410/21 3616/1393/21 3605/1491/21
f 3608/1433/1991 3673/1395/1954 3624/1503/1965
f 3613/1504/21 3668/1461/21 3671/1391/21
f 3611/1386/1767 3672/1390/1767 3615/1411/1767
f 3602/1378/1992 3674/1387/1951 3622/1505/1993
f 3698/1374/1898 3708/1375/1994 3712/1376/1900
f 3706/1377/1901 3682/1378/1902 3702/1379/1995
f 3709/1382/3 3731/1521/3 3726/1381/3
f 3689/1383/21 3736/1384/21 3715/1385/21
f 3691/1386/1996 3754/1387/1997 3750/1388/1998
f 3750/1388/3 3694/1389/3 3752/1390/3
f 3751/1391/21 3690/1392/21 3696/1393/21
f 3684/1394/1999 3753/1395/2000 3747/1396/2001
f 3687/1397/2002 3744/1398/2003 3739/1399/2004
f 3740/1400/21 3697/1401/21 3742/1402/21
f 3741/1403/3 3692/1404/3 3699/1405/3
f 3678/1406/2005 3743/1407/2006 3738/1408/2007
f 3683/1409/21 3751/1391/21 3749/1410/21
f 3747/1396/3 3695/1411/3 3752/1390/3
f 3700/1412/21 3728/1413/21 3721/1414/21
f 3701/1415/2008 3694/1389/1902 3706/1377/1901
f 3680/1416/3 3741/1403/3 3739/1399/3
f 3737/1417/21 3700/1412/21 3742/1402/21
f 3685/1507/2009 3729/1420/2010 3704/1418/2011
f 3678/1406/1898 3712/1376/1900 3707/1421/2012
f 3683/1422/25 3706/1423/1901 3693/1424/25
f 3691/1386/1898 3705/1425/1898 3703/1426/1898
f 3749/1429/2013 3701/1509/2014 3683/1428/2015
f 3677/1430/26 3720/1431/26 3707/1432/2012
f 3688/1433/1898 3705/1425/1898 3695/1411/1898
f 3693/1424/25 3702/1511/1995 3681/1434/25
f 3707/1432/2012 3697/1436/26 3677/1430/26
f 3692/1404/1902 3711/1437/1902 3699/1405/1902
f 3745/1438/21 3677/1439/21 3740/1400/21
f 3744/1440/2003 3686/1441/2016 3737/1442/2017
f 3711/1437/1902 3687/1397/1902 3699/1405/1902
f 3712/1435/1900 3679/1443/26 3697/1436/26
f 3756/1515/2018 3717/1446/2019 3755/1444/2020
f 3745/1447/2021 3720/1448/2022 3719/1449/2023
f 3709/1450/3 3733/1451/3 3711/1452/3
f 3756/1453/3 3702/1454/3 3754/1455/3
f 3704/1418/3 3732/1457/3 3705/1456/3
f 3743/1458/3 3718/1380/3 3709/1382/3
f 3681/1434/25 3713/1459/25 3714/1460/25
f 3748/1461/21 3717/1462/21 3690/1392/21
f 3732/1463/26 3730/1464/26 3723/1465/26
f 3733/1466/25 3728/1413/25 3727/1467/25
f 3725/1468/26 3723/1465/26 3724/1469/26
f 3726/1470/25 3721/1414/25 3733/1466/25
f 3724/1469/26 3734/1472/26 3725/1468/26
f 3722/1473/25 3731/1518/25 3736/1384/25
f 3705/1456/3 3725/1475/3 3703/1474/3
f 3717/1462/21 3724/1476/21 3690/1392/21
f 3700/1412/21 3722/1473/21 3689/1383/21
f 3690/1392/21 3723/1477/21 3696/1393/21
f 3716/1445/2024 3735/1479/2025 3717/1446/2019
f 3711/1452/3 3727/1480/3 3710/1481/3
f 3703/1482/3 3734/1483/3 3716/1484/3
f 3715/1485/2026 3731/1486/2025 3718/1487/2027
f 3710/1481/2028 3728/1488/2010 3686/1489/2016
f 3696/1393/21 3730/1490/21 3685/1491/21
f 3707/1492/3 3746/1493/3 3743/1458/3
f 3715/1485/2026 3746/1516/2029 3745/1447/2021
f 3708/1519/2030 3737/1442/2017 3679/1494/2031
f 3715/1385/21 3740/1400/21 3689/1383/21
f 3679/1495/21 3742/1402/21 3697/1401/21
f 3739/1399/3 3699/1405/3 3687/1397/3
f 3692/1404/2032 3743/1407/2006 3709/1496/2033
f 3698/1374/3 3738/1408/3 3741/1403/3
f 3689/1383/21 3742/1402/21 3700/1412/21
f 3680/1416/2034 3744/1398/2003 3708/1497/2030
f 3681/1498/21 3755/1499/21 3748/1461/21
f 3716/1484/3 3754/1455/3 3703/1482/3
f 3713/1500/2035 3755/1444/2020 3714/1501/2036
f 3685/1502/2009 3753/1427/2000 3749/1429/2013
f 3684/1394/3 3752/1390/3 3694/1389/3
f 3749/1410/21 3696/1393/21 3685/1491/21
f 3688/1433/2037 3753/1395/2000 3704/1503/2011
f 3693/1504/21 3748/1461/21 3751/1391/21
f 3691/1386/3 3752/1390/3 3695/1411/3
f 3682/1378/2038 3754/1387/1997 3702/1505/2039
f 3778/1374/2040 3788/1375/2041 3792/1376/1900
f 3786/1377/1901 3762/1378/2042 3782/1379/2043
f 3798/1380/3 3806/1381/3 3789/1382/3
f 3769/1383/21 3816/1384/21 3795/1385/21
f 3771/1386/2044 3834/1387/2045 3830/1388/2046
f 3830/1388/3 3774/1389/3 3832/1390/3
f 3831/1391/21 3770/1392/21 3776/1393/21
f 3764/1394/2047 3833/1395/2048 3827/1396/2049
f 3767/1397/2050 3824/1398/2051 3819/1399/2052
f 3820/1400/21 3777/1401/21 3822/1402/21
f 3821/1403/3 3772/1404/3 3779/1405/3
f 3758/1406/2053 3823/1407/2054 3818/1408/2055
f 3763/1409/21 3831/1391/21 3829/1410/21
f 3827/1396/3 3775/1411/3 3832/1390/3
f 3766/1506/21 3801/1414/21 3780/1412/21
f 3781/1415/2056 3774/1389/2042 3786/1377/1901
f 3760/1416/3 3821/1403/3 3819/1399/3
f 3817/1417/21 3780/1412/21 3822/1402/21
f 3765/1507/2057 3809/1420/2058 3784/1418/2059
f 3758/1406/2040 3792/1376/1900 3787/1421/2060
f 3763/1422/25 3786/1423/1901 3773/1424/25
f 3771/1386/2040 3785/1425/2040 3783/1426/2040
f 3829/1429/2061 3781/1509/2062 3763/1428/2063
f 3757/1430/26 3800/1431/26 3787/1432/2060
f 3768/1433/2040 3785/1425/2040 3775/1411/2040
f 3773/1424/25 3782/1511/2043 3761/1434/25
f 3787/1432/2060 3777/1436/26 3757/1430/26
f 3772/1404/2042 3791/1437/2042 3779/1405/2042
f 3825/1438/21 3757/1439/21 3820/1400/21
f 3824/1440/2051 3766/1441/2064 3817/1442/2065
f 3791/1437/2042 3767/1397/2042 3779/1405/2042
f 3792/1435/1900 3759/1443/26 3777/1436/26
f 3836/1515/2066 3797/1446/2067 3835/1444/2068
f 3825/1447/2069 3800/1448/2070 3799/1449/2071
f 3789/1450/3 3813/1451/3 3791/1452/3
f 3836/1453/3 3782/1454/3 3834/1455/3
f 3785/1456/3 3809/1420/3 3812/1457/3
f 3823/1458/3 3798/1380/3 3789/1382/3
f 3761/1434/25 3793/1459/25 3794/1460/25
f 3828/1461/21 3797/1462/21 3770/1392/21
f 3812/1463/26 3810/1464/26 3803/1465/26
f 3813/1466/25 3808/1413/25 3807/1467/25
f 3805/1468/26 3803/1465/26 3804/1469/26
f 3806/1470/25 3801/1414/25 3813/1466/25
f 3804/1469/26 3814/1472/26 3805/1468/26
f 3802/1473/25 3811/1518/25 3816/1384/25
f 3785/1456/3 3805/1475/3 3783/1474/3
f 3770/1392/21 3815/1525/21 3804/1476/21
f 3780/1412/21 3802/1473/21 3769/1383/21
f 3770/1392/21 3803/1477/21 3776/1393/21
f 3796/1445/2072 3815/1479/2073 3797/1446/2067
f 3791/1452/3 3807/1480/3 3790/1481/3
f 3783/1482/3 3814/1483/3 3796/1484/3
f 3795/1485/2074 3811/1486/2073 3798/1487/2075
f 3790/1481/2076 3808/1488/2058 3766/1489/2064
f 3776/1393/21 3810/1490/21 3765/1491/21
f 3787/1492/3 3826/1493/3 3823/1458/3
f 3795/1485/2074 3826/1516/2077 3825/1447/2069
f 3788/1519/2078 3817/1442/2065 3759/1494/2079
f 3795/1385/21 3820/1400/21 3769/1383/21
f 3759/1495/21 3822/1402/21 3777/1401/21
f 3819/1399/3 3779/1405/3 3767/1397/3
f 3772/1404/2080 3823/1407/2054 3789/1496/2081
f 3778/1374/3 3818/1408/3 3821/1403/3
f 3769/1383/21 3822/1402/21 3780/1412/21
f 3760/1416/2082 3824/1398/2051 3788/1497/2078
f 3761/1498/21 3835/1499/21 3828/1461/21
f 3796/1484/3 3834/1455/3 3783/1482/3
f 3793/1500/2083 3835/1444/2068 3794/1501/2084
f 3765/1502/2057 3833/1427/2048 3829/1429/2061
f 3764/1394/3 3832/1390/3 3774/1389/3
f 3829/1410/21 3776/1393/21 3765/1491/21
f 3768/1433/2085 3833/1395/2048 3784/1503/2059
f 3773/1504/21 3828/1461/21 3831/1391/21
f 3771/1386/3 3832/1390/3 3775/1411/3
f 3762/1378/2086 3834/1387/2045 3782/1505/2087
f 3858/1374/2040 3868/1375/2088 3872/1376/1900
f 3866/1377/1901 3842/1378/2042 3862/1379/2089
f 3878/1380/3 3886/1381/3 3869/1382/3
f 3849/1383/21 3896/1384/21 3875/1385/21
f 3851/1386/2090 3914/1387/2091 3910/1388/2092
f 3910/1388/3 3854/1389/3 3912/1390/3
f 3911/1391/21 3850/1392/21 3856/1393/21
f 3844/1394/2093 3913/1395/2094 3907/1396/2095
f 3847/1397/2096 3904/1398/2097 3899/1399/2098
f 3900/1400/21 3857/1401/21 3902/1402/21
f 3901/1403/3 3852/1404/3 3859/1405/3
f 3838/1406/2099 3903/1407/2100 3898/1408/2101
f 3843/1409/21 3911/1391/21 3909/1410/21
f 3907/1396/3 3855/1411/3 3912/1390/3
f 3846/1506/21 3881/1414/21 3860/1412/21
f 3861/1415/2102 3854/1389/2042 3866/1377/1901
f 3840/1416/3 3901/1403/3 3899/1399/3
f 3897/1417/21 3860/1412/21 3902/1402/21
f 3845/1507/2103 3889/1420/2104 3864/1418/2105
f 3838/1406/2040 3872/1376/1900 3867/1421/2106
f 3843/1422/25 3866/1423/1901 3853/1424/25
f 3851/1386/2040 3865/1425/2040 3863/1426/2040
f 3909/1429/2107 3861/1509/2108 3843/1428/2109
f 3867/1432/2106 3879/1510/26 3880/1431/26
f 3848/1433/2040 3865/1425/2040 3855/1411/2040
f 3853/1424/25 3862/1511/2089 3841/1434/25
f 3867/1432/2106 3857/1436/26 3837/1430/26
f 3852/1404/2042 3871/1437/2042 3859/1405/2042
f 3905/1438/21 3837/1439/21 3900/1400/21
f 3904/1440/2097 3846/1441/2110 3897/1442/2111
f 3871/1437/2042 3847/1397/2042 3859/1405/2042
f 3872/1435/1900 3839/1443/26 3857/1436/26
f 3915/1444/2112 3876/1445/2113 3877/1446/2114
f 3906/1516/2115 3879/1449/2116 3905/1447/2117
f 3871/1452/3 3886/1523/3 3893/1451/3
f 3916/1453/3 3862/1454/3 3914/1455/3
f 3864/1418/3 3892/1457/3 3865/1456/3
f 3903/1458/3 3878/1380/3 3869/1382/3
f 3862/1511/2089 3874/1460/25 3841/1434/25
f 3908/1461/21 3877/1462/21 3850/1392/21
f 3892/1463/26 3890/1464/26 3883/1465/26
f 3893/1466/25 3888/1413/25 3887/1467/25
f 3885/1468/26 3883/1465/26 3884/1469/26
f 3886/1470/25 3881/1414/25 3893/1466/25
f 3884/1469/26 3894/1472/26 3885/1468/26
f 3882/1473/25 3891/1518/25 3896/1384/25
f 3865/1456/3 3885/1475/3 3863/1474/3
f 3877/1462/21 3884/1476/21 3850/1392/21
f 3860/1412/21 3882/1473/21 3849/1383/21
f 3856/1393/21 3884/1476/21 3883/1477/21
f 3876/1445/2113 3895/1479/2118 3877/1446/2114
f 3870/1481/3 3893/1451/3 3887/1480/3
f 3876/1484/3 3885/1524/3 3894/1483/3
f 3875/1485/2119 3891/1486/2118 3878/1487/2120
f 3870/1481/2121 3888/1488/2104 3846/1489/2110
f 3856/1393/21 3890/1490/21 3845/1491/21
f 3867/1492/3 3906/1493/3 3903/1458/3
f 3878/1487/2120 3905/1447/2117 3875/1485/2119
f 3868/1519/2122 3897/1442/2111 3839/1494/2123
f 3875/1385/21 3900/1400/21 3849/1383/21
f 3839/1495/21 3902/1402/21 3857/1401/21
f 3899/1399/3 3859/1405/3 3847/1397/3
f 3852/1404/2124 3903/1407/2100 3869/1496/2125
f 3858/1374/3 3898/1408/3 3901/1403/3
f 3849/1383/21 3902/1402/21 3860/1412/21
f 3840/1416/2126 3904/1398/2097 3868/1497/2122
f 3841/1498/21 3915/1499/21 3908/1461/21
f 3876/1484/3 3914/1455/3 3863/1482/3
f 3874/1501/2127 3916/1515/2128 3915/1444/2112
f 3845/1502/2103 3913/1427/2094 3909/1429/2107
f 3844/1394/3 3912/1390/3 3854/1389/3
f 3909/1410/21 3856/1393/21 3845/1491/21
f 3848/1433/2129 3913/1395/2094 3864/1503/2105
f 3853/1504/21 3908/1461/21 3911/1391/21
f 3851/1386/3 3912/1390/3 3855/1411/3
f 3842/1378/2130 3914/1387/2091 3862/1505/2131
f 3952/1376/1900 3920/1416/2040 3948/1375/2132
f 3946/1377/1901 3922/1378/2042 3942/1379/2133
f 3958/1380/3 3966/1381/3 3949/1382/3
f 3929/1383/21 3976/1384/21 3955/1385/21
f 3931/1386/2134 3994/1387/2135 3990/1388/2136
f 3990/1388/3 3934/1389/3 3992/1390/3
f 3991/1391/21 3930/1392/21 3936/1393/21
f 3924/1394/2137 3993/1395/2138 3987/1396/2139
f 3927/1397/2140 3984/1398/2141 3979/1399/2142
f 3980/1400/21 3937/1401/21 3982/1402/21
f 3981/1403/3 3932/1404/3 3939/1405/3
f 3918/1406/2143 3983/1407/2144 3978/1408/2145
f 3923/1409/21 3991/1391/21 3989/1410/21
f 3987/1396/3 3935/1411/3 3992/1390/3
f 3926/1506/21 3961/1414/21 3940/1412/21
f 3924/1394/2042 3946/1377/1901 3941/1415/2146
f 3920/1416/3 3981/1403/3 3979/1399/3
f 3977/1417/21 3940/1412/21 3982/1402/21
f 3925/1507/2147 3969/1420/2148 3944/1418/2149
f 3918/1406/2040 3952/1376/1900 3947/1421/2150
f 3941/1508/2146 3933/1424/25 3923/1422/25
f 3935/1411/2040 3943/1426/2040 3931/1386/2040
f 3993/1427/2138 3923/1428/2151 3989/1429/2152
f 3947/1432/2150 3959/1510/26 3960/1431/26
f 3928/1433/2040 3945/1425/2040 3935/1411/2040
f 3946/1423/1901 3921/1434/25 3933/1424/25
f 3917/1430/26 3952/1435/1900 3937/1436/26
f 3949/1512/2042 3939/1405/2042 3932/1404/2042
f 3985/1438/21 3917/1439/21 3980/1400/21
f 3977/1442/2153 3950/1513/2154 3926/1441/2155
f 3951/1437/2042 3927/1397/2042 3939/1405/2042
f 3937/1436/26 3948/1514/2132 3919/1443/26
f 3995/1444/2156 3956/1445/2157 3957/1446/2158
f 3986/1516/2159 3959/1449/2160 3985/1447/2161
f 3949/1450/3 3973/1451/3 3951/1452/3
f 3996/1453/3 3942/1454/3 3994/1455/3
f 3944/1418/3 3972/1457/3 3945/1456/3
f 3983/1458/3 3958/1380/3 3949/1382/3
f 3942/1511/2133 3954/1460/25 3921/1434/25
f 3988/1461/21 3957/1462/21 3930/1392/21
f 3969/1517/26 3963/1465/26 3972/1463/26
f 3961/1414/25 3967/1467/25 3973/1466/25
f 3972/1463/26 3964/1469/26 3965/1468/26
f 3962/1473/25 3973/1466/25 3966/1470/25
f 3965/1468/26 3975/1471/26 3974/1472/26
f 3966/1470/25 3976/1384/25 3962/1473/25
f 3945/1456/3 3965/1475/3 3943/1474/3
f 3957/1462/21 3964/1476/21 3930/1392/21
f 3929/1383/21 3961/1414/21 3962/1473/21
f 3930/1392/21 3963/1477/21 3936/1393/21
f 3956/1445/2157 3975/1479/2162 3957/1446/2158
f 3951/1452/3 3967/1480/3 3950/1481/3
f 3943/1482/3 3974/1483/3 3956/1484/3
f 3955/1485/2163 3971/1486/2162 3958/1487/2164
f 3950/1481/2154 3968/1488/2148 3926/1489/2155
f 3925/1491/21 3963/1477/21 3970/1490/21
f 3947/1492/3 3986/1493/3 3983/1458/3
f 3958/1487/2164 3985/1447/2161 3955/1485/2163
f 3919/1494/2165 3984/1440/2141 3977/1442/2153
f 3955/1385/21 3980/1400/21 3929/1383/21
f 3919/1495/21 3982/1402/21 3937/1401/21
f 3979/1399/3 3939/1405/3 3927/1397/3
f 3932/1404/2166 3983/1407/2144 3949/1496/2167
f 3938/1374/3 3978/1408/3 3981/1403/3
f 3929/1383/21 3982/1402/21 3940/1412/21
f 3920/1416/2168 3984/1398/2141 3948/1497/2169
f 3921/1498/21 3995/1499/21 3988/1461/21
f 3956/1484/3 3994/1455/3 3943/1482/3
f 3954/1501/2170 3996/1515/2171 3995/1444/2156
f 3944/1520/2149 3989/1429/2152 3925/1502/2147
f 3924/1394/3 3992/1390/3 3934/1389/3
f 3989/1410/21 3936/1393/21 3925/1491/21
f 3928/1433/2172 3993/1395/2138 3944/1503/2149
f 3933/1504/21 3988/1461/21 3991/1391/21
f 3931/1386/3 3992/1390/3 3935/1411/3
f 3922/1378/2173 3994/1387/2135 3942/1505/2174
f 4032/1376/1900 4000/1416/2040 4028/1375/2175
f 4026/1377/1901 4002/1378/1902 4022/1379/2176
f 4038/1380/3 4046/1381/3 4029/1382/3
f 4009/1383/21 4056/1384/21 4035/1385/21
f 4011/1386/2177 4074/1387/2178 4070/1388/2179
f 4070/1388/3 4014/1389/3 4072/1390/3
f 4071/1391/21 4010/1392/21 4016/1393/21
f 4004/1394/2180 4073/1395/2181 4067/1396/2182
f 4007/1397/2183 4064/1398/2184 4059/1399/2185
f 4060/1400/21 4017/1401/21 4062/1402/21
f 4061/1403/3 4012/1404/3 4019/1405/3
f 3998/1406/2186 4063/1407/2187 4058/1408/2188
f 4003/1409/21 4071/1391/21 4069/1410/21
f 4067/1396/3 4015/1411/3 4072/1390/3
f 4006/1506/21 4041/1414/21 4020/1412/21
f 4004/1394/2042 4026/1377/1901 4021/1415/2189
f 4000/1416/3 4061/1403/3 4059/1399/3
f 4057/1417/21 4020/1412/21 4062/1402/21
f 4005/1507/2190 4049/1420/2191 4024/1418/2192
f 3998/1406/1898 4032/1376/1900 4027/1421/2193
f 4021/1508/2189 4013/1424/25 4003/1422/25
f 4015/1411/2040 4023/1426/2040 4011/1386/2040
f 4073/1427/2181 4003/1428/2194 4069/1429/2195
f 4027/1432/2193 4039/1510/26 4040/1431/26
f 4008/1433/2040 4025/1425/2040 4015/1411/2040
f 4026/1423/1901 4001/1434/25 4013/1424/25
f 3997/1430/26 4032/1435/1900 4017/1436/26
f 4029/1512/2042 4019/1405/2042 4012/1404/2042
f 4065/1438/21 3997/1439/21 4060/1400/21
f 4057/1442/2196 4030/1513/2197 4006/1441/2198
f 4031/1437/2042 4007/1397/2042 4019/1405/2042
f 4017/1436/26 4028/1514/2175 3999/1443/26
f 4075/1444/2199 4036/1445/2200 4037/1446/2201
f 4066/1516/2202 4039/1449/2203 4065/1447/2204
f 4029/1450/3 4053/1451/3 4031/1452/3
f 4076/1453/3 4022/1454/3 4074/1455/3
f 4024/1418/3 4052/1457/3 4025/1456/3
f 4063/1458/3 4038/1380/3 4029/1382/3
f 4022/1511/2176 4034/1460/25 4001/1434/25
f 4068/1461/21 4037/1462/21 4010/1392/21
f 4049/1517/26 4043/1465/26 4052/1463/26
f 4041/1414/25 4047/1467/25 4053/1466/25
f 4052/1463/26 4044/1469/26 4045/1468/26
f 4042/1473/25 4053/1466/25 4046/1470/25
f 4045/1468/26 4055/1471/26 4054/1472/26
f 4046/1470/25 4056/1384/25 4042/1473/25
f 4023/1474/3 4052/1457/3 4045/1475/3
f 4037/1462/21 4044/1476/21 4010/1392/21
f 4020/1412/21 4042/1473/21 4009/1383/21
f 4010/1392/21 4043/1477/21 4016/1393/21
f 4036/1445/2200 4055/1479/2205 4037/1446/2201
f 4031/1452/3 4047/1480/3 4030/1481/3
f 4036/1484/3 4045/1524/3 4054/1483/3
f 4035/1485/2206 4051/1486/2205 4038/1487/2207
f 4030/1481/2197 4048/1488/2191 4006/1489/2198
f 4016/1393/21 4050/1490/21 4005/1491/21
f 4027/1492/3 4066/1493/3 4063/1458/3
f 4038/1487/2207 4065/1447/2204 4035/1485/2206
f 3999/1494/2208 4064/1440/2184 4057/1442/2196
f 4035/1385/21 4060/1400/21 4009/1383/21
f 3999/1495/21 4062/1402/21 4017/1401/21
f 4059/1399/3 4019/1405/3 4007/1397/3
f 4012/1404/2209 4063/1407/2187 4029/1496/2210
f 4018/1374/3 4058/1408/3 4061/1403/3
f 4009/1383/21 4062/1402/21 4020/1412/21
f 4000/1416/2211 4064/1398/2184 4028/1497/2212
f 4001/1498/21 4075/1499/21 4068/1461/21
f 4036/1484/3 4074/1455/3 4023/1482/3
f 4034/1501/2213 4076/1515/2214 4075/1444/2199
f 4024/1520/2192 4069/1429/2195 4005/1502/2190
f 4004/1394/3 4072/1390/3 4014/1389/3
f 4069/1410/21 4016/1393/21 4005/1491/21
f 4008/1433/2215 4073/1395/2181 4024/1503/2192
f 4013/1504/21 4068/1461/21 4071/1391/21
f 4011/1386/3 4072/1390/3 4015/1411/3
f 4002/1378/2216 4074/1387/2178 4022/1505/2217
f 4112/1376/1900 4080/1416/1898 4108/1375/2218
f 4106/1377/1901 4082/1378/1902 4102/1379/2219
f 4118/1380/3 4126/1381/3 4109/1382/3
f 4089/1383/21 4136/1384/21 4115/1385/21
f 4091/1386/2220 4154/1387/2221 4150/1388/2222
f 4150/1388/3 4094/1389/3 4152/1390/3
f 4151/1391/21 4090/1392/21 4096/1393/21
f 4084/1394/2223 4153/1395/2224 4147/1396/2225
f 4087/1397/2226 4144/1398/2227 4139/1399/2228
f 4140/1400/21 4097/1401/21 4142/1402/21
f 4141/1403/3 4092/1404/3 4099/1405/3
f 4078/1406/2229 4143/1407/2230 4138/1408/2231
f 4083/1409/21 4151/1391/21 4149/1410/21
f 4147/1396/3 4095/1411/3 4152/1390/3
f 4100/1412/21 4128/1413/21 4121/1414/21
f 4084/1394/1902 4106/1377/1901 4101/1415/2232
f 4080/1416/3 4141/1403/3 4139/1399/3
f 4137/1417/21 4100/1412/21 4142/1402/21
f 4085/1507/2233 4129/1420/2234 4104/1418/2235
f 4078/1406/1898 4112/1376/1900 4107/1421/2236
f 4101/1508/2232 4093/1424/25 4083/1422/25
f 4095/1411/1898 4103/1426/1898 4091/1386/1898
f 4153/1427/2224 4083/1428/2237 4149/1429/2238
f 4107/1432/2236 4119/1510/26 4120/1431/26
f 4088/1433/1898 4105/1425/1898 4095/1411/1898
f 4106/1423/1901 4081/1434/25 4093/1424/25
f 4077/1430/26 4112/1435/1900 4097/1436/26
f 4109/1512/1902 4099/1405/1902 4092/1404/1902
f 4145/1438/21 4077/1439/21 4140/1400/21
f 4137/1442/2239 4110/1513/2240 4086/1441/2241
f 4111/1437/1902 4087/1397/1902 4099/1405/1902
f 4097/1436/26 4108/1514/2218 4079/1443/26
f 4155/1444/2242 4116/1445/2243 4117/1446/2244
f 4146/1516/2245 4119/1449/2246 4145/1447/2247
f 4109/1450/3 4133/1451/3 4111/1452/3
f 4156/1453/3 4102/1454/3 4154/1455/3
f 4104/1418/3 4132/1457/3 4105/1456/3
f 4143/1458/3 4118/1380/3 4109/1382/3
f 4102/1511/2219 4114/1460/25 4081/1434/25
f 4148/1461/21 4117/1462/21 4090/1392/21
f 4129/1517/26 4123/1465/26 4132/1463/26
f 4121/1414/25 4127/1467/25 4133/1466/25
f 4132/1463/26 4124/1469/26 4125/1468/26
f 4122/1473/25 4133/1466/25 4126/1470/25
f 4125/1468/26 4135/1471/26 4134/1472/26
f 4126/1470/25 4136/1384/25 4122/1473/25
f 4105/1456/3 4125/1475/3 4103/1474/3
f 4117/1462/21 4124/1476/21 4090/1392/21
f 4100/1412/21 4122/1473/21 4089/1383/21
f 4090/1392/21 4123/1477/21 4096/1393/21
f 4116/1445/2243 4135/1479/2248 4117/1446/2244
f 4111/1452/3 4127/1480/3 4110/1481/3
f 4103/1482/3 4134/1483/3 4116/1484/3
f 4115/1485/2249 4131/1486/2248 4118/1487/2250
f 4110/1481/2240 4128/1488/2234 4086/1489/2241
f 4096/1393/21 4130/1490/21 4085/1491/21
f 4107/1492/3 4146/1493/3 4143/1458/3
f 4118/1487/2250 4145/1447/2247 4115/1485/2249
f 4079/1494/2251 4144/1440/2227 4137/1442/2239
f 4115/1385/21 4140/1400/21 4089/1383/21
f 4079/1495/21 4142/1402/21 4097/1401/21
f 4139/1399/3 4099/1405/3 4087/1397/3
f 4092/1404/2252 4143/1407/2230 4109/1496/2253
f 4098/1374/3 4138/1408/3 4141/1403/3
f 4089/1383/21 4142/1402/21 4100/1412/21
f 4080/1416/2254 4144/1398/2227 4108/1497/2255
f 4081/1498/21 4155/1499/21 4148/1461/21
f 4116/1484/3 4154/1455/3 4103/1482/3
f 4114/1501/2256 4156/1515/2257 4155/1444/2242
f 4104/1520/2235 4149/1429/2238 4085/1502/2233
f 4084/1394/3 4152/1390/3 4094/1389/3
f 4149/1410/21 4096/1393/21 4085/1491/21
f 4088/1433/2258 4153/1395/2224 4104/1503/2235
f 4093/1504/21 4148/1461/21 4151/1391/21
f 4091/1386/3 4152/1390/3 4095/1411/3
f 4082/1378/2259 4154/1387/2221 4102/1505/2260
f 4192/1376/1900 4160/1416/1898 4188/1375/2261
f 4186/1377/1901 4162/1378/1902 4182/1379/2262
f 4198/1380/3 4206/1381/3 4189/1382/3
f 4169/1383/21 4216/1384/21 4195/1385/21
f 4171/1386/2263 4234/1387/2264 4230/1388/2265
f 4230/1388/2266 4174/1389/2266 4232/1390/2266
f 4231/1391/21 4170/1392/21 4176/1393/21
f 4164/1394/2267 4233/1395/2268 4227/1396/2269
f 4167/1397/2270 4224/1398/2271 4219/1399/2272
f 4220/1400/21 4177/1401/21 4222/1402/21
f 4221/1403/2266 4172/1404/2266 4179/1405/2266
f 4158/1406/2273 4223/1407/2274 4218/1408/2275
f 4163/1409/21 4231/1391/21 4229/1410/21
f 4227/1396/2266 4175/1411/2266 4232/1390/2266
f 4166/1506/21 4201/1414/21 4180/1412/21
f 4164/1394/1902 4186/1377/1901 4181/1415/2276
f 4160/1416/2266 4221/1403/2266 4219/1399/2266
f 4217/1417/21 4180/1412/21 4222/1402/21
f 4165/1507/2277 4209/1420/2278 4184/1418/2279
f 4158/1406/1898 4192/1376/1900 4187/1421/2280
f 4181/1508/2276 4173/1424/25 4163/1422/25
f 4175/1411/1898 4183/1426/1898 4171/1386/1898
f 4233/1427/2268 4163/1428/2281 4229/1429/2282
f 4187/1432/2280 4199/1510/26 4200/1431/26
f 4168/1433/1898 4185/1425/1898 4175/1411/1898
f 4186/1423/1901 4161/1434/25 4173/1424/25
f 4157/1430/26 4192/1435/1900 4177/1436/26
f 4189/1512/1902 4179/1405/1902 4172/1404/1902
f 4225/1438/21 4157/1439/21 4220/1400/21
f 4217/1442/2283 4190/1513/2284 4166/1441/2285
f 4191/1437/1902 4167/1397/1902 4179/1405/1902
f 4177/1436/26 4188/1514/2261 4159/1443/26
f 4235/1444/2286 4196/1445/2287 4197/1446/2288
f 4226/1516/2289 4199/1449/2290 4225/1447/2291
f 4189/1450/3 4213/1451/3 4191/1452/3
f 4236/1453/3 4182/1454/3 4234/1455/3
f 4184/1418/3 4212/1457/3 4185/1456/3
f 4223/1458/3 4198/1380/3 4189/1382/3
f 4182/1511/2262 4194/1460/25 4161/1434/25
f 4228/1461/21 4197/1462/21 4170/1392/21
f 4209/1517/26 4203/1465/26 4212/1463/26
f 4201/1414/25 4207/1467/25 4213/1466/25
f 4212/1463/26 4204/1469/26 4205/1468/26
f 4202/1473/25 4213/1466/25 4206/1470/25
f 4205/1468/26 4215/1471/26 4214/1472/26
f 4206/1470/25 4216/1384/25 4202/1473/25
f 4185/1456/3 4205/1475/3 4183/1474/3
f 4170/1392/21 4215/1525/21 4204/1476/21
f 4180/1412/21 4202/1473/21 4169/1383/21
f 4170/1392/21 4203/1477/21 4176/1393/21
f 4196/1445/2287 4215/1479/2292 4197/1446/2288
f 4190/1481/3 4213/1451/3 4207/1480/3
f 4183/1482/3 4214/1483/3 4196/1484/3
f 4195/1485/2293 4211/1486/2292 4198/1487/2294
f 4190/1481/2284 4208/1488/2278 4166/1489/2285
f 4176/1393/21 4210/1490/21 4165/1491/21
f 4187/1492/3 4226/1493/3 4223/1458/3
f 4198/1487/2294 4225/1447/2291 4195/1485/2293
f 4159/1494/2295 4224/1440/2271 4217/1442/2283
f 4195/1385/21 4220/1400/21 4169/1383/21
f 4159/1495/21 4222/1402/21 4177/1401/21
f 4219/1399/2266 4179/1405/2266 4167/1397/2266
f 4172/1404/2296 4223/1407/2274 4189/1496/2297
f 4178/1374/2266 4218/1408/2266 4221/1403/2266
f 4169/1383/21 4222/1402/21 4180/1412/21
f 4160/1416/2298 4224/1398/2271 4188/1497/2299
f 4161/1498/21 4235/1499/21 4228/1461/21
f 4196/1484/3 4234/1455/3 4183/1482/3
f 4194/1501/2300 4236/1515/2301 4235/1444/2286
f 4184/1520/2279 4229/1429/2282 4165/1502/2277
f 4164/1394/2266 4232/1390/2266 4174/1389/2266
f 4229/1410/21 4176/1393/21 4165/1491/21
f 4168/1433/2302 4233/1395/2268 4184/1503/2279
f 4173/1504/21 4228/1461/21 4231/1391/21
f 4171/1386/2266 4232/1390/2266 4175/1411/2266
f 4162/1378/2303 4234/1387/2264 4182/1505/2304
f 4272/1376/1851 4240/1416/1898 4268/1375/2305
f 4266/1377/1852 4242/1378/1759 4262/1379/2306
f 4278/1380/3 4286/1381/3 4269/1382/3
f 4275/1385/21 4282/1473/21 4296/1384/21
f 4251/1386/2307 4314/1387/2308 4310/1388/2309
f 4310/1388/2266 4254/1389/2266 4312/1390/2266
f 4311/1391/21 4250/1392/21 4256/1393/21
f 4244/1394/2310 4313/1395/2311 4307/1396/2312
f 4247/1397/2313 4304/1398/2314 4299/1399/2315
f 4300/1400/21 4257/1401/21 4302/1402/21
f 4301/1403/2266 4252/1404/2266 4259/1405/2266
f 4238/1406/2316 4303/1407/2317 4298/1408/2318
f 4243/1409/21 4311/1391/21 4309/1410/21
f 4307/1396/2266 4255/1411/2266 4312/1390/2266
f 4246/1506/21 4281/1414/21 4260/1412/21
f 4244/1394/1902 4266/1377/1852 4261/1415/2319
f 4240/1416/2266 4301/1403/2266 4299/1399/2266
f 4297/1417/21 4260/1412/21 4302/1402/21
f 4245/1507/2320 4289/1420/2321 4264/1418/2322
f 4238/1406/1801 4272/1376/1851 4267/1421/2323
f 4261/1508/2319 4253/1424/25 4243/1422/25
f 4255/1411/1898 4263/1426/1898 4251/1386/1801
f 4313/1427/2311 4243/1428/2324 4309/1429/2325
f 4267/1432/2323 4279/1510/26 4280/1431/26
f 4248/1433/1898 4265/1425/1898 4255/1411/1898
f 4266/1423/1852 4241/1434/25 4253/1424/25
f 4237/1430/26 4272/1435/1851 4257/1436/26
f 4269/1512/1902 4259/1405/1902 4252/1404/1759
f 4305/1438/21 4237/1439/21 4300/1400/21
f 4297/1442/2326 4270/1513/2327 4246/1441/2328
f 4271/1437/1902 4247/1397/1902 4259/1405/1902
f 4257/1436/26 4268/1514/2305 4239/1443/26
f 4315/1444/2329 4276/1445/2330 4277/1446/2331
f 4306/1516/2332 4279/1449/2333 4305/1447/2334
f 4269/1450/3 4293/1451/3 4271/1452/3
f 4316/1453/3 4262/1454/3 4314/1455/3
f 4264/1418/3 4292/1457/3 4265/1456/3
f 4303/1458/3 4278/1380/3 4269/1382/3
f 4262/1511/2306 4274/1460/25 4241/1434/25
f 4308/1461/21 4277/1462/21 4250/1392/21
f 4289/1517/26 4283/1465/26 4292/1463/26
f 4281/1414/25 4287/1467/25 4293/1466/25
f 4292/1463/26 4284/1469/26 4285/1468/26
f 4282/1473/25 4293/1466/25 4286/1470/25
f 4285/1468/26 4295/1471/26 4294/1472/26
f 4286/1470/25 4296/1384/25 4282/1473/25
f 4265/1456/3 4285/1475/3 4263/1474/3
f 4277/1462/21 4284/1476/21 4250/1392/21
f 4260/1412/21 4282/1473/21 4249/1383/21
f 4250/1392/21 4283/1477/21 4256/1393/21
f 4277/1446/2331 4294/1478/2335 4295/1479/2335
f 4271/1452/3 4287/1480/3 4270/1481/3
f 4263/1482/3 4294/1483/3 4276/1484/3
f 4275/1485/2336 4291/1486/2335 4278/1487/2337
f 4270/1481/2327 4288/1488/2321 4246/1489/2328
f 4245/1491/21 4283/1477/21 4290/1490/21
f 4267/1492/3 4306/1493/3 4303/1458/3
f 4278/1487/2337 4305/1447/2334 4275/1485/2336
f 4239/1494/2338 4304/1440/2314 4297/1442/2326
f 4275/1385/21 4300/1400/21 4249/1383/21
f 4239/1495/21 4302/1402/21 4257/1401/21
f 4299/1399/2266 4259/1405/2266 4247/1397/2266
f 4252/1404/2339 4303/1407/2317 4269/1496/2340
f 4258/1374/2266 4298/1408/2266 4301/1403/2266
f 4249/1383/21 4302/1402/21 4260/1412/21
f 4240/1416/2341 4304/1398/2314 4268/1497/2342
f 4241/1498/21 4315/1499/21 4308/1461/21
f 4276/1484/3 4314/1455/3 4263/1482/3
f 4274/1501/2343 4316/1515/2344 4315/1444/2329
f 4264/1520/2322 4309/1429/2325 4245/1502/2320
f 4244/1394/2266 4312/1390/2266 4254/1389/2266
f 4309/1410/21 4256/1393/21 4245/1491/21
f 4248/1433/2345 4313/1395/2311 4264/1503/2322
f 4253/1504/21 4308/1461/21 4311/1391/21
f 4251/1386/2266 4312/1390/2266 4255/1411/2266
f 4242/1378/2346 4314/1387/2308 4262/1505/2347
f 4352/1376/1851 4320/1416/1801 4348/1375/2348
f 4346/1377/1852 4322/1378/1759 4342/1379/2349
f 4358/1380/3 4366/1381/3 4349/1382/3
f 4329/1383/21 4376/1384/21 4355/1385/21
f 4331/1386/2350 4394/1387/2351 4390/1388/2352
f 4390/1388/2266 4334/1389/2266 4392/1390/2266
f 4391/1391/21 4330/1392/21 4336/1393/21
f 4324/1394/2353 4393/1395/2354 4387/1396/2355
f 4327/1397/2356 4384/1398/2357 4379/1399/2358
f 4380/1400/21 4337/1401/21 4382/1402/21
f 4381/1403/2266 4332/1404/2266 4339/1405/2266
f 4318/1406/2359 4383/1407/2360 4378/1408/2361
f 4323/1409/21 4391/1391/21 4389/1410/21
f 4387/1396/2266 4335/1411/2266 4392/1390/2266
f 4326/1506/21 4361/1414/21 4340/1412/21
f 4324/1394/1759 4346/1377/1852 4341/1415/2362
f 4320/1416/2266 4381/1403/2266 4379/1399/2266
f 4377/1417/21 4340/1412/21 4382/1402/21
f 4344/1418/2363 4370/1419/2364 4369/1420/2364
f 4318/1406/1801 4352/1376/1851 4347/1421/2365
f 4341/1508/2362 4333/1424/25 4323/1422/25
f 4335/1411/1801 4343/1426/1801 4331/1386/1801
f 4393/1427/2354 4323/1428/2366 4389/1429/2367
f 4347/1432/2365 4359/1510/26 4360/1431/26
f 4328/1433/1801 4345/1425/1801 4335/1411/1801
f 4346/1423/1852 4321/1434/25 4333/1424/25
f 4317/1430/26 4352/1435/1851 4337/1436/26
f 4349/1512/1759 4339/1405/1759 4332/1404/1759
f 4385/1438/21 4317/1439/21 4380/1400/21
f 4377/1442/2368 4350/1513/2369 4326/1441/2370
f 4351/1437/1759 4327/1397/1759 4339/1405/1759
f 4337/1436/26 4348/1514/2348 4319/1443/26
f 4395/1444/2371 4356/1445/2372 4357/1446/2373
f 4386/1516/2374 4359/1449/2375 4385/1447/2376
f 4351/1452/3 4366/1523/3 4373/1451/3
f 4396/1453/3 4342/1454/3 4394/1455/3
f 4344/1418/3 4372/1457/3 4345/1456/3
f 4383/1458/3 4358/1380/3 4349/1382/3
f 4342/1511/2349 4354/1460/25 4321/1434/25
f 4388/1461/21 4357/1462/21 4330/1392/21
f 4369/1517/26 4363/1465/26 4372/1463/26
f 4361/1414/25 4367/1467/25 4373/1466/25
f 4372/1463/26 4364/1469/26 4365/1468/26
f 4362/1473/25 4373/1466/25 4366/1470/25
f 4365/1468/26 4375/1471/26 4374/1472/26
f 4366/1470/25 4376/1384/25 4362/1473/25
f 4345/1456/3 4365/1475/3 4343/1474/3
f 4357/1462/21 4364/1476/21 4330/1392/21
f 4329/1383/21 4361/1414/21 4362/1473/21
f 4330/1392/21 4363/1477/21 4336/1393/21
f 4356/1445/2372 4375/1479/2377 4357/1446/2373
f 4350/1481/3 4373/1451/3 4367/1480/3
f 4343/1482/3 4374/1483/3 4356/1484/3
f 4355/1485/2378 4371/1486/2377 4358/1487/2379
f 4350/1481/2369 4368/1488/2364 4326/1489/2370
f 4336/1393/21 4370/1490/21 4325/1491/21
f 4347/1492/3 4386/1493/3 4383/1458/3
f 4358/1487/2379 4385/1447/2376 4355/1485/2378
f 4319/1494/2380 4384/1440/2357 4377/1442/2368
f 4355/1385/21 4380/1400/21 4329/1383/21
f 4319/1495/21 4382/1402/21 4337/1401/21
f 4379/1399/2266 4339/1405/2266 4327/1397/2266
f 4332/1404/2381 4383/1407/2360 4349/1496/2382
f 4338/1374/2266 4378/1408/2266 4381/1403/2266
f 4329/1383/21 4382/1402/21 4340/1412/21
f 4320/1416/2383 4384/1398/2357 4348/1497/2384
f 4321/1498/21 4395/1499/21 4388/1461/21
f 4356/1484/3 4394/1455/3 4343/1482/3
f 4354/1501/2385 4396/1515/2386 4395/1444/2371
f 4344/1520/2363 4389/1429/2367 4325/1502/2387
f 4324/1394/2266 4392/1390/2266 4334/1389/2266
f 4389/1410/21 4336/1393/21 4325/1491/21
f 4328/1433/2388 4393/1395/2354 4344/1503/2363
f 4333/1504/21 4388/1461/21 4391/1391/21
f 4331/1386/2266 4392/1390/2266 4335/1411/2266
f 4322/1378/2389 4394/1387/2351 4342/1505/2390
f 4432/1376/2391 4400/1416/2392 4428/1375/2393
f 4426/1377/2394 4402/1378/2395 4422/1379/2396
f 4438/1380/2397 4446/1381/2398 4429/1382/2399
f 4409/1383/2400 4456/1384/2401 4435/1385/2402
f 4411/1386/2403 4474/1387/2404 4470/1388/2405
f 4470/1388/2406 4414/1389/2407 4472/1390/2408
f 4471/1391/2409 4410/1392/2410 4416/1393/2411
f 4404/1394/2412 4473/1395/2413 4467/1396/2414
f 4407/1397/2415 4464/1398/2416 4459/1399/2417
f 4460/1400/2418 4417/1401/2419 4462/1402/2420
f 4461/1403/2421 4412/1404/2422 4419/1405/2423
f 4398/1406/2424 4463/1407/2425 4458/1408/2426
f 4403/1409/2427 4471/1391/2409 4469/1410/2428
f 4467/1396/2429 4415/1411/2430 4472/1390/2408
f 4420/1412/2431 4448/1413/21 4441/1414/2432
f 4404/1394/2433 4426/1377/2394 4421/1415/2434
f 4400/1416/2435 4461/1403/2421 4459/1399/2436
f 4457/1417/2437 4420/1412/2431 4462/1402/2420
f 4405/1507/2438 4449/1420/2439 4424/1418/2440
f 4398/1406/2441 4432/1376/2391 4427/1421/2442
f 4421/1508/2434 4413/1424/25 4403/1422/25
f 4415/1411/2443 4423/1426/2444 4411/1386/2445
f 4473/1427/2413 4403/1428/2446 4469/1429/2447
f 4427/1432/2442 4439/1510/26 4440/1431/26
f 4408/1433/1801 4425/1425/2448 4415/1411/2443
f 4413/1424/25 4422/1511/2396 4401/1434/25
f 4427/1432/2442 4417/1436/26 4397/1430/26
f 4429/1512/2449 4419/1405/2450 4412/1404/2451
f 4465/1438/2452 4397/1439/2453 4460/1400/2418
f 4457/1442/2454 4430/1513/2455 4406/1441/2456
f 4431/1437/2457 4407/1397/1759 4419/1405/2450
f 4417/1436/26 4428/1514/2393 4399/1443/26
f 4476/1515/2458 4437/1446/2459 4475/1444/2460
f 4466/1516/2461 4439/1449/2462 4465/1447/2463
f 4429/1450/2399 4453/1451/2464 4431/1452/2464
f 4476/1453/2465 4422/1454/2466 4474/1455/2467
f 4424/1418/3 4452/1457/2464 4425/1456/2464
f 4463/1458/2468 4438/1380/2397 4429/1382/2399
f 4422/1511/2396 4434/1460/25 4401/1434/25
f 4468/1461/2469 4437/1462/2470 4410/1392/2410
f 4449/1517/26 4443/1465/26 4452/1463/26
f 4441/1414/25 4447/1467/25 4453/1466/25
f 4452/1463/26 4444/1469/26 4445/1468/26
f 4442/1473/25 4453/1466/25 4446/1470/25
f 4444/1469/26 4454/1472/26 4445/1468/26
f 4442/1473/25 4451/1518/25 4456/1384/25
f 4425/1456/2464 4445/1475/2398 4423/1474/2471
f 4437/1462/2470 4444/1476/2472 4410/1392/2410
f 4420/1412/2431 4442/1473/2472 4409/1383/2400
f 4410/1392/2410 4443/1477/2432 4416/1393/2411
f 4436/1445/2473 4455/1479/2474 4437/1446/2459
f 4431/1452/2464 4447/1480/3 4430/1481/3
f 4423/1482/2471 4454/1483/2475 4436/1484/2476
f 4435/1485/2477 4451/1486/2474 4438/1487/2478
f 4430/1481/2455 4448/1488/2439 4406/1489/2456
f 4416/1393/2411 4450/1490/21 4405/1491/21
f 4427/1492/2479 4466/1493/2480 4463/1458/2468
f 4435/1485/2477 4466/1516/2461 4465/1447/2463
f 4399/1494/2481 4464/1440/2416 4457/1442/2454
f 4435/1385/2402 4460/1400/2418 4409/1383/2400
f 4399/1495/2482 4462/1402/2420 4417/1401/2419
f 4459/1399/2436 4419/1405/2423 4407/1397/2266
f 4412/1404/2483 4463/1407/2425 4429/1496/2484
f 4418/1374/2485 4458/1408/2486 4461/1403/2421
f 4409/1383/2400 4462/1402/2420 4420/1412/2431
f 4400/1416/2487 4464/1398/2416 4428/1497/2488
f 4401/1498/2489 4475/1499/2490 4468/1461/2469
f 4436/1484/2476 4474/1455/2467 4423/1482/2471
f 4434/1501/2491 4476/1515/2458 4475/1444/2460
f 4424/1520/2440 4469/1429/2447 4405/1502/2438
f 4404/1394/2492 4472/1390/2408 4414/1389/2407
f 4469/1410/2428 4416/1393/2411 4405/1491/21
f 4408/1433/2493 4473/1395/2413 4424/1503/2440
f 4413/1504/2494 4468/1461/2469 4471/1391/2409
f 4411/1386/2495 4472/1390/2408 4415/1411/2430
f 4402/1378/2496 4474/1387/2404 4422/1505/2497
f 4498/1374/105 4508/1375/106 4512/1376/107
f 4506/1377/108 4482/1378/109 4502/1379/110
f 4518/1380/111 4526/1381/112 4509/1382/113
f 4489/1383/114 4536/1384/115 4515/1385/116
f 4491/1386/117 4554/1387/118 4550/1388/119
f 4550/1388/120 4494/1389/121 4552/1390/122
f 4551/1391/123 4490/1392/124 4496/1393/125
f 4484/1394/126 4553/1395/127 4547/1396/128
f 4487/1397/129 4544/1398/130 4539/1399/131
f 4540/1400/132 4497/1401/133 4542/1402/134
f 4541/1403/135 4492/1404/136 4499/1405/137
f 4478/1406/138 4543/1407/139 4538/1408/140
f 4483/1409/141 4551/1391/123 4549/1410/142
f 4547/1396/143 4495/1411/144 4552/1390/122
f 4500/1412/145 4528/1413/146 4521/1414/147
f 4501/1415/148 4494/1389/149 4506/1377/108
f 4480/1416/150 4541/1403/135 4539/1399/151
f 4537/1417/152 4500/1412/145 4542/1402/134
f 4485/1507/2498 4529/1420/154 4504/1418/153
f 4478/1406/155 4512/1376/107 4507/1421/156
f 4483/1422/25 4506/1423/108 4493/1424/25
f 4491/1386/157 4505/1425/158 4503/1426/159
f 4553/1427/127 4483/1428/160 4549/1429/161
f 4477/1430/26 4520/1431/26 4507/1432/156
f 4488/1433/162 4505/1425/158 4495/1411/163
f 4506/1423/108 4481/1434/25 4493/1424/25
f 4477/1430/26 4512/1435/107 4497/1436/26
f 4492/1404/164 4511/1437/165 4499/1405/166
f 4545/1438/167 4477/1439/168 4540/1400/132
f 4544/1440/130 4486/1441/2499 4537/1442/170
f 4511/1437/165 4487/1397/171 4499/1405/166
f 4512/1435/107 4479/1443/26 4497/1436/26
f 4555/1444/172 4516/1445/173 4517/1446/174
f 4545/1447/175 4520/1448/176 4519/1449/177
f 4509/1450/113 4533/1451/178 4511/1452/178
f 4556/1453/179 4502/1454/180 4554/1455/181
f 4505/1456/178 4529/1420/182 4532/1457/178
f 4543/1458/183 4518/1380/111 4509/1382/113
f 4481/1434/25 4513/1459/25 4514/1460/25
f 4548/1461/184 4517/1462/185 4490/1392/124
f 4532/1463/26 4530/1464/26 4523/1465/26
f 4533/1466/25 4528/1413/25 4527/1467/25
f 4525/1468/26 4523/1465/26 4524/1469/26
f 4526/1470/25 4521/1414/25 4533/1466/25
f 4525/1468/26 4535/1471/26 4534/1472/26
f 4526/1470/25 4536/1384/25 4522/1473/25
f 4503/1474/186 4532/1457/178 4525/1475/112
f 4490/1392/124 4535/1525/115 4524/1476/187
f 4489/1383/114 4521/1414/147 4522/1473/187
f 4490/1392/124 4523/1477/147 4496/1393/125
f 4516/1445/173 4535/1479/188 4517/1446/174
f 4511/1452/178 4527/1480/182 4510/1481/182
f 4503/1482/186 4534/1483/189 4516/1484/190
f 4518/1487/192 4536/1522/188 4531/1486/188
f 4510/1481/193 4528/1488/194 4486/1489/2499
f 4496/1393/125 4530/1490/146 4485/1491/195
f 4507/1492/196 4546/1493/197 4543/1458/183
f 4518/1487/192 4545/1447/175 4515/1485/191
f 4479/1494/198 4544/1440/130 4537/1442/170
f 4515/1385/116 4540/1400/132 4489/1383/114
f 4479/1495/199 4542/1402/134 4497/1401/133
f 4539/1399/151 4499/1405/137 4487/1397/200
f 4492/1404/201 4543/1407/139 4509/1496/202
f 4498/1374/203 4538/1408/204 4541/1403/135
f 4489/1383/114 4542/1402/134 4500/1412/145
f 4480/1416/205 4544/1398/130 4508/1497/206
f 4481/1498/207 4555/1499/208 4548/1461/184
f 4516/1484/190 4554/1455/181 4503/1482/186
f 4513/1500/209 4555/1444/172 4514/1501/210
f 4485/1502/2498 4553/1427/127 4549/1429/161
f 4484/1394/212 4552/1390/122 4494/1389/121
f 4549/1410/142 4496/1393/125 4485/1491/195
f 4488/1433/213 4553/1395/127 4504/1503/153
f 4493/1504/214 4548/1461/184 4551/1391/123
f 4491/1386/215 4552/1390/122 4495/1411/144
f 4482/1378/216 4554/1387/118 4502/1505/217
f 4592/1376/218 4560/1416/219 4588/1375/220
f 4586/1377/221 4562/1378/222 4582/1379/223
f 4598/1380/224 4606/1381/225 4589/1382/226
f 4569/1383/227 4616/1384/228 4595/1385/229
f 4571/1386/230 4634/1387/231 4630/1388/232
f 4630/1388/233 4574/1389/234 4632/1390/235
f 4631/1391/236 4570/1392/237 4576/1393/238
f 4564/1394/239 4633/1395/240 4627/1396/241
f 4567/1397/242 4624/1398/243 4619/1399/244
f 4620/1400/245 4577/1401/246 4622/1402/247
f 4621/1403/248 4572/1404/249 4579/1405/250
f 4558/1406/251 4623/1407/252 4618/1408/253
f 4563/1409/254 4631/1391/236 4629/1410/255
f 4627/1396/256 4575/1411/257 4632/1390/235
f 4566/1506/258 4601/1414/259 4580/1412/260
f 4564/1394/261 4586/1377/221 4581/1415/262
f 4560/1416/263 4621/1403/248 4619/1399/264
f 4617/1417/265 4580/1412/260 4622/1402/247
f 4565/1507/266 4609/1420/267 4584/1418/268
f 4558/1406/269 4592/1376/218 4587/1421/270
f 4581/1508/262 4573/1424/25 4563/1422/25
f 4575/1411/271 4583/1426/272 4571/1386/273
f 4629/1429/274 4581/1509/275 4563/1428/276
f 4587/1432/270 4599/1510/26 4600/1431/26
f 4568/1433/277 4585/1425/278 4575/1411/271
f 4573/1424/25 4582/1511/223 4561/1434/25
f 4587/1432/270 4577/1436/26 4557/1430/26
f 4589/1512/279 4579/1405/280 4572/1404/281
f 4625/1438/282 4557/1439/283 4620/1400/245
f 4617/1442/284 4590/1513/285 4566/1441/286
f 4591/1437/287 4567/1397/288 4579/1405/280
f 4577/1436/26 4588/1514/220 4559/1443/26
f 4636/1515/289 4597/1446/290 4635/1444/291
f 4626/1516/292 4599/1449/293 4625/1447/294
f 4589/1450/226 4613/1451/295 4591/1452/295
f 4636/1453/296 4582/1454/297 4634/1455/298
f 4584/1418/299 4612/1457/295 4585/1456/295
f 4623/1458/300 4598/1380/224 4589/1382/226
f 4582/1511/223 4594/1460/25 4561/1434/25
f 4628/1461/301 4597/1462/302 4570/1392/237
f 4609/1517/26 4603/1465/26 4612/1463/26
f 4601/1414/25 4607/1467/25 4613/1466/25
f 4612/1463/26 4604/1469/26 4605/1468/26
f 4602/1473/25 4613/1466/25 4606/1470/25
f 4604/1469/26 4614/1472/26 4605/1468/26
f 4602/1473/25 4611/1518/25 4616/1384/25
f 4585/1456/295 4605/1475/225 4583/1474/303
f 4597/1462/302 4604/1476/304 4570/1392/237
f 4580/1412/260 4602/1473/304 4569/1383/227
f 4570/1392/237 4603/1477/259 4576/1393/238
f 4596/1445/305 4615/1479/306 4597/1446/290
f 4591/1452/295 4607/1480/299 4590/1481/299
f 4583/1482/303 4614/1483/307 4596/1484/308
f 4595/1485/309 4611/1486/306 4598/1487/310
f 4590/1481/285 4608/1488/267 4566/1489/286
f 4576/1393/238 4610/1490/311 4565/1491/312
f 4587/1492/313 4626/1493/314 4623/1458/300
f 4595/1485/309 4626/1516/292 4625/1447/294
f 4588/1519/315 4617/1442/284 4559/1494/316
f 4595/1385/229 4620/1400/245 4569/1383/227
f 4559/1495/317 4622/1402/247 4577/1401/246
f 4619/1399/264 4579/1405/250 4567/1397/318
f 4572/1404/319 4623/1407/252 4589/1496/320
f 4578/1374/321 4618/1408/322 4621/1403/248
f 4569/1383/227 4622/1402/247 4580/1412/260
f 4560/1416/323 4624/1398/243 4588/1497/315
f 4561/1498/324 4635/1499/325 4628/1461/301
f 4596/1484/308 4634/1455/298 4583/1482/303
f 4594/1501/326 4636/1515/289 4635/1444/291
f 4584/1520/268 4629/1429/274 4565/1502/266
f 4564/1394/327 4632/1390/235 4574/1389/234
f 4629/1410/255 4576/1393/238 4565/1491/312
f 4568/1433/328 4633/1395/240 4584/1503/268
f 4573/1504/329 4628/1461/301 4631/1391/236
f 4571/1386/330 4632/1390/235 4575/1411/257
f 4562/1378/331 4634/1387/231 4582/1505/332
f 4658/1374/333 4668/1375/334 4672/1376/335
f 4666/1377/336 4642/1378/337 4662/1379/338
f 4669/1382/339 4691/1521/340 4686/1381/341
f 4649/1383/342 4696/1384/343 4675/1385/344
f 4651/1386/345 4714/1387/346 4710/1388/347
f 4710/1388/348 4654/1389/349 4712/1390/350
f 4711/1391/351 4650/1392/352 4656/1393/353
f 4644/1394/354 4713/1395/355 4707/1396/356
f 4647/1397/357 4704/1398/358 4699/1399/359
f 4700/1400/360 4657/1401/361 4702/1402/362
f 4701/1403/363 4652/1404/364 4659/1405/365
f 4638/1406/366 4703/1407/367 4698/1408/368
f 4643/1409/369 4711/1391/351 4709/1410/370
f 4707/1396/371 4655/1411/372 4712/1390/350
f 4646/1506/373 4681/1414/374 4660/1412/375
f 4661/1415/376 4654/1389/377 4666/1377/336
f 4640/1416/378 4701/1403/363 4699/1399/379
f 4697/1417/380 4660/1412/375 4702/1402/362
f 4645/1507/381 4689/1420/382 4664/1418/383
f 4638/1406/384 4672/1376/335 4667/1421/2500
f 4643/1422/25 4666/1423/336 4653/1424/25
f 4651/1386/386 4665/1425/387 4663/1426/388
f 4713/1427/355 4643/1428/389 4709/1429/390
f 4637/1430/26 4680/1431/26 4667/1432/2500
f 4648/1433/391 4665/1425/387 4655/1411/392
f 4666/1423/336 4641/1434/25 4653/1424/25
f 4637/1430/26 4672/1435/335 4657/1436/26
f 4652/1404/393 4671/1437/394 4659/1405/395
f 4705/1438/396 4637/1439/397 4700/1400/360
f 4704/1440/358 4646/1441/398 4697/1442/399
f 4671/1437/394 4647/1397/400 4659/1405/395
f 4672/1435/335 4639/1443/26 4657/1436/26
f 4715/1444/401 4676/1445/402 4677/1446/403
f 4705/1447/404 4680/1448/405 4679/1449/406
f 4669/1450/339 4693/1451/407 4671/1452/407
f 4716/1453/408 4662/1454/409 4714/1455/410
f 4665/1456/407 4689/1420/411 4692/1457/407
f 4703/1458/412 4678/1380/413 4669/1382/339
f 4641/1434/25 4673/1459/25 4674/1460/25
f 4708/1461/414 4677/1462/415 4650/1392/352
f 4692/1463/26 4690/1464/26 4683/1465/26
f 4693/1466/25 4688/1413/25 4687/1467/25
f 4685/1468/26 4683/1465/26 4684/1469/26
f 4686/1470/25 4681/1414/25 4693/1466/25
f 4685/1468/26 4695/1471/26 4694/1472/26
f 4686/1470/25 4696/1384/25 4682/1473/25
f 4665/1456/407 4685/1475/341 4663/1474/416
f 4677/1462/415 4684/1476/417 4650/1392/352
f 4660/1412/375 4682/1473/417 4649/1383/342
f 4650/1392/352 4683/1477/374 4656/1393/353
f 4676/1445/402 4695/1479/418 4677/1446/403
f 4671/1452/407 4687/1480/411 4670/1481/411
f 4663/1482/416 4694/1483/340 4676/1484/419
f 4675/1485/420 4691/1486/418 4678/1487/421
f 4670/1481/422 4688/1488/382 4646/1489/398
f 4656/1393/353 4690/1490/423 4645/1491/424
f 4667/1492/425 4706/1493/426 4703/1458/412
f 4678/1487/421 4705/1447/404 4675/1485/420
f 4639/1494/427 4704/1440/358 4697/1442/399
f 4675/1385/344 4700/1400/360 4649/1383/342
f 4639/1495/428 4702/1402/362 4657/1401/361
f 4699/1399/379 4659/1405/365 4647/1397/429
f 4652/1404/430 4703/1407/367 4669/1496/431
f 4658/1374/432 4698/1408/433 4701/1403/363
f 4649/1383/342 4702/1402/362 4660/1412/375
f 4640/1416/434 4704/1398/358 4668/1497/435
f 4641/1498/436 4715/1499/437 4708/1461/414
f 4676/1484/419 4714/1455/410 4663/1482/416
f 4673/1500/438 4715/1444/401 4674/1501/439
f 4645/1502/381 4713/1427/355 4709/1429/390
f 4644/1394/440 4712/1390/350 4654/1389/349
f 4709/1410/370 4656/1393/353 4645/1491/424
f 4648/1433/441 4713/1395/355 4664/1503/383
f 4653/1504/442 4708/1461/414 4711/1391/351
f 4651/1386/443 4712/1390/350 4655/1411/372
f 4642/1378/444 4714/1387/346 4662/1505/445
f 4752/1376/446 4720/1416/447 4748/1375/448
f 4746/1377/449 4722/1378/450 4742/1379/451
f 4749/1382/452 4771/1521/453 4766/1381/454
f 4729/1383/455 4776/1384/456 4755/1385/457
f 4731/1386/458 4794/1387/459 4790/1388/460
f 4790/1388/461 4734/1389/462 4792/1390/463
f 4791/1391/464 4730/1392/465 4736/1393/466
f 4724/1394/467 4793/1395/468 4787/1396/469
f 4727/1397/470 4784/1398/471 4779/1399/472
f 4780/1400/473 4737/1401/474 4782/1402/475
f 4781/1403/476 4732/1404/477 4739/1405/478
f 4718/1406/479 4783/1407/480 4778/1408/481
f 4723/1409/482 4791/1391/464 4789/1410/483
f 4787/1396/484 4735/1411/485 4792/1390/463
f 4726/1506/486 4761/1414/487 4740/1412/488
f 4724/1394/489 4746/1377/449 4741/1415/490
f 4720/1416/491 4781/1403/476 4779/1399/492
f 4777/1417/493 4740/1412/488 4782/1402/475
f 4725/1507/494 4769/1420/495 4744/1418/496
f 4718/1406/497 4752/1376/446 4747/1421/498
f 4741/1508/490 4733/1424/25 4723/1422/25
f 4735/1411/499 4743/1426/500 4731/1386/501
f 4789/1429/502 4741/1509/503 4723/1428/504
f 4717/1430/26 4760/1431/26 4747/1432/498
f 4728/1433/505 4745/1425/506 4735/1411/499
f 4733/1424/25 4742/1511/451 4721/1434/25
f 4747/1432/498 4737/1436/26 4717/1430/26
f 4749/1512/507 4739/1405/508 4732/1404/509
f 4785/1438/510 4717/1439/511 4780/1400/473
f 4777/1442/512 4750/1513/513 4726/1441/514
f 4751/1437/515 4727/1397/516 4739/1405/508
f 4737/1436/26 4748/1514/448 4719/1443/26
f 4796/1515/517 4757/1446/518 4795/1444/519
f 4785/1447/520 4760/1448/521 4759/1449/522
f 4749/1450/452 4773/1451/523 4751/1452/523
f 4796/1453/524 4742/1454/525 4794/1455/526
f 4744/1418/527 4772/1457/523 4745/1456/523
f 4783/1458/528 4758/1380/529 4749/1382/452
f 4721/1434/25 4753/1459/25 4754/1460/25
f 4788/1461/530 4757/1462/531 4730/1392/465
f 4769/1517/26 4763/1465/26 4772/1463/26
f 4761/1414/25 4767/1467/25 4773/1466/25
f 4772/1463/26 4764/1469/26 4765/1468/26
f 4762/1473/25 4773/1466/25 4766/1470/25
f 4764/1469/26 4774/1472/26 4765/1468/26
f 4762/1473/25 4771/1518/25 4776/1384/25
f 4743/1474/532 4772/1457/523 4765/1475/454
f 4757/1462/531 4764/1476/533 4730/1392/465
f 4740/1412/488 4762/1473/533 4729/1383/455
f 4730/1392/465 4763/1477/487 4736/1393/466
f 4756/1445/534 4775/1479/535 4757/1446/518
f 4750/1481/2501 4773/1451/523 4767/1480/2501
f 4743/1482/532 4774/1483/453 4756/1484/536
f 4755/1485/537 4771/1486/535 4758/1487/538
f 4750/1481/513 4768/1488/495 4726/1489/514
f 4736/1393/466 4770/1490/539 4725/1491/540
f 4747/1492/541 4786/1493/542 4783/1458/528
f 4755/1485/537 4786/1516/543 4785/1447/520
f 4748/1519/544 4777/1442/512 4719/1494/545
f 4755/1385/457 4780/1400/473 4729/1383/455
f 4719/1495/546 4782/1402/475 4737/1401/474
f 4779/1399/492 4739/1405/478 4727/1397/547
f 4732/1404/548 4783/1407/480 4749/1496/549
f 4738/1374/550 4778/1408/551 4781/1403/476
f 4729/1383/455 4782/1402/475 4740/1412/488
f 4720/1416/552 4784/1398/471 4748/1497/544
f 4721/1498/553 4795/1499/554 4788/1461/530
f 4756/1484/536 4794/1455/526 4743/1482/532
f 4753/1500/555 4795/1444/519 4754/1501/556
f 4744/1520/496 4789/1429/502 4725/1502/494
f 4724/1394/557 4792/1390/463 4734/1389/462
f 4789/1410/483 4736/1393/466 4725/1491/540
f 4728/1433/558 4793/1395/468 4744/1503/496
f 4733/1504/559 4788/1461/530 4791/1391/464
f 4731/1386/560 4792/1390/463 4735/1411/485
f 4722/1378/561 4794/1387/459 4742/1505/562
f 4818/1374/563 4828/1375/564 4832/1376/565
f 4826/1377/566 4802/1378/567 4822/1379/568
f 4829/1382/569 4851/1521/569 4846/1381/569
f 4809/1383/570 4856/1384/570 4835/1385/570
f 4811/1386/571 4874/1387/572 4870/1388/573
f 4870/1388/569 4814/1389/569 4872/1390/569
f 4871/1391/570 4810/1392/570 4816/1393/574
f 4804/1394/575 4873/1395/576 4867/1396/577
f 4807/1397/578 4864/1398/579 4859/1399/580
f 4860/1400/570 4817/1401/570 4862/1402/570
f 4861/1403/569 4812/1404/569 4819/1405/569
f 4798/1406/581 4863/1407/582 4858/1408/583
f 4803/1409/570 4871/1391/570 4869/1410/584
f 4867/1396/569 4815/1411/569 4872/1390/569
f 4806/1506/585 4841/1414/586 4820/1412/587
f 4821/1415/588 4814/1389/567 4826/1377/566
f 4800/1416/569 4861/1403/569 4859/1399/569
f 4857/1417/589 4820/1412/587 4862/1402/570
f 4805/1507/590 4849/1420/591 4824/1418/592
f 4798/1406/563 4832/1376/565 4827/1421/593
f 4803/1422/25 4826/1423/566 4813/1424/25
f 4811/1386/563 4825/1425/594 4823/1426/563
f 4869/1429/595 4821/1509/596 4803/1428/597
f 4797/1430/26 4840/1431/26 4827/1432/593
f 4808/1433/598 4825/1425/594 4815/1411/563
f 4813/1424/25 4822/1511/568 4801/1434/25
f 4827/1432/593 4817/1436/26 4797/1430/26
f 4812/1404/567 4831/1437/599 4819/1405/567
f 4865/1438/570 4797/1439/570 4860/1400/570
f 4864/1440/579 4806/1441/600 4857/1442/601
f 4831/1437/599 4807/1397/602 4819/1405/567
f 4832/1435/565 4799/1443/26 4817/1436/26
f 4876/1515/603 4837/1446/604 4875/1444/605
f 4865/1447/606 4840/1448/607 4839/1449/608
f 4829/1450/569 4853/1451/609 4831/1452/609
f 4876/1453/569 4822/1454/569 4874/1455/569
f 4824/1418/610 4852/1457/609 4825/1456/609
f 4863/1458/569 4838/1380/569 4829/1382/569
f 4801/1434/25 4833/1459/25 4834/1460/25
f 4868/1461/570 4837/1462/570 4810/1392/570
f 4852/1463/26 4850/1464/26 4843/1465/26
f 4853/1466/25 4848/1413/25 4847/1467/25
f 4845/1468/26 4843/1465/26 4844/1469/26
f 4846/1470/25 4841/1414/25 4853/1466/25
f 4844/1469/26 4854/1472/26 4845/1468/26
f 4842/1473/25 4851/1518/25 4856/1384/25
f 4823/1474/569 4852/1457/609 4845/1475/569
f 4837/1462/570 4844/1476/570 4810/1392/570
f 4820/1412/587 4842/1473/570 4809/1383/570
f 4810/1392/570 4843/1477/586 4816/1393/574
f 4836/1445/611 4855/1479/612 4837/1446/604
f 4831/1452/609 4847/1480/610 4830/1481/610
f 4823/1482/569 4854/1483/569 4836/1484/569
f 4838/1487/613 4856/1522/612 4851/1486/612
f 4830/1481/614 4848/1488/591 4806/1489/600
f 4816/1393/574 4850/1490/615 4805/1491/616
f 4827/1492/569 4866/1493/569 4863/1458/569
f 4835/1485/617 4866/1516/618 4865/1447/606
f 4828/1519/619 4857/1442/601 4799/1494/620
f 4835/1385/570 4860/1400/570 4809/1383/570
f 4799/1495/570 4862/1402/570 4817/1401/570
f 4859/1399/569 4819/1405/569 4807/1397/569
f 4812/1404/621 4863/1407/582 4829/1496/622
f 4818/1374/569 4858/1408/569 4861/1403/569
f 4809/1383/570 4862/1402/570 4820/1412/587
f 4800/1416/623 4864/1398/579 4828/1497/619
f 4801/1498/570 4875/1499/570 4868/1461/570
f 4836/1484/569 4874/1455/569 4823/1482/569
f 4833/1500/624 4875/1444/605 4834/1501/625
f 4805/1502/590 4873/1427/576 4869/1429/595
f 4804/1394/569 4872/1390/569 4814/1389/569
f 4869/1410/584 4816/1393/574 4805/1491/616
f 4808/1433/626 4873/1395/576 4824/1503/592
f 4813/1504/570 4868/1461/570 4871/1391/570
f 4811/1386/569 4872/1390/569 4815/1411/569
f 4802/1378/627 4874/1387/572 4822/1505/628
f 4898/1374/563 4908/1375/629 4912/1376/565
f 4906/1377/566 4882/1378/567 4902/1379/630
f 4918/1380/569 4926/1381/569 4909/1382/569
f 4889/1383/570 4936/1384/570 4915/1385/570
f 4891/1386/631 4954/1387/632 4950/1388/633
f 4950/1388/569 4894/1389/569 4952/1390/569
f 4951/1391/570 4890/1392/570 4896/1393/570
f 4884/1394/634 4953/1395/635 4947/1396/636
f 4887/1397/637 4944/1398/638 4939/1399/639
f 4940/1400/570 4897/1401/570 4942/1402/570
f 4941/1403/569 4892/1404/569 4899/1405/569
f 4878/1406/640 4943/1407/641 4938/1408/642
f 4883/1409/570 4951/1391/570 4949/1410/570
f 4947/1396/569 4895/1411/569 4952/1390/569
f 4886/1506/570 4921/1414/570 4900/1412/570
f 4901/1415/643 4894/1389/567 4906/1377/566
f 4880/1416/569 4941/1403/569 4939/1399/569
f 4937/1417/570 4900/1412/570 4942/1402/570
f 4885/1507/644 4929/1420/645 4904/1418/646
f 4878/1406/563 4912/1376/565 4907/1421/647
f 4883/1422/25 4906/1423/566 4893/1424/25
f 4891/1386/563 4905/1425/563 4903/1426/563
f 4949/1429/648 4901/1509/649 4883/1428/650
f 4877/1430/26 4920/1431/26 4907/1432/647
f 4888/1433/563 4905/1425/563 4895/1411/563
f 4893/1424/25 4902/1511/630 4881/1434/25
f 4907/1432/647 4897/1436/26 4877/1430/26
f 4892/1404/567 4911/1437/567 4899/1405/567
f 4945/1438/570 4877/1439/570 4940/1400/570
f 4944/1440/638 4886/1441/651 4937/1442/652
f 4911/1437/567 4887/1397/567 4899/1405/567
f 4912/1435/565 4879/1443/26 4897/1436/26
f 4956/1515/653 4917/1446/654 4955/1444/2502
f 4945/1447/656 4920/1448/657 4919/1449/658
f 4911/1452/569 4926/1523/569 4933/1451/569
f 4956/1453/569 4902/1454/569 4954/1455/569
f 4904/1418/569 4932/1457/569 4905/1456/569
f 4943/1458/569 4918/1380/569 4909/1382/569
f 4881/1434/25 4913/1459/25 4914/1460/25
f 4948/1461/570 4917/1462/570 4890/1392/570
f 4932/1463/26 4930/1464/26 4923/1465/26
f 4933/1466/25 4928/1413/25 4927/1467/25
f 4925/1468/26 4923/1465/26 4924/1469/26
f 4926/1470/25 4921/1414/25 4933/1466/25
f 4924/1469/26 4934/1472/26 4925/1468/26
f 4922/1473/25 4931/1518/25 4936/1384/25
f 4905/1456/569 4925/1475/569 4903/1474/569
f 4917/1462/570 4924/1476/570 4890/1392/570
f 4900/1412/570 4922/1473/570 4889/1383/570
f 4890/1392/570 4923/1477/570 4896/1393/570
f 4916/1445/659 4935/1479/660 4917/1446/654
f 4910/1481/569 4933/1451/569 4927/1480/569
f 4903/1482/569 4934/1483/569 4916/1484/569
f 4915/1485/661 4931/1486/660 4918/1487/662
f 4910/1481/663 4928/1488/645 4886/1489/651
f 4896/1393/570 4930/1490/570 4885/1491/570
f 4907/1492/569 4946/1493/569 4943/1458/569
f 4915/1485/661 4946/1516/664 4945/1447/656
f 4908/1519/665 4937/1442/652 4879/1494/666
f 4915/1385/570 4940/1400/570 4889/1383/570
f 4879/1495/570 4942/1402/570 4897/1401/570
f 4939/1399/569 4899/1405/569 4887/1397/569
f 4892/1404/667 4943/1407/641 4909/1496/668
f 4898/1374/569 4938/1408/569 4941/1403/569
f 4889/1383/570 4942/1402/570 4900/1412/570
f 4880/1416/669 4944/1398/638 4908/1497/665
f 4881/1498/570 4955/1499/570 4948/1461/570
f 4916/1484/569 4954/1455/569 4903/1482/569
f 4913/1500/670 4955/1444/2502 4914/1501/671
f 4885/1502/644 4953/1427/635 4949/1429/648
f 4884/1394/569 4952/1390/569 4894/1389/569
f 4949/1410/570 4896/1393/570 4885/1491/570
f 4888/1433/672 4953/1395/635 4904/1503/646
f 4893/1504/570 4948/1461/570 4951/1391/570
f 4891/1386/569 4952/1390/569 4895/1411/569
f 4882/1378/673 4954/1387/632 4902/1505/674
f 4978/1374/563 4988/1375/675 4992/1376/565
f 4986/1377/566 4962/1378/567 4982/1379/676
f 4998/1380/569 5006/1381/569 4989/1382/569
f 4995/1385/570 5002/1473/570 5016/1384/570
f 4971/1386/677 5034/1387/678 5030/1388/679
f 5030/1388/569 4974/1389/569 5032/1390/569
f 5031/1391/570 4970/1392/570 4976/1393/570
f 4964/1394/680 5033/1395/681 5027/1396/682
f 4967/1397/683 5024/1398/684 5019/1399/685
f 5020/1400/570 4977/1401/570 5022/1402/570
f 5021/1403/569 4972/1404/569 4979/1405/569
f 4958/1406/686 5023/1407/687 5018/1408/688
f 4963/1409/570 5031/1391/570 5029/1410/570
f 5027/1396/569 4975/1411/569 5032/1390/569
f 4966/1506/570 5001/1414/570 4980/1412/570
f 4981/1415/689 4974/1389/567 4986/1377/566
f 4960/1416/569 5021/1403/569 5019/1399/569
f 5017/1417/570 4980/1412/570 5022/1402/570
f 4965/1507/690 5009/1420/691 4984/1418/692
f 4958/1406/563 4992/1376/565 4987/1421/693
f 4963/1422/25 4986/1423/566 4973/1424/25
f 4971/1386/563 4985/1425/563 4983/1426/563
f 5029/1429/694 4981/1509/695 4963/1428/696
f 4957/1430/26 5000/1431/26 4987/1432/693
f 4968/1433/563 4985/1425/563 4975/1411/563
f 4973/1424/25 4982/1511/676 4961/1434/25
f 4987/1432/693 4977/1436/26 4957/1430/26
f 4972/1404/567 4991/1437/567 4979/1405/567
f 5025/1438/570 4957/1439/570 5020/1400/570
f 5024/1440/684 4966/1441/697 5017/1442/698
f 4991/1437/567 4967/1397/567 4979/1405/567
f 4992/1435/565 4959/1443/26 4977/1436/26
f 5036/1515/699 4997/1446/700 5035/1444/701
f 5025/1447/702 5000/1448/703 4999/1449/704
f 4991/1452/569 5006/1523/569 5013/1451/569
f 5036/1453/569 4982/1454/569 5034/1455/569
f 4984/1418/569 5012/1457/569 4985/1456/569
f 5023/1458/569 4998/1380/569 4989/1382/569
f 4961/1434/25 4993/1459/25 4994/1460/25
f 5028/1461/570 4997/1462/570 4970/1392/570
f 5012/1463/26 5010/1464/26 5003/1465/26
f 5013/1466/25 5008/1413/25 5007/1467/25
f 5005/1468/26 5003/1465/26 5004/1469/26
f 5006/1470/25 5001/1414/25 5013/1466/25
f 5004/1469/26 5014/1472/26 5005/1468/26
f 5002/1473/25 5011/1518/25 5016/1384/25
f 4983/1474/569 5012/1457/569 5005/1475/569
f 4997/1462/570 5004/1476/570 4970/1392/570
f 4980/1412/570 5002/1473/570 4969/1383/570
f 4970/1392/570 5003/1477/570 4976/1393/570
f 4996/1445/705 5015/1479/706 4997/1446/700
f 4990/1481/569 5013/1451/569 5007/1480/569
f 4996/1484/569 5005/1524/569 5014/1483/569
f 4998/1487/707 5016/1522/706 5011/1486/706
f 4990/1481/708 5008/1488/691 4966/1489/697
f 4976/1393/570 5010/1490/570 4965/1491/570
f 4987/1492/569 5026/1493/569 5023/1458/569
f 4995/1485/709 5026/1516/710 5025/1447/702
f 4988/1519/711 5017/1442/698 4959/1494/712
f 4995/1385/570 5020/1400/570 4969/1383/570
f 4959/1495/570 5022/1402/570 4977/1401/570
f 5019/1399/569 4979/1405/569 4967/1397/569
f 4972/1404/713 5023/1407/687 4989/1496/714
f 4978/1374/569 5018/1408/569 5021/1403/569
f 4969/1383/570 5022/1402/570 4980/1412/570
f 4960/1416/715 5024/1398/684 4988/1497/711
f 4961/1498/570 5035/1499/570 5028/1461/570
f 4996/1484/569 5034/1455/569 4983/1482/569
f 4993/1500/716 5035/1444/701 4994/1501/717
f 4965/1502/690 5033/1427/681 5029/1429/694
f 4964/1394/569 5032/1390/569 4974/1389/569
f 5029/1410/570 4976/1393/570 4965/1491/570
f 4968/1433/718 5033/1395/681 4984/1503/692
f 4973/1504/570 5028/1461/570 5031/1391/570
f 4971/1386/569 5032/1390/569 4975/1411/569
f 4962/1378/719 5034/1387/678 4982/1505/720
f 5058/1374/563 5068/1375/721 5072/1376/565
f 5066/1377/566 5042/1378/567 5062/1379/722
f 5078/1380/569 5086/1381/569 5069/1382/569
f 5049/1383/570 5096/1384/570 5075/1385/570
f 5051/1386/723 5114/1387/724 5110/1388/725
f 5110/1388/569 5054/1389/569 5112/1390/569
f 5111/1391/570 5050/1392/570 5056/1393/570
f 5044/1394/726 5113/1395/727 5107/1396/728
f 5047/1397/729 5104/1398/730 5099/1399/731
f 5100/1400/570 5057/1401/570 5102/1402/570
f 5101/1403/569 5052/1404/569 5059/1405/569
f 5038/1406/732 5103/1407/733 5098/1408/734
f 5043/1409/570 5111/1391/570 5109/1410/570
f 5107/1396/569 5055/1411/569 5112/1390/569
f 5046/1506/570 5081/1414/570 5060/1412/570
f 5061/1415/735 5054/1389/567 5066/1377/566
f 5040/1416/569 5101/1403/569 5099/1399/569
f 5097/1417/570 5060/1412/570 5102/1402/570
f 5045/1507/736 5089/1420/737 5064/1418/738
f 5038/1406/563 5072/1376/565 5067/1421/739
f 5043/1422/25 5066/1423/566 5053/1424/25
f 5051/1386/563 5065/1425/563 5063/1426/563
f 5109/1429/740 5061/1509/741 5043/1428/742
f 5037/1430/26 5080/1431/26 5067/1432/739
f 5048/1433/563 5065/1425/563 5055/1411/563
f 5053/1424/25 5062/1511/722 5041/1434/25
f 5067/1432/739 5057/1436/26 5037/1430/26
f 5052/1404/567 5071/1437/567 5059/1405/567
f 5105/1438/570 5037/1439/570 5100/1400/570
f 5104/1440/730 5046/1441/743 5097/1442/744
f 5071/1437/567 5047/1397/567 5059/1405/567
f 5072/1435/565 5039/1443/26 5057/1436/26
f 5116/1515/745 5077/1446/746 5115/1444/747
f 5105/1447/748 5080/1448/749 5079/1449/750
f 5071/1452/569 5086/1523/569 5093/1451/569
f 5116/1453/569 5062/1454/569 5114/1455/569
f 5065/1456/569 5089/1420/569 5092/1457/569
f 5103/1458/569 5078/1380/569 5069/1382/569
f 5041/1434/25 5073/1459/25 5074/1460/25
f 5108/1461/570 5077/1462/570 5050/1392/570
f 5092/1463/26 5090/1464/26 5083/1465/26
f 5093/1466/25 5088/1413/25 5087/1467/25
f 5085/1468/26 5083/1465/26 5084/1469/26
f 5086/1470/25 5081/1414/25 5093/1466/25
f 5084/1469/26 5094/1472/26 5085/1468/26
f 5082/1473/25 5091/1518/25 5096/1384/25
f 5065/1456/569 5085/1475/569 5063/1474/569
f 5050/1392/570 5095/1525/570 5084/1476/570
f 5060/1412/570 5082/1473/570 5049/1383/570
f 5050/1392/570 5083/1477/570 5056/1393/570
f 5076/1445/751 5095/1479/752 5077/1446/746
f 5070/1481/569 5093/1451/569 5087/1480/569
f 5063/1482/569 5094/1483/569 5076/1484/569
f 5075/1485/753 5091/1486/752 5078/1487/754
f 5070/1481/755 5088/1488/737 5046/1489/743
f 5056/1393/570 5090/1490/570 5045/1491/570
f 5067/1492/569 5106/1493/569 5103/1458/569
f 5075/1485/753 5106/1516/756 5105/1447/748
f 5068/1519/757 5097/1442/744 5039/1494/758
f 5075/1385/570 5100/1400/570 5049/1383/570
f 5039/1495/570 5102/1402/570 5057/1401/570
f 5099/1399/569 5059/1405/569 5047/1397/569
f 5052/1404/759 5103/1407/733 5069/1496/760
f 5058/1374/569 5098/1408/569 5101/1403/569
f 5049/1383/570 5102/1402/570 5060/1412/570
f 5040/1416/761 5104/1398/730 5068/1497/757
f 5041/1498/570 5115/1499/570 5108/1461/570
f 5076/1484/569 5114/1455/569 5063/1482/569
f 5073/1500/762 5115/1444/747 5074/1501/763
f 5045/1502/736 5113/1427/727 5109/1429/740
f 5044/1394/569 5112/1390/569 5054/1389/569
f 5109/1410/570 5056/1393/570 5045/1491/570
f 5048/1433/764 5113/1395/727 5064/1503/738
f 5053/1504/570 5108/1461/570 5111/1391/570
f 5051/1386/569 5112/1390/569 5055/1411/569
f 5042/1378/765 5114/1387/724 5062/1505/2503
f 5152/1376/565 5120/1416/563 5148/1375/2504
f 5146/1377/566 5122/1378/768 5142/1379/769
f 5158/1380/770 5166/1381/569 5149/1382/569
f 5129/1383/570 5176/1384/570 5155/1385/771
f 5131/1386/772 5194/1387/773 5190/1388/774
f 5190/1388/569 5134/1389/569 5192/1390/569
f 5191/1391/570 5130/1392/570 5136/1393/570
f 5124/1394/775 5193/1395/776 5187/1396/2505
f 5127/1397/778 5184/1398/779 5179/1399/780
f 5180/1400/781 5137/1401/782 5182/1402/570
f 5181/1403/569 5132/1404/569 5139/1405/569
f 5118/1406/783 5183/1407/784 5178/1408/785
f 5123/1409/570 5191/1391/570 5189/1410/570
f 5187/1396/569 5135/1411/569 5192/1390/569
f 5126/1506/570 5161/1414/570 5140/1412/570
f 5124/1394/567 5146/1377/566 5141/1415/786
f 5120/1416/569 5181/1403/569 5179/1399/569
f 5177/1417/570 5140/1412/570 5182/1402/570
f 5125/1507/787 5169/1420/788 5144/1418/789
f 5118/1406/790 5152/1376/565 5147/1421/791
f 5123/1422/25 5146/1423/566 5133/1424/25
f 5131/1386/563 5145/1425/563 5143/1426/563
f 5189/1429/792 5141/1509/793 5123/1428/794
f 5147/1432/791 5159/1510/26 5160/1431/26
f 5128/1433/563 5145/1425/563 5135/1411/563
f 5146/1423/566 5121/1434/25 5133/1424/25
f 5117/1430/26 5152/1435/565 5137/1436/26
f 5132/1404/567 5151/1437/567 5139/1405/567
f 5185/1438/795 5117/1439/796 5180/1400/781
f 5184/1440/779 5126/1441/797 5177/1442/798
f 5151/1437/567 5127/1397/567 5139/1405/567
f 5152/1435/565 5119/1443/26 5137/1436/26
f 5195/1444/799 5156/1445/800 5157/1446/801
f 5186/1516/802 5159/1449/803 5185/1447/804
f 5149/1450/569 5173/1451/569 5151/1452/569
f 5196/1453/805 5142/1454/806 5194/1455/807
f 5145/1456/569 5169/1420/569 5172/1457/569
f 5183/1458/807 5158/1380/770 5149/1382/569
f 5142/1511/769 5154/1460/25 5121/1434/25
f 5188/1461/781 5157/1462/771 5130/1392/570
f 5172/1463/26 5170/1464/26 5163/1465/26
f 5173/1466/25 5168/1413/25 5167/1467/25
f 5165/1468/26 5163/1465/26 5164/1469/26
f 5166/1470/25 5161/1414/25 5173/1466/25
f 5165/1468/26 5175/1471/26 5174/1472/26
f 5166/1470/25 5176/1384/25 5162/1473/25
f 5145/1456/569 5165/1475/569 5143/1474/569
f 5157/1462/771 5164/1476/570 5130/1392/570
f 5140/1412/570 5162/1473/570 5129/1383/570
f 5130/1392/570 5163/1477/570 5136/1393/570
f 5156/1445/800 5175/1479/808 5157/1446/801
f 5151/1452/569 5167/1480/569 5150/1481/569
f 5156/1484/770 5165/1524/569 5174/1483/569
f 5158/1487/809 5176/1522/808 5171/1486/808
f 5150/1481/810 5168/1488/788 5126/1489/797
f 5136/1393/570 5170/1490/570 5125/1491/570
f 5147/1492/806 5186/1493/805 5183/1458/807
f 5158/1487/809 5185/1447/804 5155/1485/811
f 5148/1519/812 5177/1442/798 5119/1494/813
f 5155/1385/771 5180/1400/781 5129/1383/570
f 5119/1495/570 5182/1402/570 5137/1401/782
f 5179/1399/569 5139/1405/569 5127/1397/569
f 5132/1404/814 5183/1407/784 5149/1496/815
f 5138/1374/569 5178/1408/569 5181/1403/569
f 5129/1383/570 5182/1402/570 5140/1412/570
f 5120/1416/816 5184/1398/779 5148/1497/812
f 5121/1498/817 5195/1499/795 5188/1461/781
f 5156/1484/770 5194/1455/807 5143/1482/569
f 5154/1501/818 5196/1515/819 5195/1444/799
f 5125/1502/787 5193/1427/776 5189/1429/792
f 5124/1394/569 5192/1390/569 5134/1389/569
f 5189/1410/570 5136/1393/570 5125/1491/570
f 5128/1433/820 5193/1395/776 5144/1503/789
f 5133/1504/821 5188/1461/781 5191/1391/570
f 5131/1386/569 5192/1390/569 5135/1411/569
f 5122/1378/822 5194/1387/773 5142/1505/823
f 5232/1376/824 5200/1416/825 5228/1375/826
f 5226/1377/827 5202/1378/828 5222/1379/829
f 5238/1380/830 5246/1381/831 5229/1382/832
f 5235/1385/833 5242/1473/834 5256/1384/835
f 5211/1386/836 5274/1387/837 5270/1388/838
f 5270/1388/839 5214/1389/840 5272/1390/841
f 5271/1391/842 5210/1392/843 5216/1393/844
f 5204/1394/845 5273/1395/846 5267/1396/847
f 5207/1397/848 5264/1398/849 5259/1399/850
f 5260/1400/851 5217/1401/852 5262/1402/853
f 5261/1403/841 5212/1404/854 5219/1405/855
f 5198/1406/856 5263/1407/857 5258/1408/858
f 5203/1409/844 5271/1391/842 5269/1410/844
f 5267/1396/859 5215/1411/855 5272/1390/841
f 5206/1506/844 5241/1414/844 5220/1412/844
f 5204/1394/860 5226/1377/827 5221/1415/861
f 5200/1416/855 5261/1403/841 5259/1399/859
f 5257/1417/844 5220/1412/844 5262/1402/853
f 5205/1507/862 5249/1420/863 5224/1418/864
f 5198/1406/865 5232/1376/824 5227/1421/866
f 5221/1508/861 5213/1424/25 5203/1422/25
f 5215/1411/825 5223/1426/825 5211/1386/867
f 5273/1427/846 5203/1428/868 5269/1429/869
f 5197/1430/26 5240/1431/26 5227/1432/866
f 5208/1433/870 5225/1425/870 5215/1411/825
f 5213/1424/25 5222/1511/829 5201/1434/25
f 5227/1432/866 5217/1436/26 5197/1430/26
f 5229/1512/860 5219/1405/860 5212/1404/871
f 5265/1438/872 5197/1439/873 5260/1400/851
f 5257/1442/874 5230/1513/875 5206/1441/876
f 5231/1437/877 5207/1397/877 5219/1405/860
f 5217/1436/26 5228/1514/826 5199/1443/26
f 5276/1515/878 5237/1446/879 5275/1444/880
f 5265/1447/881 5240/1448/882 5239/1449/883
f 5229/1450/832 5253/1451/884 5231/1452/884
f 5276/1453/885 5222/1454/885 5274/1455/886
f 5224/1418/887 5252/1457/884 5225/1456/884
f 5263/1458/888 5238/1380/830 5229/1382/832
f 5201/1434/25 5233/1459/25 5234/1460/25
f 5268/1461/889 5237/1462/890 5210/1392/843
f 5249/1517/26 5243/1465/26 5252/1463/26
f 5241/1414/25 5247/1467/25 5253/1466/25
f 5252/1463/26 5244/1469/26 5245/1468/26
f 5242/1473/25 5253/1466/25 5246/1470/25
f 5244/1469/26 5254/1472/26 5245/1468/26
f 5242/1473/25 5251/1518/25 5256/1384/25
f 5223/1474/891 5252/1457/884 5245/1475/831
f 5210/1392/843 5255/1525/835 5244/1476/834
f 5220/1412/844 5242/1473/834 5209/1383/892
f 5216/1393/844 5244/1476/834 5243/1477/844
f 5236/1445/893 5255/1479/894 5237/1446/879
f 5230/1481/887 5253/1451/884 5247/1480/887
f 5223/1482/891 5254/1483/895 5236/1484/896
f 5235/1485/897 5251/1486/894 5238/1487/898
f 5230/1481/875 5248/1488/899 5206/1489/876
f 5216/1393/844 5250/1490/844 5205/1491/844
f 5227/1492/885 5266/1493/885 5263/1458/888
f 5235/1485/897 5266/1516/900 5265/1447/881
f 5199/1494/901 5264/1440/849 5257/1442/874
f 5235/1385/833 5260/1400/851 5209/1383/892
f 5199/1495/844 5262/1402/853 5217/1401/852
f 5259/1399/859 5219/1405/855 5207/1397/859
f 5212/1404/902 5263/1407/857 5229/1496/2506
f 5218/1374/904 5258/1408/905 5261/1403/841
f 5209/1383/892 5262/1402/853 5220/1412/844
f 5200/1416/906 5264/1398/849 5228/1497/907
f 5201/1498/908 5275/1499/872 5268/1461/889
f 5236/1484/896 5274/1455/886 5223/1482/891
f 5233/1500/909 5275/1444/880 5234/1501/910
f 5224/1520/864 5269/1429/869 5205/1502/862
f 5204/1394/855 5272/1390/841 5214/1389/840
f 5269/1410/844 5216/1393/844 5205/1491/844
f 5208/1433/911 5273/1395/846 5224/1503/864
f 5213/1504/912 5268/1461/889 5271/1391/842
f 5211/1386/913 5272/1390/841 5215/1411/855
f 5202/1378/914 5274/1387/837 5222/1505/915
f 5312/1376/916 5280/1416/917 5308/1375/918
f 5306/1377/919 5282/1378/920 5302/1379/921
f 5309/1382/922 5331/1521/923 5326/1381/924
f 5289/1383/925 5336/1384/926 5315/1385/926
f 5291/1386/927 5354/1387/928 5350/1388/929
f 5350/1388/930 5294/1389/931 5352/1390/932
f 5351/1391/933 5290/1392/934 5296/1393/935
f 5284/1394/936 5353/1395/937 5347/1396/938
f 5287/1397/939 5344/1398/940 5339/1399/941
f 5340/1400/942 5297/1401/943 5342/1402/933
f 5341/1403/932 5292/1404/944 5299/1405/945
f 5278/1406/946 5343/1407/947 5338/1408/948
f 5283/1409/949 5351/1391/933 5349/1410/872
f 5347/1396/885 5295/1411/950 5352/1390/932
f 5300/1412/951 5328/1413/872 5321/1414/952
f 5284/1394/953 5306/1377/919 5301/1415/954
f 5280/1416/955 5341/1403/932 5339/1399/885
f 5337/1417/872 5300/1412/951 5342/1402/933
f 5285/1507/956 5329/1420/957 5304/1418/958
f 5278/1406/959 5312/1376/916 5307/1421/960
f 5283/1422/25 5306/1423/919 5293/1424/25
f 5291/1386/917 5305/1425/961 5303/1426/917
f 5349/1429/962 5301/1509/963 5283/1428/964
f 5277/1430/26 5320/1431/26 5307/1432/960
f 5288/1433/965 5305/1425/961 5295/1411/966
f 5293/1424/25 5302/1511/921 5281/1434/25
f 5307/1432/960 5297/1436/26 5277/1430/26
f 5292/1404/953 5311/1437/967 5299/1405/968
f 5345/1438/926 5277/1439/926 5340/1400/942
f 5344/1440/940 5286/1441/969 5337/1442/970
f 5311/1437/967 5287/1397/971 5299/1405/968
f 5312/1435/916 5279/1443/26 5297/1436/26
f 5356/1515/972 5317/1446/973 5355/1444/974
f 5345/1447/975 5320/1448/976 5319/1449/977
f 5311/1452/978 5326/1523/924 5333/1451/978
f 5356/1453/923 5302/1454/923 5354/1455/923
f 5304/1418/885 5332/1457/978 5305/1456/978
f 5343/1458/923 5318/1380/923 5309/1382/922
f 5281/1434/25 5313/1459/25 5314/1460/25
f 5348/1461/942 5317/1462/926 5290/1392/934
f 5332/1463/26 5330/1464/26 5323/1465/26
f 5333/1466/25 5328/1413/25 5327/1467/25
f 5325/1468/26 5323/1465/26 5324/1469/26
f 5326/1470/25 5321/1414/25 5333/1466/25
f 5324/1469/26 5334/1472/26 5325/1468/26
f 5322/1473/25 5331/1518/25 5336/1384/25
f 5305/1456/978 5325/1475/924 5303/1474/922
f 5317/1462/926 5324/1476/979 5290/1392/934
f 5300/1412/951 5322/1473/979 5289/1383/925
f 5290/1392/934 5323/1477/952 5296/1393/935
f 5316/1445/980 5335/1479/981 5317/1446/973
f 5311/1452/978 5327/1480/885 5310/1481/885
f 5303/1482/922 5334/1483/923 5316/1484/923
f 5315/1485/982 5331/1486/981 5318/1487/983
f 5310/1481/984 5328/1488/957 5286/1489/969
f 5285/1491/872 5323/1477/952 5330/1490/872
f 5307/1492/923 5346/1493/923 5343/1458/923
f 5315/1485/982 5346/1516/985 5345/1447/975
f 5308/1519/986 5337/1442/970 5279/1494/987
f 5315/1385/926 5340/1400/942 5289/1383/925
f 5279/1495/988 5342/1402/933 5297/1401/943
f 5339/1399/885 5299/1405/945 5287/1397/989
f 5292/1404/990 5343/1407/947 5309/1496/991
f 5298/1374/992 5338/1408/930 5341/1403/932
f 5289/1383/925 5342/1402/933 5300/1412/951
f 5280/1416/993 5344/1398/940 5308/1497/986
f 5281/1498/926 5355/1499/926 5348/1461/942
f 5316/1484/923 5354/1455/923 5303/1482/922
f 5313/1500/994 5355/1444/974 5314/1501/995
f 5285/1502/956 5353/1427/937 5349/1429/962
f 5284/1394/996 5352/1390/932 5294/1389/931
f 5349/1410/872 5296/1393/935 5285/1491/872
f 5288/1433/997 5353/1395/937 5304/1503/958
f 5293/1504/998 5348/1461/942 5351/1391/933
f 5291/1386/999 5352/1390/932 5295/1411/950
f 5282/1378/1000 5354/1387/928 5302/1505/1001
f 5392/1376/1002 5360/1416/959 5388/1375/1003
f 5386/1377/1004 5362/1378/920 5382/1379/1005
f 5398/1380/923 5406/1381/923 5389/1382/923
f 5369/1383/926 5416/1384/926 5395/1385/926
f 5371/1386/1006 5434/1387/1007 5430/1388/1008
f 5430/1388/923 5374/1389/923 5432/1390/923
f 5431/1391/926 5370/1392/926 5376/1393/926
f 5364/1394/1009 5433/1395/1010 5427/1396/1011
f 5367/1397/1012 5424/1398/1013 5419/1399/1014
f 5420/1400/926 5377/1401/926 5422/1402/926
f 5421/1403/923 5372/1404/923 5379/1405/923
f 5358/1406/1015 5423/1407/1016 5418/1408/1017
f 5363/1409/926 5431/1391/926 5429/1410/926
f 5427/1396/923 5375/1411/923 5432/1390/923
f 5366/1506/926 5401/1414/926 5380/1412/926
f 5364/1394/920 5386/1377/1004 5381/1415/1018
f 5360/1416/923 5421/1403/923 5419/1399/923
f 5417/1417/926 5380/1412/926 5422/1402/926
f 5365/1507/1019 5409/1420/1020 5384/1418/1021
f 5358/1406/959 5392/1376/1002 5387/1421/1022
f 5363/1422/25 5386/1423/1004 5373/1424/25
f 5371/1386/959 5385/1425/959 5383/1426/959
f 5429/1429/1023 5381/1509/1024 5363/1428/1025
f 5387/1432/1022 5399/1510/26 5400/1431/26
f 5368/1433/959 5385/1425/959 5375/1411/959
f 5386/1423/1004 5361/1434/25 5373/1424/25
f 5357/1430/26 5392/1435/1002 5377/1436/26
f 5372/1404/920 5391/1437/920 5379/1405/920
f 5425/1438/926 5357/1439/926 5420/1400/926
f 5424/1440/1013 5366/1441/1026 5417/1442/1027
f 5391/1437/920 5367/1397/920 5379/1405/920
f 5392/1435/1002 5359/1443/26 5377/1436/26
f 5435/1444/1028 5396/1445/1029 5397/1446/1030
f 5426/1516/1031 5399/1449/1032 5425/1447/1033
f 5389/1450/923 5413/1451/923 5391/1452/923
f 5436/1453/923 5382/1454/923 5434/1455/923
f 5384/1418/923 5412/1457/923 5385/1456/923
f 5423/1458/923 5398/1380/923 5389/1382/923
f 5382/1511/1005 5394/1460/25 5361/1434/25
f 5428/1461/926 5397/1462/926 5370/1392/926
f 5412/1463/26 5410/1464/26 5403/1465/26
f 5413/1466/25 5408/1413/25 5407/1467/25
f 5405/1468/26 5403/1465/26 5404/1469/26
f 5406/1470/25 5401/1414/25 5413/1466/25
f 5405/1468/26 5415/1471/26 5414/1472/26
f 5406/1470/25 5416/1384/25 5402/1473/25
f 5385/1456/923 5405/1475/923 5383/1474/923
f 5397/1462/926 5404/1476/926 5370/1392/926
f 5380/1412/926 5402/1473/926 5369/1383/926
f 5376/1393/926 5404/1476/926 5403/1477/926
f 5396/1445/1029 5415/1479/1034 5397/1446/1030
f 5391/1452/923 5407/1480/923 5390/1481/923
f 5383/1482/923 5414/1483/923 5396/1484/923
f 5395/1485/1035 5411/1486/1034 5398/1487/1036
f 5390/1481/1037 5408/1488/1020 5366/1489/1026
f 5376/1393/926 5410/1490/926 5365/1491/926
f 5387/1492/923 5426/1493/923 5423/1458/923
f 5398/1487/1036 5425/1447/1033 5395/1485/1035
f 5388/1519/1038 5417/1442/1027 5359/1494/1039
f 5395/1385/926 5420/1400/926 5369/1383/926
f 5359/1495/926 5422/1402/926 5377/1401/926
f 5419/1399/923 5379/1405/923 5367/1397/923
f 5372/1404/1040 5423/1407/1016 5389/1496/1041
f 5378/1374/923 5418/1408/923 5421/1403/923
f 5369/1383/926 5422/1402/926 5380/1412/926
f 5360/1416/1042 5424/1398/1013 5388/1497/1038
f 5361/1498/926 5435/1499/926 5428/1461/926
f 5396/1484/923 5434/1455/923 5383/1482/923
f 5394/1501/1043 5436/1515/1044 5435/1444/1028
f 5365/1502/1019 5433/1427/1010 5429/1429/1023
f 5364/1394/923 5432/1390/923 5374/1389/923
f 5429/1410/926 5376/1393/926 5365/1491/926
f 5368/1433/1045 5433/1395/1010 5384/1503/1021
f 5373/1504/926 5428/1461/926 5431/1391/926
f 5371/1386/923 5432/1390/923 5375/1411/923
f 5362/1378/1046 5434/1387/1007 5382/1505/1047
f 5472/1376/1002 5440/1416/959 5468/1375/1048
f 5466/1377/1004 5442/1378/920 5462/1379/1049
f 5478/1380/923 5486/1381/923 5469/1382/923
f 5475/1385/926 5482/1473/926 5496/1384/926
f 5451/1386/1050 5514/1387/1051 5510/1388/1052
f 5510/1388/923 5454/1389/923 5512/1390/923
f 5511/1391/926 5450/1392/926 5456/1393/926
f 5444/1394/1053 5513/1395/1054 5507/1396/1055
f 5447/1397/1056 5504/1398/1057 5499/1399/1058
f 5500/1400/926 5457/1401/926 5502/1402/926
f 5501/1403/923 5452/1404/923 5459/1405/923
f 5438/1406/1059 5503/1407/1060 5498/1408/1061
f 5443/1409/926 5511/1391/926 5509/1410/926
f 5507/1396/923 5455/1411/923 5512/1390/923
f 5446/1506/926 5481/1414/926 5460/1412/926
f 5444/1394/920 5466/1377/1004 5461/1415/1062
f 5440/1416/923 5501/1403/923 5499/1399/923
f 5497/1417/926 5460/1412/926 5502/1402/926
f 5445/1507/1063 5489/1420/1064 5464/1418/1065
f 5438/1406/959 5472/1376/1002 5467/1421/1066
f 5461/1508/1062 5453/1424/25 5443/1422/25
f 5455/1411/959 5463/1426/959 5451/1386/959
f 5513/1427/1054 5443/1428/1067 5509/1429/1068
f 5467/1432/1066 5479/1510/26 5480/1431/26
f 5448/1433/959 5465/1425/959 5455/1411/959
f 5466/1423/1004 5441/1434/25 5453/1424/25
f 5437/1430/26 5472/1435/1002 5457/1436/26
f 5469/1512/920 5459/1405/920 5452/1404/920
f 5505/1438/926 5437/1439/926 5500/1400/926
f 5497/1442/1069 5470/1513/1070 5446/1441/1071
f 5471/1437/920 5447/1397/920 5459/1405/920
f 5457/1436/26 5468/1514/1048 5439/1443/26
f 5515/1444/1072 5476/1445/1073 5477/1446/1074
f 5506/1516/1075 5479/1449/1076 5505/1447/1077
f 5471/1452/923 5486/1523/923 5493/1451/923
f 5516/1453/923 5462/1454/923 5514/1455/923
f 5464/1418/923 5492/1457/923 5465/1456/923
f 5503/1458/923 5478/1380/923 5469/1382/923
f 5462/1511/1049 5474/1460/25 5441/1434/25
f 5508/1461/926 5477/1462/926 5450/1392/926
f 5489/1517/26 5483/1465/26 5492/1463/26
f 5481/1414/25 5487/1467/25 5493/1466/25
f 5492/1463/26 5484/1469/26 5485/1468/26
f 5482/1473/25 5493/1466/25 5486/1470/25
f 5485/1468/26 5495/1471/26 5494/1472/26
f 5486/1470/25 5496/1384/25 5482/1473/25
f 5463/1474/923 5492/1457/923 5485/1475/923
f 5477/1462/926 5484/1476/926 5450/1392/926
f 5460/1412/926 5482/1473/926 5449/1383/926
f 5450/1392/926 5483/1477/926 5456/1393/926
f 5476/1445/1073 5495/1479/1078 5477/1446/1074
f 5471/1452/923 5487/1480/923 5470/1481/923
f 5463/1482/923 5494/1483/923 5476/1484/923
f 5475/1485/1079 5491/1486/1078 5478/1487/1080
f 5470/1481/1070 5488/1488/1064 5446/1489/1071
f 5456/1393/926 5490/1490/926 5445/1491/926
f 5467/1492/923 5506/1493/923 5503/1458/923
f 5478/1487/1080 5505/1447/1077 5475/1485/1079
f 5439/1494/2507 5504/1440/1057 5497/1442/1069
f 5475/1385/926 5500/1400/926 5449/1383/926
f 5439/1495/926 5502/1402/926 5457/1401/926
f 5499/1399/923 5459/1405/923 5447/1397/923
f 5452/1404/1082 5503/1407/1060 5469/1496/1083
f 5458/1374/923 5498/1408/923 5501/1403/923
f 5449/1383/926 5502/1402/926 5460/1412/926
f 5440/1416/1084 5504/1398/1057 5468/1497/1085
f 5441/1498/926 5515/1499/926 5508/1461/926
f 5476/1484/923 5514/1455/923 5463/1482/923
f 5474/1501/1086 5516/1515/1087 5515/1444/1072
f 5464/1520/1065 5509/1429/1068 5445/1502/1063
f 5444/1394/923 5512/1390/923 5454/1389/923
f 5509/1410/926 5456/1393/926 5445/1491/926
f 5448/1433/1088 5513/1395/1054 5464/1503/1065
f 5453/1504/926 5508/1461/926 5511/1391/926
f 5451/1386/923 5512/1390/923 5455/1411/923
f 5442/1378/1089 5514/1387/1051 5462/1505/1090
f 5552/1376/1002 5520/1416/959 5548/1375/1091
f 5546/1377/1004 5522/1378/920 5542/1379/1092
f 5558/1380/923 5566/1381/923 5549/1382/923
f 5555/1385/926 5562/1473/926 5576/1384/926
f 5531/1386/1093 5594/1387/1094 5590/1388/1095
f 5590/1388/923 5534/1389/923 5592/1390/923
f 5591/1391/926 5530/1392/926 5536/1393/926
f 5524/1394/1096 5593/1395/1097 5587/1396/1098
f 5527/1397/1099 5584/1398/1100 5579/1399/1101
f 5580/1400/926 5537/1401/926 5582/1402/926
f 5581/1403/923 5532/1404/923 5539/1405/923
f 5518/1406/1102 5583/1407/1103 5578/1408/2508
f 5523/1409/926 5591/1391/926 5589/1410/926
f 5587/1396/923 5535/1411/923 5592/1390/923
f 5526/1506/926 5561/1414/926 5540/1412/926
f 5524/1394/920 5546/1377/1004 5541/1415/1105
f 5520/1416/923 5581/1403/923 5579/1399/923
f 5577/1417/926 5540/1412/926 5582/1402/926
f 5525/1507/1106 5569/1420/1107 5544/1418/1108
f 5518/1406/959 5552/1376/1002 5547/1421/1109
f 5541/1508/1105 5533/1424/25 5523/1422/25
f 5535/1411/959 5543/1426/959 5531/1386/959
f 5593/1427/1097 5523/1428/1110 5589/1429/1111
f 5547/1432/1109 5559/1510/26 5560/1431/26
f 5528/1433/959 5545/1425/959 5535/1411/959
f 5546/1423/1004 5521/1434/25 5533/1424/25
f 5517/1430/26 5552/1435/1002 5537/1436/26
f 5549/1512/920 5539/1405/920 5532/1404/920
f 5585/1438/926 5517/1439/926 5580/1400/926
f 5577/1442/1112 5550/1513/1113 5526/1441/1114
f 5551/1437/920 5527/1397/920 5539/1405/920
f 5537/1436/26 5548/1514/1091 5519/1443/26
f 5595/1444/1115 5556/1445/1116 5557/1446/1117
f 5586/1516/1118 5559/1449/1119 5585/1447/1120
f 5549/1450/923 5573/1451/923 5551/1452/923
f 5596/1453/923 5542/1454/923 5594/1455/923
f 5544/1418/923 5572/1457/923 5545/1456/923
f 5583/1458/923 5558/1380/923 5549/1382/923
f 5542/1511/1092 5554/1460/25 5521/1434/25
f 5588/1461/926 5557/1462/926 5530/1392/926
f 5569/1517/26 5563/1465/26 5572/1463/26
f 5561/1414/25 5567/1467/25 5573/1466/25
f 5572/1463/26 5564/1469/26 5565/1468/26
f 5562/1473/25 5573/1466/25 5566/1470/25
f 5565/1468/26 5575/1471/26 5574/1472/26
f 5566/1470/25 5576/1384/25 5562/1473/25
f 5543/1474/923 5572/1457/923 5565/1475/923
f 5557/1462/926 5564/1476/926 5530/1392/926
f 5529/1383/926 5561/1414/926 5562/1473/926
f 5536/1393/926 5564/1476/926 5563/1477/926
f 5556/1445/1116 5575/1479/1121 5557/1446/1117
f 5550/1481/923 5573/1451/923 5567/1480/923
f 5543/1482/923 5574/1483/923 5556/1484/923
f 5555/1485/1122 5571/1486/1121 5558/1487/1123
f 5550/1481/1113 5568/1488/1107 5526/1489/1114
f 5525/1491/926 5563/1477/926 5570/1490/926
f 5547/1492/923 5586/1493/923 5583/1458/923
f 5558/1487/1123 5585/1447/1120 5555/1485/1122
f 5519/1494/1124 5584/1440/1100 5577/1442/1112
f 5555/1385/926 5580/1400/926 5529/1383/926
f 5519/1495/926 5582/1402/926 5537/1401/926
f 5579/1399/923 5539/1405/923 5527/1397/923
f 5532/1404/1125 5583/1407/1103 5549/1496/1126
f 5538/1374/923 5578/1408/923 5581/1403/923
f 5529/1383/926 5582/1402/926 5540/1412/926
f 5520/1416/1127 5584/1398/1100 5548/1497/1128
f 5521/1498/926 5595/1499/926 5588/1461/926
f 5556/1484/923 5594/1455/923 5543/1482/923
f 5554/1501/1129 5596/1515/1115 5595/1444/1115
f 5544/1520/1108 5589/1429/1111 5525/1502/1106
f 5524/1394/923 5592/1390/923 5534/1389/923
f 5589/1410/926 5536/1393/926 5525/1491/926
f 5528/1433/1131 5593/1395/1097 5544/1503/1108
f 5533/1504/926 5588/1461/926 5591/1391/926
f 5531/1386/923 5592/1390/923 5535/1411/923
f 5522/1378/1132 5594/1387/1094 5542/1505/1133
f 5632/1376/1134 5600/1416/959 5628/1375/1135
f 5626/1377/1136 5602/1378/920 5622/1379/1137
f 5638/1380/923 5646/1381/923 5629/1382/923
f 5609/1383/926 5656/1384/926 5635/1385/926
f 5611/1386/1138 5674/1387/1139 5670/1388/1140
f 5670/1388/923 5614/1389/923 5672/1390/923
f 5671/1391/926 5610/1392/926 5616/1393/926
f 5604/1394/1141 5673/1395/1142 5667/1396/1143
f 5607/1397/1144 5664/1398/1145 5659/1399/1146
f 5660/1400/926 5617/1401/926 5662/1402/926
f 5661/1403/923 5612/1404/923 5619/1405/923
f 5598/1406/1147 5663/1407/1148 5658/1408/1149
f 5603/1409/926 5671/1391/926 5669/1410/926
f 5667/1396/923 5615/1411/923 5672/1390/923
f 5606/1506/926 5641/1414/926 5620/1412/926
f 5604/1394/920 5626/1377/1136 5621/1415/1150
f 5600/1416/923 5661/1403/923 5659/1399/923
f 5657/1417/926 5620/1412/926 5662/1402/926
f 5605/1507/1151 5649/1420/1152 5624/1418/1153
f 5598/1406/959 5632/1376/1134 5627/1421/1154
f 5621/1508/1150 5613/1424/25 5603/1422/25
f 5615/1411/959 5623/1426/959 5611/1386/959
f 5673/1427/1142 5603/1428/1155 5669/1429/1156
f 5627/1432/1154 5639/1510/26 5640/1431/26
f 5608/1433/959 5625/1425/959 5615/1411/959
f 5626/1423/1136 5601/1434/25 5613/1424/25
f 5597/1430/26 5632/1435/1134 5617/1436/26
f 5629/1512/920 5619/1405/920 5612/1404/920
f 5665/1438/926 5597/1439/926 5660/1400/926
f 5657/1442/1157 5630/1513/1158 5606/1441/1159
f 5631/1437/920 5607/1397/920 5619/1405/920
f 5617/1436/26 5628/1514/1135 5599/1443/26
f 5675/1444/1160 5636/1445/1161 5637/1446/1162
f 5666/1516/1163 5639/1449/1164 5665/1447/1165
f 5629/1450/923 5653/1451/923 5631/1452/923
f 5676/1453/923 5622/1454/923 5674/1455/923
f 5625/1456/923 5649/1420/923 5652/1457/923
f 5663/1458/923 5638/1380/923 5629/1382/923
f 5622/1511/1137 5634/1460/25 5601/1434/25
f 5668/1461/926 5637/1462/926 5610/1392/926
f 5649/1517/26 5643/1465/26 5652/1463/26
f 5641/1414/25 5647/1467/25 5653/1466/25
f 5652/1463/26 5644/1469/26 5645/1468/26
f 5642/1473/25 5653/1466/25 5646/1470/25
f 5645/1468/26 5655/1471/26 5654/1472/26
f 5646/1470/25 5656/1384/25 5642/1473/25
f 5625/1456/923 5645/1475/923 5623/1474/923
f 5637/1462/926 5644/1476/926 5610/1392/926
f 5620/1412/926 5642/1473/926 5609/1383/926
f 5610/1392/926 5643/1477/926 5616/1393/926
f 5636/1445/1161 5655/1479/1166 5637/1446/1162
f 5631/1452/923 5647/1480/923 5630/1481/923
f 5636/1484/923 5645/1524/923 5654/1483/923
f 5635/1485/1167 5651/1486/1166 5638/1487/1168
f 5630/1481/1158 5648/1488/1152 5606/1489/1159
f 5616/1393/926 5650/1490/926 5605/1491/926
f 5627/1492/923 5666/1493/923 5663/1458/923
f 5638/1487/1168 5665/1447/1165 5635/1485/1167
f 5599/1494/1169 5664/1440/1145 5657/1442/1157
f 5635/1385/926 5660/1400/926 5609/1383/926
f 5599/1495/926 5662/1402/926 5617/1401/926
f 5659/1399/923 5619/1405/923 5607/1397/923
f 5612/1404/1170 5663/1407/1148 5629/1496/1171
f 5618/1374/923 5658/1408/923 5661/1403/923
f 5609/1383/926 5662/1402/926 5620/1412/926
f 5600/1416/1172 5664/1398/1145 5628/1497/1173
f 5601/1498/926 5675/1499/926 5668/1461/926
f 5636/1484/923 5674/1455/923 5623/1482/923
f 5634/1501/1174 5676/1515/1175 5675/1444/1160
f 5624/1520/1153 5669/1429/1156 5605/1502/1151
f 5604/1394/923 5672/1390/923 5614/1389/923
f 5669/1410/926 5616/1393/926 5605/1491/926
f 5608/1433/1176 5673/1395/1142 5624/1503/1153
f 5613/1504/926 5668/1461/926 5671/1391/926
f 5611/1386/923 5672/1390/923 5615/1411/923
f 5602/1378/1177 5674/1387/1139 5622/1505/1178
f 5712/1376/1134 5680/1416/1179 5708/1375/1180
f 5706/1377/1136 5682/1378/1181 5702/1379/1182
f 5718/1380/923 5726/1381/923 5709/1382/923
f 5689/1383/926 5736/1384/926 5715/1385/926
f 5691/1386/1183 5754/1387/1184 5750/1388/1185
f 5750/1388/923 5694/1389/923 5752/1390/923
f 5751/1391/926 5690/1392/926 5696/1393/926
f 5684/1394/1186 5753/1395/1187 5747/1396/1188
f 5687/1397/1189 5744/1398/1190 5739/1399/1191
f 5740/1400/926 5697/1401/926 5742/1402/926
f 5741/1403/923 5692/1404/923 5699/1405/923
f 5678/1406/1192 5743/1407/1193 5738/1408/1194
f 5683/1409/926 5751/1391/926 5749/1410/926
f 5747/1396/923 5695/1411/923 5752/1390/923
f 5686/1506/926 5721/1414/926 5700/1412/926
f 5684/1394/1181 5706/1377/1136 5701/1415/1195
f 5680/1416/923 5741/1403/923 5739/1399/923
f 5737/1417/926 5700/1412/926 5742/1402/926
f 5685/1507/1196 5729/1420/1197 5704/1418/1198
f 5678/1406/1179 5712/1376/1134 5707/1421/1199
f 5701/1508/1195 5693/1424/25 5683/1422/25
f 5695/1411/1179 5703/1426/1179 5691/1386/1179
f 5753/1427/1187 5683/1428/1200 5749/1429/1201
f 5707/1432/1199 5719/1510/26 5720/1431/26
f 5688/1433/1179 5705/1425/1179 5695/1411/1179
f 5706/1423/1136 5681/1434/25 5693/1424/25
f 5677/1430/26 5712/1435/1134 5697/1436/26
f 5709/1512/1181 5699/1405/1181 5692/1404/1181
f 5745/1438/926 5677/1439/926 5740/1400/926
f 5737/1442/1202 5710/1513/1203 5686/1441/1204
f 5711/1437/1181 5687/1397/1181 5699/1405/1181
f 5697/1436/26 5708/1514/1180 5679/1443/26
f 5755/1444/1205 5716/1445/1206 5717/1446/1207
f 5746/1516/1208 5719/1449/1209 5745/1447/1210
f 5711/1452/923 5726/1523/923 5733/1451/923
f 5756/1453/923 5702/1454/923 5754/1455/923
f 5705/1456/923 5729/1420/923 5732/1457/923
f 5743/1458/923 5718/1380/923 5709/1382/923
f 5702/1511/1182 5714/1460/25 5681/1434/25
f 5748/1461/926 5717/1462/926 5690/1392/926
f 5729/1517/26 5723/1465/26 5732/1463/26
f 5721/1414/25 5727/1467/25 5733/1466/25
f 5732/1463/26 5724/1469/26 5725/1468/26
f 5722/1473/25 5733/1466/25 5726/1470/25
f 5725/1468/26 5735/1471/26 5734/1472/26
f 5726/1470/25 5736/1384/25 5722/1473/25
f 5705/1456/923 5725/1475/923 5703/1474/923
f 5717/1462/926 5724/1476/926 5690/1392/926
f 5700/1412/926 5722/1473/926 5689/1383/926
f 5690/1392/926 5723/1477/926 5696/1393/926
f 5716/1445/1206 5735/1479/1211 5717/1446/1207
f 5711/1452/923 5727/1480/923 5710/1481/923
f 5716/1484/923 5725/1524/923 5734/1483/923
f 5715/1485/1212 5731/1486/1211 5718/1487/1213
f 5710/1481/1203 5728/1488/1197 5686/1489/1204
f 5696/1393/926 5730/1490/926 5685/1491/926
f 5707/1492/923 5746/1493/923 5743/1458/923
f 5718/1487/1213 5745/1447/1210 5715/1485/1212
f 5679/1494/1214 5744/1440/1190 5737/1442/1202
f 5715/1385/926 5740/1400/926 5689/1383/926
f 5679/1495/926 5742/1402/926 5697/1401/926
f 5739/1399/923 5699/1405/923 5687/1397/923
f 5692/1404/1215 5743/1407/1193 5709/1496/1216
f 5698/1374/923 5738/1408/923 5741/1403/923
f 5689/1383/926 5742/1402/926 5700/1412/926
f 5680/1416/1217 5744/1398/1190 5708/1497/1218
f 5681/1498/926 5755/1499/926 5748/1461/926
f 5716/1484/923 5754/1455/923 5703/1482/923
f 5714/1501/1219 5756/1515/1220 5755/1444/1205
f 5704/1520/1198 5749/1429/1201 5685/1502/1196
f 5684/1394/923 5752/1390/923 5694/1389/923
f 5749/1410/926 5696/1393/926 5685/1491/926
f 5688/1433/1221 5753/1395/1187 5704/1503/1198
f 5693/1504/926 5748/1461/926 5751/1391/926
f 5691/1386/923 5752/1390/923 5695/1411/923
f 5682/1378/1222 5754/1387/1184 5702/1505/1223
f 5792/1376/1224 5760/1416/1179 5788/1375/1225
f 5786/1377/1226 5762/1378/1227 5782/1379/1228
f 5789/1382/1229 5811/1521/1230 5806/1381/1231
f 5769/1383/1232 5816/1384/1233 5795/1385/1234
f 5771/1386/1235 5834/1387/1236 5830/1388/1237
f 5830/1388/1238 5774/1389/1239 5832/1390/923
f 5831/1391/926 5770/1392/1240 5776/1393/926
f 5764/1394/1241 5833/1395/1242 5827/1396/2509
f 5767/1397/1244 5824/1398/1245 5819/1399/1246
f 5820/1400/1247 5777/1401/1248 5822/1402/926
f 5821/1403/923 5772/1404/923 5779/1405/923
f 5758/1406/1249 5823/1407/1250 5818/1408/1251
f 5763/1409/926 5831/1391/926 5829/1410/926
f 5827/1396/923 5775/1411/923 5832/1390/923
f 5766/1506/926 5801/1414/926 5780/1412/926
f 5764/1394/1181 5786/1377/1226 5781/1415/1252
f 5760/1416/923 5821/1403/923 5819/1399/923
f 5817/1417/926 5780/1412/926 5822/1402/926
f 5765/1507/1253 5809/1420/1254 5784/1418/1255
f 5758/1406/1256 5792/1376/1224 5787/1421/1257
f 5781/1508/1252 5773/1424/25 5763/1422/25
f 5775/1411/1179 5783/1426/1179 5771/1386/1179
f 5833/1427/1242 5763/1428/1258 5829/1429/1259
f 5787/1432/1257 5799/1510/26 5800/1431/26
f 5768/1433/1179 5785/1425/1179 5775/1411/1179
f 5786/1423/1226 5761/1434/25 5773/1424/25
f 5757/1430/26 5792/1435/1224 5777/1436/26
f 5789/1512/1181 5779/1405/1181 5772/1404/1181
f 5825/1438/1260 5757/1439/1261 5820/1400/1247
f 5817/1442/1262 5790/1513/1263 5766/1441/1264
f 5791/1437/1181 5767/1397/1181 5779/1405/1181
f 5777/1436/26 5788/1514/1225 5759/1443/26
f 5835/1444/1265 5796/1445/1266 5797/1446/1267
f 5825/1447/1268 5800/1448/1269 5799/1449/1270
f 5789/1450/1229 5813/1451/923 5791/1452/923
f 5836/1453/1271 5782/1454/1272 5834/1455/1273
f 5785/1456/923 5809/1420/923 5812/1457/923
f 5823/1458/1273 5798/1380/1274 5789/1382/1229
f 5782/1511/1228 5794/1460/25 5761/1434/25
f 5828/1461/1275 5797/1462/1276 5770/1392/1240
f 5809/1517/26 5803/1465/26 5812/1463/26
f 5801/1414/25 5807/1467/25 5813/1466/25
f 5812/1463/26 5804/1469/26 5805/1468/26
f 5802/1473/25 5813/1466/25 5806/1470/25
f 5805/1468/26 5815/1471/26 5814/1472/26
f 5806/1470/25 5816/1384/25 5802/1473/25
f 5785/1456/923 5805/1475/1231 5783/1474/1277
f 5797/1462/1276 5804/1476/1278 5770/1392/1240
f 5780/1412/926 5802/1473/1278 5769/1383/1232
f 5770/1392/1240 5803/1477/926 5776/1393/926
f 5796/1445/1266 5815/1479/1279 5797/1446/1267
f 5790/1481/923 5813/1451/923 5807/1480/923
f 5783/1482/1277 5814/1483/1230 5796/1484/1280
f 5795/1485/1281 5811/1486/1279 5798/1487/1282
f 5790/1481/1263 5808/1488/1254 5766/1489/1264
f 5776/1393/926 5810/1490/926 5765/1491/926
f 5787/1492/1283 5826/1493/1284 5823/1458/1273
f 5798/1487/1282 5825/1447/1268 5795/1485/1281
f 5759/1494/1285 5824/1440/1245 5817/1442/1262
f 5795/1385/1234 5820/1400/1247 5769/1383/1232
f 5759/1495/926 5822/1402/926 5777/1401/1248
f 5819/1399/923 5779/1405/923 5767/1397/923
f 5772/1404/1286 5823/1407/1250 5789/1496/1287
f 5778/1374/1288 5818/1408/1289 5821/1403/923
f 5769/1383/1232 5822/1402/926 5780/1412/926
f 5760/1416/1290 5824/1398/1245 5788/1497/1291
f 5761/1498/1292 5835/1499/1293 5828/1461/1275
f 5796/1484/1280 5834/1455/1273 5783/1482/1277
f 5793/1500/1294 5835/1444/1265 5794/1501/1295
f 5784/1520/1255 5829/1429/1259 5765/1502/1253
f 5764/1394/923 5832/1390/923 5774/1389/1239
f 5829/1410/926 5776/1393/926 5765/1491/926
f 5768/1433/1296 5833/1395/1242 5784/1503/1255
f 5773/1504/1297 5828/1461/1275 5831/1391/926
f 5771/1386/923 5832/1390/923 5775/1411/923
f 5762/1378/1298 5834/1387/1236 5782/1505/1299
f 5872/1376/1300 5840/1416/1301 5868/1375/1302
f 5866/1377/1303 5842/1378/1304 5862/1379/1305
f 5878/1380/1306 5886/1381/1307 5869/1382/1308
f 5849/1383/1309 5896/1384/1310 5875/1385/1311
f 5851/1386/1312 5914/1387/1313 5910/1388/1314
f 5910/1388/1315 5854/1389/1316 5912/1390/1317
f 5911/1391/1318 5850/1392/1319 5856/1393/1320
f 5844/1394/1321 5913/1395/1322 5907/1396/1323
f 5847/1397/1324 5904/1398/1325 5899/1399/1326
f 5900/1400/1327 5857/1401/1328 5902/1402/1329
f 5901/1403/1330 5852/1404/1331 5859/1405/1332
f 5838/1406/1333 5903/1407/1334 5898/1408/1335
f 5843/1409/1336 5911/1391/1318 5909/1410/1337
f 5907/1396/1338 5855/1411/1339 5912/1390/1317
f 5846/1506/1340 5881/1414/1341 5860/1412/1342
f 5844/1394/1343 5866/1377/1303 5861/1415/1344
f 5840/1416/1345 5901/1403/1330 5899/1399/1346
f 5897/1417/1347 5860/1412/1342 5902/1402/1329
f 5845/1507/1348 5889/1420/1349 5864/1418/1350
f 5838/1406/2510 5872/1376/1300 5867/1421/1352
f 5861/1508/1344 5853/1424/25 5843/1422/25
f 5855/1411/1353 5863/1426/1354 5851/1386/1355
f 5909/1429/1356 5861/1509/1357 5843/1428/1358
f 5837/1430/26 5880/1431/26 5867/1432/1352
f 5848/1433/1359 5865/1425/1360 5855/1411/1353
f 5866/1423/1303 5841/1434/25 5853/1424/25
f 5837/1430/26 5872/1435/1300 5857/1436/26
f 5869/1512/1361 5859/1405/1362 5852/1404/1363
f 5905/1438/1364 5837/1439/1365 5900/1400/1327
f 5897/1442/1366 5870/1513/1367 5846/1441/1368
f 5871/1437/1369 5847/1397/1370 5859/1405/1362
f 5857/1436/26 5868/1514/1302 5839/1443/26
f 5915/1444/2511 5876/1445/1372 5877/1446/1373
f 5906/1516/1374 5879/1449/1375 5905/1447/1376
f 5871/1452/1377 5886/1523/1307 5893/1451/1378
f 5916/1453/1379 5862/1454/1380 5914/1455/1381
f 5865/1456/1377 5889/1420/1382 5892/1457/1377
f 5903/1458/1383 5878/1380/1306 5869/1382/1308
f 5841/1434/25 5873/1459/25 5874/1460/25
f 5908/1461/1384 5877/1462/1385 5850/1392/1319
f 5889/1517/26 5883/1465/26 5892/1463/26
f 5881/1414/25 5887/1467/25 5893/1466/25
f 5892/1463/26 5884/1469/26 5885/1468/26
f 5882/1473/25 5893/1466/25 5886/1470/25
f 5884/1469/26 5894/1472/26 5885/1468/26
f 5882/1473/25 5891/1518/25 5896/1384/25
f 5865/1456/1377 5885/1475/1307 5863/1474/1386
f 5877/1462/1385 5884/1476/1387 5850/1392/1319
f 5860/1412/1342 5882/1473/1387 5849/1383/1309
f 5850/1392/1319 5883/1477/1341 5856/1393/1320
f 5876/1445/1372 5895/1479/1388 5877/1446/1373
f 5870/1481/1382 5893/1451/1378 5887/1480/1382
f 5876/1484/1389 5885/1524/1307 5894/1483/1390
f 5875/1485/1391 5891/1486/1388 5878/1487/1392
f 5870/1481/1367 5888/1488/1349 5846/1489/1368
f 5856/1393/1320 5890/1490/1393 5845/1491/1394
f 5867/1492/1395 5906/1493/1396 5903/1458/1383
f 5878/1487/1392 5905/1447/1376 5875/1485/1391
f 5868/1519/1397 5897/1442/1366 5839/1494/1398
f 5875/1385/1311 5900/1400/1327 5849/1383/1309
f 5839/1495/1399 5902/1402/1329 5857/1401/1328
f 5899/1399/1346 5859/1405/1332 5847/1397/1400
f 5852/1404/1401 5903/1407/1334 5869/1496/1402
f 5858/1374/1403 5898/1408/1404 5901/1403/1330
f 5849/1383/1309 5902/1402/1329 5860/1412/1342
f 5840/1416/1405 5904/1398/1325 5868/1497/1397
f 5841/1498/1406 5915/1499/1407 5908/1461/1384
f 5876/1484/1389 5914/1455/1381 5863/1482/1386
f 5874/1501/1408 5916/1515/1409 5915/1444/2511
f 5864/1520/1350 5909/1429/1356 5845/1502/1348
f 5844/1394/1410 5912/1390/1317 5854/1389/1316
f 5909/1410/1337 5856/1393/1320 5845/1491/1394
f 5848/1433/1411 5913/1395/1322 5864/1503/1350
f 5853/1504/1412 5908/1461/1384 5911/1391/1318
f 5851/1386/1413 5912/1390/1317 5855/1411/1339
f 5842/1378/1414 5914/1387/1313 5862/1505/1415
f 5938/1374/1416 5948/1375/1417 5952/1376/1418
f 5946/1377/1419 5922/1378/1420 5942/1379/1421
f 5958/1380/1422 5966/1381/1423 5949/1382/1424
f 5929/1383/1425 5976/1384/1426 5955/1385/1427
f 5931/1386/1428 5994/1387/1429 5990/1388/1430
f 5990/1388/1431 5934/1389/1432 5992/1390/1433
f 5991/1391/1434 5930/1392/1435 5936/1393/1436
f 5924/1394/1437 5993/1395/1438 5987/1396/1439
f 5927/1397/1440 5984/1398/1441 5979/1399/1442
f 5980/1400/1443 5937/1401/1444 5982/1402/2512
f 5981/1403/1446 5932/1404/1447 5939/1405/1448
f 5918/1406/1449 5983/1407/1450 5978/1408/1451
f 5923/1409/1452 5991/1391/1434 5989/1410/1453
f 5987/1396/1454 5935/1411/1455 5992/1390/1433
f 5926/1506/1456 5961/1414/1457 5940/1412/1458
f 5941/1415/1459 5934/1389/1460 5946/1377/1419
f 5920/1416/1461 5981/1403/1446 5979/1399/1462
f 5977/1417/1463 5940/1412/1458 5982/1402/2512
f 5925/1507/1464 5969/1420/1465 5944/1418/1466
f 5918/1406/1467 5952/1376/1418 5947/1421/1468
f 5923/1422/25 5946/1423/1419 5933/1424/25
f 5931/1386/1469 5945/1425/1470 5943/1426/1471
f 5993/1427/1438 5923/1428/1472 5989/1429/1473
f 5947/1432/1468 5959/1510/26 5960/1431/26
f 5928/1433/1474 5945/1425/1470 5935/1411/1475
f 5933/1424/25 5942/1511/1421 5921/1434/25
f 5947/1432/1468 5937/1436/26 5917/1430/26
f 5932/1404/1476 5951/1437/1477 5939/1405/1478
f 5985/1438/1479 5917/1439/1480 5980/1400/1443
f 5984/1440/1441 5926/1441/1481 5977/1442/1482
f 5951/1437/1477 5927/1397/1483 5939/1405/1478
f 5952/1435/1418 5919/1443/26 5937/1436/26
f 5996/1515/1484 5957/1446/1485 5995/1444/1486
f 5985/1447/1487 5960/1448/1488 5959/1449/1489
f 5951/1452/1490 5966/1523/1423 5973/1451/1490
f 5996/1453/1491 5942/1454/1492 5994/1455/1493
f 5945/1456/1490 5969/1420/1494 5972/1457/1490
f 5983/1458/1495 5958/1380/1422 5949/1382/1424
f 5942/1511/1421 5954/1460/25 5921/1434/25
f 5988/1461/1496 5957/1462/1497 5930/1392/1435
f 5969/1517/26 5963/1465/26 5972/1463/26
f 5961/1414/25 5967/1467/25 5973/1466/25
f 5965/1468/26 5963/1465/26 5964/1469/26
f 5966/1470/25 5961/1414/25 5973/1466/25
f 5965/1468/26 5975/1471/26 5974/1472/26
f 5966/1470/25 5976/1384/25 5962/1473/25
f 5945/1456/1490 5965/1475/1423 5943/1474/1498
f 5957/1462/1497 5964/1476/1499 5930/1392/1435
f 5940/1412/1458 5962/1473/1499 5929/1383/1425
f 5930/1392/1435 5963/1477/1457 5936/1393/1436
f 5956/1445/1500 5975/1479/1501 5957/1446/1485
f 5951/1452/1490 5967/1480/1494 5950/1481/1494
f 5956/1484/1502 5965/1524/1423 5974/1483/1503
f 5955/1485/1504 5971/1486/1501 5958/1487/1505
f 5950/1481/1506 5968/1488/1465 5926/1489/1481
f 5936/1393/1436 5970/1490/1507 5925/1491/1508
f 5947/1492/1509 5986/1493/1510 5983/1458/1495
f 5955/1485/1504 5986/1516/1511 5985/1447/1487
f 5919/1494/1512 5984/1440/1441 5977/1442/1482
f 5955/1385/1427 5980/1400/1443 5929/1383/1425
f 5919/1495/1513 5982/1402/2512 5937/1401/1444
f 5979/1399/1462 5939/1405/1448 5927/1397/1514
f 5932/1404/1515 5983/1407/1450 5949/1496/1516
f 5938/1374/1517 5978/1408/1518 5981/1403/1446
f 5929/1383/1425 5982/1402/2512 5940/1412/1458
f 5920/1416/1519 5984/1398/1441 5948/1497/1520
f 5921/1498/1521 5995/1499/1522 5988/1461/1496
f 5956/1484/1502 5994/1455/1493 5943/1482/1498
f 5953/1500/1523 5995/1444/1486 5954/1501/1524
f 5925/1502/1464 5993/1427/1438 5989/1429/1473
f 5924/1394/1525 5992/1390/1433 5934/1389/1432
f 5989/1410/1453 5936/1393/1436 5925/1491/1508
f 5928/1433/1526 5993/1395/1438 5944/1503/1466
f 5933/1504/1527 5988/1461/1496 5991/1391/1434
f 5931/1386/1528 5992/1390/1433 5935/1411/1455
f 5922/1378/1529 5994/1387/1429 5942/1505/1530
f 6032/1376/1531 6000/1416/1532 6028/1375/1533
f 6026/1377/1534 6002/1378/1535 6022/1379/1536
f 6038/1380/1537 6046/1381/1538 6029/1382/1539
f 6009/1383/1540 6056/1384/1541 6035/1385/1542
f 6011/1386/1543 6074/1387/1544 6070/1388/1545
f 6070/1388/1546 6014/1389/1547 6072/1390/1548
f 6071/1391/1549 6010/1392/1550 6016/1393/1551
f 6004/1394/1552 6073/1395/1553 6067/1396/1554
f 6007/1397/1555 6064/1398/1556 6059/1399/1557
f 6060/1400/1558 6017/1401/1559 6062/1402/1560
f 6061/1403/1561 6012/1404/1562 6019/1405/1563
f 5998/1406/1564 6063/1407/1565 6058/1408/1566
f 6003/1409/1567 6071/1391/1549 6069/1410/1568
f 6067/1396/1569 6015/1411/1570 6072/1390/1548
f 6006/1506/1571 6041/1414/1572 6020/1412/1573
f 6004/1394/1574 6026/1377/1534 6021/1415/1575
f 6000/1416/1576 6061/1403/1561 6059/1399/1577
f 6057/1417/1578 6020/1412/1573 6062/1402/1560
f 6005/1507/1579 6049/1420/1580 6024/1418/1581
f 5998/1406/1582 6032/1376/1531 6027/1421/1583
f 6021/1508/1575 6013/1424/25 6003/1422/25
f 6011/1386/1584 6025/1425/1585 6023/1426/1586
f 6069/1429/1587 6021/1509/1588 6003/1428/1589
f 5997/1430/26 6040/1431/26 6027/1432/1583
f 6008/1433/1590 6025/1425/1585 6015/1411/2513
f 6026/1423/1534 6001/1434/25 6013/1424/25
f 5997/1430/26 6032/1435/1531 6017/1436/26
f 6012/1404/1592 6031/1437/1593 6019/1405/1594
f 6065/1438/1595 5997/1439/1596 6060/1400/1558
f 6064/1440/1556 6006/1441/1597 6057/1442/1598
f 6031/1437/1593 6007/1397/1599 6019/1405/1594
f 6017/1436/26 6028/1514/1533 5999/1443/26
f 6075/1444/1600 6036/1445/1601 6037/1446/1602
f 6065/1447/1603 6040/1448/2514 6039/1449/1605
f 6029/1450/1539 6053/1451/1606 6031/1452/1606
f 6076/1453/1607 6022/1454/1608 6074/1455/1609
f 6024/1418/1610 6052/1457/1606 6025/1456/1606
f 6063/1458/1611 6038/1380/1537 6029/1382/1539
f 6001/1434/25 6033/1459/25 6034/1460/25
f 6068/1461/1612 6037/1462/1613 6010/1392/1550
f 6052/1463/26 6050/1464/26 6043/1465/26
f 6053/1466/25 6048/1413/25 6047/1467/25
f 6052/1463/26 6044/1469/26 6045/1468/26
f 6042/1473/25 6053/1466/25 6046/1470/25
f 6044/1469/26 6054/1472/26 6045/1468/26
f 6042/1473/25 6051/1518/25 6056/1384/25
f 6023/1474/1614 6052/1457/1606 6045/1475/1538
f 6037/1462/1613 6044/1476/1615 6010/1392/1550
f 6020/1412/1573 6042/1473/1615 6009/1383/1540
f 6010/1392/1550 6043/1477/1572 6016/1393/1551
f 6036/1445/1601 6055/1479/1616 6037/1446/1602
f 6030/1481/1610 6053/1451/1606 6047/1480/1610
f 6023/1482/1614 6054/1483/1617 6036/1484/1618
f 6035/1485/1619 6051/1486/1616 6038/1487/1620
f 6030/1481/2515 6048/1488/1580 6006/1489/1597
f 6016/1393/1551 6050/1490/1621 6005/1491/1622
f 6027/1492/1623 6066/1493/1624 6063/1458/1611
f 6038/1487/1620 6065/1447/1603 6035/1485/1619
f 6028/1519/1625 6057/1442/1598 5999/1494/1626
f 6035/1385/1542 6060/1400/1558 6009/1383/1540
f 5999/1495/1627 6062/1402/1560 6017/1401/1559
f 6059/1399/1577 6019/1405/1563 6007/1397/1628
f 6012/1404/1629 6063/1407/1565 6029/1496/1630
f 6018/1374/1631 6058/1408/1632 6061/1403/1561
f 6009/1383/1540 6062/1402/1560 6020/1412/1573
f 6000/1416/1633 6064/1398/1556 6028/1497/1625
f 6001/1498/1634 6075/1499/1635 6068/1461/1612
f 6036/1484/1618 6074/1455/1609 6023/1482/1614
f 6033/1500/1636 6075/1444/1600 6034/1501/1637
f 6005/1502/1579 6073/1427/1553 6069/1429/1587
f 6004/1394/1638 6072/1390/1548 6014/1389/1547
f 6069/1410/1568 6016/1393/1551 6005/1491/1622
f 6008/1433/1639 6073/1395/1553 6024/1503/1581
f 6013/1504/1640 6068/1461/1612 6071/1391/1549
f 6011/1386/1641 6072/1390/1548 6015/1411/1570
f 6002/1378/1642 6074/1387/1544 6022/1505/1643
f 6112/1376/1644 6080/1416/1645 6108/1375/1646
f 6106/1377/1647 6082/1378/1648 6102/1379/1649
f 6118/1380/1650 6126/1381/1651 6109/1382/1652
f 6089/1383/1653 6136/1384/1654 6115/1385/1655
f 6091/1386/1656 6154/1387/1657 6150/1388/1658
f 6150/1388/1659 6094/1389/1660 6152/1390/1661
f 6151/1391/1662 6090/1392/1663 6096/1393/1664
f 6084/1394/1665 6153/1395/1666 6147/1396/1667
f 6087/1397/1668 6144/1398/1669 6139/1399/1670
f 6140/1400/1671 6097/1401/1672 6142/1402/1673
f 6141/1403/1674 6092/1404/1675 6099/1405/1676
f 6078/1406/1677 6143/1407/1678 6138/1408/1679
f 6083/1409/1680 6151/1391/1662 6149/1410/1681
f 6147/1396/1682 6095/1411/1683 6152/1390/1661
f 6100/1412/1684 6128/1413/1685 6121/1414/1686
f 6084/1394/1687 6106/1377/1647 6101/1415/1688
f 6080/1416/1689 6141/1403/1674 6139/1399/1690
f 6137/1417/1691 6100/1412/1684 6142/1402/1673
f 6085/1507/1692 6129/1420/1693 6104/1418/1694
f 6078/1406/1695 6112/1376/1644 6107/1421/1696
f 6083/1422/25 6106/1423/1647 6093/1424/25
f 6091/1386/2516 6105/1425/1698 6103/1426/1697
f 6153/1427/1666 6083/1428/1699 6149/1429/1700
f 6107/1432/1696 6119/1510/26 6120/1431/26
f 6088/1433/1701 6105/1425/1698 6095/1411/1702
f 6093/1424/25 6102/1511/1649 6081/1434/25
f 6107/1432/1696 6097/1436/26 6077/1430/26
f 6092/1404/2517 6111/1437/1704 6099/1405/1705
f 6145/1438/1706 6077/1439/1707 6140/1400/1671
f 6137/1442/1708 6110/1513/1709 6086/1441/1710
f 6111/1437/1704 6087/1397/1711 6099/1405/1705
f 6112/1435/1644 6079/1443/26 6097/1436/26
f 6156/1515/1712 6117/1446/1713 6155/1444/1714
f 6146/1516/1715 6119/1449/1716 6145/1447/1717
f 6111/1452/1718 6126/1523/1651 6133/1451/1718
f 6156/1453/1719 6102/1454/1720 6154/1455/1721
f 6104/1418/1722 6132/1457/1718 6105/1456/1718
f 6143/1458/1723 6118/1380/1650 6109/1382/1652
f 6102/1511/1649 6114/1460/25 6081/1434/25
f 6148/1461/1724 6117/1462/1725 6090/1392/1663
f 6129/1517/26 6123/1465/26 6132/1463/26
f 6121/1414/25 6127/1467/25 6133/1466/25
f 6125/1468/26 6123/1465/26 6124/1469/26
f 6126/1470/25 6121/1414/25 6133/1466/25
f 6125/1468/26 6135/1471/26 6134/1472/26
f 6126/1470/25 6136/1384/25 6122/1473/25
f 6105/1456/1718 6125/1475/1651 6103/1474/1726
f 6117/1462/1725 6124/1476/1727 6090/1392/1663
f 6100/1412/1684 6122/1473/1727 6089/1383/1653
f 6090/1392/1663 6123/1477/1686 6096/1393/1664
f 6116/1445/1728 6135/1479/1729 6117/1446/1713
f 6111/1452/1718 6127/1480/1722 6110/1481/1722
f 6103/1482/1726 6134/1483/1730 6116/1484/1731
f 6115/1485/1732 6131/1486/1729 6118/1487/1733
f 6110/1481/1709 6128/1488/1693 6086/1489/1710
f 6096/1393/1664 6130/1490/2518 6085/1491/1734
f 6107/1492/1735 6146/1493/1736 6143/1458/1723
f 6115/1485/1732 6146/1516/1715 6145/1447/1717
f 6079/1494/1737 6144/1440/1669 6137/1442/1708
f 6115/1385/1655 6140/1400/1671 6089/1383/1653
f 6079/1495/1738 6142/1402/1673 6097/1401/1672
f 6139/1399/1690 6099/1405/1676 6087/1397/1739
f 6092/1404/1740 6143/1407/1678 6109/1496/1741
f 6098/1374/1742 6138/1408/1743 6141/1403/1674
f 6089/1383/1653 6142/1402/1673 6100/1412/1684
f 6080/1416/1744 6144/1398/1669 6108/1497/1745
f 6081/1498/1746 6155/1499/1747 6148/1461/1724
f 6116/1484/1731 6154/1455/1721 6103/1482/1726
f 6114/1501/1748 6156/1515/1712 6155/1444/1714
f 6104/1520/1694 6149/1429/1700 6085/1502/1692
f 6084/1394/1749 6152/1390/1661 6094/1389/1660
f 6149/1410/1681 6096/1393/1664 6085/1491/1734
f 6088/1433/1750 6153/1395/1666 6104/1503/1694
f 6093/1504/1751 6148/1461/1724 6151/1391/1662
f 6091/1386/1752 6152/1390/1661 6095/1411/1683
f 6082/1378/1753 6154/1387/1657 6102/1505/1754
f 6178/1374/1755 6188/1375/1756 6192/1376/1757
f 6186/1377/1758 6162/1378/1759 6182/1379/1760
f 6198/1380/3 6206/1381/1761 6189/1382/1762
f 6169/1383/1763 6216/1384/21 6195/1385/21
f 6171/1386/1764 6234/1387/1765 6230/1388/2519
f 6230/1388/1767 6174/1389/1768 6232/1390/1769
f 6231/1391/1770 6170/1392/1771 6176/1393/1772
f 6164/1394/1773 6233/1395/1774 6227/1396/1775
f 6167/1397/1776 6224/1398/1777 6219/1399/1778
f 6220/1400/21 6177/1401/1779 6222/1402/1780
f 6221/1403/1769 6172/1404/1781 6179/1405/1782
f 6158/1406/1783 6223/1407/1784 6218/1408/1785
f 6163/1409/1786 6231/1391/1770 6229/1410/1787
f 6227/1396/1788 6175/1411/1789 6232/1390/1769
f 6180/1412/1792 6208/1413/1831 6201/1414/1791
f 6181/1415/1793 6174/1389/1794 6186/1377/1758
f 6160/1416/1795 6221/1403/1769 6219/1399/1796
f 6217/1417/1797 6180/1412/1792 6222/1402/1780
f 6165/1507/1798 6209/1420/1799 6184/1418/1800
f 6158/1406/1801 6192/1376/1757 6187/1421/1802
f 6163/1422/25 6186/1423/1758 6173/1424/25
f 6171/1386/1803 6185/1425/1804 6183/1426/1805
f 6229/1429/1806 6181/1509/1807 6163/1428/1808
f 6157/1430/26 6200/1431/26 6187/1432/1802
f 6168/1433/1809 6185/1425/1804 6175/1411/1810
f 6173/1424/25 6182/1511/1760 6161/1434/25
f 6187/1432/1802 6177/1436/26 6157/1430/26
f 6172/1404/1811 6191/1437/1812 6179/1405/1813
f 6225/1438/21 6157/1439/21 6220/1400/21
f 6224/1440/1777 6166/1441/1814 6217/1442/1815
f 6191/1437/1812 6167/1397/1816 6179/1405/1813
f 6192/1435/1757 6159/1443/26 6177/1436/26
f 6236/1515/1817 6197/1446/1818 6235/1444/1819
f 6225/1447/1820 6200/1448/1821 6199/1449/1822
f 6189/1450/1762 6213/1451/1823 6191/1452/1823
f 6236/1453/3 6182/1454/3 6234/1455/3
f 6184/1418/1824 6212/1457/1823 6185/1456/1823
f 6223/1458/3 6198/1380/3 6189/1382/1762
f 6161/1434/25 6193/1459/25 6194/1460/25
f 6228/1461/21 6197/1462/21 6170/1392/1771
f 6212/1463/26 6210/1464/26 6203/1465/26
f 6213/1466/25 6208/1413/25 6207/1467/25
f 6205/1468/26 6203/1465/26 6204/1469/26
f 6206/1470/25 6201/1414/25 6213/1466/25
f 6204/1469/26 6214/1472/26 6205/1468/26
f 6202/1473/25 6211/1518/25 6216/1384/25
f 6185/1456/1823 6205/1475/1761 6183/1474/1762
f 6197/1462/21 6204/1476/1825 6170/1392/1771
f 6180/1412/1792 6202/1473/1825 6169/1383/1763
f 6170/1392/1771 6203/1477/1791 6176/1393/1772
f 6196/1445/1826 6215/1479/1827 6197/1446/1818
f 6191/1452/1823 6207/1480/1824 6190/1481/1824
f 6183/1482/1762 6214/1483/3 6196/1484/3
f 6195/1485/1828 6211/1486/1827 6198/1487/1829
f 6190/1481/1830 6208/1488/1799 6166/1489/1814
f 6176/1393/1772 6210/1490/1831 6165/1491/1832
f 6187/1492/3 6226/1493/3 6223/1458/3
f 6195/1485/1828 6226/1516/1833 6225/1447/1820
f 6188/1519/1834 6217/1442/1815 6159/1494/1835
f 6195/1385/21 6220/1400/21 6169/1383/1763
f 6159/1495/1836 6222/1402/1780 6177/1401/1779
f 6219/1399/1796 6179/1405/1782 6167/1397/1837
f 6172/1404/1838 6223/1407/1784 6189/1496/1839
f 6178/1374/1840 6218/1408/1767 6221/1403/1769
f 6169/1383/1763 6222/1402/1780 6180/1412/1792
f 6160/1416/1841 6224/1398/1777 6188/1497/1834
f 6161/1498/21 6235/1499/21 6228/1461/21
f 6196/1484/3 6234/1455/3 6183/1482/1762
f 6193/1500/1842 6235/1444/1819 6194/1501/1843
f 6165/1502/1798 6233/1427/1774 6229/1429/1806
f 6164/1394/1844 6232/1390/1769 6174/1389/1768
f 6229/1410/1787 6176/1393/1772 6165/1491/1832
f 6168/1433/1845 6233/1395/1774 6184/1503/1800
f 6173/1504/1846 6228/1461/21 6231/1391/1770
f 6171/1386/1847 6232/1390/1769 6175/1411/1789
f 6162/1378/1848 6234/1387/1765 6182/1505/1849
f 6258/1374/1801 6268/1375/1850 6272/1376/1851
f 6266/1377/1852 6242/1378/1759 6262/1379/1853
f 6278/1380/3 6286/1381/3 6269/1382/3
f 6249/1383/21 6296/1384/21 6275/1385/21
f 6251/1386/1854 6314/1387/1855 6310/1388/1856
f 6310/1388/1767 6254/1389/1767 6312/1390/1767
f 6311/1391/21 6250/1392/21 6256/1393/21
f 6244/1394/1857 6313/1395/1858 6307/1396/1859
f 6247/1397/1860 6304/1398/1861 6299/1399/1862
f 6300/1400/21 6257/1401/21 6302/1402/21
f 6301/1403/1767 6252/1404/1767 6259/1405/1767
f 6238/1406/1863 6303/1407/1864 6298/1408/1865
f 6243/1409/21 6311/1391/21 6309/1410/21
f 6307/1396/1767 6255/1411/1767 6312/1390/1767
f 6260/1412/21 6288/1413/21 6281/1414/21
f 6261/1415/1866 6254/1389/1759 6266/1377/1852
f 6240/1416/1767 6301/1403/1767 6299/1399/1767
f 6297/1417/21 6260/1412/21 6302/1402/21
f 6245/1507/1867 6289/1420/1868 6264/1418/1869
f 6238/1406/1801 6272/1376/1851 6267/1421/1870
f 6243/1422/25 6266/1423/1852 6253/1424/25
f 6251/1386/1801 6265/1425/1801 6263/1426/1801
f 6309/1429/1871 6261/1509/1872 6243/1428/1873
f 6237/1430/26 6280/1431/26 6267/1432/1870
f 6248/1433/1801 6265/1425/1801 6255/1411/1801
f 6253/1424/25 6262/1511/1853 6241/1434/25
f 6267/1432/1870 6257/1436/26 6237/1430/26
f 6252/1404/1759 6271/1437/1759 6259/1405/1759
f 6305/1438/21 6237/1439/21 6300/1400/21
f 6304/1440/1861 6246/1441/1874 6297/1442/1875
f 6271/1437/1759 6247/1397/1759 6259/1405/1759
f 6272/1435/1851 6239/1443/26 6257/1436/26
f 6316/1515/1876 6277/1446/1877 6315/1444/1878
f 6305/1447/1879 6280/1448/1880 6279/1449/1881
f 6269/1450/3 6293/1451/3 6271/1452/3
f 6316/1453/3 6262/1454/3 6314/1455/3
f 6264/1418/3 6292/1457/3 6265/1456/3
f 6303/1458/3 6278/1380/3 6269/1382/3
f 6241/1434/25 6273/1459/25 6274/1460/25
f 6308/1461/21 6277/1462/21 6250/1392/21
f 6292/1463/26 6290/1464/26 6283/1465/26
f 6293/1466/25 6288/1413/25 6287/1467/25
f 6285/1468/26 6283/1465/26 6284/1469/26
f 6286/1470/25 6281/1414/25 6293/1466/25
f 6284/1469/26 6294/1472/26 6285/1468/26
f 6282/1473/25 6291/1518/25 6296/1384/25
f 6265/1456/3 6285/1475/3 6263/1474/3
f 6250/1392/21 6295/1525/21 6284/1476/21
f 6260/1412/21 6282/1473/21 6249/1383/21
f 6250/1392/21 6283/1477/21 6256/1393/21
f 6276/1445/1882 6295/1479/1883 6277/1446/1877
f 6271/1452/3 6287/1480/3 6270/1481/3
f 6263/1482/3 6294/1483/3 6276/1484/3
f 6275/1485/2520 6291/1486/1883 6278/1487/2521
f 6270/1481/1885 6288/1488/1868 6246/1489/1874
f 6256/1393/21 6290/1490/21 6245/1491/21
f 6267/1492/3 6306/1493/3 6303/1458/3
f 6275/1485/2520 6306/1516/1887 6305/1447/1879
f 6268/1519/1888 6297/1442/1875 6239/1494/1889
f 6275/1385/21 6300/1400/21 6249/1383/21
f 6239/1495/21 6302/1402/21 6257/1401/21
f 6299/1399/1767 6259/1405/1767 6247/1397/1767
f 6252/1404/1890 6303/1407/1864 6269/1496/1891
f 6258/1374/1767 6298/1408/1767 6301/1403/1767
f 6249/1383/21 6302/1402/21 6260/1412/21
f 6240/1416/1892 6304/1398/1861 6268/1497/1888
f 6241/1498/21 6315/1499/21 6308/1461/21
f 6276/1484/3 6314/1455/3 6263/1482/3
f 6273/1500/1893 6315/1444/1878 6274/1501/1894
f 6245/1502/1867 6313/1427/1858 6309/1429/1871
f 6244/1394/1767 6312/1390/1767 6254/1389/1767
f 6309/1410/21 6256/1393/21 6245/1491/21
f 6248/1433/1895 6313/1395/1858 6264/1503/1869
f 6253/1504/21 6308/1461/21 6311/1391/21
f 6251/1386/1767 6312/1390/1767 6255/1411/1767
f 6242/1378/1896 6314/1387/1855 6262/1505/1897
f 6338/1374/1898 6348/1375/1899 6352/1376/1900
f 6346/1377/1901 6322/1378/1902 6342/1379/1903
f 6358/1380/3 6366/1381/3 6349/1382/3
f 6329/1383/21 6376/1384/21 6355/1385/21
f 6331/1386/1904 6394/1387/1905 6390/1388/1906
f 6390/1388/1767 6334/1389/1767 6392/1390/1767
f 6391/1391/21 6330/1392/21 6336/1393/21
f 6324/1394/1907 6393/1395/1908 6387/1396/1909
f 6327/1397/1910 6384/1398/1911 6379/1399/1912
f 6380/1400/21 6337/1401/21 6382/1402/21
f 6381/1403/1767 6332/1404/1767 6339/1405/1767
f 6318/1406/1913 6383/1407/1914 6378/1408/1915
f 6323/1409/21 6391/1391/21 6389/1410/21
f 6387/1396/1767 6335/1411/1767 6392/1390/1767
f 6326/1506/21 6361/1414/21 6340/1412/21
f 6341/1415/1916 6334/1389/1902 6346/1377/1901
f 6320/1416/1767 6381/1403/1767 6379/1399/1767
f 6377/1417/21 6340/1412/21 6382/1402/21
f 6325/1507/1917 6369/1420/1918 6344/1418/1919
f 6318/1406/1898 6352/1376/1900 6347/1421/1920
f 6323/1422/25 6346/1423/1901 6333/1424/25
f 6331/1386/1898 6345/1425/1898 6343/1426/1898
f 6389/1429/1921 6341/1509/1922 6323/1428/1923
f 6317/1430/26 6360/1431/26 6347/1432/1920
f 6328/1433/1801 6345/1425/1898 6335/1411/1898
f 6333/1424/25 6342/1511/1903 6321/1434/25
f 6347/1432/1920 6337/1436/26 6317/1430/26
f 6332/1404/1902 6351/1437/1902 6339/1405/1902
f 6385/1438/21 6317/1439/21 6380/1400/21
f 6384/1440/1911 6326/1441/1924 6377/1442/1925
f 6351/1437/1902 6327/1397/1759 6339/1405/1902
f 6352/1435/1900 6319/1443/26 6337/1436/26
f 6396/1515/1926 6357/1446/1927 6395/1444/1928
f 6385/1447/1929 6360/1448/1930 6359/1449/1931
f 6349/1450/3 6373/1451/3 6351/1452/3
f 6396/1453/3 6342/1454/3 6394/1455/3
f 6344/1418/3 6372/1457/3 6345/1456/3
f 6383/1458/3 6358/1380/3 6349/1382/3
f 6321/1434/25 6353/1459/25 6354/1460/25
f 6388/1461/21 6357/1462/21 6330/1392/21
f 6372/1463/26 6370/1464/26 6363/1465/26
f 6373/1466/25 6368/1413/25 6367/1467/25
f 6365/1468/26 6363/1465/26 6364/1469/26
f 6366/1470/25 6361/1414/25 6373/1466/25
f 6364/1469/26 6374/1472/26 6365/1468/26
f 6362/1473/25 6371/1518/25 6376/1384/25
f 6345/1456/3 6365/1475/3 6343/1474/3
f 6357/1462/21 6364/1476/21 6330/1392/21
f 6340/1412/21 6362/1473/21 6329/1383/21
f 6336/1393/21 6364/1476/21 6363/1477/21
f 6356/1445/1932 6375/1479/1933 6357/1446/1927
f 6351/1452/3 6367/1480/3 6350/1481/3
f 6343/1482/3 6374/1483/3 6356/1484/3
f 6355/1485/1934 6371/1486/1933 6358/1487/1935
f 6350/1481/1936 6368/1488/1918 6326/1489/1924
f 6336/1393/21 6370/1490/21 6325/1491/21
f 6347/1492/3 6386/1493/3 6383/1458/3
f 6355/1485/1934 6386/1516/1937 6385/1447/1929
f 6348/1519/1938 6377/1442/1925 6319/1494/1939
f 6355/1385/21 6380/1400/21 6329/1383/21
f 6319/1495/21 6382/1402/21 6337/1401/21
f 6379/1399/1767 6339/1405/1767 6327/1397/1767
f 6332/1404/1940 6383/1407/1914 6349/1496/1941
f 6338/1374/1767 6378/1408/1767 6381/1403/1767
f 6329/1383/21 6382/1402/21 6340/1412/21
f 6320/1416/1942 6384/1398/1911 6348/1497/1938
f 6321/1498/21 6395/1499/21 6388/1461/21
f 6356/1484/3 6394/1455/3 6343/1482/3
f 6353/1500/1943 6395/1444/1928 6354/1501/1944
f 6325/1502/1917 6393/1427/1908 6389/1429/1921
f 6324/1394/1767 6392/1390/1767 6334/1389/1767
f 6389/1410/21 6336/1393/21 6325/1491/21
f 6328/1433/1945 6393/1395/1908 6344/1503/1919
f 6333/1504/21 6388/1461/21 6391/1391/21
f 6331/1386/1767 6392/1390/1767 6335/1411/1767
f 6322/1378/1946 6394/1387/1905 6342/1505/1947
f 6418/1374/1898 6428/1375/1948 6432/1376/1900
f 6426/1377/1901 6402/1378/1902 6422/1379/1949
f 6438/1380/3 6446/1381/3 6429/1382/3
f 6435/1385/21 6442/1473/21 6456/1384/21
f 6411/1386/1950 6474/1387/1951 6470/1388/1952
f 6470/1388/1767 6414/1389/1767 6472/1390/1767
f 6471/1391/21 6410/1392/21 6416/1393/21
f 6404/1394/1953 6473/1395/1954 6467/1396/1955
f 6407/1397/1956 6464/1398/1957 6459/1399/1958
f 6460/1400/21 6417/1401/21 6462/1402/21
f 6461/1403/1767 6412/1404/1767 6419/1405/1767
f 6398/1406/1959 6463/1407/1960 6458/1408/1961
f 6403/1409/21 6471/1391/21 6469/1410/21
f 6467/1396/1767 6415/1411/1767 6472/1390/1767
f 6406/1506/21 6441/1414/21 6420/1412/21
f 6421/1415/1962 6414/1389/1902 6426/1377/1901
f 6400/1416/1767 6461/1403/1767 6459/1399/1767
f 6457/1417/21 6420/1412/21 6462/1402/21
f 6405/1507/1963 6449/1420/1964 6424/1418/1965
f 6398/1406/1898 6432/1376/1900 6427/1421/1966
f 6403/1422/25 6426/1423/1901 6413/1424/25
f 6411/1386/1898 6425/1425/1898 6423/1426/1898
f 6469/1429/1967 6421/1509/1968 6403/1428/1969
f 6397/1430/26 6440/1431/26 6427/1432/1966
f 6408/1433/1898 6425/1425/1898 6415/1411/1898
f 6413/1424/25 6422/1511/1949 6401/1434/25
f 6427/1432/1966 6417/1436/26 6397/1430/26
f 6412/1404/1902 6431/1437/1902 6419/1405/1902
f 6465/1438/21 6397/1439/21 6460/1400/21
f 6464/1440/1957 6406/1441/1970 6457/1442/1971
f 6431/1437/1902 6407/1397/1902 6419/1405/1902
f 6432/1435/1900 6399/1443/26 6417/1436/26
f 6476/1515/1972 6437/1446/1973 6475/1444/1974
f 6465/1447/1975 6440/1448/1976 6439/1449/1977
f 6429/1450/3 6453/1451/3 6431/1452/3
f 6476/1453/3 6422/1454/3 6474/1455/3
f 6424/1418/3 6452/1457/3 6425/1456/3
f 6463/1458/3 6438/1380/3 6429/1382/3
f 6401/1434/25 6433/1459/25 6434/1460/25
f 6468/1461/21 6437/1462/21 6410/1392/21
f 6452/1463/26 6450/1464/26 6443/1465/26
f 6453/1466/25 6448/1413/25 6447/1467/25
f 6445/1468/26 6443/1465/26 6444/1469/26
f 6446/1470/25 6441/1414/25 6453/1466/25
f 6444/1469/26 6454/1472/26 6445/1468/26
f 6442/1473/25 6451/1518/25 6456/1384/25
f 6425/1456/3 6445/1475/3 6423/1474/3
f 6437/1462/21 6444/1476/21 6410/1392/21
f 6420/1412/21 6442/1473/21 6409/1383/21
f 6410/1392/21 6443/1477/21 6416/1393/21
f 6436/1445/1978 6455/1479/1979 6437/1446/1973
f 6431/1452/3 6447/1480/3 6430/1481/3
f 6423/1482/3 6454/1483/3 6436/1484/3
f 6435/1485/1980 6451/1486/1979 6438/1487/1981
f 6430/1481/1982 6448/1488/1964 6406/1489/1970
f 6405/1491/21 6443/1477/21 6450/1490/21
f 6427/1492/3 6466/1493/3 6463/1458/3
f 6435/1485/1980 6466/1516/1983 6465/1447/1975
f 6428/1519/1984 6457/1442/1971 6399/1494/1985
f 6435/1385/21 6460/1400/21 6409/1383/21
f 6399/1495/21 6462/1402/21 6417/1401/21
f 6459/1399/1767 6419/1405/1767 6407/1397/1767
f 6412/1404/1986 6463/1407/1960 6429/1496/1987
f 6418/1374/1767 6458/1408/1767 6461/1403/1767
f 6409/1383/21 6462/1402/21 6420/1412/21
f 6400/1416/1988 6464/1398/1957 6428/1497/1984
f 6401/1498/21 6475/1499/21 6468/1461/21
f 6436/1484/3 6474/1455/3 6423/1482/3
f 6433/1500/1989 6475/1444/1974 6434/1501/1990
f 6405/1502/1963 6473/1427/1954 6469/1429/1967
f 6404/1394/1767 6472/1390/1767 6414/1389/1767
f 6469/1410/21 6416/1393/21 6405/1491/21
f 6408/1433/1991 6473/1395/1954 6424/1503/1965
f 6413/1504/21 6468/1461/21 6471/1391/21
f 6411/1386/1767 6472/1390/1767 6415/1411/1767
f 6402/1378/1992 6474/1387/1951 6422/1505/1993
f 6498/1374/1898 6508/1375/1994 6512/1376/1900
f 6506/1377/1901 6482/1378/1902 6502/1379/1995
f 6509/1382/3 6531/1521/3 6526/1381/3
f 6489/1383/21 6536/1384/21 6515/1385/21
f 6491/1386/1996 6554/1387/1997 6550/1388/1998
f 6550/1388/3 6494/1389/3 6552/1390/3
f 6551/1391/21 6490/1392/21 6496/1393/21
f 6484/1394/1999 6553/1395/2000 6547/1396/2001
f 6487/1397/2002 6544/1398/2003 6539/1399/2004
f 6540/1400/21 6497/1401/21 6542/1402/21
f 6541/1403/3 6492/1404/3 6499/1405/3
f 6478/1406/2005 6543/1407/2006 6538/1408/2007
f 6483/1409/21 6551/1391/21 6549/1410/21
f 6547/1396/3 6495/1411/3 6552/1390/3
f 6500/1412/21 6528/1413/21 6521/1414/21
f 6501/1415/2008 6494/1389/1902 6506/1377/1901
f 6480/1416/3 6541/1403/3 6539/1399/3
f 6537/1417/21 6500/1412/21 6542/1402/21
f 6485/1507/2009 6529/1420/2010 6504/1418/2011
f 6478/1406/1898 6512/1376/1900 6507/1421/2012
f 6483/1422/25 6506/1423/1901 6493/1424/25
f 6491/1386/1898 6505/1425/1898 6503/1426/1898
f 6549/1429/2013 6501/1509/2014 6483/1428/2015
f 6477/1430/26 6520/1431/26 6507/1432/2012
f 6488/1433/1898 6505/1425/1898 6495/1411/1898
f 6493/1424/25 6502/1511/1995 6481/1434/25
f 6507/1432/2012 6497/1436/26 6477/1430/26
f 6492/1404/1902 6511/1437/1902 6499/1405/1902
f 6545/1438/21 6477/1439/21 6540/1400/21
f 6544/1440/2003 6486/1441/2016 6537/1442/2017
f 6511/1437/1902 6487/1397/1902 6499/1405/1902
f 6512/1435/1900 6479/1443/26 6497/1436/26
f 6556/1515/2018 6517/1446/2019 6555/1444/2020
f 6545/1447/2021 6520/1448/2022 6519/1449/2023
f 6509/1450/3 6533/1451/3 6511/1452/3
f 6556/1453/3 6502/1454/3 6554/1455/3
f 6504/1418/3 6532/1457/3 6505/1456/3
f 6543/1458/3 6518/1380/3 6509/1382/3
f 6481/1434/25 6513/1459/25 6514/1460/25
f 6548/1461/21 6517/1462/21 6490/1392/21
f 6532/1463/26 6530/1464/26 6523/1465/26
f 6533/1466/25 6528/1413/25 6527/1467/25
f 6525/1468/26 6523/1465/26 6524/1469/26
f 6526/1470/25 6521/1414/25 6533/1466/25
f 6524/1469/26 6534/1472/26 6525/1468/26
f 6522/1473/25 6531/1518/25 6536/1384/25
f 6505/1456/3 6525/1475/3 6503/1474/3
f 6517/1462/21 6524/1476/21 6490/1392/21
f 6500/1412/21 6522/1473/21 6489/1383/21
f 6490/1392/21 6523/1477/21 6496/1393/21
f 6516/1445/2024 6535/1479/2025 6517/1446/2019
f 6511/1452/3 6527/1480/3 6510/1481/3
f 6503/1482/3 6534/1483/3 6516/1484/3
f 6515/1485/2026 6531/1486/2025 6518/1487/2027
f 6510/1481/2028 6528/1488/2010 6486/1489/2016
f 6496/1393/21 6530/1490/21 6485/1491/21
f 6507/1492/3 6546/1493/3 6543/1458/3
f 6515/1485/2026 6546/1516/2029 6545/1447/2021
f 6508/1519/2030 6537/1442/2017 6479/1494/2031
f 6515/1385/21 6540/1400/21 6489/1383/21
f 6479/1495/21 6542/1402/21 6497/1401/21
f 6539/1399/3 6499/1405/3 6487/1397/3
f 6492/1404/2032 6543/1407/2006 6509/1496/2033
f 6498/1374/3 6538/1408/3 6541/1403/3
f 6489/1383/21 6542/1402/21 6500/1412/21
f 6480/1416/2034 6544/1398/2003 6508/1497/2030
f 6481/1498/21 6555/1499/21 6548/1461/21
f 6516/1484/3 6554/1455/3 6503/1482/3
f 6513/1500/2035 6555/1444/2020 6514/1501/2036
f 6485/1502/2009 6553/1427/2000 6549/1429/2013
f 6484/1394/3 6552/1390/3 6494/1389/3
f 6549/1410/21 6496/1393/21 6485/1491/21
f 6488/1433/2037 6553/1395/2000 6504/1503/2011
f 6493/1504/21 6548/1461/21 6551/1391/21
f 6491/1386/3 6552/1390/3 6495/1411/3
f 6482/1378/2038 6554/1387/1997 6502/1505/2039
f 6578/1374/2040 6588/1375/2041 6592/1376/1900
f 6586/1377/1901 6562/1378/2042 6582/1379/2043
f 6598/1380/3 6606/1381/3 6589/1382/3
f 6569/1383/21 6616/1384/21 6595/1385/21
f 6571/1386/2044 6634/1387/2045 6630/1388/2046
f 6630/1388/3 6574/1389/3 6632/1390/3
f 6631/1391/21 6570/1392/21 6576/1393/21
f 6564/1394/2047 6633/1395/2048 6627/1396/2049
f 6567/1397/2050 6624/1398/2051 6619/1399/2052
f 6620/1400/21 6577/1401/21 6622/1402/21
f 6621/1403/3 6572/1404/3 6579/1405/3
f 6558/1406/2053 6623/1407/2054 6618/1408/2055
f 6563/1409/21 6631/1391/21 6629/1410/21
f 6627/1396/3 6575/1411/3 6632/1390/3
f 6566/1506/21 6601/1414/21 6580/1412/21
f 6581/1415/2056 6574/1389/2042 6586/1377/1901
f 6560/1416/3 6621/1403/3 6619/1399/3
f 6617/1417/21 6580/1412/21 6622/1402/21
f 6565/1507/2057 6609/1420/2058 6584/1418/2059
f 6558/1406/2040 6592/1376/1900 6587/1421/2060
f 6563/1422/25 6586/1423/1901 6573/1424/25
f 6571/1386/2040 6585/1425/2040 6583/1426/2040
f 6629/1429/2061 6581/1509/2062 6563/1428/2063
f 6557/1430/26 6600/1431/26 6587/1432/2060
f 6568/1433/2040 6585/1425/2040 6575/1411/2040
f 6573/1424/25 6582/1511/2043 6561/1434/25
f 6587/1432/2060 6577/1436/26 6557/1430/26
f 6572/1404/2042 6591/1437/2042 6579/1405/2042
f 6625/1438/21 6557/1439/21 6620/1400/21
f 6624/1440/2051 6566/1441/2064 6617/1442/2065
f 6591/1437/2042 6567/1397/2042 6579/1405/2042
f 6592/1435/1900 6559/1443/26 6577/1436/26
f 6636/1515/2066 6597/1446/2067 6635/1444/2068
f 6625/1447/2069 6600/1448/2070 6599/1449/2071
f 6589/1450/3 6613/1451/3 6591/1452/3
f 6636/1453/3 6582/1454/3 6634/1455/3
f 6585/1456/3 6609/1420/3 6612/1457/3
f 6623/1458/3 6598/1380/3 6589/1382/3
f 6561/1434/25 6593/1459/25 6594/1460/25
f 6628/1461/21 6597/1462/21 6570/1392/21
f 6612/1463/26 6610/1464/26 6603/1465/26
f 6613/1466/25 6608/1413/25 6607/1467/25
f 6605/1468/26 6603/1465/26 6604/1469/26
f 6606/1470/25 6601/1414/25 6613/1466/25
f 6604/1469/26 6614/1472/26 6605/1468/26
f 6602/1473/25 6611/1518/25 6616/1384/25
f 6585/1456/3 6605/1475/3 6583/1474/3
f 6570/1392/21 6615/1525/21 6604/1476/21
f 6580/1412/21 6602/1473/21 6569/1383/21
f 6570/1392/21 6603/1477/21 6576/1393/21
f 6596/1445/2072 6615/1479/2073 6597/1446/2067
f 6591/1452/3 6607/1480/3 6590/1481/3
f 6583/1482/3 6614/1483/3 6596/1484/3
f 6595/1485/2074 6611/1486/2073 6598/1487/2075
f 6590/1481/2076 6608/1488/2058 6566/1489/2064
f 6576/1393/21 6610/1490/21 6565/1491/21
f 6587/1492/3 6626/1493/3 6623/1458/3
f 6595/1485/2074 6626/1516/2077 6625/1447/2069
f 6588/1519/2078 6617/1442/2065 6559/1494/2079
f 6595/1385/21 6620/1400/21 6569/1383/21
f 6559/1495/21 6622/1402/21 6577/1401/21
f 6619/1399/3 6579/1405/3 6567/1397/3
f 6572/1404/2080 6623/1407/2054 6589/1496/2081
f 6578/1374/3 6618/1408/3 6621/1403/3
f 6569/1383/21 6622/1402/21 6580/1412/21
f 6560/1416/2082 6624/1398/2051 6588/1497/2078
f 6561/1498/21 6635/1499/21 6628/1461/21
f 6596/1484/3 6634/1455/3 6583/1482/3
f 6593/1500/2083 6635/1444/2068 6594/1501/2084
f 6565/1502/2057 6633/1427/2048 6629/1429/2061
f 6564/1394/3 6632/1390/3 6574/1389/3
f 6629/1410/21 6576/1393/21 6565/1491/21
f 6568/1433/2085 6633/1395/2048 6584/1503/2059
f 6573/1504/21 6628/1461/21 6631/1391/21
f 6571/1386/3 6632/1390/3 6575/1411/3
f 6562/1378/2522 6634/1387/2045 6582/1505/2087
f 6658/1374/2040 6668/1375/2088 6672/1376/1900
f 6666/1377/1901 6642/1378/2042 6662/1379/2089
f 6678/1380/3 6686/1381/3 6669/1382/3
f 6649/1383/21 6696/1384/21 6675/1385/21
f 6651/1386/2090 6714/1387/2091 6710/1388/2092
f 6710/1388/3 6654/1389/3 6712/1390/3
f 6711/1391/21 6650/1392/21 6656/1393/21
f 6644/1394/2093 6713/1395/2094 6707/1396/2095
f 6647/1397/2096 6704/1398/2097 6699/1399/2098
f 6700/1400/21 6657/1401/21 6702/1402/21
f 6701/1403/3 6652/1404/3 6659/1405/3
f 6638/1406/2099 6703/1407/2100 6698/1408/2101
f 6643/1409/21 6711/1391/21 6709/1410/21
f 6707/1396/3 6655/1411/3 6712/1390/3
f 6646/1506/21 6681/1414/21 6660/1412/21
f 6661/1415/2102 6654/1389/2042 6666/1377/1901
f 6640/1416/3 6701/1403/3 6699/1399/3
f 6697/1417/21 6660/1412/21 6702/1402/21
f 6645/1507/2103 6689/1420/2104 6664/1418/2105
f 6638/1406/2040 6672/1376/1900 6667/1421/2106
f 6643/1422/25 6666/1423/1901 6653/1424/25
f 6651/1386/2040 6665/1425/2040 6663/1426/2040
f 6709/1429/2107 6661/1509/2108 6643/1428/2109
f 6667/1432/2106 6679/1510/26 6680/1431/26
f 6648/1433/2040 6665/1425/2040 6655/1411/2040
f 6653/1424/25 6662/1511/2089 6641/1434/25
f 6667/1432/2106 6657/1436/26 6637/1430/26
f 6652/1404/2042 6671/1437/2042 6659/1405/2042
f 6705/1438/21 6637/1439/21 6700/1400/21
f 6704/1440/2097 6646/1441/2110 6697/1442/2111
f 6671/1437/2042 6647/1397/2042 6659/1405/2042
f 6672/1435/1900 6639/1443/26 6657/1436/26
f 6715/1444/2112 6676/1445/2113 6677/1446/2114
f 6706/1516/2115 6679/1449/2116 6705/1447/2117
f 6671/1452/3 6686/1523/3 6693/1451/3
f 6716/1453/3 6662/1454/3 6714/1455/3
f 6664/1418/3 6692/1457/3 6665/1456/3
f 6703/1458/3 6678/1380/3 6669/1382/3
f 6662/1511/2089 6674/1460/25 6641/1434/25
f 6708/1461/21 6677/1462/21 6650/1392/21
f 6692/1463/26 6690/1464/26 6683/1465/26
f 6693/1466/25 6688/1413/25 6687/1467/25
f 6685/1468/26 6683/1465/26 6684/1469/26
f 6686/1470/25 6681/1414/25 6693/1466/25
f 6684/1469/26 6694/1472/26 6685/1468/26
f 6682/1473/25 6691/1518/25 6696/1384/25
f 6665/1456/3 6685/1475/3 6663/1474/3
f 6677/1462/21 6684/1476/21 6650/1392/21
f 6660/1412/21 6682/1473/21 6649/1383/21
f 6656/1393/21 6684/1476/21 6683/1477/21
f 6676/1445/2113 6695/1479/2118 6677/1446/2114
f 6670/1481/3 6693/1451/3 6687/1480/3
f 6676/1484/3 6685/1524/3 6694/1483/3
f 6675/1485/2119 6691/1486/2118 6678/1487/2120
f 6670/1481/2121 6688/1488/2104 6646/1489/2110
f 6656/1393/21 6690/1490/21 6645/1491/21
f 6667/1492/3 6706/1493/3 6703/1458/3
f 6678/1487/2120 6705/1447/2117 6675/1485/2119
f 6668/1519/2122 6697/1442/2111 6639/1494/2123
f 6675/1385/21 6700/1400/21 6649/1383/21
f 6639/1495/21 6702/1402/21 6657/1401/21
f 6699/1399/3 6659/1405/3 6647/1397/3
f 6652/1404/2124 6703/1407/2100 6669/1496/2125
f 6658/1374/3 6698/1408/3 6701/1403/3
f 6649/1383/21 6702/1402/21 6660/1412/21
f 6640/1416/2126 6704/1398/2097 6668/1497/2122
f 6641/1498/21 6715/1499/21 6708/1461/21
f 6676/1484/3 6714/1455/3 6663/1482/3
f 6674/1501/2127 6716/1515/2128 6715/1444/2112
f 6645/1502/2103 6713/1427/2094 6709/1429/2107
f 6644/1394/3 6712/1390/3 6654/1389/3
f 6709/1410/21 6656/1393/21 6645/1491/21
f 6648/1433/2129 6713/1395/2094 6664/1503/2105
f 6653/1504/21 6708/1461/21 6711/1391/21
f 6651/1386/3 6712/1390/3 6655/1411/3
f 6642/1378/2130 6714/1387/2091 6662/1505/2131
f 6752/1376/1900 6720/1416/2040 6748/1375/2132
f 6746/1377/1901 6722/1378/2042 6742/1379/2133
f 6758/1380/3 6766/1381/3 6749/1382/3
f 6729/1383/21 6776/1384/21 6755/1385/21
f 6731/1386/2134 6794/1387/2135 6790/1388/2136
f 6790/1388/3 6734/1389/3 6792/1390/3
f 6791/1391/21 6730/1392/21 6736/1393/21
f 6724/1394/2137 6793/1395/2138 6787/1396/2139
f 6727/1397/2140 6784/1398/2141 6779/1399/2142
f 6780/1400/21 6737/1401/21 6782/1402/21
f 6781/1403/3 6732/1404/3 6739/1405/3
f 6718/1406/2143 6783/1407/2144 6778/1408/2145
f 6723/1409/21 6791/1391/21 6789/1410/21
f 6787/1396/3 6735/1411/3 6792/1390/3
f 6726/1506/21 6761/1414/21 6740/1412/21
f 6724/1394/2042 6746/1377/1901 6741/1415/2146
f 6720/1416/3 6781/1403/3 6779/1399/3
f 6777/1417/21 6740/1412/21 6782/1402/21
f 6725/1507/2147 6769/1420/2148 6744/1418/2149
f 6718/1406/2040 6752/1376/1900 6747/1421/2150
f 6741/1508/2146 6733/1424/25 6723/1422/25
f 6735/1411/2040 6743/1426/2040 6731/1386/2040
f 6793/1427/2138 6723/1428/2151 6789/1429/2152
f 6747/1432/2150 6759/1510/26 6760/1431/26
f 6728/1433/2040 6745/1425/2040 6735/1411/2040
f 6746/1423/1901 6721/1434/25 6733/1424/25
f 6717/1430/26 6752/1435/1900 6737/1436/26
f 6749/1512/2042 6739/1405/2042 6732/1404/2042
f 6785/1438/21 6717/1439/21 6780/1400/21
f 6777/1442/2153 6750/1513/2154 6726/1441/2155
f 6751/1437/2042 6727/1397/2042 6739/1405/2042
f 6737/1436/26 6748/1514/2132 6719/1443/26
f 6795/1444/2156 6756/1445/2157 6757/1446/2158
f 6786/1516/2159 6759/1449/2160 6785/1447/2161
f 6749/1450/3 6773/1451/3 6751/1452/3
f 6796/1453/3 6742/1454/3 6794/1455/3
f 6744/1418/3 6772/1457/3 6745/1456/3
f 6783/1458/3 6758/1380/3 6749/1382/3
f 6742/1511/2133 6754/1460/25 6721/1434/25
f 6788/1461/21 6757/1462/21 6730/1392/21
f 6769/1517/26 6763/1465/26 6772/1463/26
f 6761/1414/25 6767/1467/25 6773/1466/25
f 6772/1463/26 6764/1469/26 6765/1468/26
f 6762/1473/25 6773/1466/25 6766/1470/25
f 6765/1468/26 6775/1471/26 6774/1472/26
f 6766/1470/25 6776/1384/25 6762/1473/25
f 6745/1456/3 6765/1475/3 6743/1474/3
f 6757/1462/21 6764/1476/21 6730/1392/21
f 6729/1383/21 6761/1414/21 6762/1473/21
f 6730/1392/21 6763/1477/21 6736/1393/21
f 6756/1445/2157 6775/1479/2162 6757/1446/2158
f 6751/1452/3 6767/1480/3 6750/1481/3
f 6743/1482/3 6774/1483/3 6756/1484/3
f 6755/1485/2163 6771/1486/2162 6758/1487/2164
f 6750/1481/2154 6768/1488/2148 6726/1489/2155
f 6725/1491/21 6763/1477/21 6770/1490/21
f 6747/1492/3 6786/1493/3 6783/1458/3
f 6758/1487/2164 6785/1447/2161 6755/1485/2163
f 6719/1494/2165 6784/1440/2141 6777/1442/2153
f 6755/1385/21 6780/1400/21 6729/1383/21
f 6719/1495/21 6782/1402/21 6737/1401/21
f 6779/1399/3 6739/1405/3 6727/1397/3
f 6732/1404/2166 6783/1407/2144 6749/1496/2167
f 6738/1374/3 6778/1408/3 6781/1403/3
f 6729/1383/21 6782/1402/21 6740/1412/21
f 6720/1416/2168 6784/1398/2141 6748/1497/2169
f 6721/1498/21 6795/1499/21 6788/1461/21
f 6756/1484/3 6794/1455/3 6743/1482/3
f 6754/1501/2170 6796/1515/2171 6795/1444/2156
f 6744/1520/2149 6789/1429/2152 6725/1502/2147
f 6724/1394/3 6792/1390/3 6734/1389/3
f 6789/1410/21 6736/1393/21 6725/1491/21
f 6728/1433/2172 6793/1395/2138 6744/1503/2149
f 6733/1504/21 6788/1461/21 6791/1391/21
f 6731/1386/3 6792/1390/3 6735/1411/3
f 6722/1378/2173 6794/1387/2135 6742/1505/2174
f 6832/1376/1900 6800/1416/2040 6828/1375/2175
f 6826/1377/1901 6802/1378/1902 6822/1379/2176
f 6838/1380/3 6846/1381/3 6829/1382/3
f 6809/1383/21 6856/1384/21 6835/1385/21
f 6811/1386/2177 6874/1387/2178 6870/1388/2179
f 6870/1388/3 6814/1389/3 6872/1390/3
f 6871/1391/21 6810/1392/21 6816/1393/21
f 6804/1394/2180 6873/1395/2181 6867/1396/2182
f 6807/1397/2183 6864/1398/2184 6859/1399/2185
f 6860/1400/21 6817/1401/21 6862/1402/21
f 6861/1403/3 6812/1404/3 6819/1405/3
f 6798/1406/2186 6863/1407/2187 6858/1408/2188
f 6803/1409/21 6871/1391/21 6869/1410/21
f 6867/1396/3 6815/1411/3 6872/1390/3
f 6806/1506/21 6841/1414/21 6820/1412/21
f 6804/1394/2042 6826/1377/1901 6821/1415/2189
f 6800/1416/3 6861/1403/3 6859/1399/3
f 6857/1417/21 6820/1412/21 6862/1402/21
f 6805/1507/2190 6849/1420/2191 6824/1418/2192
f 6798/1406/1898 6832/1376/1900 6827/1421/2193
f 6821/1508/2189 6813/1424/25 6803/1422/25
f 6815/1411/2040 6823/1426/2040 6811/1386/2040
f 6873/1427/2181 6803/1428/2194 6869/1429/2195
f 6827/1432/2193 6839/1510/26 6840/1431/26
f 6808/1433/2040 6825/1425/2040 6815/1411/2040
f 6826/1423/1901 6801/1434/25 6813/1424/25
f 6797/1430/26 6832/1435/1900 6817/1436/26
f 6829/1512/2042 6819/1405/2042 6812/1404/2042
f 6865/1438/21 6797/1439/21 6860/1400/21
f 6857/1442/2196 6830/1513/2197 6806/1441/2198
f 6831/1437/2042 6807/1397/2042 6819/1405/2042
f 6817/1436/26 6828/1514/2175 6799/1443/26
f 6875/1444/2199 6836/1445/2200 6837/1446/2201
f 6866/1516/2202 6839/1449/2203 6865/1447/2204
f 6829/1450/3 6853/1451/3 6831/1452/3
f 6876/1453/3 6822/1454/3 6874/1455/3
f 6824/1418/3 6852/1457/3 6825/1456/3
f 6863/1458/3 6838/1380/3 6829/1382/3
f 6822/1511/2176 6834/1460/25 6801/1434/25
f 6868/1461/21 6837/1462/21 6810/1392/21
f 6849/1517/26 6843/1465/26 6852/1463/26
f 6841/1414/25 6847/1467/25 6853/1466/25
f 6852/1463/26 6844/1469/26 6845/1468/26
f 6842/1473/25 6853/1466/25 6846/1470/25
f 6845/1468/26 6855/1471/26 6854/1472/26
f 6846/1470/25 6856/1384/25 6842/1473/25
f 6823/1474/3 6852/1457/3 6845/1475/3
f 6837/1462/21 6844/1476/21 6810/1392/21
f 6820/1412/21 6842/1473/21 6809/1383/21
f 6810/1392/21 6843/1477/21 6816/1393/21
f 6836/1445/2200 6855/1479/2205 6837/1446/2201
f 6831/1452/3 6847/1480/3 6830/1481/3
f 6836/1484/3 6845/1524/3 6854/1483/3
f 6835/1485/2206 6851/1486/2205 6838/1487/2207
f 6830/1481/2197 6848/1488/2191 6806/1489/2198
f 6816/1393/21 6850/1490/21 6805/1491/21
f 6827/1492/3 6866/1493/3 6863/1458/3
f 6838/1487/2207 6865/1447/2204 6835/1485/2206
f 6799/1494/2208 6864/1440/2184 6857/1442/2196
f 6835/1385/21 6860/1400/21 6809/1383/21
f 6799/1495/21 6862/1402/21 6817/1401/21
f 6859/1399/3 6819/1405/3 6807/1397/3
f 6812/1404/2209 6863/1407/2187 6829/1496/2210
f 6818/1374/3 6858/1408/3 6861/1403/3
f 6809/1383/21 6862/1402/21 6820/1412/21
f 6800/1416/2211 6864/1398/2184 6828/1497/2212
f 6801/1498/21 6875/1499/21 6868/1461/21
f 6836/1484/3 6874/1455/3 6823/1482/3
f 6834/1501/2213 6876/1515/2214 6875/1444/2199
f 6824/1520/2192 6869/1429/2195 6805/1502/2190
f 6804/1394/3 6872/1390/3 6814/1389/3
f 6869/1410/21 6816/1393/21 6805/1491/21
f 6808/1433/2215 6873/1395/2181 6824/1503/2192
f 6813/1504/21 6868/1461/21 6871/1391/21
f 6811/1386/3 6872/1390/3 6815/1411/3
f 6802/1378/2216 6874/1387/2178 6822/1505/2217
f 6912/1376/1900 6880/1416/1898 6908/1375/2218
f 6906/1377/1901 6882/1378/1902 6902/1379/2219
f 6918/1380/3 6926/1381/3 6909/1382/3
f 6889/1383/21 6936/1384/21 6915/1385/21
f 6891/1386/2220 6954/1387/2221 6950/1388/2222
f 6950/1388/3 6894/1389/3 6952/1390/3
f 6951/1391/21 6890/1392/21 6896/1393/21
f 6884/1394/2223 6953/1395/2224 6947/1396/2225
f 6887/1397/2226 6944/1398/2227 6939/1399/2228
f 6940/1400/21 6897/1401/21 6942/1402/21
f 6941/1403/3 6892/1404/3 6899/1405/3
f 6878/1406/2229 6943/1407/2230 6938/1408/2231
f 6883/1409/21 6951/1391/21 6949/1410/21
f 6947/1396/3 6895/1411/3 6952/1390/3
f 6900/1412/21 6928/1413/21 6921/1414/21
f 6884/1394/1902 6906/1377/1901 6901/1415/2232
f 6880/1416/3 6941/1403/3 6939/1399/3
f 6937/1417/21 6900/1412/21 6942/1402/21
f 6885/1507/2233 6929/1420/2234 6904/1418/2235
f 6878/1406/1898 6912/1376/1900 6907/1421/2236
f 6901/1508/2232 6893/1424/25 6883/1422/25
f 6895/1411/1898 6903/1426/1898 6891/1386/1898
f 6953/1427/2224 6883/1428/2237 6949/1429/2238
f 6907/1432/2236 6919/1510/26 6920/1431/26
f 6888/1433/1898 6905/1425/1898 6895/1411/1898
f 6906/1423/1901 6881/1434/25 6893/1424/25
f 6877/1430/26 6912/1435/1900 6897/1436/26
f 6909/1512/1902 6899/1405/1902 6892/1404/1902
f 6945/1438/21 6877/1439/21 6940/1400/21
f 6937/1442/2239 6910/1513/2240 6886/1441/2241
f 6911/1437/1902 6887/1397/1902 6899/1405/1902
f 6897/1436/26 6908/1514/2218 6879/1443/26
f 6955/1444/2242 6916/1445/2243 6917/1446/2244
f 6946/1516/2245 6919/1449/2523 6945/1447/2247
f 6909/1450/3 6933/1451/3 6911/1452/3
f 6956/1453/3 6902/1454/3 6954/1455/3
f 6904/1418/3 6932/1457/3 6905/1456/3
f 6943/1458/3 6918/1380/3 6909/1382/3
f 6902/1511/2219 6914/1460/25 6881/1434/25
f 6948/1461/21 6917/1462/21 6890/1392/21
f 6929/1517/26 6923/1465/26 6932/1463/26
f 6921/1414/25 6927/1467/25 6933/1466/25
f 6932/1463/26 6924/1469/26 6925/1468/26
f 6922/1473/25 6933/1466/25 6926/1470/25
f 6925/1468/26 6935/1471/26 6934/1472/26
f 6926/1470/25 6936/1384/25 6922/1473/25
f 6905/1456/3 6925/1475/3 6903/1474/3
f 6917/1462/21 6924/1476/21 6890/1392/21
f 6900/1412/21 6922/1473/21 6889/1383/21
f 6890/1392/21 6923/1477/21 6896/1393/21
f 6916/1445/2243 6935/1479/2248 6917/1446/2244
f 6911/1452/3 6927/1480/3 6910/1481/3
f 6903/1482/3 6934/1483/3 6916/1484/3
f 6915/1485/2249 6931/1486/2248 6918/1487/2250
f 6910/1481/2240 6928/1488/2234 6886/1489/2241
f 6896/1393/21 6930/1490/21 6885/1491/21
f 6907/1492/3 6946/1493/3 6943/1458/3
f 6918/1487/2250 6945/1447/2247 6915/1485/2249
f 6879/1494/2251 6944/1440/2227 6937/1442/2239
f 6915/1385/21 6940/1400/21 6889/1383/21
f 6879/1495/21 6942/1402/21 6897/1401/21
f 6939/1399/3 6899/1405/3 6887/1397/3
f 6892/1404/2252 6943/1407/2230 6909/1496/2253
f 6898/1374/3 6938/1408/3 6941/1403/3
f 6889/1383/21 6942/1402/21 6900/1412/21
f 6880/1416/2254 6944/1398/2227 6908/1497/2255
f 6881/1498/21 6955/1499/21 6948/1461/21
f 6916/1484/3 6954/1455/3 6903/1482/3
f 6914/1501/2524 6956/1515/2257 6955/1444/2242
f 6904/1520/2235 6949/1429/2238 6885/1502/2233
f 6884/1394/3 6952/1390/3 6894/1389/3
f 6949/1410/21 6896/1393/21 6885/1491/21
f 6888/1433/2258 6953/1395/2224 6904/1503/2235
f 6893/1504/21 6948/1461/21 6951/1391/21
f 6891/1386/3 6952/1390/3 6895/1411/3
f 6882/1378/2259 6954/1387/2221 6902/1505/2260
f 6992/1376/1900 6960/1416/1898 6988/1375/2261
f 6986/1377/1901 6962/1378/1902 6982/1379/2262
f 6998/1380/3 7006/1381/3 6989/1382/3
f 6969/1383/21 7016/1384/21 6995/1385/21
f 6971/1386/2263 7034/1387/2264 7030/1388/2265
f 7030/1388/2266 6974/1389/2266 7032/1390/2266
f 7031/1391/21 6970/1392/21 6976/1393/21
f 6964/1394/2267 7033/1395/2268 7027/1396/2269
f 6967/1397/2270 7024/1398/2271 7019/1399/2272
f 7020/1400/21 6977/1401/21 7022/1402/21
f 7021/1403/2266 6972/1404/2266 6979/1405/2266
f 6958/1406/2273 7023/1407/2274 7018/1408/2275
f 6963/1409/21 7031/1391/21 7029/1410/21
f 7027/1396/2266 6975/1411/2266 7032/1390/2266
f 6966/1506/21 7001/1414/21 6980/1412/21
f 6964/1394/1902 6986/1377/1901 6981/1415/2276
f 6960/1416/2266 7021/1403/2266 7019/1399/2266
f 7017/1417/21 6980/1412/21 7022/1402/21
f 6965/1507/2277 7009/1420/2278 6984/1418/2279
f 6958/1406/1898 6992/1376/1900 6987/1421/2280
f 6981/1508/2276 6973/1424/25 6963/1422/25
f 6975/1411/1898 6983/1426/1898 6971/1386/1898
f 7033/1427/2268 6963/1428/2281 7029/1429/2282
f 6987/1432/2280 6999/1510/26 7000/1431/26
f 6968/1433/1898 6985/1425/1898 6975/1411/1898
f 6986/1423/1901 6961/1434/25 6973/1424/25
f 6957/1430/26 6992/1435/1900 6977/1436/26
f 6989/1512/1902 6979/1405/1902 6972/1404/1902
f 7025/1438/21 6957/1439/21 7020/1400/21
f 7017/1442/2283 6990/1513/2284 6966/1441/2285
f 6991/1437/1902 6967/1397/1902 6979/1405/1902
f 6977/1436/26 6988/1514/2261 6959/1443/26
f 7035/1444/2286 6996/1445/2287 6997/1446/2288
f 7026/1516/2289 6999/1449/2290 7025/1447/2291
f 6989/1450/3 7013/1451/3 6991/1452/3
f 7036/1453/3 6982/1454/3 7034/1455/3
f 6984/1418/3 7012/1457/3 6985/1456/3
f 7023/1458/3 6998/1380/3 6989/1382/3
f 6982/1511/2262 6994/1460/25 6961/1434/25
f 7028/1461/21 6997/1462/21 6970/1392/21
f 7009/1517/26 7003/1465/26 7012/1463/26
f 7001/1414/25 7007/1467/25 7013/1466/25
f 7012/1463/26 7004/1469/26 7005/1468/26
f 7002/1473/25 7013/1466/25 7006/1470/25
f 7005/1468/26 7015/1471/26 7014/1472/26
f 7006/1470/25 7016/1384/25 7002/1473/25
f 6985/1456/3 7005/1475/3 6983/1474/3
f 6970/1392/21 7015/1525/21 7004/1476/21
f 6980/1412/21 7002/1473/21 6969/1383/21
f 6970/1392/21 7003/1477/21 6976/1393/21
f 6996/1445/2287 7015/1479/2292 6997/1446/2288
f 6990/1481/3 7013/1451/3 7007/1480/3
f 6983/1482/3 7014/1483/3 6996/1484/3
f 6995/1485/2293 7011/1486/2292 6998/1487/2294
f 6990/1481/2284 7008/1488/2278 6966/1489/2285
f 6976/1393/21 7010/1490/21 6965/1491/21
f 6987/1492/3 7026/1493/3 7023/1458/3
f 6998/1487/2294 7025/1447/2291 6995/1485/2293
f 6959/1494/2295 7024/1440/2271 7017/1442/2283
f 6995/1385/21 7020/1400/21 6969/1383/21
f 6959/1495/21 7022/1402/21 6977/1401/21
f 7019/1399/2266 6979/1405/2266 6967/1397/2266
f 6972/1404/2296 7023/1407/2274 6989/1496/2297
f 6978/1374/2266 7018/1408/2266 7021/1403/2266
f 6969/1383/21 7022/1402/21 6980/1412/21
f 6960/1416/2298 7024/1398/2271 6988/1497/2299
f 6961/1498/21 7035/1499/21 7028/1461/21
f 6996/1484/3 7034/1455/3 6983/1482/3
f 6994/1501/2300 7036/1515/2301 7035/1444/2286
f 6984/1520/2279 7029/1429/2282 6965/1502/2277
f 6964/1394/2266 7032/1390/2266 6974/1389/2266
f 7029/1410/21 6976/1393/21 6965/1491/21
f 6968/1433/2302 7033/1395/2268 6984/1503/2279
f 6973/1504/21 7028/1461/21 7031/1391/21
f 6971/1386/2266 7032/1390/2266 6975/1411/2266
f 6962/1378/2303 7034/1387/2264 6982/1505/2304
f 7072/1376/1851 7040/1416/1898 7068/1375/2305
f 7066/1377/1852 7042/1378/1759 7062/1379/2306
f 7078/1380/3 7086/1381/3 7069/1382/3
f 7075/1385/21 7082/1473/21 7096/1384/21
f 7051/1386/2307 7114/1387/2308 7110/1388/2309
f 7110/1388/2266 7054/1389/2266 7112/1390/2266
f 7111/1391/21 7050/1392/21 7056/1393/21
f 7044/1394/2310 7113/1395/2311 7107/1396/2312
f 7047/1397/2313 7104/1398/2314 7099/1399/2315
f 7100/1400/21 7057/1401/21 7102/1402/21
f 7101/1403/2266 7052/1404/2266 7059/1405/2266
f 7038/1406/2316 7103/1407/2317 7098/1408/2318
f 7043/1409/21 7111/1391/21 7109/1410/21
f 7107/1396/2266 7055/1411/2266 7112/1390/2266
f 7046/1506/21 7081/1414/21 7060/1412/21
f 7044/1394/1902 7066/1377/1852 7061/1415/2319
f 7040/1416/2266 7101/1403/2266 7099/1399/2266
f 7097/1417/21 7060/1412/21 7102/1402/21
f 7045/1507/2320 7089/1420/2321 7064/1418/2322
f 7038/1406/1801 7072/1376/1851 7067/1421/2323
f 7061/1508/2319 7053/1424/25 7043/1422/25
f 7055/1411/1898 7063/1426/1898 7051/1386/1801
f 7113/1427/2311 7043/1428/2324 7109/1429/2325
f 7067/1432/2323 7079/1510/26 7080/1431/26
f 7048/1433/1898 7065/1425/1898 7055/1411/1898
f 7066/1423/1852 7041/1434/25 7053/1424/25
f 7037/1430/26 7072/1435/1851 7057/1436/26
f 7069/1512/1902 7059/1405/1902 7052/1404/1759
f 7105/1438/21 7037/1439/21 7100/1400/21
f 7097/1442/2326 7070/1513/2327 7046/1441/2328
f 7071/1437/1902 7047/1397/1902 7059/1405/1902
f 7057/1436/26 7068/1514/2305 7039/1443/26
f 7115/1444/2329 7076/1445/2330 7077/1446/2331
f 7106/1516/2332 7079/1449/2333 7105/1447/2334
f 7069/1450/3 7093/1451/3 7071/1452/3
f 7116/1453/3 7062/1454/3 7114/1455/3
f 7064/1418/3 7092/1457/3 7065/1456/3
f 7103/1458/3 7078/1380/3 7069/1382/3
f 7062/1511/2306 7074/1460/25 7041/1434/25
f 7108/1461/21 7077/1462/21 7050/1392/21
f 7089/1517/26 7083/1465/26 7092/1463/26
f 7081/1414/25 7087/1467/25 7093/1466/25
f 7092/1463/26 7084/1469/26 7085/1468/26
f 7082/1473/25 7093/1466/25 7086/1470/25
f 7085/1468/26 7095/1471/26 7094/1472/26
f 7086/1470/25 7096/1384/25 7082/1473/25
f 7065/1456/3 7085/1475/3 7063/1474/3
f 7077/1462/21 7084/1476/21 7050/1392/21
f 7060/1412/21 7082/1473/21 7049/1383/21
f 7050/1392/21 7083/1477/21 7056/1393/21
f 7077/1446/2331 7094/1478/2335 7095/1479/2335
f 7071/1452/3 7087/1480/3 7070/1481/3
f 7063/1482/3 7094/1483/3 7076/1484/3
f 7075/1485/2336 7091/1486/2335 7078/1487/2337
f 7070/1481/2327 7088/1488/2321 7046/1489/2328
f 7045/1491/21 7083/1477/21 7090/1490/21
f 7067/1492/3 7106/1493/3 7103/1458/3
f 7078/1487/2337 7105/1447/2334 7075/1485/2336
f 7039/1494/2338 7104/1440/2314 7097/1442/2326
f 7075/1385/21 7100/1400/21 7049/1383/21
f 7039/1495/21 7102/1402/21 7057/1401/21
f 7099/1399/2266 7059/1405/2266 7047/1397/2266
f 7052/1404/2339 7103/1407/2317 7069/1496/2340
f 7058/1374/2266 7098/1408/2266 7101/1403/2266
f 7049/1383/21 7102/1402/21 7060/1412/21
f 7040/1416/2341 7104/1398/2314 7068/1497/2342
f 7041/1498/21 7115/1499/21 7108/1461/21
f 7076/1484/3 7114/1455/3 7063/1482/3
f 7074/1501/2343 7116/1515/2344 7115/1444/2329
f 7064/1520/2322 7109/1429/2325 7045/1502/2320
f 7044/1394/2266 7112/1390/2266 7054/1389/2266
f 7109/1410/21 7056/1393/21 7045/1491/21
f 7048/1433/2345 7113/1395/2311 7064/1503/2322
f 7053/1504/21 7108/1461/21 7111/1391/21
f 7051/1386/2266 7112/1390/2266 7055/1411/2266
f 7042/1378/2346 7114/1387/2308 7062/1505/2347
f 7152/1376/1851 7120/1416/1801 7148/1375/2348
f 7146/1377/1852 7122/1378/1759 7142/1379/2349
f 7158/1380/3 7166/1381/3 7149/1382/3
f 7129/1383/21 7176/1384/21 7155/1385/21
f 7131/1386/2350 7194/1387/2351 7190/1388/2352
f 7190/1388/2266 7134/1389/2266 7192/1390/2266
f 7191/1391/21 7130/1392/21 7136/1393/21
f 7124/1394/2353 7193/1395/2354 7187/1396/2355
f 7127/1397/2356 7184/1398/2357 7179/1399/2358
f 7180/1400/21 7137/1401/21 7182/1402/21
f 7181/1403/2266 7132/1404/2266 7139/1405/2266
f 7118/1406/2359 7183/1407/2360 7178/1408/2361
f 7123/1409/21 7191/1391/21 7189/1410/21
f 7187/1396/2266 7135/1411/2266 7192/1390/2266
f 7126/1506/21 7161/1414/21 7140/1412/21
f 7124/1394/1759 7146/1377/1852 7141/1415/2362
f 7120/1416/2266 7181/1403/2266 7179/1399/2266
f 7177/1417/21 7140/1412/21 7182/1402/21
f 7144/1418/2363 7170/1419/2364 7169/1420/2364
f 7118/1406/1801 7152/1376/1851 7147/1421/2365
f 7141/1508/2362 7133/1424/25 7123/1422/25
f 7135/1411/1801 7143/1426/1801 7131/1386/1801
f 7193/1427/2354 7123/1428/2366 7189/1429/2367
f 7147/1432/2365 7159/1510/26 7160/1431/26
f 7128/1433/1801 7145/1425/1801 7135/1411/1801
f 7146/1423/1852 7121/1434/25 7133/1424/25
f 7117/1430/26 7152/1435/1851 7137/1436/26
f 7149/1512/1759 7139/1405/1759 7132/1404/1759
f 7185/1438/21 7117/1439/21 7180/1400/21
f 7177/1442/2368 7150/1513/2369 7126/1441/2370
f 7151/1437/1759 7127/1397/1759 7139/1405/1759
f 7137/1436/26 7148/1514/2348 7119/1443/26
f 7195/1444/2371 7156/1445/2372 7157/1446/2373
f 7186/1516/2374 7159/1449/2375 7185/1447/2376
f 7151/1452/3 7166/1523/3 7173/1451/3
f 7196/1453/3 7142/1454/3 7194/1455/3
f 7144/1418/3 7172/1457/3 7145/1456/3
f 7183/1458/3 7158/1380/3 7149/1382/3
f 7142/1511/2349 7154/1460/25 7121/1434/25
f 7188/1461/21 7157/1462/21 7130/1392/21
f 7169/1517/26 7163/1465/26 7172/1463/26
f 7161/1414/25 7167/1467/25 7173/1466/25
f 7172/1463/26 7164/1469/26 7165/1468/26
f 7162/1473/25 7173/1466/25 7166/1470/25
f 7165/1468/26 7175/1471/26 7174/1472/26
f 7166/1470/25 7176/1384/25 7162/1473/25
f 7145/1456/3 7165/1475/3 7143/1474/3
f 7157/1462/21 7164/1476/21 7130/1392/21
f 7129/1383/21 7161/1414/21 7162/1473/21
f 7130/1392/21 7163/1477/21 7136/1393/21
f 7156/1445/2372 7175/1479/2377 7157/1446/2373
f 7150/1481/3 7173/1451/3 7167/1480/3
f 7143/1482/3 7174/1483/3 7156/1484/3
f 7155/1485/2378 7171/1486/2377 7158/1487/2379
f 7150/1481/2369 7168/1488/2364 7126/1489/2370
f 7136/1393/21 7170/1490/21 7125/1491/21
f 7147/1492/3 7186/1493/3 7183/1458/3
f 7158/1487/2379 7185/1447/2376 7155/1485/2378
f 7119/1494/2380 7184/1440/2357 7177/1442/2368
f 7155/1385/21 7180/1400/21 7129/1383/21
f 7119/1495/21 7182/1402/21 7137/1401/21
f 7179/1399/2266 7139/1405/2266 7127/1397/2266
f 7132/1404/2381 7183/1407/2360 7149/1496/2382
f 7138/1374/2266 7178/1408/2266 7181/1403/2266
f 7129/1383/21 7182/1402/21 7140/1412/21
f 7120/1416/2383 7184/1398/2357 7148/1497/2384
f 7121/1498/21 7195/1499/21 7188/1461/21
f 7156/1484/3 7194/1455/3 7143/1482/3
f 7154/1501/2385 7196/1515/2386 7195/1444/2371
f 7144/1520/2363 7189/1429/2367 7125/1502/2387
f 7124/1394/2266 7192/1390/2266 7134/1389/2266
f 7189/1410/21 7136/1393/21 7125/1491/21
f 7128/1433/2388 7193/1395/2354 7144/1503/2363
f 7133/1504/21 7188/1461/21 7191/1391/21
f 7131/1386/2266 7192/1390/2266 7135/1411/2266
f 7122/1378/2389 7194/1387/2351 7142/1505/2390
f 7232/1376/2391 7200/1416/2392 7228/1375/2393
f 7226/1377/2394 7202/1378/2395 7222/1379/2396
f 7238/1380/2397 7246/1381/2398 7229/1382/2399
f 7209/1383/2400 7256/1384/2401 7235/1385/2402
f 7211/1386/2403 7274/1387/2404 7270/1388/2405
f 7270/1388/2406 7214/1389/2407 7272/1390/2408
f 7271/1391/2409 7210/1392/2410 7216/1393/2411
f 7204/1394/2412 7273/1395/2413 7267/1396/2414
f 7207/1397/2415 7264/1398/2416 7259/1399/2417
f 7260/1400/2418 7217/1401/2419 7262/1402/2420
f 7261/1403/2421 7212/1404/2422 7219/1405/2423
f 7198/1406/2424 7263/1407/2425 7258/1408/2426
f 7203/1409/2427 7271/1391/2409 7269/1410/2428
f 7267/1396/2429 7215/1411/2430 7272/1390/2408
f 7220/1412/2431 7248/1413/21 7241/1414/2432
f 7204/1394/2433 7226/1377/2394 7221/1415/2434
f 7200/1416/2435 7261/1403/2421 7259/1399/2436
f 7257/1417/2437 7220/1412/2431 7262/1402/2420
f 7205/1507/2438 7249/1420/2439 7224/1418/2440
f 7198/1406/2441 7232/1376/2391 7227/1421/2442
f 7221/1508/2434 7213/1424/25 7203/1422/25
f 7215/1411/2443 7223/1426/2444 7211/1386/2445
f 7273/1427/2413 7203/1428/2446 7269/1429/2447
f 7227/1432/2442 7239/1510/26 7240/1431/26
f 7208/1433/1801 7225/1425/2448 7215/1411/2443
f 7213/1424/25 7222/1511/2396 7201/1434/25
f 7227/1432/2442 7217/1436/26 7197/1430/26
f 7229/1512/2449 7219/1405/2450 7212/1404/2451
f 7265/1438/2452 7197/1439/2453 7260/1400/2418
f 7257/1442/2454 7230/1513/2455 7206/1441/2456
f 7231/1437/2457 7207/1397/1759 7219/1405/2450
f 7217/1436/26 7228/1514/2393 7199/1443/26
f 7276/1515/2458 7237/1446/2459 7275/1444/2460
f 7266/1516/2461 7239/1449/2462 7265/1447/2525
f 7229/1450/2399 7253/1451/2464 7231/1452/2464
f 7276/1453/2465 7222/1454/2466 7274/1455/2467
f 7224/1418/3 7252/1457/2464 7225/1456/2464
f 7263/1458/2468 7238/1380/2397 7229/1382/2399
f 7222/1511/2396 7234/1460/25 7201/1434/25
f 7268/1461/2469 7237/1462/2470 7210/1392/2410
f 7249/1517/26 7243/1465/26 7252/1463/26
f 7241/1414/25 7247/1467/25 7253/1466/25
f 7252/1463/26 7244/1469/26 7245/1468/26
f 7242/1473/25 7253/1466/25 7246/1470/25
f 7244/1469/26 7254/1472/26 7245/1468/26
f 7242/1473/25 7251/1518/25 7256/1384/25
f 7225/1456/2464 7245/1475/2398 7223/1474/2471
f 7237/1462/2470 7244/1476/2472 7210/1392/2410
f 7220/1412/2431 7242/1473/2472 7209/1383/2400
f 7210/1392/2410 7243/1477/2432 7216/1393/2411
f 7236/1445/2473 7255/1479/2474 7237/1446/2459
f 7231/1452/2464 7247/1480/3 7230/1481/3
f 7223/1482/2471 7254/1483/2475 7236/1484/2476
f 7235/1485/2477 7251/1486/2474 7238/1487/2478
f 7230/1481/2455 7248/1488/2439 7206/1489/2456
f 7216/1393/2411 7250/1490/21 7205/1491/21
f 7227/1492/2479 7266/1493/2480 7263/1458/2468
f 7235/1485/2477 7266/1516/2461 7265/1447/2525
f 7199/1494/2481 7264/1440/2416 7257/1442/2454
f 7235/1385/2402 7260/1400/2418 7209/1383/2400
f 7199/1495/2482 7262/1402/2420 7217/1401/2419
f 7259/1399/2436 7219/1405/2423 7207/1397/2266
f 7212/1404/2483 7263/1407/2425 7229/1496/2484
f 7218/1374/2485 7258/1408/2486 7261/1403/2421
f 7209/1383/2400 7262/1402/2420 7220/1412/2431
f 7200/1416/2487 7264/1398/2416 7228/1497/2488
f 7201/1498/2489 7275/1499/2490 7268/1461/2469
f 7236/1484/2476 7274/1455/2467 7223/1482/2471
f 7234/1501/2491 7276/1515/2458 7275/1444/2460
f 7224/1520/2440 7269/1429/2447 7205/1502/2438
f 7204/1394/2492 7272/1390/2408 7214/1389/2407
f 7269/1410/2428 7216/1393/2411 7205/1491/21
f 7208/1433/2493 7273/1395/2413 7224/1503/2440
f 7213/1504/2494 7268/1461/2469 7271/1391/2409
f 7211/1386/2495 7272/1390/2408 7215/1411/2430
f 7202/1378/2496 7274/1387/2404 7222/1505/2497
f 118/1/1 120/734/2 2/2/2
f 114/4/3 115/7/4 7/5/4
f 115/7/4 116/37/5 6/8/5
f 108/9/6 14/22/6 15/10/7
f 113/12/8 114/4/3 8/6/3
f 112/14/9 113/12/8 9/13/8
f 111/16/10 112/14/9 10/15/9
f 110/18/11 111/16/10 11/17/10
f 109/20/12 110/18/11 12/19/11
f 108/9/6 109/20/12 13/21/12
f 105/23/13 106/26/14 16/24/14
f 106/26/14 107/11/7 15/10/7
f 104/27/15 18/30/15 19/28/16
f 104/27/15 105/23/13 17/25/13
f 119/31/17 280/34/18 25/32/18
f 280/34/18 1/299/19 24/35/19
f 5/36/20 6/8/5 116/37/5
f 122/39/17 121/1337/2 146/40/2
f 146/40/2 121/1337/2 123/42/1
f 147/43/1 123/42/1 124/44/20
f 148/45/20 124/44/20 125/46/5
f 125/46/5 126/49/4 150/48/4
f 126/49/4 127/51/3 151/50/3
f 127/51/3 128/53/8 152/52/8
f 128/53/8 129/55/9 153/54/9
f 129/55/9 130/57/10 154/56/10
f 130/57/10 131/59/11 155/58/11
f 131/59/11 132/61/12 156/60/12
f 132/61/12 133/63/6 157/62/6
f 133/63/6 134/65/7 158/64/7
f 134/65/7 135/67/14 159/66/14
f 135/67/14 136/1338/13 160/68/13
f 160/68/13 136/1338/13 137/69/15
f 137/69/15 138/1339/16 162/71/16
f 162/71/16 138/1339/16 139/72/21
f 163/74/21 139/1340/21 140/75/22
f 140/75/22 141/78/23 165/77/23
f 141/78/23 142/80/24 166/79/24
f 142/80/24 143/82/19 167/81/19
f 143/82/19 144/84/18 168/83/18
f 144/84/18 122/39/17 145/41/17
f 29/85/25 5/89/25 4/86/25
f 30/88/25 6/91/25 5/89/25
f 30/88/25 31/93/25 7/90/25
f 32/92/25 8/95/25 7/90/25
f 32/92/25 33/97/25 9/94/25
f 34/96/25 10/99/25 9/94/25
f 35/98/25 11/101/25 10/99/25
f 35/98/25 36/103/25 12/100/25
f 37/102/25 13/105/25 12/100/25
f 38/104/25 14/107/25 13/105/25
f 39/106/25 15/109/25 14/107/25
f 39/106/25 40/111/25 16/108/25
f 41/110/25 17/113/25 16/108/25
f 42/112/25 18/115/25 17/113/25
f 42/112/25 43/117/25 19/114/25
f 44/116/25 20/119/25 19/114/25
f 45/118/25 21/121/25 20/119/25
f 46/120/25 22/123/25 21/121/25
f 46/120/25 47/124/25 23/122/25
f 47/124/25 48/127/25 24/125/25
f 49/126/25 25/129/25 24/125/25
f 49/126/25 27/134/25 3/128/25
f 32/130/3 57/178/3 58/131/8
f 26/133/25 2/181/25 3/128/25
f 47/135/24 72/179/24 73/136/19
f 40/138/14 65/180/14 66/139/13
f 33/132/8 58/131/8 59/141/9
f 48/137/19 73/136/19 74/143/18
f 27/145/17 52/152/17 51/146/2
f 41/140/13 66/139/13 67/148/15
f 34/142/9 59/141/9 60/150/10
f 49/144/18 74/143/18 52/152/17
f 26/147/2 51/146/2 53/153/1
f 43/155/16 42/149/15 67/148/15
f 35/151/10 60/150/10 61/157/11
f 28/154/1 53/153/1 54/159/20
f 43/155/16 68/156/16 69/161/21
f 36/158/11 61/157/11 62/163/12
f 29/160/20 54/159/20 55/165/5
f 44/167/21 69/1526/21 70/168/22
f 37/164/12 62/163/12 63/170/6
f 30/166/5 55/165/5 56/172/4
f 45/169/22 70/168/22 71/174/23
f 38/171/6 63/170/6 64/176/7
f 31/173/4 56/172/4 57/178/3
f 46/175/23 71/174/23 72/179/24
f 39/177/7 64/176/7 65/180/14
f 26/133/25 28/87/25 4/86/25
f 382/182/7 379/204/7 375/183/14
f 436/185/20 484/266/20 486/186/5
f 401/188/11 360/287/11 362/189/10
f 453/191/17 501/726/17 499/192/18
f 472/194/24 470/709/23 518/195/23
f 435/197/13 483/265/13 481/198/14
f 417/200/21 86/277/21 88/201/16
f 383/203/6 378/296/6 379/204/7
f 399/190/10 362/189/10 364/205/9
f 451/193/18 499/192/18 497/207/19
f 398/209/23 363/223/23 361/210/24
f 450/212/11 498/225/11 500/213/12
f 430/215/2 478/267/2 482/216/1
f 395/218/8 397/206/9 364/205/9
f 449/208/19 497/207/19 495/220/24
f 396/222/22 365/235/22 363/223/23
f 448/224/10 496/258/10 498/225/11
f 463/226/4 465/712/3 513/227/3
f 414/229/5 412/242/20 91/230/20
f 445/232/23 447/221/24 495/220/24
f 394/234/21 367/732/21 365/235/22
f 411/236/13 92/282/13 94/237/14
f 461/239/5 463/226/4 511/228/4
f 410/241/1 93/281/1 91/230/20
f 522/243/26 521/724/26 523/244/26
f 518/195/26 517/698/26 519/246/26
f 514/247/26 513/227/26 515/248/26
f 510/250/26 509/240/26 511/228/26
f 508/252/26 506/725/26 505/253/26
f 502/255/26 501/726/26 503/256/26
f 498/225/26 497/207/26 499/192/26
f 496/258/26 494/727/26 493/233/26
f 490/259/26 489/728/26 491/260/26
f 488/262/26 486/186/26 485/263/26
f 482/216/26 481/198/26 483/265/26
f 478/267/26 479/723/26 480/268/26
f 77/270/25 78/729/25 76/271/25
f 79/273/25 81/730/25 82/274/25
f 83/276/25 85/708/25 86/277/25
f 87/279/25 89/231/25 90/280/25
f 93/281/25 94/237/25 92/282/25
f 95/283/25 97/731/25 98/284/25
f 357/286/25 359/705/25 360/287/25
f 363/223/25 364/205/25 362/189/25
f 365/235/25 367/732/25 368/289/25
f 371/290/25 372/733/25 370/291/25
f 373/293/25 375/183/25 376/294/25
f 378/296/25 377/703/25 380/297/25
f 118/1/1 4/3/1 5/36/20
f 23/298/24 24/35/19 1/299/19
f 22/301/23 23/298/24 99/300/24
f 101/303/22 21/1341/22 22/301/23
f 20/304/21 21/1341/22 101/303/22
f 19/28/16 20/1527/21 102/306/21
f 209/307/2 304/388/2 282/308/17
f 222/310/14 291/391/14 292/311/7
f 248/313/11 313/394/11 314/314/12
f 234/316/17 327/395/17 328/317/2
f 220/319/6 293/396/6 294/320/12
f 246/322/6 315/397/6 316/323/7
f 119/325/26 120/1351/26 279/326/26
f 218/328/11 295/400/11 296/329/10
f 244/331/14 317/466/14 318/332/13
f 230/334/19 283/405/19 284/335/24
f 216/337/9 297/406/9 298/338/8
f 229/336/24 284/335/24 285/340/23
f 242/342/15 319/407/15 320/343/16
f 215/339/8 298/338/8 299/345/3
f 255/347/20 305/408/20 307/348/5
f 228/341/23 285/340/23 286/350/22
f 241/344/16 320/343/16 321/352/21
f 214/354/3 299/1528/3 300/355/4
f 254/349/5 307/348/5 308/357/4
f 226/359/21 227/351/22 286/350/22
f 240/353/21 321/352/21 322/361/22
f 213/356/4 300/355/4 301/363/5
f 253/358/4 308/357/4 309/365/3
f 226/359/21 287/360/21 288/367/16
f 239/362/22 322/361/22 323/369/23
f 212/364/5 301/363/5 302/371/20
f 252/373/3 309/1529/3 310/374/8
f 225/368/16 288/367/16 289/376/15
f 238/370/23 323/369/23 324/378/24
f 211/372/20 302/371/20 303/380/1
f 251/375/8 310/374/8 311/382/9
f 224/377/15 289/376/15 290/384/13
f 237/379/24 324/378/24 325/386/19
f 210/381/1 303/380/1 304/388/2
f 250/383/9 311/382/9 312/389/10
f 223/385/13 290/384/13 291/391/14
f 236/387/19 325/386/19 326/392/18
f 249/390/10 312/389/10 313/394/11
f 235/393/18 326/392/18 327/395/17
f 221/312/7 292/311/7 293/396/6
f 247/315/12 314/314/12 315/397/6
f 233/318/2 328/317/2 306/398/1
f 219/321/12 294/320/12 295/400/11
f 340/401/8 339/691/3 273/402/3
f 231/404/18 281/465/18 283/405/19
f 217/330/10 296/329/10 297/406/9
f 243/333/13 318/332/13 319/407/15
f 256/399/1 306/398/1 305/408/20
f 176/409/6 184/458/6 183/410/6
f 171/412/17 179/452/17 180/413/17
f 179/415/26 183/1530/26 184/416/26
f 177/418/25 181/1531/25 182/419/25
f 612/421/17 544/1123/27 651/422/27
f 170/424/17 177/454/17 178/425/17
f 174/427/6 182/456/6 181/428/6
f 207/430/6 208/457/6 199/431/6
f 203/433/17 204/453/17 195/434/17
f 208/436/21 207/1532/21 204/437/21
f 205/439/3 206/1533/3 201/440/3
f 202/442/17 201/451/17 193/443/17
f 197/445/6 198/447/6 200/432/6
f 206/446/6 205/455/6 198/447/6
f 187/448/17 188/877/17 185/449/17
f 169/426/17 178/425/17 202/442/17
f 171/412/17 193/443/17 201/451/17
f 172/414/17 180/413/17 203/433/17
f 170/424/17 195/434/17 204/453/17
f 174/427/6 198/447/6 205/455/6
f 173/429/6 200/432/6 198/447/6
f 175/411/6 183/410/6 206/446/6
f 199/431/6 176/409/6 175/411/6
f 176/409/6 199/431/6 208/457/6
f 173/429/6 181/428/6 207/430/6
f 178/459/3 182/1534/3 205/439/3
f 201/440/3 206/1533/3 183/460/3
f 204/437/21 207/1532/21 181/462/21
f 180/464/21 184/1535/21 208/436/21
f 232/309/17 282/308/17 281/465/18
f 245/324/7 316/323/7 317/466/14
f 209/467/26 232/493/26 157/468/26
f 221/470/26 146/474/26 147/471/26
f 220/473/26 145/514/26 146/474/26
f 223/475/26 222/472/26 147/471/26
f 223/475/26 148/476/26 149/477/26
f 224/478/26 149/477/26 150/479/26
f 225/480/26 150/479/26 151/481/26
f 227/483/26 226/482/26 151/481/26
f 228/485/26 227/483/26 152/484/26
f 229/487/26 228/485/26 153/486/26
f 229/487/26 154/488/26 155/489/26
f 231/491/26 230/490/26 155/489/26
f 231/491/26 156/492/26 157/468/26
f 209/467/26 158/469/26 159/494/26
f 211/496/26 210/495/26 159/494/26
f 211/496/26 160/497/26 161/498/26
f 212/499/26 161/498/26 162/500/26
f 213/501/26 162/500/26 163/502/26
f 215/504/26 214/503/26 163/502/26
f 216/506/26 215/504/26 164/505/26
f 216/506/26 165/507/26 166/508/26
f 217/509/26 166/508/26 167/510/26
f 219/512/26 218/511/26 167/510/26
f 220/473/26 219/512/26 168/513/26
f 233/515/25 256/519/25 135/516/25
f 255/518/25 136/521/25 135/516/25
f 255/518/25 254/523/25 137/520/25
f 253/522/25 138/525/25 137/520/25
f 252/524/25 139/527/25 138/525/25
f 251/526/25 140/529/25 139/527/25
f 250/528/25 141/531/25 140/529/25
f 249/530/25 142/533/25 141/531/25
f 248/532/25 143/535/25 142/533/25
f 248/532/25 247/539/25 144/534/25
f 233/515/25 134/517/25 133/536/25
f 246/538/25 122/541/25 144/534/25
f 246/538/25 245/543/25 121/540/25
f 244/542/25 123/545/25 121/540/25
f 244/542/25 243/547/25 124/544/25
f 242/546/25 125/549/25 124/544/25
f 242/546/25 241/550/25 126/548/25
f 241/550/25 240/552/25 127/551/25
f 240/552/25 239/554/25 128/553/25
f 239/554/25 238/556/25 129/555/25
f 238/556/25 237/558/25 130/557/25
f 237/558/25 236/561/25 131/559/25
f 235/560/25 132/562/25 131/559/25
f 235/560/25 234/537/25 133/536/25
f 331/613/26 280/1342/26 119/325/26
f 1/614/26 280/1342/26 331/613/26
f 329/616/26 99/618/26 1/614/26
f 258/617/26 100/1343/26 99/618/26
f 101/619/26 100/1343/26 258/617/26
f 102/621/26 101/619/26 259/620/26
f 103/623/26 102/621/26 260/622/26
f 262/625/26 104/1344/26 103/623/26
f 105/626/26 104/1344/26 262/625/26
f 106/628/26 105/626/26 263/627/26
f 265/630/26 107/1345/26 106/628/26
f 108/631/26 107/1345/26 265/630/26
f 109/633/26 108/631/26 266/632/26
f 110/635/26 109/633/26 267/634/26
f 270/637/26 111/1346/26 110/635/26
f 112/638/26 111/1346/26 270/637/26
f 113/640/26 112/638/26 271/639/26
f 273/642/26 114/1347/26 113/640/26
f 115/643/26 114/1347/26 273/642/26
f 275/645/26 116/1348/26 115/643/26
f 117/646/26 116/1348/26 275/645/26
f 118/648/26 117/646/26 276/647/26
f 355/650/19 354/692/24 329/651/24
f 348/653/13 347/693/14 264/654/14
f 341/656/9 340/401/8 272/403/8
f 356/658/18 355/650/19 330/652/19
f 333/660/2 334/667/17 278/661/17
f 349/663/15 348/653/13 263/655/13
f 342/665/10 341/656/9 271/657/9
f 334/667/17 356/658/18 331/659/18
f 335/668/1 333/660/2 279/662/2
f 261/670/16 350/1349/16 349/663/15
f 343/671/11 342/665/10 270/666/10
f 336/673/20 335/668/1 277/669/1
f 351/675/21 350/1349/16 261/670/16
f 344/677/12 343/671/11 269/672/11
f 337/679/5 336/673/20 276/674/20
f 352/681/22 351/1536/21 260/682/21
f 345/684/6 344/677/12 267/678/12
f 338/686/4 337/679/5 275/680/5
f 258/688/23 353/1350/23 352/681/22
f 346/689/7 345/684/6 266/685/6
f 339/691/3 338/686/4 274/687/4
f 354/692/24 353/1350/23 258/688/23
f 347/693/14 346/689/7 265/690/7
f 279/326/26 120/1351/26 118/648/26
f 454/694/6 502/255/6 504/257/7
f 419/696/22 84/278/22 86/277/21
f 471/697/10 519/246/10 517/698/9
f 418/700/3 85/708/3 83/276/8
f 381/702/2 380/297/2 377/703/17
f 400/211/24 361/210/24 359/705/19
f 452/214/12 500/213/12 502/255/6
f 434/217/1 482/216/1 484/266/20
f 467/707/8 469/699/9 517/698/9
f 418/700/3 416/713/4 87/279/4
f 470/709/23 468/715/22 516/249/22
f 433/199/14 481/198/14 477/269/7
f 413/711/15 415/202/16 88/201/16
f 467/707/8 515/248/8 513/227/3
f 416/713/4 414/229/5 89/231/5
f 466/714/21 514/247/21 516/249/22
f 429/710/7 477/269/7 480/268/6
f 413/711/15 90/280/15 92/282/13
f 395/218/8 366/219/8 368/289/3
f 431/718/17 479/723/17 478/267/2
f 464/719/16 512/251/16 514/247/21
f 446/720/9 494/727/9 496/258/10
f 384/704/17 377/703/17 76/271/18
f 393/717/3 368/289/3 370/291/4
f 524/245/26 523/244/26 480/268/26
f 522/243/26 520/196/26 519/246/26
f 516/249/26 515/248/26 517/698/26
f 512/251/26 511/228/26 513/227/26
f 508/252/26 507/254/26 509/240/26
f 506/725/26 504/257/26 503/256/26
f 500/213/26 499/192/26 501/726/26
f 496/258/26 495/220/26 497/207/26
f 492/261/26 491/260/26 493/233/26
f 490/259/26 488/262/26 487/264/26
f 484/266/26 483/265/26 485/263/26
f 482/216/26 478/267/26 477/269/26
f 378/296/25 75/272/25 76/271/25
f 79/273/25 80/275/25 78/729/25
f 81/730/25 83/276/25 84/278/25
f 85/708/25 87/279/25 88/201/25
f 89/231/25 91/230/25 92/282/25
f 95/283/25 96/285/25 94/237/25
f 357/286/25 358/288/25 98/284/25
f 361/210/25 362/189/25 360/287/25
f 363/223/25 365/235/25 366/219/25
f 369/292/25 370/291/25 368/289/25
f 371/290/25 373/293/25 374/295/25
f 379/204/25 380/297/25 376/294/25
f 120/734/2 119/31/17 3/33/17
f 428/735/12 75/272/12 378/296/6
f 445/232/23 493/233/23 491/260/22
f 462/737/15 510/250/15 512/251/16
f 392/738/16 369/292/16 367/732/21
f 427/721/18 76/271/18 78/729/19
f 446/720/9 444/750/8 492/261/8
f 409/238/14 94/237/14 96/285/7
f 426/741/11 77/270/11 75/272/12
f 461/239/5 509/240/5 507/254/20
f 389/743/5 391/722/4 370/291/4
f 408/744/2 95/283/2 93/281/1
f 443/736/22 491/260/22 489/728/21
f 460/746/13 508/252/13 510/250/15
f 390/747/15 371/290/15 369/292/16
f 425/739/19 78/729/19 80/275/24
f 442/749/3 490/259/3 492/261/8
f 407/740/7 96/285/7 98/284/6
f 424/752/10 79/273/10 77/270/11
f 459/742/20 507/254/20 505/253/1
f 389/743/5 372/733/5 374/295/20
f 432/716/6 480/268/6 523/244/12
f 406/756/17 97/731/17 95/283/2
f 441/745/21 489/728/21 487/264/16
f 458/758/14 506/725/14 508/252/13
f 388/759/13 373/293/13 371/290/15
f 476/760/18 524/245/18 479/723/17
f 423/748/24 80/275/24 82/274/23
f 440/762/4 488/262/4 490/259/3
f 475/755/12 523/244/12 521/724/11
f 405/751/6 98/284/6 358/288/12
f 422/765/9 81/730/9 79/273/10
f 457/753/1 505/253/1 503/256/2
f 387/754/20 374/295/20 376/294/1
f 474/768/19 522/243/19 524/245/18
f 404/769/18 357/286/18 97/731/17
f 439/757/16 487/264/16 485/263/15
f 456/695/7 504/257/7 506/725/14
f 386/184/14 375/183/14 373/293/13
f 421/761/23 82/274/23 84/278/22
f 438/187/5 486/186/5 488/262/4
f 473/763/11 521/724/11 519/246/10
f 403/764/12 358/288/12 360/287/11
f 420/701/8 83/276/8 81/730/9
f 455/766/2 503/256/2 501/726/17
f 385/767/1 376/294/1 380/297/2
f 472/194/24 520/196/24 522/243/19
f 402/706/19 359/705/19 357/286/18
f 437/770/15 485/263/15 483/265/13
f 382/182/25 386/184/25 53/772/25
f 382/182/25 51/773/25 52/774/25
f 428/735/25 383/203/25 52/774/25
f 388/759/25 54/777/25 53/772/25
f 388/759/25 390/747/25 55/776/25
f 390/747/25 392/738/25 56/778/25
f 394/234/25 57/780/25 56/778/25
f 394/234/25 396/222/25 58/779/25
f 398/209/25 59/781/25 58/779/25
f 400/211/25 60/783/25 59/781/25
f 400/211/25 402/706/25 61/782/25
f 402/706/25 404/769/25 62/784/25
f 406/756/25 63/786/25 62/784/25
f 406/756/25 408/744/25 64/785/25
f 410/241/25 65/787/25 64/785/25
f 412/242/25 66/789/25 65/787/25
f 412/242/25 414/229/25 67/788/25
f 414/229/25 416/713/25 68/790/25
f 418/700/25 69/792/25 68/790/25
f 418/700/25 420/701/25 70/791/25
f 422/765/25 71/793/25 70/791/25
f 424/752/25 72/795/25 71/793/25
f 424/752/25 426/741/25 73/794/25
f 428/735/25 74/775/25 73/794/25
f 334/797/26 333/1352/26 429/798/26
f 429/798/26 333/1352/26 335/800/26
f 475/802/26 356/1353/26 334/797/26
f 335/800/26 336/1354/26 435/803/26
f 435/803/26 336/1354/26 337/804/26
f 437/805/26 337/804/26 338/806/26
f 338/806/26 339/1355/26 441/808/26
f 441/808/26 339/1355/26 340/809/26
f 340/809/26 341/812/26 445/811/26
f 341/812/26 342/1356/26 447/813/26
f 447/813/26 342/1356/26 343/814/26
f 449/815/26 343/814/26 344/816/26
f 344/816/26 345/1357/26 453/818/26
f 453/818/26 345/1357/26 346/819/26
f 346/819/26 347/822/26 457/821/26
f 347/822/26 348/1358/26 459/823/26
f 459/823/26 348/1358/26 349/824/26
f 461/825/26 349/824/26 350/826/26
f 350/826/26 351/1359/26 465/828/26
f 465/828/26 351/1359/26 352/829/26
f 352/829/26 353/832/26 469/831/26
f 353/832/26 354/1360/26 471/833/26
f 471/833/26 354/1360/26 355/834/26
f 355/834/26 356/1353/26 475/802/26
f 526/836/20 525/843/28 532/837/28
f 530/839/20 529/852/28 528/840/28
f 185/842/3 532/837/28 525/843/28
f 531/845/26 532/876/26 537/846/26
f 525/848/25 534/867/25 191/849/25
f 190/851/3 528/840/28 529/852/28
f 540/854/25 529/878/25 530/855/25
f 189/857/26 535/871/26 528/858/26
f 536/860/24 535/874/29 540/861/29
f 538/863/24 537/869/29 534/864/29
f 526/866/25 533/1537/25 534/867/25
f 191/868/21 534/864/29 537/869/29
f 538/863/17 533/865/17 526/836/17
f 535/871/26 536/1538/26 527/872/26
f 187/873/21 540/861/29 535/874/29
f 536/860/17 539/862/17 530/839/17
f 532/876/26 185/449/26 188/877/26
f 187/448/25 186/450/25 529/878/25
f 590/879/17 552/1125/27 547/880/27
f 599/882/6 550/1126/30 548/883/30
f 582/885/6 555/991/30 554/886/31
f 583/888/17 557/918/27 559/889/27
f 638/891/6 656/916/30 658/892/31
f 565/894/26 567/897/26 572/895/26
f 567/897/26 566/1023/26 570/898/26
f 576/899/21 578/902/21 564/900/21
f 578/902/21 577/919/21 562/903/21
f 571/904/21 572/907/21 581/905/21
f 572/907/21 570/1028/21 579/908/21
f 621/909/6 542/1121/30 650/910/31
f 719/912/17 657/1135/27 654/913/27
f 639/915/6 655/957/30 656/916/30
f 573/917/17 556/1130/27 557/918/27
f 580/906/21 581/905/21 578/902/21
f 581/905/21 579/908/21 577/919/21
f 574/920/25 575/923/25 564/921/25
f 575/923/25 573/1018/25 563/924/25
f 589/925/25 591/928/25 597/926/25
f 591/928/25 590/1034/25 595/929/25
f 598/930/26 600/933/26 588/931/26
f 600/933/26 599/1025/26 586/934/26
f 592/935/21 594/938/21 597/936/21
f 594/938/21 593/958/21 596/939/21
f 587/940/21 588/943/21 603/941/21
f 588/943/21 586/1030/21 601/944/21
f 584/945/17 549/983/27 551/946/27
f 606/948/17 541/990/27 543/949/27
f 566/951/6 560/1131/30 558/952/30
f 585/884/6 548/883/30 546/954/30
f 631/956/6 660/1134/30 655/957/30
f 602/942/21 603/941/21 594/938/21
f 603/941/21 601/944/21 593/958/21
f 718/959/25 613/962/25 619/960/25
f 613/962/25 612/1039/25 617/963/25
f 620/964/26 622/967/26 610/965/26
f 622/967/26 621/1037/26 608/968/26
f 614/969/21 616/972/21 619/970/21
f 616/972/21 615/984/21 717/973/21
f 609/974/21 610/977/21 625/975/21
f 610/977/21 608/1036/21 623/978/21
f 607/911/6 650/910/31 652/979/31
f 637/914/17 654/913/27 653/981/27
f 605/881/17 547/880/27 549/983/27
f 624/976/21 625/975/21 616/972/21
f 625/975/21 623/978/21 615/984/21
f 634/985/21 636/988/21 649/986/21
f 636/988/21 635/1002/21 647/989/21
f 627/423/17 651/422/27 541/990/27
f 569/953/6 558/952/30 555/991/30
f 604/955/6 546/954/30 553/992/30
f 640/982/17 653/981/27 659/994/27
f 626/980/6 652/979/31 545/996/31
f 568/890/17 559/889/27 561/998/27
f 641/1000/21 643/1001/21 636/988/21
f 643/1001/21 642/1032/21 635/1002/21
f 648/987/21 649/986/21 630/1003/21
f 649/986/21 647/989/21 628/1005/21
f 632/1006/26 633/1009/26 643/1007/26
f 633/1009/26 631/1033/26 642/1010/26
f 645/1011/25 646/1014/25 630/1012/25
f 646/1014/25 719/1141/25 720/1015/25
f 170/1016/21 562/903/21 577/919/21
f 596/927/25 563/924/25 573/1018/25
f 562/922/25 170/1539/25 169/1019/25
f 563/901/21 596/939/21 593/958/21
f 171/1020/3 566/951/3 569/953/3
f 172/1022/26 570/898/26 566/1023/26
f 565/999/3 599/882/3 585/884/3
f 571/896/26 586/934/26 599/1025/26
f 569/953/3 582/885/3 194/1026/3
f 585/884/3 604/955/3 583/888/3
f 196/1027/21 579/908/21 570/1028/21
f 580/906/21 601/944/21 586/1030/21
f 194/1026/3 582/885/3 574/887/3
f 583/888/3 604/955/3 589/993/3
f 577/919/21 579/908/21 196/1027/21
f 593/958/21 601/944/21 580/906/21
f 639/915/3 638/891/3 605/881/3
f 598/947/3 631/956/3 639/915/3
f 602/942/21 635/1002/21 642/1032/21
f 587/932/26 642/1010/26 631/1033/26
f 605/881/3 638/891/3 645/893/3
f 628/1013/25 595/929/25 590/1034/25
f 647/989/21 635/1002/21 602/942/21
f 595/937/21 628/1005/21 647/989/21
f 620/950/3 190/1540/3 186/1035/3
f 607/911/3 626/980/3 637/914/3
f 186/1035/3 185/1541/3 627/423/3
f 632/995/3 621/909/3 607/911/3
f 609/966/26 189/857/26 190/859/26
f 634/985/21 623/978/21 608/1036/21
f 641/1008/26 608/968/26 621/1037/26
f 624/976/21 187/1542/21 189/1038/21
f 191/849/25 617/963/25 612/1039/25
f 637/914/3 626/980/3 718/997/3
f 644/1040/17 723/1147/17 724/1041/17
f 627/423/3 185/1541/3 192/1043/3
f 617/971/21 191/1543/21 188/1044/21
f 615/984/21 623/978/21 634/985/21
f 188/1044/21 187/1542/21 624/976/21
f 720/1004/21 717/973/21 615/984/21
f 679/1077/32 681/1361/3 677/1078/3
f 677/1078/3 681/1361/3 678/1080/33
f 661/1082/32 663/1085/3 702/1083/3
f 663/1085/3 662/1103/33 700/1086/33
f 709/1087/32 706/1092/32 708/1088/3
f 708/1088/3 707/1094/33 710/1090/33
f 703/1091/32 705/1093/3 708/1088/3
f 705/1093/3 704/1097/33 707/1094/33
f 714/1095/32 716/1362/3 705/1093/3
f 705/1093/3 716/1362/3 713/1096/33
f 676/1079/32 677/1078/3 674/1098/3
f 677/1078/3 675/1081/33 672/1100/33
f 665/1101/32 667/1363/3 663/1085/3
f 663/1085/3 667/1363/3 664/1102/33
f 693/1104/32 695/1107/3 692/1105/3
f 695/1107/3 694/1120/33 690/1108/33
f 673/1099/32 674/1098/3 685/1109/3
f 674/1098/3 672/1100/33 683/1111/34
f 691/1106/32 692/1105/3 689/1112/3
f 692/1105/3 690/1108/33 687/1114/33
f 701/1084/32 702/1083/3 671/1115/3
f 702/1083/3 700/1086/33 669/1117/33
f 697/1118/32 699/1119/3 695/1107/3
f 699/1119/3 696/1132/33 694/1120/33
f 651/422/27 700/1086/33 662/1103/33
f 701/1084/32 652/979/31 650/910/31
f 661/1082/32 650/910/31 542/1121/30
f 543/949/27 541/990/27 662/1103/33
f 542/1122/26 621/1037/26 622/967/26
f 622/967/26 666/1047/26 665/1048/26
f 666/1047/26 622/967/26 620/964/26
f 620/964/26 543/1364/26 664/1045/26
f 544/1123/27 669/1117/33 700/1086/33
f 670/1051/25 613/962/25 718/959/25
f 718/959/25 545/1365/25 668/1049/25
f 544/1124/25 612/1039/25 613/962/25
f 613/962/25 670/1051/25 669/1052/25
f 668/1116/32 545/996/31 652/979/31
f 547/880/27 672/1100/33 675/1081/33
f 552/1125/27 683/1111/34 672/1100/33
f 673/1099/32 546/954/30 548/883/30
f 673/1099/32 682/1110/32 553/992/30
f 549/983/27 675/1081/33 678/1080/33
f 676/1079/32 548/883/30 550/1126/30
f 550/1127/26 599/1025/26 600/933/26
f 600/933/26 680/1055/26 679/1056/26
f 680/1055/26 600/933/26 598/930/26
f 598/930/26 551/1366/26 678/1053/26
f 552/1128/25 590/1034/25 591/928/25
f 591/928/25 684/1059/25 683/1060/25
f 684/1059/25 591/928/25 589/925/25
f 589/925/25 553/1367/25 682/1057/25
f 556/1129/25 573/1018/25 575/923/25
f 575/923/25 688/1063/25 687/1064/25
f 686/1113/32 554/886/31 555/991/30
f 556/1130/27 687/1114/33 690/1108/33
f 688/1063/25 575/923/25 574/920/25
f 574/920/25 554/1368/25 686/1061/25
f 557/918/27 690/1108/33 694/1120/33
f 691/1106/32 555/991/30 558/952/30
f 693/1104/32 558/952/30 560/1131/30
f 559/889/27 694/1120/33 696/1132/33
f 560/1133/26 566/1023/26 567/897/26
f 567/897/26 698/1067/26 697/1068/26
f 698/1067/26 567/897/26 565/894/26
f 565/894/26 561/1369/26 696/1065/26
f 654/913/27 707/1094/33 704/1097/33
f 706/1092/32 656/916/30 655/957/30
f 659/994/27 653/981/27 704/1097/33
f 703/1091/32 655/957/30 660/1134/30
f 657/1135/27 710/1090/33 707/1094/33
f 706/1092/32 709/1087/32 658/892/31
f 657/1136/25 719/1141/25 646/1014/25
f 646/1014/25 711/1071/25 710/1072/25
f 711/1071/25 646/1014/25 645/1011/25
f 645/1011/25 658/1370/25 709/1069/25
f 660/1137/26 631/1033/26 633/1009/26
f 633/1009/26 715/1075/26 714/1076/26
f 715/1075/26 633/1009/26 632/1006/26
f 632/1006/26 659/1371/26 713/1073/26
f 611/1138/25 718/959/25 717/961/25
f 629/1140/25 720/1015/25 719/1141/25
f 644/1142/25 719/1141/25 718/959/25
f 618/1139/25 717/961/25 720/1015/25
f 721/1143/25 724/1544/25 723/1144/25
f 611/1146/21 722/1545/21 723/1147/21
f 618/1148/6 721/1152/6 722/1149/6
f 629/1151/3 724/1546/3 721/1152/3
f 745/1153/35 746/1200/36 829/1154/36
f 742/1156/37 725/1194/37 825/1157/37
f 726/1159/38 727/1167/39 813/1160/39
f 743/1162/40 744/1202/40 832/1163/40
f 741/1165/41 742/1156/42 827/1158/42
f 727/1167/39 728/1547/44 818/1168/44
f 747/1169/45 748/1177/46 831/1170/46
f 739/1172/47 741/1165/41 826/1166/43
f 728/1174/48 729/1181/49 819/1175/49
f 748/1177/50 750/1183/50 834/1178/50
f 738/1179/51 739/1172/51 817/1173/51
f 729/1181/49 731/1187/52 821/1182/52
f 750/1183/53 751/1189/59 835/1184/54
f 737/1185/55 738/1179/55 816/1180/55
f 731/1187/56 732/1192/64 822/1188/57
f 751/1189/59 743/1162/60 833/1164/60
f 736/1190/61 737/1185/62 815/1186/62
f 732/1192/64 733/1198/65 823/1193/65
f 725/1194/66 735/1548/66 820/1195/66
f 735/1196/67 736/1190/61 814/1191/63
f 733/1198/65 734/1201/68 824/1199/68
f 746/1200/69 747/1169/45 830/1171/45
f 734/1201/68 726/1159/70 812/1161/70
f 744/1202/71 745/1549/35 828/1203/35
f 754/1204/72 755/1219/73 837/1205/73
f 752/1207/74 753/1220/74 840/1208/74
f 756/1210/75 757/1213/76 839/1211/76
f 757/1213/76 759/1215/77 842/1214/77
f 759/1215/78 760/1217/79 843/1216/79
f 760/1217/79 752/1550/80 841/1218/80
f 755/1219/81 756/1210/75 838/1212/75
f 753/1220/82 754/1204/72 836/1206/72
f 761/1221/83 762/1224/84 801/1222/84
f 762/1224/84 763/1551/85 802/1225/85
f 763/1226/85 764/1229/86 803/1227/86
f 764/1229/86 765/1231/87 804/1230/87
f 765/1231/87 766/1233/88 805/1232/88
f 766/1233/88 768/1235/89 806/1234/89
f 768/1235/89 769/1237/90 807/1236/90
f 769/1237/90 770/1239/91 808/1238/91
f 770/1239/91 771/1241/92 809/1240/92
f 771/1241/92 772/1243/93 810/1242/93
f 772/1243/93 773/1245/94 811/1244/94
f 773/1245/94 761/1221/83 800/1223/83
f 782/1246/25 788/1372/25 789/1247/25
f 790/1249/17 791/1552/17 774/1250/17
f 787/1252/3 780/1553/3 774/1253/3
f 789/1255/6 792/1554/6 778/1256/6
f 778/1258/3 786/1261/3 782/1259/3
f 786/1261/3 787/1252/3 783/1254/3
f 779/1262/95 777/1283/95 798/1263/95
f 784/1265/96 797/1285/96 796/1266/96
f 791/1268/25 793/1271/25 783/1269/25
f 793/1271/25 788/1372/25 782/1246/25
f 785/1272/97 777/1278/97 789/1273/97
f 775/1275/98 791/1281/98 790/1276/98
f 777/1278/97 779/1373/97 792/1279/97
f 784/1280/98 793/1282/98 791/1281/98
f 785/1272/21 788/1274/21 793/1282/21
f 785/1267/99 796/1266/99 798/1263/99
f 784/1265/100 775/1287/100 799/1284/100
f 781/1286/101 794/1555/101 799/1284/101
f 845/2/2 963/734/2 961/1/1
f 850/5/4 958/7/4 957/4/3
f 849/8/5 959/37/5 958/7/4
f 858/10/7 857/22/6 951/9/6
f 851/6/3 957/4/3 956/12/8
f 852/13/8 956/12/8 955/14/9
f 853/15/9 955/14/9 954/16/10
f 854/17/10 954/16/10 953/18/11
f 855/19/11 953/18/11 952/20/12
f 856/21/12 952/20/12 951/9/6
f 859/24/14 949/26/14 948/23/13
f 858/10/7 950/11/7 949/26/14
f 862/28/16 861/30/15 947/27/15
f 860/25/13 948/23/13 947/27/15
f 868/32/18 1123/34/18 962/31/17
f 867/35/19 844/299/19 1123/34/18
f 959/37/5 849/8/5 848/36/20
f 989/40/2 964/1337/2 965/39/17
f 989/40/2 990/43/1 966/42/1
f 990/43/1 991/45/20 967/44/20
f 991/45/20 992/47/5 968/46/5
f 992/47/5 993/48/4 969/49/4
f 994/50/3 970/51/3 969/49/4
f 995/52/8 971/53/8 970/51/3
f 996/54/9 972/55/9 971/53/8
f 997/56/10 973/57/10 972/55/9
f 998/58/11 974/59/11 973/57/10
f 999/60/12 975/61/12 974/59/11
f 1000/62/6 976/63/6 975/61/12
f 1001/64/7 977/65/7 976/63/6
f 1002/66/14 978/67/14 977/65/7
f 1003/68/13 979/1338/13 978/67/14
f 1003/68/13 1004/70/15 980/69/15
f 1005/71/16 981/1339/16 980/69/15
f 1005/71/16 1006/73/21 982/72/21
f 1006/74/21 1007/76/22 983/75/22
f 1008/77/23 984/78/23 983/75/22
f 1009/79/24 985/80/24 984/78/23
f 1010/81/19 986/82/19 985/80/24
f 1011/83/18 987/84/18 986/82/19
f 988/41/17 965/39/17 987/84/18
f 847/86/26 848/89/26 872/85/26
f 848/89/26 849/91/26 873/88/26
f 873/88/26 849/91/26 850/90/26
f 850/90/26 851/95/26 875/92/26
f 875/92/26 851/95/26 852/94/26
f 852/94/26 853/99/26 877/96/26
f 853/99/26 854/101/26 878/98/26
f 878/98/26 854/101/26 855/100/26
f 855/100/26 856/105/26 880/102/26
f 856/105/26 857/107/26 881/104/26
f 857/107/26 858/109/26 882/106/26
f 882/106/26 858/109/26 859/108/26
f 859/108/26 860/113/26 884/110/26
f 860/113/26 861/115/26 885/112/26
f 885/112/26 861/115/26 862/114/26
f 862/114/26 863/119/26 887/116/26
f 863/119/26 864/121/26 888/118/26
f 864/121/26 865/123/26 889/120/26
f 889/120/26 865/123/26 866/122/26
f 890/124/26 866/122/26 867/125/26
f 867/125/26 868/129/26 892/126/26
f 892/126/26 868/129/26 846/128/26
f 901/131/8 900/178/3 875/130/3
f 846/128/26 845/181/26 869/133/26
f 916/136/19 915/179/24 890/135/24
f 909/139/13 908/180/14 883/138/14
f 902/141/9 901/131/8 876/132/8
f 917/143/18 916/136/19 891/137/19
f 894/146/2 895/152/17 870/145/17
f 910/148/15 909/139/13 884/140/13
f 903/150/10 902/141/9 877/142/9
f 895/152/17 917/143/18 892/144/18
f 896/153/1 894/146/2 869/147/2
f 886/155/16 911/156/16 910/148/15
f 904/157/11 903/150/10 878/151/10
f 897/159/20 896/153/1 871/154/1
f 912/161/21 911/156/16 886/155/16
f 905/163/12 904/157/11 879/158/11
f 898/165/5 897/159/20 872/160/20
f 913/168/22 912/1526/21 887/167/21
f 906/170/6 905/163/12 880/164/12
f 899/172/4 898/165/5 873/166/5
f 914/174/23 913/168/22 888/169/22
f 907/176/7 906/170/6 881/171/6
f 900/178/3 899/172/4 874/173/4
f 915/179/24 914/174/23 889/175/23
f 908/180/14 907/176/7 882/177/7
f 869/133/26 845/181/26 847/86/26
f 1218/183/14 1222/204/7 1225/182/7
f 1329/186/5 1327/266/20 1279/185/20
f 1205/189/10 1203/287/11 1244/188/11
f 1342/192/18 1344/726/17 1296/191/17
f 1315/194/24 1363/196/24 1361/195/23
f 1324/198/14 1326/265/13 1278/197/13
f 931/201/16 929/277/21 1260/200/21
f 1222/204/7 1221/296/6 1226/203/6
f 1207/205/9 1205/189/10 1242/190/10
f 1340/207/19 1342/192/18 1294/193/18
f 1204/210/24 1206/223/23 1241/209/23
f 1343/213/12 1341/225/11 1293/212/11
f 1325/216/1 1321/267/2 1273/215/2
f 1238/218/8 1209/219/8 1207/205/9
f 1338/220/24 1340/207/19 1292/208/19
f 1241/209/23 1206/223/23 1208/235/22
f 1341/225/11 1339/258/10 1291/224/10
f 1306/226/4 1354/228/4 1356/227/3
f 1257/229/5 932/231/5 934/230/20
f 1288/232/23 1336/233/23 1338/220/24
f 1208/235/22 1210/732/21 1237/234/21
f 937/237/14 935/282/13 1254/236/13
f 1304/239/5 1352/240/5 1354/228/4
f 934/230/20 936/281/1 1253/241/1
f 1366/244/25 1364/724/25 1365/243/25
f 1362/246/25 1360/698/25 1361/195/25
f 1358/248/25 1356/227/25 1357/247/25
f 1354/228/25 1352/240/25 1353/250/25
f 1351/252/25 1350/254/25 1348/253/25
f 1346/256/25 1344/726/25 1345/255/25
f 1342/192/25 1340/207/25 1341/225/25
f 1339/258/25 1338/220/25 1336/233/25
f 1334/260/25 1332/728/25 1333/259/25
f 1331/262/25 1330/264/25 1328/263/25
f 1326/265/25 1324/198/25 1325/216/25
f 1321/267/25 1320/269/25 1323/268/25
f 919/271/26 921/729/26 920/270/26
f 922/273/26 923/275/26 925/274/26
f 926/276/26 927/278/26 929/277/26
f 930/279/26 931/201/26 933/280/26
f 935/282/26 937/237/26 936/281/26
f 938/283/26 939/285/26 941/284/26
f 1200/286/26 1201/288/26 1203/287/26
f 1205/189/26 1207/205/26 1206/223/26
f 1208/235/26 1209/219/26 1211/289/26
f 1213/291/26 1215/733/26 1214/290/26
f 1216/293/26 1217/295/26 1219/294/26
f 1223/297/26 1220/703/26 1221/296/26
f 848/36/20 847/3/1 961/1/1
f 844/299/19 867/35/19 866/298/24
f 942/300/24 866/298/24 865/301/23
f 944/303/22 943/302/23 865/301/23
f 944/303/22 864/1341/22 863/304/21
f 945/306/21 863/1527/21 862/28/16
f 1125/308/17 1147/388/2 1052/307/2
f 1135/311/7 1134/391/14 1065/310/14
f 1157/314/12 1156/394/11 1091/313/11
f 1171/317/2 1170/395/17 1077/316/17
f 1137/320/12 1136/396/6 1063/319/6
f 1159/323/7 1158/397/6 1089/322/6
f 1122/326/25 963/1351/25 962/325/25
f 1139/329/10 1138/400/11 1061/328/11
f 1161/332/13 1160/466/14 1087/331/14
f 1127/335/24 1126/405/19 1073/334/19
f 1141/338/8 1140/406/9 1059/337/9
f 1128/340/23 1127/335/24 1072/336/24
f 1163/343/16 1162/407/15 1085/342/15
f 1142/345/3 1141/338/8 1058/339/8
f 1150/348/5 1148/408/20 1098/347/20
f 1129/350/22 1128/340/23 1071/341/23
f 1164/352/21 1163/343/16 1084/344/16
f 1143/355/4 1142/1528/3 1057/354/3
f 1151/357/4 1150/348/5 1097/349/5
f 1069/359/21 1130/360/21 1129/350/22
f 1165/361/22 1164/352/21 1083/353/21
f 1144/363/5 1143/355/4 1056/356/4
f 1152/365/3 1151/357/4 1096/358/4
f 1131/367/16 1130/360/21 1069/359/21
f 1166/369/23 1165/361/22 1082/362/22
f 1145/371/20 1144/363/5 1055/364/5
f 1153/374/8 1152/1529/3 1095/373/3
f 1132/376/15 1131/367/16 1068/368/16
f 1167/378/24 1166/369/23 1081/370/23
f 1146/380/1 1145/371/20 1054/372/20
f 1154/382/9 1153/374/8 1094/375/8
f 1133/384/13 1132/376/15 1067/377/15
f 1168/386/19 1167/378/24 1080/379/24
f 1147/388/2 1146/380/1 1053/381/1
f 1155/389/10 1154/382/9 1093/383/9
f 1134/391/14 1133/384/13 1066/385/13
f 1169/392/18 1168/386/19 1079/387/19
f 1156/394/11 1155/389/10 1092/390/10
f 1170/395/17 1169/392/18 1078/393/18
f 1136/396/6 1135/311/7 1064/312/7
f 1158/397/6 1157/314/12 1090/315/12
f 1149/398/1 1171/317/2 1076/318/2
f 1138/400/11 1137/320/12 1062/321/12
f 1116/402/3 1182/691/3 1183/401/8
f 1126/405/19 1124/465/18 1074/404/18
f 1140/406/9 1139/329/10 1060/330/10
f 1162/407/15 1161/332/13 1086/333/13
f 1148/408/20 1149/398/1 1099/399/1
f 1026/410/6 1027/458/6 1019/409/6
f 1023/413/17 1022/452/17 1014/412/17
f 1027/416/25 1026/1530/25 1022/415/25
f 1025/419/26 1024/1531/26 1020/418/26
f 1494/422/27 1387/1123/27 1455/421/17
f 1021/425/17 1020/454/17 1013/424/17
f 1024/428/6 1025/456/6 1017/427/6
f 1042/431/6 1051/457/6 1050/430/6
f 1038/434/17 1047/453/17 1046/433/17
f 1047/437/21 1050/1532/21 1051/436/21
f 1044/440/3 1049/1533/3 1048/439/3
f 1036/443/17 1044/451/17 1045/442/17
f 1043/432/6 1041/447/6 1040/445/6
f 1041/447/6 1048/455/6 1049/446/6
f 1028/449/17 1031/877/17 1030/448/17
f 1045/442/17 1021/425/17 1012/426/17
f 1014/412/17 1022/452/17 1044/451/17
f 1046/433/17 1023/413/17 1015/414/17
f 1013/424/17 1020/454/17 1047/453/17
f 1017/427/6 1025/456/6 1048/455/6
f 1041/447/6 1043/432/6 1016/429/6
f 1049/446/6 1026/410/6 1018/411/6
f 1018/411/6 1019/409/6 1042/431/6
f 1019/409/6 1027/458/6 1051/457/6
f 1050/430/6 1024/428/6 1016/429/6
f 1048/439/3 1025/1534/3 1021/459/3
f 1026/460/3 1049/1533/3 1044/440/3
f 1024/462/21 1050/1532/21 1047/437/21
f 1051/436/21 1027/1535/21 1023/464/21
f 1124/465/18 1125/308/17 1075/309/17
f 1160/466/14 1159/323/7 1088/324/7
f 1052/467/25 1001/469/25 1000/468/25
f 990/471/25 989/474/25 1064/470/25
f 989/474/25 988/514/25 1063/473/25
f 1066/475/25 991/476/25 990/471/25
f 992/477/25 991/476/25 1066/475/25
f 993/479/25 992/477/25 1067/478/25
f 994/481/25 993/479/25 1068/480/25
f 1070/483/25 995/484/25 994/481/25
f 1071/485/25 996/486/25 995/484/25
f 1072/487/25 997/488/25 996/486/25
f 998/489/25 997/488/25 1072/487/25
f 1074/491/25 999/492/25 998/489/25
f 1000/468/25 999/492/25 1074/491/25
f 1002/494/25 1001/469/25 1052/467/25
f 1054/496/25 1003/497/25 1002/494/25
f 1004/498/25 1003/497/25 1054/496/25
f 1005/500/25 1004/498/25 1055/499/25
f 1006/502/25 1005/500/25 1056/501/25
f 1058/504/25 1007/505/25 1006/502/25
f 1059/506/25 1008/507/25 1007/505/25
f 1060/509/25 1009/508/25 1008/507/25
f 1010/510/25 1009/508/25 1060/509/25
f 1062/512/25 1011/513/25 1010/510/25
f 1063/473/25 988/514/25 1011/513/25
f 1076/515/26 977/517/26 978/516/26
f 978/516/26 979/521/26 1098/518/26
f 1098/518/26 979/521/26 980/520/26
f 980/520/26 981/525/26 1096/522/26
f 981/525/26 982/527/26 1095/524/26
f 982/527/26 983/529/26 1094/526/26
f 983/529/26 984/531/26 1093/528/26
f 984/531/26 985/533/26 1092/530/26
f 985/533/26 986/535/26 1091/532/26
f 1091/532/26 986/535/26 987/534/26
f 976/536/26 977/517/26 1076/515/26
f 987/534/26 965/541/26 1089/538/26
f 1089/538/26 965/541/26 964/540/26
f 964/540/26 966/545/26 1087/542/26
f 1087/542/26 966/545/26 967/544/26
f 967/544/26 968/549/26 1085/546/26
f 1085/546/26 968/549/26 969/548/26
f 1084/550/26 969/548/26 970/551/26
f 1083/552/26 970/551/26 971/553/26
f 1082/554/26 971/553/26 972/555/26
f 1081/556/26 972/555/26 973/557/26
f 1080/558/26 973/557/26 974/559/26
f 974/559/26 975/562/26 1078/560/26
f 975/562/26 976/536/26 1077/537/26
f 1174/613/25 1121/327/25 962/325/25
f 1174/613/25 1123/1342/25 844/614/25
f 1172/616/25 1173/615/25 844/614/25
f 1101/617/25 1172/616/25 942/618/25
f 1101/617/25 943/1343/25 944/619/25
f 1102/620/25 944/619/25 945/621/25
f 1103/622/25 945/621/25 946/623/25
f 1105/625/25 1104/624/25 946/623/25
f 1105/625/25 947/1344/25 948/626/25
f 1106/627/25 948/626/25 949/628/25
f 1108/630/25 1107/629/25 949/628/25
f 1108/630/25 950/1345/25 951/631/25
f 1109/632/25 951/631/25 952/633/25
f 1110/634/25 952/633/25 953/635/25
f 1113/637/25 1112/636/25 953/635/25
f 1113/637/25 954/1346/25 955/638/25
f 1114/639/25 955/638/25 956/640/25
f 1116/642/25 1115/641/25 956/640/25
f 1116/642/25 957/1347/25 958/643/25
f 1118/645/25 1117/644/25 958/643/25
f 1118/645/25 959/1348/25 960/646/25
f 1119/647/25 960/646/25 961/648/25
f 1172/651/24 1197/692/24 1198/650/19
f 1107/654/14 1190/693/14 1191/653/13
f 1115/403/8 1183/401/8 1184/656/9
f 1173/652/19 1198/650/19 1199/658/18
f 1121/661/17 1177/667/17 1176/660/2
f 1106/655/13 1191/653/13 1192/663/15
f 1114/657/9 1184/656/9 1185/665/10
f 1174/659/18 1199/658/18 1177/667/17
f 1122/662/2 1176/660/2 1178/668/1
f 1104/670/16 1105/664/15 1192/663/15
f 1113/666/10 1185/665/10 1186/671/11
f 1120/669/1 1178/668/1 1179/673/20
f 1104/670/16 1193/1349/16 1194/675/21
f 1112/672/11 1186/671/11 1187/677/12
f 1119/674/20 1179/673/20 1180/679/5
f 1103/682/21 1194/1536/21 1195/681/22
f 1110/678/12 1187/677/12 1188/684/6
f 1118/680/5 1180/679/5 1181/686/4
f 1101/688/23 1102/683/22 1195/681/22
f 1109/685/6 1188/684/6 1189/689/7
f 1117/687/4 1181/686/4 1182/691/3
f 1101/688/23 1196/1350/23 1197/692/24
f 1108/690/7 1189/689/7 1190/693/14
f 1122/326/25 1120/649/25 961/648/25
f 1347/257/7 1345/255/6 1297/694/6
f 1260/200/21 929/277/21 927/278/22
f 1360/698/9 1362/246/10 1314/697/10
f 926/276/8 928/708/3 1261/700/3
f 1220/703/17 1223/297/2 1224/702/2
f 1202/705/19 1204/210/24 1243/211/24
f 1345/255/6 1343/213/12 1295/214/12
f 1327/266/20 1325/216/1 1277/217/1
f 1310/707/8 1358/248/8 1360/698/9
f 928/708/3 930/279/4 1259/713/4
f 1361/195/23 1359/249/22 1311/715/22
f 1320/269/7 1324/198/14 1276/199/14
f 1256/711/15 933/280/15 931/201/16
f 1356/227/3 1358/248/8 1310/707/8
f 1259/713/4 930/279/4 932/231/5
f 1359/249/22 1357/247/21 1309/714/21
f 1323/268/6 1320/269/7 1272/710/7
f 935/282/13 933/280/15 1256/711/15
f 1211/289/3 1209/219/8 1238/218/8
f 1321/267/2 1322/723/17 1274/718/17
f 1357/247/21 1355/251/16 1307/719/16
f 1339/258/10 1337/727/9 1289/720/9
f 919/271/18 1220/703/17 1227/704/17
f 1213/291/4 1211/289/3 1236/717/3
f 1323/268/25 1366/244/25 1367/245/25
f 1365/243/25 1364/724/25 1362/246/25
f 1360/698/25 1358/248/25 1359/249/25
f 1356/227/25 1354/228/25 1355/251/25
f 1352/240/25 1350/254/25 1351/252/25
f 1349/725/25 1348/253/25 1346/256/25
f 1344/726/25 1342/192/25 1343/213/25
f 1341/225/25 1340/207/25 1338/220/25
f 1336/233/25 1334/260/25 1335/261/25
f 1333/259/25 1332/728/25 1330/264/25
f 1328/263/25 1326/265/25 1327/266/25
f 1325/216/25 1324/198/25 1320/269/25
f 1221/296/26 1220/703/26 919/271/26
f 921/729/26 923/275/26 922/273/26
f 924/730/26 925/274/26 927/278/26
f 928/708/26 929/277/26 931/201/26
f 932/231/26 933/280/26 935/282/26
f 937/237/26 939/285/26 938/283/26
f 941/284/26 1201/288/26 1200/286/26
f 1203/287/26 1205/189/26 1204/210/26
f 1206/223/26 1207/205/26 1209/219/26
f 1211/289/26 1213/291/26 1212/292/26
f 1214/290/26 1215/733/26 1217/295/26
f 1219/294/26 1223/297/26 1222/204/26
f 846/33/17 962/31/17 963/734/2
f 1221/296/6 918/272/12 1271/735/12
f 1334/260/22 1336/233/23 1288/232/23
f 1355/251/16 1353/250/15 1305/737/15
f 1210/732/21 1212/292/16 1235/738/16
f 921/729/19 919/271/18 1270/721/18
f 1289/720/9 1337/727/9 1335/261/8
f 939/285/7 937/237/14 1252/238/14
f 918/272/12 920/270/11 1269/741/11
f 1350/254/20 1352/240/5 1304/239/5
f 1232/743/5 1215/733/5 1213/291/4
f 936/281/1 938/283/2 1251/744/2
f 1332/728/21 1334/260/22 1286/736/22
f 1353/250/15 1351/252/13 1303/746/13
f 1212/292/16 1214/290/15 1233/747/15
f 923/275/24 921/729/19 1268/739/19
f 1335/261/8 1333/259/3 1285/749/3
f 941/284/6 939/285/7 1250/740/7
f 920/270/11 922/273/10 1267/752/10
f 1348/253/1 1350/254/20 1302/742/20
f 1217/295/20 1215/733/5 1232/743/5
f 1366/244/12 1323/268/6 1275/716/6
f 938/283/2 940/731/17 1249/756/17
f 1330/264/16 1332/728/21 1284/745/21
f 1351/252/13 1349/725/14 1301/758/14
f 1214/290/15 1216/293/13 1231/759/13
f 1322/723/17 1367/245/18 1319/760/18
f 925/274/23 923/275/24 1266/748/24
f 1333/259/3 1331/262/4 1283/762/4
f 1364/724/11 1366/244/12 1318/755/12
f 1201/288/12 941/284/6 1248/751/6
f 1267/752/10 922/273/10 924/730/9
f 1346/256/2 1348/253/1 1300/753/1
f 1219/294/1 1217/295/20 1230/754/20
f 1367/245/18 1365/243/19 1317/768/19
f 940/731/17 1200/286/18 1247/769/18
f 1328/263/15 1330/264/16 1282/757/16
f 1349/725/14 1347/257/7 1299/695/7
f 1216/293/13 1218/183/14 1229/184/14
f 1262/696/22 927/278/22 925/274/23
f 1283/762/4 1331/262/4 1329/186/5
f 1362/246/10 1364/724/11 1316/763/11
f 1203/287/11 1201/288/12 1246/764/12
f 924/730/9 926/276/8 1263/701/8
f 1344/726/17 1346/256/2 1298/766/2
f 1223/297/2 1219/294/1 1228/767/1
f 1365/243/19 1363/196/24 1315/194/24
f 1200/286/18 1202/705/19 1245/706/19
f 1278/197/13 1326/265/13 1328/263/15
f 1225/182/26 894/773/26 896/772/26
f 895/774/26 894/773/26 1225/182/26
f 1271/735/26 917/775/26 895/774/26
f 896/772/26 897/777/26 1231/759/26
f 1231/759/26 897/777/26 898/776/26
f 1233/747/26 898/776/26 899/778/26
f 899/778/26 900/780/26 1237/234/26
f 1237/234/26 900/780/26 901/779/26
f 901/779/26 902/781/26 1241/209/26
f 902/781/26 903/783/26 1243/211/26
f 1243/211/26 903/783/26 904/782/26
f 1245/706/26 904/782/26 905/784/26
f 905/784/26 906/786/26 1249/756/26
f 1249/756/26 906/786/26 907/785/26
f 907/785/26 908/787/26 1253/241/26
f 908/787/26 909/789/26 1255/242/26
f 1255/242/26 909/789/26 910/788/26
f 1257/229/26 910/788/26 911/790/26
f 911/790/26 912/792/26 1261/700/26
f 1261/700/26 912/792/26 913/791/26
f 913/791/26 914/793/26 1265/765/26
f 914/793/26 915/795/26 1267/752/26
f 1267/752/26 915/795/26 916/794/26
f 916/794/26 917/775/26 1271/735/26
f 1272/798/25 1176/1352/25 1177/797/25
f 1272/798/25 1276/801/25 1178/800/25
f 1318/802/25 1275/799/25 1177/797/25
f 1278/803/25 1179/1354/25 1178/800/25
f 1278/803/25 1280/805/25 1180/804/25
f 1280/805/25 1282/807/25 1181/806/25
f 1284/808/25 1182/1355/25 1181/806/25
f 1284/808/25 1286/810/25 1183/809/25
f 1288/811/25 1184/812/25 1183/809/25
f 1290/813/25 1185/1356/25 1184/812/25
f 1290/813/25 1292/815/25 1186/814/25
f 1292/815/25 1294/817/25 1187/816/25
f 1296/818/25 1188/1357/25 1187/816/25
f 1296/818/25 1298/820/25 1189/819/25
f 1300/821/25 1190/822/25 1189/819/25
f 1302/823/25 1191/1358/25 1190/822/25
f 1302/823/25 1304/825/25 1192/824/25
f 1304/825/25 1306/827/25 1193/826/25
f 1308/828/25 1194/1359/25 1193/826/25
f 1308/828/25 1310/830/25 1195/829/25
f 1312/831/25 1196/832/25 1195/829/25
f 1314/833/25 1197/1360/25 1196/832/25
f 1314/833/25 1316/835/25 1198/834/25
f 1318/802/25 1199/1353/25 1198/834/25
f 1375/837/28 1368/843/28 1369/836/20
f 1371/840/28 1372/852/28 1373/839/20
f 1368/843/28 1375/837/28 1028/842/3
f 1374/845/25 1381/847/25 1380/846/25
f 1034/849/26 1377/867/26 1368/848/26
f 1372/852/28 1371/840/28 1033/851/3
f 1373/855/26 1372/878/26 1383/854/26
f 1371/858/25 1378/871/25 1032/857/25
f 1383/861/29 1378/874/29 1379/860/24
f 1377/864/29 1380/869/29 1381/863/24
f 1377/867/26 1376/1537/26 1369/866/26
f 1380/869/29 1377/864/29 1034/868/21
f 1369/836/17 1376/865/17 1381/863/17
f 1370/872/25 1379/1538/25 1378/871/25
f 1378/874/29 1383/861/29 1030/873/21
f 1373/839/17 1382/862/17 1379/860/17
f 1375/876/25 1380/846/25 1031/877/25
f 1372/878/26 1029/450/26 1030/448/26
f 1390/880/27 1395/1125/27 1433/879/17
f 1391/883/30 1393/1126/30 1442/882/6
f 1397/886/31 1398/991/30 1425/885/6
f 1402/889/27 1400/918/27 1426/888/17
f 1501/892/31 1499/916/30 1481/891/6
f 1415/895/25 1410/897/25 1408/894/25
f 1413/898/25 1409/1023/25 1410/897/25
f 1407/900/21 1421/902/21 1419/899/21
f 1405/903/21 1420/919/21 1421/902/21
f 1424/905/21 1415/907/21 1414/904/21
f 1422/908/21 1413/1028/21 1415/907/21
f 1493/910/31 1385/1121/30 1464/909/6
f 1497/913/27 1500/1135/27 1562/912/17
f 1499/916/30 1498/957/30 1482/915/6
f 1400/918/27 1399/1130/27 1416/917/17
f 1421/902/21 1424/905/21 1423/906/21
f 1420/919/21 1422/908/21 1424/905/21
f 1407/921/26 1418/923/26 1417/920/26
f 1406/924/26 1416/1018/26 1418/923/26
f 1440/926/26 1434/928/26 1432/925/26
f 1438/929/26 1433/1034/26 1434/928/26
f 1431/931/25 1443/933/25 1441/930/25
f 1429/934/25 1442/1025/25 1443/933/25
f 1440/936/21 1437/938/21 1435/935/21
f 1439/939/21 1436/958/21 1437/938/21
f 1446/941/21 1431/943/21 1430/940/21
f 1444/944/21 1429/1030/21 1431/943/21
f 1394/946/27 1392/983/27 1427/945/17
f 1386/949/27 1384/990/27 1449/948/17
f 1401/952/30 1403/1131/30 1409/951/6
f 1389/954/30 1391/883/30 1428/884/6
f 1498/957/30 1503/1134/30 1474/956/6
f 1437/938/21 1446/941/21 1445/942/21
f 1436/958/21 1444/944/21 1446/941/21
f 1462/960/26 1456/962/26 1561/959/26
f 1460/963/26 1455/1039/26 1456/962/26
f 1453/965/25 1465/967/25 1463/964/25
f 1451/968/25 1464/1037/25 1465/967/25
f 1462/970/21 1459/972/21 1457/969/21
f 1560/973/21 1458/984/21 1459/972/21
f 1468/975/21 1453/977/21 1452/974/21
f 1466/978/21 1451/1036/21 1453/977/21
f 1495/979/31 1493/910/31 1450/911/6
f 1496/981/27 1497/913/27 1480/914/17
f 1392/983/27 1390/880/27 1448/881/17
f 1459/972/21 1468/975/21 1467/976/21
f 1458/984/21 1466/978/21 1468/975/21
f 1492/986/21 1479/988/21 1477/985/21
f 1490/989/21 1478/1002/21 1479/988/21
f 1384/990/27 1494/422/27 1470/423/17
f 1398/991/30 1401/952/30 1412/953/6
f 1396/992/30 1389/954/30 1447/955/6
f 1502/994/27 1496/981/27 1483/982/17
f 1388/996/31 1495/979/31 1469/980/6
f 1404/998/27 1402/889/27 1411/890/17
f 1479/988/21 1486/1001/21 1484/1000/21
f 1478/1002/21 1485/1032/21 1486/1001/21
f 1473/1003/21 1492/986/21 1491/987/21
f 1471/1005/21 1490/989/21 1492/986/21
f 1486/1007/25 1476/1009/25 1475/1006/25
f 1485/1010/25 1474/1033/25 1476/1009/25
f 1473/1012/26 1489/1014/26 1488/1011/26
f 1563/1015/26 1562/1141/26 1489/1014/26
f 1420/919/21 1405/903/21 1013/1016/21
f 1416/1018/26 1406/924/26 1439/927/26
f 1012/1019/26 1013/1539/26 1405/922/26
f 1436/958/21 1439/939/21 1406/901/21
f 1412/953/3 1409/951/3 1014/1020/3
f 1409/1023/25 1413/898/25 1015/1022/25
f 1428/884/3 1442/882/3 1408/999/3
f 1442/1025/25 1429/934/25 1414/896/25
f 1037/1026/3 1425/885/3 1412/953/3
f 1426/888/3 1447/955/3 1428/884/3
f 1413/1028/21 1422/908/21 1039/1027/21
f 1429/1030/21 1444/944/21 1423/906/21
f 1417/887/3 1425/885/3 1037/1026/3
f 1432/993/3 1447/955/3 1426/888/3
f 1039/1027/21 1422/908/21 1420/919/21
f 1423/906/21 1444/944/21 1436/958/21
f 1448/881/3 1481/891/3 1482/915/3
f 1482/915/3 1474/956/3 1441/947/3
f 1485/1032/21 1478/1002/21 1445/942/21
f 1474/1033/25 1485/1010/25 1430/932/25
f 1488/893/3 1481/891/3 1448/881/3
f 1433/1034/26 1438/929/26 1471/1013/26
f 1445/942/21 1478/1002/21 1490/989/21
f 1490/989/21 1471/1005/21 1438/937/21
f 1029/1035/3 1033/1540/3 1463/950/3
f 1480/914/3 1469/980/3 1450/911/3
f 1470/423/3 1028/1541/3 1029/1035/3
f 1450/911/3 1464/909/3 1475/995/3
f 1033/859/25 1032/857/25 1452/966/25
f 1451/1036/21 1466/978/21 1477/985/21
f 1464/1037/25 1451/968/25 1484/1008/25
f 1032/1038/21 1030/1542/21 1467/976/21
f 1455/1039/26 1460/963/26 1034/849/26
f 1561/997/3 1469/980/3 1480/914/3
f 1567/1041/17 1566/1147/17 1487/1040/17
f 1035/1043/3 1028/1541/3 1470/423/3
f 1031/1044/21 1034/1543/21 1460/971/21
f 1477/985/21 1466/978/21 1458/984/21
f 1467/976/21 1030/1542/21 1031/1044/21
f 1458/984/21 1560/973/21 1563/1004/21
f 1520/1078/3 1524/1361/3 1522/1077/32
f 1520/1078/3 1518/1081/33 1521/1080/33
f 1545/1083/3 1506/1085/3 1504/1082/32
f 1543/1086/33 1505/1103/33 1506/1085/3
f 1552/1087/32 1555/1089/3 1551/1088/3
f 1553/1090/33 1550/1094/33 1551/1088/3
f 1551/1088/3 1548/1093/3 1546/1091/32
f 1550/1094/33 1547/1097/33 1548/1093/3
f 1548/1093/3 1559/1362/3 1557/1095/32
f 1548/1093/3 1547/1097/33 1556/1096/33
f 1517/1098/3 1520/1078/3 1519/1079/32
f 1515/1100/33 1518/1081/33 1520/1078/3
f 1506/1085/3 1510/1363/3 1508/1101/32
f 1506/1085/3 1505/1103/33 1507/1102/33
f 1535/1105/3 1538/1107/3 1536/1104/32
f 1533/1108/33 1537/1120/33 1538/1107/3
f 1528/1109/3 1517/1098/3 1516/1099/32
f 1526/1111/34 1515/1100/33 1517/1098/3
f 1532/1112/3 1535/1105/3 1534/1106/32
f 1530/1114/33 1533/1108/33 1535/1105/3
f 1514/1115/3 1545/1083/3 1544/1084/32
f 1512/1117/33 1543/1086/33 1545/1083/3
f 1538/1107/3 1542/1119/3 1540/1118/32
f 1537/1120/33 1539/1132/33 1542/1119/3
f 1505/1103/33 1543/1086/33 1494/422/27
f 1493/910/31 1495/979/31 1544/1084/32
f 1385/1121/30 1493/910/31 1504/1082/32
f 1386/949/27 1507/1102/33 1505/1103/33
f 1465/967/25 1464/1037/25 1385/1122/25
f 1385/1122/25 1508/1048/25 1509/1047/25
f 1463/964/25 1465/967/25 1509/1047/25
f 1509/1047/25 1507/1045/25 1386/1364/25
f 1543/1086/33 1512/1117/33 1387/1123/27
f 1561/959/26 1456/962/26 1513/1051/26
f 1513/1051/26 1511/1049/26 1388/1365/26
f 1456/962/26 1455/1039/26 1387/1124/26
f 1387/1124/26 1512/1052/26 1513/1051/26
f 1495/979/31 1388/996/31 1511/1116/32
f 1518/1081/33 1515/1100/33 1390/880/27
f 1515/1100/33 1526/1111/34 1395/1125/27
f 1391/883/30 1389/954/30 1516/1099/32
f 1516/1099/32 1389/954/30 1396/992/30
f 1521/1080/33 1518/1081/33 1392/983/27
f 1393/1126/30 1391/883/30 1519/1079/32
f 1443/933/25 1442/1025/25 1393/1127/25
f 1393/1127/25 1522/1056/25 1523/1055/25
f 1441/930/25 1443/933/25 1523/1055/25
f 1523/1055/25 1521/1053/25 1394/1366/25
f 1434/928/26 1433/1034/26 1395/1128/26
f 1395/1128/26 1526/1060/26 1527/1059/26
f 1432/925/26 1434/928/26 1527/1059/26
f 1527/1059/26 1525/1057/26 1396/1367/26
f 1418/923/26 1416/1018/26 1399/1129/26
f 1399/1129/26 1530/1064/26 1531/1063/26
f 1398/991/30 1397/886/31 1529/1113/32
f 1533/1108/33 1530/1114/33 1399/1130/27
f 1417/920/26 1418/923/26 1531/1063/26
f 1531/1063/26 1529/1061/26 1397/1368/26
f 1537/1120/33 1533/1108/33 1400/918/27
f 1401/952/30 1398/991/30 1534/1106/32
f 1403/1131/30 1401/952/30 1536/1104/32
f 1539/1132/33 1537/1120/33 1402/889/27
f 1410/897/25 1409/1023/25 1403/1133/25
f 1403/1133/25 1540/1068/25 1541/1067/25
f 1408/894/25 1410/897/25 1541/1067/25
f 1541/1067/25 1539/1065/25 1404/1369/25
f 1547/1097/33 1550/1094/33 1497/913/27
f 1498/957/30 1499/916/30 1549/1092/32
f 1502/994/27 1556/1096/33 1547/1097/33
f 1503/1134/30 1498/957/30 1546/1091/32
f 1550/1094/33 1553/1090/33 1500/1135/27
f 1549/1092/32 1499/916/30 1501/892/31
f 1489/1014/26 1562/1141/26 1500/1136/26
f 1500/1136/26 1553/1072/26 1554/1071/26
f 1488/1011/26 1489/1014/26 1554/1071/26
f 1554/1071/26 1552/1069/26 1501/1370/26
f 1476/1009/25 1474/1033/25 1503/1137/25
f 1503/1137/25 1557/1076/25 1558/1075/25
f 1475/1006/25 1476/1009/25 1558/1075/25
f 1558/1075/25 1556/1073/25 1502/1371/25
f 1560/961/26 1561/959/26 1454/1138/26
f 1562/1141/26 1563/1015/26 1472/1140/26
f 1561/959/26 1562/1141/26 1487/1142/26
f 1563/1015/26 1560/961/26 1461/1139/26
f 1566/1144/26 1567/1544/26 1564/1143/26
f 1566/1147/21 1565/1545/21 1454/1146/21
f 1565/1149/6 1564/1152/6 1461/1148/6
f 1564/1152/3 1567/1546/3 1472/1151/3
f 1662/1154/36 1589/1200/36 1588/1153/35
f 1658/1157/37 1568/1194/37 1585/1156/37
f 1646/1160/39 1570/1167/39 1569/1159/38
f 1665/1163/40 1587/1202/40 1586/1162/40
f 1660/1158/42 1585/1156/42 1584/1165/41
f 1651/1168/44 1571/1547/44 1570/1167/39
f 1664/1170/46 1591/1177/46 1590/1169/45
f 1659/1166/43 1584/1165/41 1582/1172/47
f 1652/1175/49 1572/1181/49 1571/1174/48
f 1667/1178/50 1593/1183/50 1591/1177/50
f 1650/1173/51 1582/1172/51 1581/1179/51
f 1654/1182/52 1574/1187/52 1572/1181/49
f 1668/1184/54 1594/1189/59 1593/1183/53
f 1649/1180/55 1581/1179/55 1580/1185/55
f 1655/1188/57 1575/1192/64 1574/1187/56
f 1666/1164/60 1586/1162/60 1594/1189/59
f 1648/1186/62 1580/1185/62 1579/1190/61
f 1656/1193/65 1576/1198/65 1575/1192/64
f 1653/1195/66 1578/1548/66 1568/1194/66
f 1647/1191/63 1579/1190/61 1578/1196/67
f 1657/1199/68 1577/1201/68 1576/1198/65
f 1663/1171/45 1590/1169/45 1589/1200/69
f 1645/1161/70 1569/1159/70 1577/1201/68
f 1661/1203/35 1588/1549/35 1587/1202/71
f 1670/1205/73 1598/1219/73 1597/1204/72
f 1673/1208/74 1596/1220/74 1595/1207/74
f 1672/1211/76 1600/1213/76 1599/1210/75
f 1675/1214/77 1602/1215/77 1600/1213/76
f 1676/1216/79 1603/1217/79 1602/1215/78
f 1674/1218/80 1595/1550/80 1603/1217/79
f 1671/1212/75 1599/1210/75 1598/1219/81
f 1669/1206/72 1597/1204/72 1596/1220/82
f 1634/1222/84 1605/1224/84 1604/1221/83
f 1635/1225/85 1606/1551/85 1605/1224/84
f 1636/1227/86 1607/1229/86 1606/1226/85
f 1637/1230/87 1608/1231/87 1607/1229/86
f 1638/1232/88 1609/1233/88 1608/1231/87
f 1639/1234/89 1611/1235/89 1609/1233/88
f 1640/1236/90 1612/1237/90 1611/1235/89
f 1641/1238/91 1613/1239/91 1612/1237/90
f 1642/1240/92 1614/1241/92 1613/1239/91
f 1643/1242/93 1615/1243/93 1614/1241/92
f 1644/1244/94 1616/1245/94 1615/1243/93
f 1633/1223/83 1604/1221/83 1616/1245/94
f 1621/1246/26 1619/1248/26 1626/1247/26
f 1617/1250/17 1627/1552/17 790/1249/17
f 1617/1253/3 780/1553/3 787/1252/3
f 778/1256/6 792/1554/6 1626/1255/6
f 1621/1259/3 786/1261/3 778/1258/3
f 1622/1254/3 787/1252/3 786/1261/3
f 779/1262/95 795/1264/95 1631/1263/95
f 1629/1266/102 1630/1285/102 1623/1265/102
f 1622/1269/26 1628/1271/26 1627/1268/26
f 1621/1246/26 1625/1372/26 1628/1271/26
f 1624/1272/97 1625/1274/97 1626/1273/97
f 790/1276/98 1627/1281/98 1618/1275/98
f 1620/1278/97 1626/1273/97 792/1279/97
f 1627/1281/98 1628/1282/98 1623/1280/98
f 1628/1282/21 1625/1274/21 1624/1272/21
f 1631/1263/103 1629/1266/103 1624/1267/103
f 1623/1265/104 1630/1285/104 1632/1284/104
f 1632/1284/101 794/1555/101 781/1286/101
f 1698/1374/105 1680/1416/2526 1708/1375/106
f 1706/1377/108 1694/1389/149 1682/1378/109
f 1718/1380/111 1731/1521/189 1726/1381/112
f 1689/1383/114 1722/1473/187 1736/1384/115
f 1691/1386/117 1703/1556/2527 1754/1387/118
f 1750/1388/120 1682/1378/2528 1694/1389/121
f 1751/1391/123 1748/1461/184 1690/1392/124
f 1684/1394/126 1701/1557/2529 1753/1395/127
f 1687/1397/129 1710/1558/193 1744/1398/130
f 1740/1400/132 1677/1439/168 1697/1401/133
f 1741/1403/135 1738/1408/204 1692/1404/136
f 1678/1406/138 1707/1559/2530 1743/1407/139
f 1683/1409/141 1693/1504/214 1751/1391/123
f 1747/1396/143 1688/1433/2531 1695/1411/144
f 1700/1412/145 1686/1506/2532 1728/1413/146
f 1701/1415/148 1684/1394/2533 1694/1389/149
f 1680/1416/150 1698/1374/203 1741/1403/135
f 1737/1417/152 1686/1506/2532 1700/1412/145
f 1704/1418/153 1685/1507/211 1730/1419/154
f 1678/1406/155 1698/1374/105 1712/1376/107
f 1683/1422/25 1701/1508/148 1706/1423/108
f 1691/1386/157 1695/1411/163 1705/1425/158
f 1753/1427/127 1701/1509/2529 1683/1428/160
f 1677/1430/26 1719/1510/26 1720/1431/26
f 1688/1433/162 1704/1560/2534 1705/1425/158
f 1706/1423/108 1702/1511/110 1681/1434/25
f 1677/1430/26 1707/1432/156 1712/1435/107
f 1692/1404/164 1709/1512/2535 1711/1437/165
f 1745/1438/167 1719/1561/2536 1677/1439/168
f 1744/1440/130 1710/1513/193 1686/1441/169
f 1711/1437/165 1710/1562/2537 1687/1397/171
f 1712/1435/107 1708/1514/106 1679/1443/26
f 1755/1444/172 1756/1515/2538 1716/1445/173
f 1745/1447/175 1746/1516/2539 1720/1448/176
f 1709/1450/113 1726/1523/112 1733/1451/178
f 1756/1453/179 1713/1563/2540 1702/1454/180
f 1705/1456/178 1704/1418/182 1729/1420/182
f 1743/1458/183 1746/1493/197 1718/1380/111
f 1681/1434/25 1702/1511/110 1713/1459/25
f 1748/1461/184 1755/1499/208 1717/1462/185
f 1732/1463/26 1729/1517/26 1730/1464/26
f 1733/1466/25 1721/1414/25 1728/1413/25
f 1725/1468/26 1732/1463/26 1723/1465/26
f 1726/1470/25 1722/1473/25 1721/1414/25
f 1725/1468/26 1724/1469/26 1735/1471/26
f 1726/1470/25 1731/1518/25 1736/1384/25
f 1703/1474/186 1705/1456/178 1732/1457/178
f 1717/1462/185 1735/1525/115 1724/1476/187
f 1689/1383/114 1700/1412/145 1721/1414/147
f 1690/1392/124 1724/1476/187 1723/1477/147
f 1717/1446/174 1716/1445/173 1734/1478/188
f 1711/1452/178 1733/1451/178 1727/1480/182
f 1703/1482/186 1725/1524/112 1734/1483/189
f 1715/1485/191 1736/1522/188 1731/1486/188
f 1710/1481/193 1727/1480/194 1728/1488/194
f 1696/1393/125 1723/1477/147 1730/1490/146
f 1707/1492/196 1720/1564/2541 1746/1493/197
f 1718/1487/192 1746/1516/2539 1745/1447/175
f 1679/1494/198 1708/1519/206 1744/1440/130
f 1715/1385/116 1745/1438/167 1740/1400/132
f 1679/1495/199 1737/1417/152 1742/1402/134
f 1739/1399/151 1741/1403/135 1699/1405/137
f 1692/1404/201 1738/1408/140 1743/1407/139
f 1698/1374/203 1678/1406/2542 1738/1408/204
f 1689/1383/114 1740/1400/132 1742/1402/134
f 1680/1416/205 1739/1399/131 1744/1398/130
f 1681/1498/207 1714/1565/2543 1755/1499/208
f 1716/1484/190 1756/1453/179 1754/1455/181
f 1713/1500/209 1756/1515/2538 1755/1444/172
f 1685/1502/211 1704/1520/153 1753/1427/127
f 1684/1394/212 1747/1396/143 1752/1390/122
f 1749/1410/142 1751/1391/123 1696/1393/125
f 1688/1433/213 1747/1396/128 1753/1395/127
f 1693/1504/214 1681/1498/207 1748/1461/184
f 1691/1386/215 1750/1388/120 1752/1390/122
f 1682/1378/216 1750/1388/119 1754/1387/118
f 1792/1376/218 1778/1374/2544 1760/1416/219
f 1786/1377/221 1774/1389/2545 1762/1378/222
f 1798/1380/224 1811/1521/307 1806/1381/225
f 1769/1383/227 1802/1473/304 1816/1384/228
f 1771/1386/230 1783/1556/2546 1834/1387/231
f 1830/1388/233 1762/1378/2547 1774/1389/234
f 1831/1391/236 1828/1461/301 1770/1392/237
f 1764/1394/239 1781/1557/275 1833/1395/240
f 1767/1397/242 1790/1558/285 1824/1398/243
f 1820/1400/245 1757/1439/283 1777/1401/246
f 1821/1403/248 1818/1408/322 1772/1404/249
f 1758/1406/251 1787/1559/2548 1823/1407/252
f 1763/1409/254 1773/1504/329 1831/1391/236
f 1827/1396/256 1768/1433/2549 1775/1411/257
f 1766/1506/258 1808/1413/311 1801/1414/259
f 1764/1394/261 1774/1389/2545 1786/1377/221
f 1760/1416/263 1778/1374/321 1821/1403/248
f 1817/1417/265 1766/1506/258 1780/1412/260
f 1765/1507/266 1810/1419/267 1809/1420/267
f 1758/1406/269 1778/1374/2544 1792/1376/218
f 1781/1508/262 1786/1423/221 1773/1424/25
f 1775/1411/271 1785/1425/278 1783/1426/272
f 1829/1429/274 1833/1427/240 1781/1509/275
f 1787/1432/270 1757/1430/26 1799/1510/26
f 1768/1433/277 1784/1560/2550 1785/1425/278
f 1773/1424/25 1786/1423/221 1782/1511/223
f 1787/1432/270 1792/1435/218 1777/1436/26
f 1789/1512/279 1791/1437/287 1779/1405/280
f 1825/1438/282 1799/1561/2551 1757/1439/283
f 1817/1442/284 1824/1440/243 1790/1513/285
f 1791/1437/287 1790/1562/2552 1767/1397/288
f 1777/1436/26 1792/1435/218 1788/1514/220
f 1836/1515/289 1796/1445/305 1797/1446/290
f 1826/1516/292 1800/1448/2553 1799/1449/293
f 1789/1450/226 1806/1523/225 1813/1451/295
f 1836/1453/296 1793/1563/2554 1782/1454/297
f 1784/1418/299 1809/1420/299 1812/1457/295
f 1823/1458/300 1826/1493/314 1798/1380/224
f 1782/1511/223 1793/1459/25 1794/1460/25
f 1828/1461/301 1835/1499/325 1797/1462/302
f 1809/1517/26 1810/1464/26 1803/1465/26
f 1801/1414/25 1808/1413/25 1807/1467/25
f 1812/1463/26 1803/1465/26 1804/1469/26
f 1802/1473/25 1801/1414/25 1813/1466/25
f 1804/1469/26 1815/1471/26 1814/1472/26
f 1802/1473/25 1806/1470/25 1811/1518/25
f 1785/1456/295 1812/1457/295 1805/1475/225
f 1797/1462/302 1815/1525/228 1804/1476/304
f 1780/1412/260 1801/1414/259 1802/1473/304
f 1770/1392/237 1804/1476/304 1803/1477/259
f 1796/1445/305 1814/1478/306 1815/1479/306
f 1790/1481/299 1791/1452/295 1813/1451/295
f 1783/1482/303 1805/1524/225 1814/1483/307
f 1795/1485/309 1816/1522/306 1811/1486/306
f 1766/1489/286 1790/1481/285 1807/1480/267
f 1776/1393/238 1803/1477/259 1810/1490/311
f 1787/1492/313 1800/1564/2555 1826/1493/314
f 1795/1485/309 1798/1487/310 1826/1516/292
f 1788/1519/315 1824/1440/243 1817/1442/284
f 1795/1385/229 1825/1438/282 1820/1400/245
f 1759/1495/317 1817/1417/265 1822/1402/247
f 1819/1399/264 1821/1403/248 1779/1405/250
f 1772/1404/319 1818/1408/253 1823/1407/252
f 1778/1374/321 1758/1406/2556 1818/1408/322
f 1769/1383/227 1820/1400/245 1822/1402/247
f 1760/1416/323 1819/1399/244 1824/1398/243
f 1761/1498/324 1794/1565/2557 1835/1499/325
f 1796/1484/308 1836/1453/296 1834/1455/298
f 1794/1501/326 1793/1500/2558 1836/1515/289
f 1784/1520/268 1833/1427/240 1829/1429/274
f 1764/1394/327 1827/1396/256 1832/1390/235
f 1829/1410/255 1831/1391/236 1776/1393/238
f 1768/1433/328 1827/1396/241 1833/1395/240
f 1773/1504/329 1761/1498/324 1828/1461/301
f 1771/1386/330 1830/1388/233 1832/1390/235
f 1762/1378/331 1830/1388/232 1834/1387/231
f 1858/1374/333 1840/1416/2559 1868/1375/334
f 1866/1377/336 1854/1389/377 1842/1378/337
f 1869/1382/339 1878/1380/413 1891/1521/340
f 1849/1383/342 1882/1473/417 1896/1384/343
f 1851/1386/345 1863/1556/2560 1914/1387/346
f 1910/1388/348 1842/1378/2561 1854/1389/349
f 1911/1391/351 1908/1461/414 1850/1392/352
f 1844/1394/354 1861/1557/2562 1913/1395/355
f 1847/1397/357 1870/1558/422 1904/1398/358
f 1900/1400/360 1837/1439/397 1857/1401/361
f 1901/1403/363 1898/1408/433 1852/1404/364
f 1838/1406/366 1867/1559/2563 1903/1407/367
f 1843/1409/369 1853/1504/442 1911/1391/351
f 1907/1396/371 1848/1433/2564 1855/1411/372
f 1846/1506/373 1888/1413/423 1881/1414/374
f 1861/1415/376 1844/1394/2565 1854/1389/377
f 1840/1416/378 1858/1374/432 1901/1403/363
f 1897/1417/380 1846/1506/373 1860/1412/375
f 1845/1507/381 1890/1419/382 1889/1420/382
f 1838/1406/384 1858/1374/333 1872/1376/335
f 1843/1422/25 1861/1508/376 1866/1423/336
f 1851/1386/386 1855/1411/392 1865/1425/387
f 1913/1427/355 1861/1509/2562 1843/1428/389
f 1837/1430/26 1879/1510/26 1880/1431/26
f 1848/1433/391 1864/1560/2566 1865/1425/387
f 1866/1423/336 1862/1511/338 1841/1434/25
f 1837/1430/26 1867/1432/385 1872/1435/335
f 1852/1404/393 1869/1512/2567 1871/1437/394
f 1905/1438/396 1879/1561/2568 1837/1439/397
f 1904/1440/358 1870/1513/422 1846/1441/398
f 1871/1437/394 1870/1562/2569 1847/1397/400
f 1872/1435/335 1868/1514/334 1839/1443/26
f 1915/1444/401 1916/1515/2570 1876/1445/402
f 1905/1447/404 1906/1516/2571 1880/1448/405
f 1869/1450/339 1886/1523/341 1893/1451/407
f 1916/1453/408 1873/1563/2572 1862/1454/409
f 1865/1456/407 1864/1418/411 1889/1420/411
f 1903/1458/412 1906/1493/426 1878/1380/413
f 1841/1434/25 1862/1511/338 1873/1459/25
f 1908/1461/414 1915/1499/437 1877/1462/415
f 1892/1463/26 1889/1517/26 1890/1464/26
f 1893/1466/25 1881/1414/25 1888/1413/25
f 1885/1468/26 1892/1463/26 1883/1465/26
f 1886/1470/25 1882/1473/25 1881/1414/25
f 1885/1468/26 1884/1469/26 1895/1471/26
f 1886/1470/25 1891/1518/25 1896/1384/25
f 1865/1456/407 1892/1457/407 1885/1475/341
f 1877/1462/415 1895/1525/343 1884/1476/417
f 1860/1412/375 1881/1414/374 1882/1473/417
f 1850/1392/352 1884/1476/417 1883/1477/374
f 1876/1445/402 1894/1478/418 1895/1479/418
f 1871/1452/407 1893/1451/407 1887/1480/411
f 1863/1482/416 1885/1524/341 1894/1483/340
f 1875/1485/420 1896/1522/418 1891/1486/418
f 1870/1481/422 1887/1480/382 1888/1488/382
f 1856/1393/353 1883/1477/374 1890/1490/423
f 1867/1492/425 1880/1564/2573 1906/1493/426
f 1878/1487/421 1906/1516/2571 1905/1447/404
f 1839/1494/427 1868/1519/435 1904/1440/358
f 1875/1385/344 1905/1438/396 1900/1400/360
f 1839/1495/428 1897/1417/380 1902/1402/362
f 1899/1399/379 1901/1403/363 1859/1405/365
f 1852/1404/430 1898/1408/368 1903/1407/367
f 1858/1374/432 1838/1406/2574 1898/1408/433
f 1849/1383/342 1900/1400/360 1902/1402/362
f 1840/1416/434 1899/1399/359 1904/1398/358
f 1841/1498/436 1874/1565/2575 1915/1499/437
f 1876/1484/419 1916/1453/408 1914/1455/410
f 1873/1500/438 1916/1515/2570 1915/1444/401
f 1845/1502/381 1864/1520/383 1913/1427/355
f 1844/1394/440 1907/1396/371 1912/1390/350
f 1909/1410/370 1911/1391/351 1856/1393/353
f 1848/1433/441 1907/1396/356 1913/1395/355
f 1853/1504/442 1841/1498/436 1908/1461/414
f 1851/1386/443 1910/1388/348 1912/1390/350
f 1842/1378/444 1910/1388/347 1914/1387/346
f 1952/1376/446 1938/1374/2576 1920/1416/447
f 1946/1377/449 1934/1389/2577 1922/1378/450
f 1949/1382/452 1958/1380/529 1971/1521/453
f 1929/1383/455 1962/1473/533 1976/1384/456
f 1931/1386/458 1943/1556/2578 1994/1387/459
f 1990/1388/461 1922/1378/2579 1934/1389/462
f 1991/1391/464 1988/1461/530 1930/1392/465
f 1924/1394/467 1941/1557/503 1993/1395/468
f 1927/1397/470 1950/1558/513 1984/1398/471
f 1980/1400/473 1917/1439/511 1937/1401/474
f 1981/1403/476 1978/1408/551 1932/1404/477
f 1918/1406/479 1947/1559/2580 1983/1407/480
f 1923/1409/482 1933/1504/559 1991/1391/464
f 1987/1396/484 1928/1433/2581 1935/1411/485
f 1926/1506/486 1968/1413/539 1961/1414/487
f 1924/1394/489 1934/1389/2577 1946/1377/449
f 1920/1416/491 1938/1374/550 1981/1403/476
f 1977/1417/493 1926/1506/486 1940/1412/488
f 1925/1507/494 1970/1419/495 1969/1420/495
f 1918/1406/497 1938/1374/2576 1952/1376/446
f 1941/1508/490 1946/1423/449 1933/1424/25
f 1935/1411/499 1945/1425/506 1943/1426/500
f 1989/1429/502 1993/1427/468 1941/1509/503
f 1917/1430/26 1959/1510/26 1960/1431/26
f 1928/1433/505 1944/1560/2582 1945/1425/506
f 1933/1424/25 1946/1423/449 1942/1511/451
f 1947/1432/498 1952/1435/446 1937/1436/26
f 1949/1512/507 1951/1437/515 1939/1405/508
f 1985/1438/510 1959/1561/570 1917/1439/511
f 1977/1442/512 1984/1440/471 1950/1513/513
f 1951/1437/515 1950/1562/2583 1927/1397/516
f 1937/1436/26 1952/1435/446 1948/1514/448
f 1996/1515/517 1956/1445/534 1957/1446/518
f 1985/1447/520 1986/1516/543 1960/1448/521
f 1949/1450/452 1966/1523/454 1973/1451/523
f 1996/1453/524 1953/1563/569 1942/1454/525
f 1944/1418/527 1969/1420/527 1972/1457/523
f 1983/1458/528 1986/1493/542 1958/1380/529
f 1921/1434/25 1942/1511/451 1953/1459/25
f 1988/1461/530 1995/1499/554 1957/1462/531
f 1969/1517/26 1970/1464/26 1963/1465/26
f 1961/1414/25 1968/1413/25 1967/1467/25
f 1972/1463/26 1963/1465/26 1964/1469/26
f 1962/1473/25 1961/1414/25 1973/1466/25
f 1964/1469/26 1975/1471/26 1974/1472/26
f 1962/1473/25 1966/1470/25 1971/1518/25
f 1943/1474/532 1945/1456/523 1972/1457/523
f 1957/1462/531 1975/1525/456 1964/1476/533
f 1940/1412/488 1961/1414/487 1962/1473/533
f 1930/1392/465 1964/1476/533 1963/1477/487
f 1956/1445/534 1974/1478/535 1975/1479/535
f 1950/1481/527 1951/1452/523 1973/1451/523
f 1943/1482/532 1965/1524/454 1974/1483/453
f 1955/1485/537 1976/1522/2584 1971/1486/535
f 1950/1481/513 1967/1480/495 1968/1488/495
f 1936/1393/466 1963/1477/487 1970/1490/539
f 1947/1492/541 1960/1564/569 1986/1493/542
f 1955/1485/537 1958/1487/538 1986/1516/543
f 1948/1519/544 1984/1440/471 1977/1442/512
f 1955/1385/457 1985/1438/510 1980/1400/473
f 1919/1495/546 1977/1417/493 1982/1402/475
f 1979/1399/492 1981/1403/476 1939/1405/478
f 1932/1404/548 1978/1408/481 1983/1407/480
f 1938/1374/550 1918/1406/2585 1978/1408/551
f 1929/1383/455 1980/1400/473 1982/1402/475
f 1920/1416/552 1979/1399/472 1984/1398/471
f 1921/1498/553 1954/1565/570 1995/1499/554
f 1956/1484/536 1996/1453/524 1994/1455/526
f 1953/1500/555 1996/1515/517 1995/1444/519
f 1944/1520/496 1993/1427/468 1989/1429/502
f 1924/1394/557 1987/1396/484 1992/1390/463
f 1989/1410/483 1991/1391/464 1936/1393/466
f 1928/1433/558 1987/1396/469 1993/1395/468
f 1933/1504/559 1921/1498/553 1988/1461/530
f 1931/1386/560 1990/1388/461 1992/1390/463
f 1922/1378/561 1990/1388/460 1994/1387/459
f 2018/1374/563 2000/1416/563 2028/1375/564
f 2026/1377/566 2014/1389/567 2002/1378/567
f 2029/1382/569 2038/1380/569 2051/1521/569
f 2009/1383/570 2042/1473/570 2056/1384/570
f 2011/1386/571 2023/1556/2586 2074/1387/572
f 2070/1388/569 2002/1378/569 2014/1389/569
f 2071/1391/570 2068/1461/570 2010/1392/570
f 2004/1394/575 2021/1557/596 2073/1395/576
f 2007/1397/578 2030/1558/614 2064/1398/579
f 2060/1400/570 1997/1439/570 2017/1401/570
f 2061/1403/569 2058/1408/569 2012/1404/569
f 1998/1406/581 2027/1559/2587 2063/1407/582
f 2003/1409/570 2013/1504/570 2071/1391/570
f 2067/1396/569 2008/1433/569 2015/1411/569
f 2006/1506/585 2048/1413/615 2041/1414/586
f 2021/1415/588 2004/1394/567 2014/1389/567
f 2000/1416/569 2018/1374/569 2061/1403/569
f 2057/1417/589 2006/1506/585 2020/1412/587
f 2005/1507/590 2050/1419/591 2049/1420/591
f 1998/1406/563 2018/1374/563 2032/1376/565
f 2003/1422/25 2021/1508/588 2026/1423/566
f 2011/1386/563 2015/1411/563 2025/1425/594
f 2069/1429/595 2073/1427/576 2021/1509/596
f 1997/1430/26 2039/1510/26 2040/1431/26
f 2008/1433/598 2024/1560/2588 2025/1425/594
f 2013/1424/25 2026/1423/566 2022/1511/568
f 2027/1432/593 2032/1435/565 2017/1436/26
f 2012/1404/567 2029/1512/567 2031/1437/599
f 2065/1438/570 2039/1561/570 1997/1439/570
f 2064/1440/579 2030/1513/614 2006/1441/600
f 2031/1437/599 2030/1562/2589 2007/1397/602
f 2032/1435/565 2028/1514/564 1999/1443/26
f 2076/1515/603 2036/1445/611 2037/1446/604
f 2065/1447/606 2066/1516/618 2040/1448/607
f 2029/1450/569 2046/1523/569 2053/1451/609
f 2076/1453/569 2033/1563/569 2022/1454/569
f 2024/1418/610 2049/1420/610 2052/1457/609
f 2063/1458/569 2066/1493/569 2038/1380/569
f 2001/1434/25 2022/1511/568 2033/1459/25
f 2068/1461/570 2075/1499/570 2037/1462/570
f 2052/1463/26 2049/1517/26 2050/1464/26
f 2053/1466/25 2041/1414/25 2048/1413/25
f 2045/1468/26 2052/1463/26 2043/1465/26
f 2046/1470/25 2042/1473/25 2041/1414/25
f 2044/1469/26 2055/1471/26 2054/1472/26
f 2042/1473/25 2046/1470/25 2051/1518/25
f 2023/1474/569 2025/1456/609 2052/1457/609
f 2037/1462/570 2055/1525/570 2044/1476/570
f 2020/1412/587 2041/1414/586 2042/1473/570
f 2010/1392/570 2044/1476/570 2043/1477/586
f 2036/1445/611 2054/1478/612 2055/1479/612
f 2031/1452/609 2053/1451/609 2047/1480/610
f 2023/1482/569 2045/1524/569 2054/1483/569
f 2038/1487/613 2035/1485/617 2056/1522/612
f 2030/1481/614 2047/1480/591 2048/1488/591
f 2016/1393/574 2043/1477/586 2050/1490/615
f 2027/1492/569 2040/1564/569 2066/1493/569
f 2035/1485/617 2038/1487/613 2066/1516/618
f 2028/1519/619 2064/1440/579 2057/1442/601
f 2035/1385/570 2065/1438/570 2060/1400/570
f 1999/1495/570 2057/1417/589 2062/1402/570
f 2059/1399/569 2061/1403/569 2019/1405/569
f 2012/1404/621 2058/1408/583 2063/1407/582
f 2018/1374/569 1998/1406/569 2058/1408/569
f 2009/1383/570 2060/1400/570 2062/1402/570
f 2000/1416/623 2059/1399/580 2064/1398/579
f 2001/1498/570 2034/1565/570 2075/1499/570
f 2036/1484/569 2076/1453/569 2074/1455/569
f 2033/1500/624 2076/1515/603 2075/1444/605
f 2005/1502/590 2024/1520/592 2073/1427/576
f 2004/1394/569 2067/1396/569 2072/1390/569
f 2069/1410/584 2071/1391/570 2016/1393/574
f 2008/1433/626 2067/1396/577 2073/1395/576
f 2013/1504/570 2001/1498/570 2068/1461/570
f 2011/1386/569 2070/1388/569 2072/1390/569
f 2002/1378/627 2070/1388/573 2074/1387/572
f 2098/1374/563 2080/1416/563 2108/1375/629
f 2106/1377/566 2094/1389/567 2082/1378/567
f 2118/1380/569 2131/1521/569 2126/1381/569
f 2089/1383/570 2122/1473/570 2136/1384/570
f 2091/1386/631 2103/1556/2590 2154/1387/632
f 2150/1388/569 2082/1378/569 2094/1389/569
f 2151/1391/570 2148/1461/570 2090/1392/570
f 2084/1394/634 2101/1557/649 2153/1395/635
f 2087/1397/637 2110/1558/663 2144/1398/638
f 2140/1400/570 2077/1439/570 2097/1401/570
f 2141/1403/569 2138/1408/569 2092/1404/569
f 2078/1406/640 2107/1559/2591 2143/1407/641
f 2083/1409/570 2093/1504/570 2151/1391/570
f 2147/1396/569 2088/1433/569 2095/1411/569
f 2086/1506/570 2128/1413/570 2121/1414/570
f 2101/1415/643 2084/1394/567 2094/1389/567
f 2080/1416/569 2098/1374/569 2141/1403/569
f 2137/1417/570 2086/1506/570 2100/1412/570
f 2085/1507/644 2130/1419/645 2129/1420/645
f 2078/1406/563 2098/1374/563 2112/1376/565
f 2083/1422/25 2101/1508/643 2106/1423/566
f 2091/1386/563 2095/1411/563 2105/1425/563
f 2149/1429/648 2153/1427/635 2101/1509/649
f 2077/1430/26 2119/1510/26 2120/1431/26
f 2088/1433/563 2104/1560/563 2105/1425/563
f 2093/1424/25 2106/1423/566 2102/1511/630
f 2107/1432/647 2112/1435/565 2097/1436/26
f 2092/1404/567 2109/1512/567 2111/1437/567
f 2145/1438/570 2119/1561/570 2077/1439/570
f 2144/1440/638 2110/1513/663 2086/1441/651
f 2111/1437/567 2110/1562/567 2087/1397/567
f 2112/1435/565 2108/1514/629 2079/1443/26
f 2156/1515/653 2116/1445/659 2117/1446/654
f 2145/1447/656 2146/1516/664 2120/1448/657
f 2111/1452/569 2109/1450/569 2126/1523/569
f 2156/1453/569 2113/1563/569 2102/1454/569
f 2104/1418/569 2129/1420/569 2132/1457/569
f 2143/1458/569 2146/1493/569 2118/1380/569
f 2081/1434/25 2102/1511/630 2113/1459/25
f 2148/1461/570 2155/1499/570 2117/1462/570
f 2132/1463/26 2129/1517/26 2130/1464/26
f 2133/1466/25 2121/1414/25 2128/1413/25
f 2125/1468/26 2132/1463/26 2123/1465/26
f 2126/1470/25 2122/1473/25 2121/1414/25
f 2124/1469/26 2135/1471/26 2134/1472/26
f 2122/1473/25 2126/1470/25 2131/1518/25
f 2105/1456/569 2132/1457/569 2125/1475/569
f 2117/1462/570 2135/1525/570 2124/1476/570
f 2100/1412/570 2121/1414/570 2122/1473/570
f 2090/1392/570 2124/1476/570 2123/1477/570
f 2116/1445/659 2134/1478/660 2135/1479/660
f 2110/1481/569 2111/1452/569 2133/1451/569
f 2116/1484/569 2103/1482/569 2125/1524/569
f 2115/1485/661 2136/1522/660 2131/1486/660
f 2110/1481/663 2127/1480/645 2128/1488/645
f 2096/1393/570 2123/1477/570 2130/1490/570
f 2107/1492/569 2120/1564/569 2146/1493/569
f 2115/1485/661 2118/1487/662 2146/1516/664
f 2108/1519/665 2144/1440/638 2137/1442/652
f 2115/1385/570 2145/1438/570 2140/1400/570
f 2079/1495/570 2137/1417/570 2142/1402/570
f 2139/1399/569 2141/1403/569 2099/1405/569
f 2092/1404/667 2138/1408/642 2143/1407/641
f 2098/1374/569 2078/1406/569 2138/1408/569
f 2089/1383/570 2140/1400/570 2142/1402/570
f 2080/1416/669 2139/1399/639 2144/1398/638
f 2081/1498/570 2114/1565/570 2155/1499/570
f 2116/1484/569 2156/1453/569 2154/1455/569
f 2113/1500/670 2156/1515/653 2155/1444/655
f 2085/1502/644 2104/1520/646 2153/1427/635
f 2084/1394/569 2147/1396/569 2152/1390/569
f 2149/1410/570 2151/1391/570 2096/1393/570
f 2088/1433/672 2147/1396/636 2153/1395/635
f 2093/1504/570 2081/1498/570 2148/1461/570
f 2091/1386/569 2150/1388/569 2152/1390/569
f 2082/1378/673 2150/1388/633 2154/1387/632
f 2178/1374/563 2160/1416/563 2188/1375/675
f 2186/1377/566 2174/1389/567 2162/1378/567
f 2198/1380/569 2211/1521/569 2206/1381/569
f 2195/1385/570 2169/1383/570 2202/1473/570
f 2171/1386/677 2183/1556/2592 2234/1387/678
f 2230/1388/569 2162/1378/569 2174/1389/569
f 2231/1391/570 2228/1461/570 2170/1392/570
f 2164/1394/680 2181/1557/695 2233/1395/681
f 2167/1397/683 2190/1558/708 2224/1398/684
f 2220/1400/570 2157/1439/570 2177/1401/570
f 2221/1403/569 2218/1408/569 2172/1404/569
f 2158/1406/686 2187/1559/2593 2223/1407/687
f 2163/1409/570 2173/1504/570 2231/1391/570
f 2227/1396/569 2168/1433/569 2175/1411/569
f 2166/1506/570 2208/1413/570 2201/1414/570
f 2181/1415/689 2164/1394/567 2174/1389/567
f 2160/1416/569 2178/1374/569 2221/1403/569
f 2217/1417/570 2166/1506/570 2180/1412/570
f 2165/1507/690 2210/1419/691 2209/1420/691
f 2158/1406/563 2178/1374/563 2192/1376/565
f 2163/1422/25 2181/1508/689 2186/1423/566
f 2171/1386/563 2175/1411/563 2185/1425/563
f 2229/1429/694 2233/1427/681 2181/1509/695
f 2157/1430/26 2199/1510/26 2200/1431/26
f 2168/1433/563 2184/1560/563 2185/1425/563
f 2173/1424/25 2186/1423/566 2182/1511/676
f 2187/1432/693 2192/1435/565 2177/1436/26
f 2172/1404/567 2189/1512/567 2191/1437/567
f 2225/1438/570 2199/1561/570 2157/1439/570
f 2224/1440/684 2190/1513/708 2166/1441/697
f 2191/1437/567 2190/1562/567 2167/1397/567
f 2192/1435/565 2188/1514/675 2159/1443/26
f 2236/1515/699 2196/1445/705 2197/1446/700
f 2225/1447/702 2226/1516/710 2200/1448/703
f 2191/1452/569 2189/1450/569 2206/1523/569
f 2236/1453/569 2193/1563/569 2182/1454/569
f 2184/1418/569 2209/1420/569 2212/1457/569
f 2223/1458/569 2226/1493/569 2198/1380/569
f 2161/1434/25 2182/1511/676 2193/1459/25
f 2228/1461/570 2235/1499/570 2197/1462/570
f 2212/1463/26 2209/1517/26 2210/1464/26
f 2213/1466/25 2201/1414/25 2208/1413/25
f 2205/1468/26 2212/1463/26 2203/1465/26
f 2206/1470/25 2202/1473/25 2201/1414/25
f 2204/1469/26 2215/1471/26 2214/1472/26
f 2202/1473/25 2206/1470/25 2211/1518/25
f 2183/1474/569 2185/1456/569 2212/1457/569
f 2197/1462/570 2215/1525/570 2204/1476/570
f 2180/1412/570 2201/1414/570 2202/1473/570
f 2170/1392/570 2204/1476/570 2203/1477/570
f 2196/1445/705 2214/1478/706 2215/1479/706
f 2190/1481/569 2191/1452/569 2213/1451/569
f 2196/1484/569 2183/1482/569 2205/1524/569
f 2198/1487/707 2195/1485/709 2216/1522/706
f 2190/1481/708 2207/1480/691 2208/1488/691
f 2176/1393/570 2203/1477/570 2210/1490/570
f 2187/1492/569 2200/1564/569 2226/1493/569
f 2195/1485/709 2198/1487/707 2226/1516/710
f 2188/1519/711 2224/1440/684 2217/1442/698
f 2195/1385/570 2225/1438/570 2220/1400/570
f 2159/1495/570 2217/1417/570 2222/1402/570
f 2219/1399/569 2221/1403/569 2179/1405/569
f 2172/1404/713 2218/1408/688 2223/1407/687
f 2178/1374/569 2158/1406/569 2218/1408/569
f 2169/1383/570 2220/1400/570 2222/1402/570
f 2160/1416/715 2219/1399/685 2224/1398/684
f 2161/1498/570 2194/1565/570 2235/1499/570
f 2196/1484/569 2236/1453/569 2234/1455/569
f 2193/1500/716 2236/1515/699 2235/1444/701
f 2165/1502/690 2184/1520/692 2233/1427/681
f 2164/1394/569 2227/1396/569 2232/1390/569
f 2229/1410/570 2231/1391/570 2176/1393/570
f 2168/1433/718 2227/1396/682 2233/1395/681
f 2173/1504/570 2161/1498/570 2228/1461/570
f 2171/1386/569 2230/1388/569 2232/1390/569
f 2162/1378/719 2230/1388/679 2234/1387/678
f 2258/1374/563 2240/1416/563 2268/1375/721
f 2266/1377/566 2254/1389/567 2242/1378/567
f 2278/1380/569 2291/1521/569 2286/1381/569
f 2249/1383/570 2282/1473/570 2296/1384/570
f 2251/1386/723 2263/1556/2594 2314/1387/724
f 2310/1388/569 2242/1378/569 2254/1389/569
f 2311/1391/570 2308/1461/570 2250/1392/570
f 2244/1394/726 2261/1557/741 2313/1395/727
f 2247/1397/729 2270/1558/755 2304/1398/730
f 2300/1400/570 2237/1439/570 2257/1401/570
f 2301/1403/569 2298/1408/569 2252/1404/569
f 2238/1406/732 2267/1559/2595 2303/1407/733
f 2243/1409/570 2253/1504/570 2311/1391/570
f 2307/1396/569 2248/1433/569 2255/1411/569
f 2246/1506/570 2288/1413/570 2281/1414/570
f 2261/1415/735 2244/1394/567 2254/1389/567
f 2240/1416/569 2258/1374/569 2301/1403/569
f 2297/1417/570 2246/1506/570 2260/1412/570
f 2245/1507/736 2290/1419/737 2289/1420/737
f 2238/1406/563 2258/1374/563 2272/1376/565
f 2243/1422/25 2261/1508/735 2266/1423/566
f 2251/1386/563 2255/1411/563 2265/1425/563
f 2309/1429/740 2313/1427/727 2261/1509/741
f 2237/1430/26 2279/1510/26 2280/1431/26
f 2248/1433/563 2264/1560/563 2265/1425/563
f 2253/1424/25 2266/1423/566 2262/1511/722
f 2267/1432/739 2272/1435/565 2257/1436/26
f 2252/1404/567 2269/1512/567 2271/1437/567
f 2305/1438/570 2279/1561/570 2237/1439/570
f 2304/1440/730 2270/1513/755 2246/1441/743
f 2271/1437/567 2270/1562/567 2247/1397/567
f 2272/1435/565 2268/1514/721 2239/1443/26
f 2316/1515/745 2276/1445/751 2277/1446/746
f 2305/1447/748 2306/1516/756 2280/1448/749
f 2271/1452/569 2269/1450/569 2286/1523/569
f 2316/1453/569 2273/1563/569 2262/1454/569
f 2265/1456/569 2264/1418/569 2289/1420/569
f 2303/1458/569 2306/1493/569 2278/1380/569
f 2241/1434/25 2262/1511/722 2273/1459/25
f 2308/1461/570 2315/1499/570 2277/1462/570
f 2292/1463/26 2289/1517/26 2290/1464/26
f 2293/1466/25 2281/1414/25 2288/1413/25
f 2285/1468/26 2292/1463/26 2283/1465/26
f 2286/1470/25 2282/1473/25 2281/1414/25
f 2284/1469/26 2295/1471/26 2294/1472/26
f 2282/1473/25 2286/1470/25 2291/1518/25
f 2265/1456/569 2292/1457/569 2285/1475/569
f 2250/1392/570 2277/1462/570 2295/1525/570
f 2260/1412/570 2281/1414/570 2282/1473/570
f 2250/1392/570 2284/1476/570 2283/1477/570
f 2276/1445/751 2294/1478/752 2295/1479/752
f 2270/1481/569 2271/1452/569 2293/1451/569
f 2263/1482/569 2285/1524/569 2294/1483/569
f 2275/1485/753 2296/1522/752 2291/1486/752
f 2270/1481/755 2287/1480/737 2288/1488/737
f 2256/1393/570 2283/1477/570 2290/1490/570
f 2267/1492/569 2280/1564/569 2306/1493/569
f 2275/1485/753 2278/1487/754 2306/1516/756
f 2268/1519/757 2304/1440/730 2297/1442/744
f 2275/1385/570 2305/1438/570 2300/1400/570
f 2239/1495/570 2297/1417/570 2302/1402/570
f 2299/1399/569 2301/1403/569 2259/1405/569
f 2252/1404/759 2298/1408/734 2303/1407/733
f 2258/1374/569 2238/1406/569 2298/1408/569
f 2249/1383/570 2300/1400/570 2302/1402/570
f 2240/1416/761 2299/1399/731 2304/1398/730
f 2241/1498/570 2274/1565/570 2315/1499/570
f 2276/1484/569 2316/1453/569 2314/1455/569
f 2273/1500/762 2316/1515/745 2315/1444/747
f 2245/1502/736 2264/1520/738 2313/1427/727
f 2244/1394/569 2307/1396/569 2312/1390/569
f 2309/1410/570 2311/1391/570 2256/1393/570
f 2248/1433/764 2307/1396/728 2313/1395/727
f 2253/1504/570 2241/1498/570 2308/1461/570
f 2251/1386/569 2310/1388/569 2312/1390/569
f 2242/1378/765 2310/1388/725 2314/1387/724
f 2352/1376/565 2338/1374/563 2320/1416/563
f 2346/1377/566 2334/1389/567 2322/1378/768
f 2358/1380/770 2371/1521/569 2366/1381/569
f 2329/1383/570 2362/1473/570 2376/1384/570
f 2331/1386/772 2343/1556/2596 2394/1387/773
f 2390/1388/569 2322/1378/2597 2334/1389/569
f 2391/1391/570 2388/1461/781 2330/1392/570
f 2324/1394/775 2341/1557/793 2393/1395/776
f 2327/1397/778 2350/1558/810 2384/1398/779
f 2380/1400/781 2317/1439/796 2337/1401/782
f 2381/1403/569 2378/1408/569 2332/1404/569
f 2318/1406/783 2347/1559/2598 2383/1407/784
f 2323/1409/570 2333/1504/821 2391/1391/570
f 2387/1396/569 2328/1433/569 2335/1411/569
f 2326/1506/570 2368/1413/570 2361/1414/570
f 2324/1394/567 2334/1389/567 2346/1377/566
f 2320/1416/569 2338/1374/569 2381/1403/569
f 2377/1417/570 2326/1506/570 2340/1412/570
f 2325/1507/787 2370/1419/788 2369/1420/788
f 2318/1406/790 2338/1374/563 2352/1376/565
f 2323/1422/25 2341/1508/786 2346/1423/566
f 2331/1386/563 2335/1411/563 2345/1425/563
f 2389/1429/792 2393/1427/776 2341/1509/793
f 2347/1432/791 2317/1430/26 2359/1510/26
f 2328/1433/563 2344/1560/563 2345/1425/563
f 2346/1423/566 2342/1511/769 2321/1434/25
f 2317/1430/26 2347/1432/791 2352/1435/565
f 2332/1404/567 2349/1512/567 2351/1437/567
f 2385/1438/795 2359/1561/2599 2317/1439/796
f 2384/1440/779 2350/1513/810 2326/1441/797
f 2351/1437/567 2350/1562/567 2327/1397/567
f 2352/1435/565 2348/1514/767 2319/1443/26
f 2395/1444/799 2396/1515/819 2356/1445/800
f 2386/1516/802 2360/1448/2600 2359/1449/803
f 2349/1450/569 2366/1523/569 2373/1451/569
f 2396/1453/805 2353/1563/884 2342/1454/806
f 2345/1456/569 2344/1418/569 2369/1420/569
f 2383/1458/807 2386/1493/805 2358/1380/770
f 2342/1511/769 2353/1459/25 2354/1460/25
f 2388/1461/781 2395/1499/795 2357/1462/771
f 2372/1463/26 2369/1517/26 2370/1464/26
f 2373/1466/25 2361/1414/25 2368/1413/25
f 2365/1468/26 2372/1463/26 2363/1465/26
f 2366/1470/25 2362/1473/25 2361/1414/25
f 2365/1468/26 2364/1469/26 2375/1471/26
f 2366/1470/25 2371/1518/25 2376/1384/25
f 2345/1456/569 2372/1457/569 2365/1475/569
f 2357/1462/771 2375/1525/570 2364/1476/570
f 2340/1412/570 2361/1414/570 2362/1473/570
f 2330/1392/570 2364/1476/570 2363/1477/570
f 2356/1445/800 2374/1478/808 2375/1479/808
f 2351/1452/569 2373/1451/569 2367/1480/569
f 2356/1484/770 2343/1482/569 2365/1524/569
f 2358/1487/809 2355/1485/811 2376/1522/808
f 2350/1481/810 2367/1480/788 2368/1488/788
f 2336/1393/570 2363/1477/570 2370/1490/570
f 2347/1492/806 2360/1564/884 2386/1493/805
f 2358/1487/809 2386/1516/802 2385/1447/804
f 2348/1519/812 2384/1440/779 2377/1442/798
f 2355/1385/771 2385/1438/795 2380/1400/781
f 2319/1495/570 2377/1417/570 2382/1402/570
f 2379/1399/569 2381/1403/569 2339/1405/569
f 2332/1404/814 2378/1408/785 2383/1407/784
f 2338/1374/569 2318/1406/2597 2378/1408/569
f 2329/1383/570 2380/1400/781 2382/1402/570
f 2320/1416/816 2379/1399/780 2384/1398/779
f 2321/1498/817 2354/1565/2599 2395/1499/795
f 2356/1484/770 2396/1453/805 2394/1455/807
f 2354/1501/818 2353/1500/2601 2396/1515/819
f 2325/1502/787 2344/1520/789 2393/1427/776
f 2324/1394/569 2387/1396/569 2392/1390/569
f 2389/1410/570 2391/1391/570 2336/1393/570
f 2328/1433/820 2387/1396/777 2393/1395/776
f 2333/1504/821 2321/1498/817 2388/1461/781
f 2331/1386/569 2390/1388/569 2392/1390/569
f 2322/1378/822 2390/1388/774 2394/1387/773
f 2432/1376/824 2418/1374/2602 2400/1416/825
f 2426/1377/827 2414/1389/2603 2402/1378/828
f 2438/1380/830 2451/1521/895 2446/1381/831
f 2435/1385/833 2409/1383/892 2442/1473/834
f 2411/1386/836 2423/1556/2604 2474/1387/837
f 2470/1388/839 2402/1378/2605 2414/1389/840
f 2471/1391/842 2468/1461/889 2410/1392/843
f 2404/1394/845 2421/1557/2606 2473/1395/846
f 2407/1397/848 2430/1558/875 2464/1398/849
f 2460/1400/851 2397/1439/873 2417/1401/852
f 2461/1403/841 2458/1408/905 2412/1404/854
f 2398/1406/856 2427/1559/2607 2463/1407/857
f 2403/1409/844 2413/1504/912 2471/1391/842
f 2467/1396/859 2408/1433/859 2415/1411/855
f 2406/1506/844 2448/1413/844 2441/1414/844
f 2404/1394/860 2414/1389/2603 2426/1377/827
f 2400/1416/855 2418/1374/904 2461/1403/841
f 2457/1417/844 2406/1506/844 2420/1412/844
f 2405/1507/862 2450/1419/899 2449/1420/863
f 2398/1406/865 2418/1374/2602 2432/1376/824
f 2421/1508/861 2426/1423/827 2413/1424/25
f 2415/1411/825 2425/1425/870 2423/1426/825
f 2473/1427/846 2421/1509/2606 2403/1428/868
f 2397/1430/26 2439/1510/26 2440/1431/26
f 2408/1433/870 2424/1560/870 2425/1425/870
f 2413/1424/25 2426/1423/827 2422/1511/829
f 2427/1432/866 2432/1435/824 2417/1436/26
f 2429/1512/860 2431/1437/877 2419/1405/860
f 2465/1438/872 2439/1561/872 2397/1439/873
f 2457/1442/874 2464/1440/849 2430/1513/875
f 2431/1437/877 2430/1562/877 2407/1397/877
f 2417/1436/26 2432/1435/824 2428/1514/826
f 2476/1515/878 2436/1445/893 2437/1446/879
f 2465/1447/881 2466/1516/900 2440/1448/882
f 2429/1450/832 2446/1523/831 2453/1451/884
f 2476/1453/885 2433/1563/885 2422/1454/885
f 2424/1418/887 2449/1420/887 2452/1457/884
f 2463/1458/888 2466/1493/885 2438/1380/830
f 2401/1434/25 2422/1511/829 2433/1459/25
f 2468/1461/889 2475/1499/872 2437/1462/890
f 2449/1517/26 2450/1464/26 2443/1465/26
f 2441/1414/25 2448/1413/25 2447/1467/25
f 2452/1463/26 2443/1465/26 2444/1469/26
f 2442/1473/25 2441/1414/25 2453/1466/25
f 2444/1469/26 2455/1471/26 2454/1472/26
f 2442/1473/25 2446/1470/25 2451/1518/25
f 2423/1474/891 2425/1456/884 2452/1457/884
f 2437/1462/890 2455/1525/835 2444/1476/834
f 2420/1412/844 2441/1414/844 2442/1473/834
f 2416/1393/844 2410/1392/843 2444/1476/834
f 2436/1445/893 2454/1478/894 2455/1479/894
f 2430/1481/887 2431/1452/884 2453/1451/884
f 2423/1482/891 2445/1524/831 2454/1483/895
f 2435/1485/897 2456/1522/894 2451/1486/894
f 2430/1481/875 2447/1480/899 2448/1488/899
f 2416/1393/844 2443/1477/844 2450/1490/844
f 2427/1492/885 2440/1564/885 2466/1493/885
f 2435/1485/897 2438/1487/898 2466/1516/900
f 2399/1494/901 2428/1519/907 2464/1440/849
f 2435/1385/833 2465/1438/872 2460/1400/851
f 2399/1495/844 2457/1417/844 2462/1402/853
f 2459/1399/859 2461/1403/841 2419/1405/855
f 2412/1404/902 2458/1408/858 2463/1407/857
f 2418/1374/904 2398/1406/2608 2458/1408/905
f 2409/1383/892 2460/1400/851 2462/1402/853
f 2400/1416/906 2459/1399/850 2464/1398/849
f 2401/1498/908 2434/1565/872 2475/1499/872
f 2436/1484/896 2476/1453/885 2474/1455/886
f 2433/1500/909 2476/1515/878 2475/1444/880
f 2424/1520/864 2473/1427/846 2469/1429/869
f 2404/1394/855 2467/1396/859 2472/1390/841
f 2469/1410/844 2471/1391/842 2416/1393/844
f 2408/1433/911 2467/1396/847 2473/1395/846
f 2413/1504/912 2401/1498/908 2468/1461/889
f 2411/1386/913 2470/1388/839 2472/1390/841
f 2402/1378/914 2470/1388/838 2474/1387/837
f 2512/1376/916 2498/1374/2609 2480/1416/917
f 2506/1377/919 2494/1389/2610 2482/1378/920
f 2509/1382/922 2518/1380/923 2531/1521/923
f 2489/1383/925 2522/1473/979 2536/1384/926
f 2491/1386/927 2503/1556/2611 2554/1387/928
f 2550/1388/930 2482/1378/923 2494/1389/931
f 2551/1391/933 2548/1461/942 2490/1392/934
f 2484/1394/936 2501/1557/963 2553/1395/937
f 2487/1397/939 2510/1558/984 2544/1398/940
f 2540/1400/942 2477/1439/926 2497/1401/943
f 2541/1403/932 2538/1408/930 2492/1404/944
f 2478/1406/946 2507/1559/2612 2543/1407/947
f 2483/1409/949 2493/1504/998 2551/1391/933
f 2547/1396/885 2488/1433/989 2495/1411/950
f 2500/1412/951 2486/1506/872 2528/1413/872
f 2484/1394/953 2494/1389/2610 2506/1377/919
f 2480/1416/955 2498/1374/992 2541/1403/932
f 2537/1417/872 2486/1506/872 2500/1412/951
f 2485/1507/956 2530/1419/957 2529/1420/957
f 2478/1406/959 2498/1374/2609 2512/1376/916
f 2483/1422/25 2501/1508/954 2506/1423/919
f 2491/1386/917 2495/1411/966 2505/1425/961
f 2549/1429/962 2553/1427/937 2501/1509/963
f 2477/1430/26 2519/1510/26 2520/1431/26
f 2488/1433/965 2504/1560/965 2505/1425/961
f 2493/1424/25 2506/1423/919 2502/1511/921
f 2507/1432/960 2512/1435/916 2497/1436/26
f 2492/1404/953 2509/1512/953 2511/1437/967
f 2545/1438/926 2519/1561/926 2477/1439/926
f 2544/1440/940 2510/1513/984 2486/1441/969
f 2511/1437/967 2510/1562/971 2487/1397/971
f 2512/1435/916 2508/1514/918 2479/1443/26
f 2556/1515/972 2516/1445/980 2517/1446/973
f 2545/1447/975 2546/1516/985 2520/1448/976
f 2511/1452/978 2509/1450/922 2526/1523/924
f 2556/1453/923 2513/1563/923 2502/1454/923
f 2504/1418/885 2529/1420/885 2532/1457/978
f 2543/1458/923 2546/1493/923 2518/1380/923
f 2481/1434/25 2502/1511/921 2513/1459/25
f 2548/1461/942 2555/1499/926 2517/1462/926
f 2532/1463/26 2529/1517/26 2530/1464/26
f 2533/1466/25 2521/1414/25 2528/1413/25
f 2525/1468/26 2532/1463/26 2523/1465/26
f 2526/1470/25 2522/1473/25 2521/1414/25
f 2524/1469/26 2535/1471/26 2534/1472/26
f 2522/1473/25 2526/1470/25 2531/1518/25
f 2505/1456/978 2532/1457/978 2525/1475/924
f 2517/1462/926 2535/1525/926 2524/1476/979
f 2500/1412/951 2521/1414/952 2522/1473/979
f 2490/1392/934 2524/1476/979 2523/1477/952
f 2516/1445/980 2534/1478/981 2535/1479/981
f 2511/1452/978 2533/1451/978 2527/1480/885
f 2503/1482/922 2525/1524/924 2534/1483/923
f 2515/1485/982 2536/1522/981 2531/1486/981
f 2510/1481/984 2527/1480/957 2528/1488/957
f 2485/1491/872 2496/1393/935 2523/1477/952
f 2507/1492/923 2520/1564/923 2546/1493/923
f 2515/1485/982 2518/1487/983 2546/1516/985
f 2508/1519/986 2544/1440/940 2537/1442/970
f 2515/1385/926 2545/1438/926 2540/1400/942
f 2479/1495/988 2537/1417/872 2542/1402/933
f 2539/1399/885 2541/1403/932 2499/1405/945
f 2492/1404/990 2538/1408/948 2543/1407/947
f 2498/1374/992 2478/1406/923 2538/1408/930
f 2489/1383/925 2540/1400/942 2542/1402/933
f 2480/1416/993 2539/1399/941 2544/1398/940
f 2481/1498/926 2514/1565/926 2555/1499/926
f 2516/1484/923 2556/1453/923 2554/1455/923
f 2513/1500/994 2556/1515/972 2555/1444/974
f 2485/1502/956 2504/1520/958 2553/1427/937
f 2484/1394/996 2547/1396/885 2552/1390/932
f 2549/1410/872 2551/1391/933 2496/1393/935
f 2488/1433/997 2547/1396/938 2553/1395/937
f 2493/1504/998 2481/1498/926 2548/1461/942
f 2491/1386/999 2550/1388/930 2552/1390/932
f 2482/1378/1000 2550/1388/929 2554/1387/928
f 2592/1376/1002 2578/1374/959 2560/1416/959
f 2586/1377/1004 2574/1389/920 2562/1378/920
f 2598/1380/923 2611/1521/923 2606/1381/923
f 2569/1383/926 2602/1473/926 2616/1384/926
f 2571/1386/1006 2583/1556/2613 2634/1387/1007
f 2630/1388/923 2562/1378/923 2574/1389/923
f 2631/1391/926 2628/1461/926 2570/1392/926
f 2564/1394/1009 2581/1557/1024 2633/1395/1010
f 2567/1397/1012 2590/1558/1037 2624/1398/1013
f 2620/1400/926 2557/1439/926 2577/1401/926
f 2621/1403/923 2618/1408/923 2572/1404/923
f 2558/1406/1015 2587/1559/2614 2623/1407/1016
f 2563/1409/926 2573/1504/926 2631/1391/926
f 2627/1396/923 2568/1433/923 2575/1411/923
f 2566/1506/926 2608/1413/926 2601/1414/926
f 2564/1394/920 2574/1389/920 2586/1377/1004
f 2560/1416/923 2578/1374/923 2621/1403/923
f 2617/1417/926 2566/1506/926 2580/1412/926
f 2565/1507/1019 2610/1419/1020 2609/1420/1020
f 2558/1406/959 2578/1374/959 2592/1376/1002
f 2563/1422/25 2581/1508/1018 2586/1423/1004
f 2571/1386/959 2575/1411/959 2585/1425/959
f 2629/1429/1023 2633/1427/1010 2581/1509/1024
f 2587/1432/1022 2557/1430/26 2599/1510/26
f 2568/1433/959 2584/1560/959 2585/1425/959
f 2586/1423/1004 2582/1511/1005 2561/1434/25
f 2557/1430/26 2587/1432/1022 2592/1435/1002
f 2572/1404/920 2589/1512/920 2591/1437/920
f 2625/1438/926 2599/1561/926 2557/1439/926
f 2624/1440/1013 2590/1513/1037 2566/1441/1026
f 2591/1437/920 2590/1562/920 2567/1397/920
f 2592/1435/1002 2588/1514/1003 2559/1443/26
f 2635/1444/1028 2636/1515/1044 2596/1445/1029
f 2626/1516/1031 2600/1448/2615 2599/1449/1032
f 2589/1450/923 2606/1523/923 2613/1451/923
f 2636/1453/923 2593/1563/923 2582/1454/923
f 2584/1418/923 2609/1420/923 2612/1457/923
f 2623/1458/923 2626/1493/923 2598/1380/923
f 2582/1511/1005 2593/1459/25 2594/1460/25
f 2628/1461/926 2635/1499/926 2597/1462/926
f 2612/1463/26 2609/1517/26 2610/1464/26
f 2613/1466/25 2601/1414/25 2608/1413/25
f 2605/1468/26 2612/1463/26 2603/1465/26
f 2606/1470/25 2602/1473/25 2601/1414/25
f 2605/1468/26 2604/1469/26 2615/1471/26
f 2606/1470/25 2611/1518/25 2616/1384/25
f 2585/1456/923 2612/1457/923 2605/1475/923
f 2597/1462/926 2615/1525/926 2604/1476/926
f 2580/1412/926 2601/1414/926 2602/1473/926
f 2570/1392/926 2604/1476/926 2603/1477/926
f 2596/1445/1029 2614/1478/1034 2615/1479/1034
f 2591/1452/923 2613/1451/923 2607/1480/923
f 2583/1482/923 2605/1524/923 2614/1483/923
f 2595/1485/1035 2616/1522/1034 2611/1486/1034
f 2590/1481/1037 2607/1480/1020 2608/1488/1020
f 2576/1393/926 2603/1477/926 2610/1490/926
f 2587/1492/923 2600/1564/923 2626/1493/923
f 2598/1487/1036 2626/1516/1031 2625/1447/1033
f 2588/1519/1038 2624/1440/1013 2617/1442/1027
f 2595/1385/926 2625/1438/926 2620/1400/926
f 2559/1495/926 2617/1417/926 2622/1402/926
f 2619/1399/923 2621/1403/923 2579/1405/923
f 2572/1404/1040 2618/1408/1017 2623/1407/1016
f 2578/1374/923 2558/1406/923 2618/1408/923
f 2569/1383/926 2620/1400/926 2622/1402/926
f 2560/1416/1042 2619/1399/1014 2624/1398/1013
f 2561/1498/926 2594/1565/926 2635/1499/926
f 2596/1484/923 2636/1453/923 2634/1455/923
f 2594/1501/1043 2593/1500/2616 2636/1515/1044
f 2565/1502/1019 2584/1520/1021 2633/1427/1010
f 2564/1394/923 2627/1396/923 2632/1390/923
f 2629/1410/926 2631/1391/926 2576/1393/926
f 2568/1433/1045 2627/1396/1011 2633/1395/1010
f 2573/1504/926 2561/1498/926 2628/1461/926
f 2571/1386/923 2630/1388/923 2632/1390/923
f 2562/1378/1046 2630/1388/1008 2634/1387/1007
f 2672/1376/1002 2658/1374/959 2640/1416/959
f 2666/1377/1004 2654/1389/920 2642/1378/920
f 2678/1380/923 2691/1521/923 2686/1381/923
f 2675/1385/926 2649/1383/926 2682/1473/926
f 2651/1386/1050 2663/1556/2617 2714/1387/1051
f 2710/1388/923 2642/1378/923 2654/1389/923
f 2711/1391/926 2708/1461/926 2650/1392/926
f 2644/1394/1053 2661/1557/2618 2713/1395/1054
f 2647/1397/1056 2670/1558/1070 2704/1398/1057
f 2700/1400/926 2637/1439/926 2657/1401/926
f 2701/1403/923 2698/1408/923 2652/1404/923
f 2638/1406/1059 2667/1559/2619 2703/1407/1060
f 2643/1409/926 2653/1504/926 2711/1391/926
f 2707/1396/923 2648/1433/923 2655/1411/923
f 2646/1506/926 2688/1413/926 2681/1414/926
f 2644/1394/920 2654/1389/920 2666/1377/1004
f 2640/1416/923 2658/1374/923 2701/1403/923
f 2697/1417/926 2646/1506/926 2660/1412/926
f 2645/1507/1063 2690/1419/1064 2689/1420/1064
f 2638/1406/959 2658/1374/959 2672/1376/1002
f 2661/1508/1062 2666/1423/1004 2653/1424/25
f 2655/1411/959 2665/1425/959 2663/1426/959
f 2713/1427/1054 2661/1509/2618 2643/1428/1067
f 2667/1432/1066 2637/1430/26 2679/1510/26
f 2648/1433/959 2664/1560/959 2665/1425/959
f 2666/1423/1004 2662/1511/1049 2641/1434/25
f 2637/1430/26 2667/1432/1066 2672/1435/1002
f 2669/1512/920 2671/1437/920 2659/1405/920
f 2705/1438/926 2679/1561/926 2637/1439/926
f 2697/1442/1069 2704/1440/1057 2670/1513/1070
f 2671/1437/920 2670/1562/920 2647/1397/920
f 2657/1436/26 2672/1435/1002 2668/1514/1048
f 2715/1444/1072 2716/1515/1087 2676/1445/1073
f 2706/1516/1075 2680/1448/2620 2679/1449/1076
f 2669/1450/923 2686/1523/923 2693/1451/923
f 2716/1453/923 2673/1563/923 2662/1454/923
f 2664/1418/923 2689/1420/923 2692/1457/923
f 2703/1458/923 2706/1493/923 2678/1380/923
f 2662/1511/1049 2673/1459/25 2674/1460/25
f 2708/1461/926 2715/1499/926 2677/1462/926
f 2689/1517/26 2690/1464/26 2683/1465/26
f 2681/1414/25 2688/1413/25 2687/1467/25
f 2692/1463/26 2683/1465/26 2684/1469/26
f 2682/1473/25 2681/1414/25 2693/1466/25
f 2685/1468/26 2684/1469/26 2695/1471/26
f 2686/1470/25 2691/1518/25 2696/1384/25
f 2663/1474/923 2665/1456/923 2692/1457/923
f 2677/1462/926 2695/1525/926 2684/1476/926
f 2660/1412/926 2681/1414/926 2682/1473/926
f 2650/1392/926 2684/1476/926 2683/1477/926
f 2676/1445/1073 2694/1478/1078 2695/1479/1078
f 2670/1481/923 2671/1452/923 2693/1451/923
f 2663/1482/923 2685/1524/923 2694/1483/923
f 2675/1485/1079 2696/1522/1078 2691/1486/1078
f 2670/1481/1070 2687/1480/1064 2688/1488/1064
f 2656/1393/926 2683/1477/926 2690/1490/926
f 2667/1492/923 2680/1564/923 2706/1493/923
f 2678/1487/1080 2706/1516/1075 2705/1447/1077
f 2639/1494/1081 2668/1519/1085 2704/1440/1057
f 2675/1385/926 2705/1438/926 2700/1400/926
f 2639/1495/926 2697/1417/926 2702/1402/926
f 2699/1399/923 2701/1403/923 2659/1405/923
f 2652/1404/1082 2698/1408/1061 2703/1407/1060
f 2658/1374/923 2638/1406/923 2698/1408/923
f 2649/1383/926 2700/1400/926 2702/1402/926
f 2640/1416/1084 2699/1399/1058 2704/1398/1057
f 2641/1498/926 2674/1565/926 2715/1499/926
f 2676/1484/923 2716/1453/923 2714/1455/923
f 2674/1501/1086 2673/1500/2621 2716/1515/1087
f 2664/1520/1065 2713/1427/1054 2709/1429/1068
f 2644/1394/923 2707/1396/923 2712/1390/923
f 2709/1410/926 2711/1391/926 2656/1393/926
f 2648/1433/1088 2707/1396/1055 2713/1395/1054
f 2653/1504/926 2641/1498/926 2708/1461/926
f 2651/1386/923 2710/1388/923 2712/1390/923
f 2642/1378/1089 2710/1388/1052 2714/1387/1051
f 2752/1376/1002 2738/1374/959 2720/1416/959
f 2746/1377/1004 2734/1389/920 2722/1378/920
f 2758/1380/923 2771/1521/923 2766/1381/923
f 2755/1385/926 2729/1383/926 2762/1473/926
f 2731/1386/1093 2743/1556/2622 2794/1387/1094
f 2790/1388/923 2722/1378/923 2734/1389/923
f 2791/1391/926 2788/1461/926 2730/1392/926
f 2724/1394/1096 2741/1557/2623 2793/1395/1097
f 2727/1397/1099 2750/1558/1113 2784/1398/1100
f 2780/1400/926 2717/1439/926 2737/1401/926
f 2781/1403/923 2778/1408/923 2732/1404/923
f 2718/1406/1102 2747/1559/2624 2783/1407/1103
f 2723/1409/926 2733/1504/926 2791/1391/926
f 2787/1396/923 2728/1433/923 2735/1411/923
f 2726/1506/926 2768/1413/926 2761/1414/926
f 2724/1394/920 2734/1389/920 2746/1377/1004
f 2720/1416/923 2738/1374/923 2781/1403/923
f 2777/1417/926 2726/1506/926 2740/1412/926
f 2725/1507/1106 2770/1419/1107 2769/1420/1107
f 2718/1406/959 2738/1374/959 2752/1376/1002
f 2741/1508/1105 2746/1423/1004 2733/1424/25
f 2735/1411/959 2745/1425/959 2743/1426/959
f 2793/1427/1097 2741/1509/2623 2723/1428/1110
f 2747/1432/1109 2717/1430/26 2759/1510/26
f 2728/1433/959 2744/1560/959 2745/1425/959
f 2746/1423/1004 2742/1511/1092 2721/1434/25
f 2717/1430/26 2747/1432/1109 2752/1435/1002
f 2749/1512/920 2751/1437/920 2739/1405/920
f 2785/1438/926 2759/1561/926 2717/1439/926
f 2777/1442/1112 2784/1440/1100 2750/1513/1113
f 2751/1437/920 2750/1562/920 2727/1397/920
f 2737/1436/26 2752/1435/1002 2748/1514/1091
f 2795/1444/1115 2796/1515/1130 2756/1445/1116
f 2786/1516/1118 2760/1448/2625 2759/1449/1119
f 2749/1450/923 2766/1523/923 2773/1451/923
f 2796/1453/923 2753/1563/923 2742/1454/923
f 2744/1418/923 2769/1420/923 2772/1457/923
f 2783/1458/923 2786/1493/923 2758/1380/923
f 2742/1511/1092 2753/1459/25 2754/1460/25
f 2788/1461/926 2795/1499/926 2757/1462/926
f 2769/1517/26 2770/1464/26 2763/1465/26
f 2761/1414/25 2768/1413/25 2767/1467/25
f 2772/1463/26 2763/1465/26 2764/1469/26
f 2762/1473/25 2761/1414/25 2773/1466/25
f 2765/1468/26 2764/1469/26 2775/1471/26
f 2766/1470/25 2771/1518/25 2776/1384/25
f 2743/1474/923 2745/1456/923 2772/1457/923
f 2757/1462/926 2775/1525/926 2764/1476/926
f 2729/1383/926 2740/1412/926 2761/1414/926
f 2730/1392/926 2764/1476/926 2763/1477/926
f 2756/1445/1116 2774/1478/1121 2775/1479/1121
f 2751/1452/923 2773/1451/923 2767/1480/923
f 2743/1482/923 2765/1524/923 2774/1483/923
f 2755/1485/1122 2776/1522/1121 2771/1486/1121
f 2750/1481/1113 2767/1480/1107 2768/1488/1107
f 2736/1393/926 2763/1477/926 2770/1490/926
f 2747/1492/923 2760/1564/923 2786/1493/923
f 2758/1487/1123 2786/1516/1118 2785/1447/1120
f 2719/1494/1124 2748/1519/1128 2784/1440/1100
f 2755/1385/926 2785/1438/926 2780/1400/926
f 2719/1495/926 2777/1417/926 2782/1402/926
f 2779/1399/923 2781/1403/923 2739/1405/923
f 2732/1404/1125 2778/1408/1104 2783/1407/1103
f 2738/1374/923 2718/1406/923 2778/1408/923
f 2729/1383/926 2780/1400/926 2782/1402/926
f 2720/1416/1127 2779/1399/1101 2784/1398/1100
f 2721/1498/926 2754/1565/926 2795/1499/926
f 2756/1484/923 2796/1453/923 2794/1455/923
f 2754/1501/1129 2753/1500/2626 2796/1515/1130
f 2744/1520/1108 2793/1427/1097 2789/1429/1111
f 2724/1394/923 2787/1396/923 2792/1390/923
f 2789/1410/926 2791/1391/926 2736/1393/926
f 2728/1433/1131 2787/1396/1098 2793/1395/1097
f 2733/1504/926 2721/1498/926 2788/1461/926
f 2731/1386/923 2790/1388/923 2792/1390/923
f 2722/1378/1132 2790/1388/1095 2794/1387/1094
f 2832/1376/1134 2818/1374/959 2800/1416/959
f 2826/1377/1136 2814/1389/920 2802/1378/920
f 2838/1380/923 2851/1521/923 2846/1381/923
f 2809/1383/926 2842/1473/926 2856/1384/926
f 2811/1386/1138 2823/1556/2627 2874/1387/1139
f 2870/1388/923 2802/1378/923 2814/1389/923
f 2871/1391/926 2868/1461/926 2810/1392/926
f 2804/1394/1141 2821/1557/2628 2873/1395/1142
f 2807/1397/1144 2830/1558/1158 2864/1398/1145
f 2860/1400/926 2797/1439/926 2817/1401/926
f 2861/1403/923 2858/1408/923 2812/1404/923
f 2798/1406/1147 2827/1559/2629 2863/1407/1148
f 2803/1409/926 2813/1504/926 2871/1391/926
f 2867/1396/923 2808/1433/923 2815/1411/923
f 2806/1506/926 2848/1413/926 2841/1414/926
f 2804/1394/920 2814/1389/920 2826/1377/1136
f 2800/1416/923 2818/1374/923 2861/1403/923
f 2857/1417/926 2806/1506/926 2820/1412/926
f 2805/1507/1151 2850/1419/2630 2849/1420/1152
f 2798/1406/959 2818/1374/959 2832/1376/1134
f 2821/1508/1150 2826/1423/1136 2813/1424/25
f 2815/1411/959 2825/1425/959 2823/1426/959
f 2873/1427/1142 2821/1509/2628 2803/1428/1155
f 2827/1432/1154 2797/1430/26 2839/1510/26
f 2808/1433/959 2824/1560/959 2825/1425/959
f 2826/1423/1136 2822/1511/1137 2801/1434/25
f 2797/1430/26 2827/1432/1154 2832/1435/1134
f 2829/1512/920 2831/1437/920 2819/1405/920
f 2865/1438/926 2839/1561/926 2797/1439/926
f 2857/1442/1157 2864/1440/1145 2830/1513/1158
f 2831/1437/920 2830/1562/920 2807/1397/920
f 2817/1436/26 2832/1435/1134 2828/1514/1135
f 2875/1444/1160 2876/1515/1175 2836/1445/1161
f 2866/1516/1163 2840/1448/2631 2839/1449/1164
f 2829/1450/923 2846/1523/923 2853/1451/923
f 2876/1453/923 2833/1563/923 2822/1454/923
f 2825/1456/923 2824/1418/923 2849/1420/923
f 2863/1458/923 2866/1493/923 2838/1380/923
f 2822/1511/1137 2833/1459/25 2834/1460/25
f 2868/1461/926 2875/1499/926 2837/1462/926
f 2849/1517/26 2850/1464/26 2843/1465/26
f 2841/1414/25 2848/1413/25 2847/1467/25
f 2852/1463/26 2843/1465/26 2844/1469/26
f 2842/1473/25 2841/1414/25 2853/1466/25
f 2845/1468/26 2844/1469/26 2855/1471/26
f 2846/1470/25 2851/1518/25 2856/1384/25
f 2825/1456/923 2852/1457/923 2845/1475/923
f 2837/1462/926 2855/1525/926 2844/1476/926
f 2820/1412/926 2841/1414/926 2842/1473/926
f 2810/1392/926 2844/1476/926 2843/1477/926
f 2836/1445/1161 2854/1478/1166 2855/1479/1166
f 2831/1452/923 2853/1451/923 2847/1480/923
f 2836/1484/923 2823/1482/923 2845/1524/923
f 2835/1485/1167 2856/1522/1166 2851/1486/1166
f 2830/1481/1158 2847/1480/1152 2848/1488/1152
f 2816/1393/926 2843/1477/926 2850/1490/926
f 2827/1492/923 2840/1564/923 2866/1493/923
f 2838/1487/1168 2866/1516/1163 2865/1447/1165
f 2799/1494/1169 2828/1519/1173 2864/1440/1145
f 2835/1385/926 2865/1438/926 2860/1400/926
f 2799/1495/926 2857/1417/926 2862/1402/926
f 2859/1399/923 2861/1403/923 2819/1405/923
f 2812/1404/1170 2858/1408/1149 2863/1407/1148
f 2818/1374/923 2798/1406/923 2858/1408/923
f 2809/1383/926 2860/1400/926 2862/1402/926
f 2800/1416/1172 2859/1399/1146 2864/1398/1145
f 2801/1498/926 2834/1565/926 2875/1499/926
f 2836/1484/923 2876/1453/923 2874/1455/923
f 2834/1501/1174 2833/1500/2632 2876/1515/1175
f 2824/1520/1153 2873/1427/1142 2869/1429/1156
f 2804/1394/923 2867/1396/923 2872/1390/923
f 2869/1410/926 2871/1391/926 2816/1393/926
f 2808/1433/1176 2867/1396/1143 2873/1395/1142
f 2813/1504/926 2801/1498/926 2868/1461/926
f 2811/1386/923 2870/1388/923 2872/1390/923
f 2802/1378/1177 2870/1388/1140 2874/1387/1139
f 2912/1376/1134 2898/1374/1179 2880/1416/1179
f 2906/1377/1136 2894/1389/1181 2882/1378/1181
f 2918/1380/923 2931/1521/923 2926/1381/923
f 2889/1383/926 2922/1473/926 2936/1384/926
f 2891/1386/1183 2903/1556/2633 2954/1387/1184
f 2950/1388/923 2882/1378/923 2894/1389/923
f 2951/1391/926 2948/1461/926 2890/1392/926
f 2884/1394/1186 2901/1557/2634 2953/1395/1187
f 2887/1397/1189 2910/1558/1203 2944/1398/1190
f 2940/1400/926 2877/1439/926 2897/1401/926
f 2941/1403/923 2938/1408/923 2892/1404/923
f 2878/1406/1192 2907/1559/2635 2943/1407/1193
f 2883/1409/926 2893/1504/926 2951/1391/926
f 2947/1396/923 2888/1433/923 2895/1411/923
f 2886/1506/926 2928/1413/926 2921/1414/926
f 2884/1394/1181 2894/1389/1181 2906/1377/1136
f 2880/1416/923 2898/1374/923 2941/1403/923
f 2937/1417/926 2886/1506/926 2900/1412/926
f 2885/1507/1196 2930/1419/1197 2929/1420/1197
f 2878/1406/1179 2898/1374/1179 2912/1376/1134
f 2901/1508/1195 2906/1423/1136 2893/1424/25
f 2895/1411/1179 2905/1425/1179 2903/1426/1179
f 2953/1427/1187 2901/1509/2634 2883/1428/1200
f 2907/1432/1199 2877/1430/26 2919/1510/26
f 2888/1433/1179 2904/1560/1179 2905/1425/1179
f 2906/1423/1136 2902/1511/1182 2881/1434/25
f 2877/1430/26 2907/1432/1199 2912/1435/1134
f 2909/1512/1181 2911/1437/1181 2899/1405/1181
f 2945/1438/926 2919/1561/926 2877/1439/926
f 2937/1442/1202 2944/1440/1190 2910/1513/1203
f 2911/1437/1181 2910/1562/920 2887/1397/1181
f 2897/1436/26 2912/1435/1134 2908/1514/1180
f 2955/1444/1205 2956/1515/1220 2916/1445/1206
f 2946/1516/1208 2920/1448/2636 2919/1449/1209
f 2911/1452/923 2909/1450/923 2926/1523/923
f 2956/1453/923 2913/1563/923 2902/1454/923
f 2905/1456/923 2904/1418/923 2929/1420/923
f 2943/1458/923 2946/1493/923 2918/1380/923
f 2902/1511/1182 2913/1459/25 2914/1460/25
f 2948/1461/926 2955/1499/926 2917/1462/926
f 2929/1517/26 2930/1464/26 2923/1465/26
f 2921/1414/25 2928/1413/25 2927/1467/25
f 2932/1463/26 2923/1465/26 2924/1469/26
f 2922/1473/25 2921/1414/25 2933/1466/25
f 2925/1468/26 2924/1469/26 2935/1471/26
f 2926/1470/25 2931/1518/25 2936/1384/25
f 2905/1456/923 2932/1457/923 2925/1475/923
f 2917/1462/926 2935/1525/926 2924/1476/926
f 2900/1412/926 2921/1414/926 2922/1473/926
f 2890/1392/926 2924/1476/926 2923/1477/926
f 2916/1445/1206 2934/1478/1211 2935/1479/1211
f 2911/1452/923 2933/1451/923 2927/1480/923
f 2916/1484/923 2903/1482/923 2925/1524/923
f 2915/1485/1212 2936/1522/1211 2931/1486/1211
f 2910/1481/1203 2927/1480/1197 2928/1488/1197
f 2896/1393/926 2923/1477/926 2930/1490/926
f 2907/1492/923 2920/1564/923 2946/1493/923
f 2918/1487/1213 2946/1516/1208 2945/1447/1210
f 2879/1494/1214 2908/1519/1218 2944/1440/1190
f 2915/1385/926 2945/1438/926 2940/1400/926
f 2879/1495/926 2937/1417/926 2942/1402/926
f 2939/1399/923 2941/1403/923 2899/1405/923
f 2892/1404/1215 2938/1408/1194 2943/1407/1193
f 2898/1374/923 2878/1406/923 2938/1408/923
f 2889/1383/926 2940/1400/926 2942/1402/926
f 2880/1416/1217 2939/1399/1191 2944/1398/1190
f 2881/1498/926 2914/1565/926 2955/1499/926
f 2916/1484/923 2956/1453/923 2954/1455/923
f 2914/1501/1219 2913/1500/2637 2956/1515/1220
f 2904/1520/1198 2953/1427/1187 2949/1429/1201
f 2884/1394/923 2947/1396/923 2952/1390/923
f 2949/1410/926 2951/1391/926 2896/1393/926
f 2888/1433/1221 2947/1396/1188 2953/1395/1187
f 2893/1504/926 2881/1498/926 2948/1461/926
f 2891/1386/923 2950/1388/923 2952/1390/923
f 2882/1378/1222 2950/1388/1185 2954/1387/1184
f 2992/1376/1224 2978/1374/2638 2960/1416/1179
f 2986/1377/1226 2974/1389/2639 2962/1378/1227
f 2989/1382/1229 2998/1380/1274 3011/1521/1230
f 2969/1383/1232 3002/1473/1278 3016/1384/1233
f 2971/1386/1235 2983/1556/2640 3034/1387/1236
f 3030/1388/1238 2962/1378/2641 2974/1389/1239
f 3031/1391/926 3028/1461/1275 2970/1392/1240
f 2964/1394/1241 2981/1557/2642 3033/1395/1242
f 2967/1397/1244 2990/1558/1263 3024/1398/1245
f 3020/1400/1247 2957/1439/1261 2977/1401/1248
f 3021/1403/923 3018/1408/1289 2972/1404/923
f 2958/1406/1249 2987/1559/2643 3023/1407/1250
f 2963/1409/926 2973/1504/1297 3031/1391/926
f 3027/1396/923 2968/1433/923 2975/1411/923
f 2966/1506/926 3008/1413/926 3001/1414/926
f 2964/1394/1181 2974/1389/2639 2986/1377/1226
f 2960/1416/923 2978/1374/1288 3021/1403/923
f 3017/1417/926 2966/1506/926 2980/1412/926
f 2965/1507/1253 3010/1419/1254 3009/1420/1254
f 2958/1406/1256 2978/1374/2638 2992/1376/1224
f 2981/1508/1252 2986/1423/1226 2973/1424/25
f 2975/1411/1179 2985/1425/1179 2983/1426/1179
f 3033/1427/1242 2981/1509/2642 2963/1428/1258
f 2987/1432/1257 2957/1430/26 2999/1510/26
f 2968/1433/1179 2984/1560/1179 2985/1425/1179
f 2986/1423/1226 2982/1511/1228 2961/1434/25
f 2957/1430/26 2987/1432/1257 2992/1435/1224
f 2989/1512/1181 2991/1437/1181 2979/1405/1181
f 3025/1438/1260 2999/1561/2644 2957/1439/1261
f 3017/1442/1262 3024/1440/1245 2990/1513/1263
f 2991/1437/1181 2990/1562/1181 2967/1397/1181
f 2977/1436/26 2992/1435/1224 2988/1514/1225
f 3035/1444/1265 3036/1515/2645 2996/1445/1266
f 3025/1447/1268 3026/1516/2646 3000/1448/1269
f 2989/1450/1229 3006/1523/1231 3013/1451/923
f 3036/1453/1271 2993/1563/2647 2982/1454/1272
f 2985/1456/923 2984/1418/923 3009/1420/923
f 3023/1458/1273 3026/1493/1284 2998/1380/1274
f 2982/1511/1228 2993/1459/25 2994/1460/25
f 3028/1461/1275 3035/1499/1293 2997/1462/1276
f 3009/1517/26 3010/1464/26 3003/1465/26
f 3001/1414/25 3008/1413/25 3007/1467/25
f 3012/1463/26 3003/1465/26 3004/1469/26
f 3002/1473/25 3001/1414/25 3013/1466/25
f 3005/1468/26 3004/1469/26 3015/1471/26
f 3006/1470/25 3011/1518/25 3016/1384/25
f 2985/1456/923 3012/1457/923 3005/1475/1231
f 2997/1462/1276 3015/1525/1233 3004/1476/1278
f 2980/1412/926 3001/1414/926 3002/1473/1278
f 2970/1392/1240 3004/1476/1278 3003/1477/926
f 2996/1445/1266 3014/1478/1279 3015/1479/1279
f 2990/1481/923 2991/1452/923 3013/1451/923
f 2983/1482/1277 3005/1524/1231 3014/1483/1230
f 2995/1485/1281 3016/1522/1279 3011/1486/1279
f 2990/1481/1263 3007/1480/1254 3008/1488/1254
f 2976/1393/926 3003/1477/926 3010/1490/926
f 2987/1492/1283 3000/1564/2648 3026/1493/1284
f 2998/1487/1282 3026/1516/2646 3025/1447/1268
f 2959/1494/1285 2988/1519/1291 3024/1440/1245
f 2995/1385/1234 3025/1438/1260 3020/1400/1247
f 2959/1495/926 3017/1417/926 3022/1402/926
f 3019/1399/923 3021/1403/923 2979/1405/923
f 2972/1404/1286 3018/1408/1251 3023/1407/1250
f 2978/1374/1288 2958/1406/2649 3018/1408/1289
f 2969/1383/1232 3020/1400/1247 3022/1402/926
f 2960/1416/1290 3019/1399/1246 3024/1398/1245
f 2961/1498/1292 2994/1565/2650 3035/1499/1293
f 2996/1484/1280 3036/1453/1271 3034/1455/1273
f 2993/1500/1294 3036/1515/2645 3035/1444/1265
f 2984/1520/1255 3033/1427/1242 3029/1429/1259
f 2964/1394/923 3027/1396/923 3032/1390/923
f 3029/1410/926 3031/1391/926 2976/1393/926
f 2968/1433/1296 3027/1396/1243 3033/1395/1242
f 2973/1504/1297 2961/1498/1292 3028/1461/1275
f 2971/1386/923 3030/1388/1238 3032/1390/923
f 2962/1378/1298 3030/1388/1237 3034/1387/1236
f 3072/1376/1300 3058/1374/2651 3040/1416/1301
f 3066/1377/1303 3054/1389/2652 3042/1378/1304
f 3078/1380/1306 3091/1521/1390 3086/1381/1307
f 3049/1383/1309 3082/1473/1387 3096/1384/1310
f 3051/1386/1312 3063/1556/2653 3114/1387/1313
f 3110/1388/1315 3042/1378/2654 3054/1389/1316
f 3111/1391/1318 3108/1461/1384 3050/1392/1319
f 3044/1394/1321 3061/1557/1357 3113/1395/1322
f 3047/1397/1324 3070/1558/1367 3104/1398/1325
f 3100/1400/1327 3037/1439/1365 3057/1401/1328
f 3101/1403/1330 3098/1408/1404 3052/1404/1331
f 3038/1406/1333 3067/1559/2655 3103/1407/1334
f 3043/1409/1336 3053/1504/1412 3111/1391/1318
f 3107/1396/1338 3048/1433/2656 3055/1411/1339
f 3046/1506/1340 3088/1413/1393 3081/1414/1341
f 3044/1394/1343 3054/1389/2652 3066/1377/1303
f 3040/1416/1345 3058/1374/1403 3101/1403/1330
f 3097/1417/1347 3046/1506/1340 3060/1412/1342
f 3045/1507/1348 3090/1419/1349 3089/1420/1349
f 3038/1406/1351 3058/1374/2651 3072/1376/1300
f 3061/1508/1344 3066/1423/1303 3053/1424/25
f 3055/1411/1353 3065/1425/1360 3063/1426/1354
f 3109/1429/1356 3113/1427/1322 3061/1509/1357
f 3037/1430/26 3079/1510/26 3080/1431/26
f 3048/1433/1359 3064/1560/2657 3065/1425/1360
f 3066/1423/1303 3062/1511/1305 3041/1434/25
f 3037/1430/26 3067/1432/1352 3072/1435/1300
f 3069/1512/1361 3071/1437/1369 3059/1405/1362
f 3105/1438/1364 3079/1561/2658 3037/1439/1365
f 3097/1442/1366 3104/1440/1325 3070/1513/1367
f 3071/1437/1369 3070/1562/2659 3047/1397/1370
f 3057/1436/26 3072/1435/1300 3068/1514/1302
f 3115/1444/1371 3116/1515/1409 3076/1445/1372
f 3106/1516/1374 3080/1448/2660 3079/1449/1375
f 3071/1452/1377 3069/1450/1308 3086/1523/1307
f 3116/1453/1379 3073/1563/2661 3062/1454/1380
f 3065/1456/1378 3064/1418/1382 3089/1420/1382
f 3103/1458/1383 3106/1493/1396 3078/1380/1306
f 3041/1434/25 3062/1511/1305 3073/1459/25
f 3108/1461/1384 3115/1499/1407 3077/1462/1385
f 3089/1517/26 3090/1464/26 3083/1465/26
f 3081/1414/25 3088/1413/25 3087/1467/25
f 3092/1463/26 3083/1465/26 3084/1469/26
f 3082/1473/25 3081/1414/25 3093/1466/25
f 3084/1469/26 3095/1471/26 3094/1472/26
f 3082/1473/25 3086/1470/25 3091/1518/25
f 3063/1474/1386 3065/1456/1378 3092/1457/1377
f 3077/1462/1385 3095/1525/1310 3084/1476/1387
f 3060/1412/1342 3081/1414/1341 3082/1473/1387
f 3050/1392/1319 3084/1476/1387 3083/1477/1341
f 3076/1445/1372 3094/1478/1388 3095/1479/1388
f 3070/1481/1382 3071/1452/1377 3093/1451/1378
f 3076/1484/1389 3063/1482/1386 3085/1524/1307
f 3075/1485/1391 3096/1522/1388 3091/1486/1388
f 3070/1481/1367 3087/1480/1349 3088/1488/1349
f 3056/1393/1320 3083/1477/1341 3090/1490/1393
f 3067/1492/1395 3080/1564/2662 3106/1493/1396
f 3078/1487/1392 3106/1516/1374 3105/1447/1376
f 3068/1519/1397 3104/1440/1325 3097/1442/1366
f 3075/1385/1311 3105/1438/1364 3100/1400/1327
f 3039/1495/1399 3097/1417/1347 3102/1402/1329
f 3099/1399/1346 3101/1403/1330 3059/1405/1332
f 3052/1404/1401 3098/1408/1335 3103/1407/1334
f 3058/1374/1403 3038/1406/2663 3098/1408/1404
f 3049/1383/1309 3100/1400/1327 3102/1402/1329
f 3040/1416/1405 3099/1399/1326 3104/1398/1325
f 3041/1498/1406 3074/1565/2664 3115/1499/1407
f 3076/1484/1389 3116/1453/1379 3114/1455/1381
f 3074/1501/1408 3073/1500/2665 3116/1515/1409
f 3064/1520/1350 3113/1427/1322 3109/1429/1356
f 3044/1394/1410 3107/1396/1338 3112/1390/1317
f 3109/1410/1337 3111/1391/1318 3056/1393/1320
f 3048/1433/1411 3107/1396/1323 3113/1395/1322
f 3053/1504/1412 3041/1498/1406 3108/1461/1384
f 3051/1386/1413 3110/1388/1315 3112/1390/1317
f 3042/1378/1414 3110/1388/1314 3114/1387/1313
f 3138/1374/1416 3120/1416/2666 3148/1375/1417
f 3146/1377/1419 3134/1389/1460 3122/1378/1420
f 3158/1380/1422 3171/1521/1503 3166/1381/1423
f 3129/1383/1425 3162/1473/1499 3176/1384/1426
f 3131/1386/1428 3143/1556/2667 3194/1387/1429
f 3190/1388/1431 3122/1378/2668 3134/1389/1432
f 3191/1391/1434 3188/1461/1496 3130/1392/1435
f 3124/1394/1437 3141/1557/2669 3193/1395/1438
f 3127/1397/1440 3150/1558/1506 3184/1398/1441
f 3180/1400/1443 3117/1439/1480 3137/1401/1444
f 3181/1403/1446 3178/1408/1518 3132/1404/1447
f 3118/1406/1449 3147/1559/2670 3183/1407/1450
f 3123/1409/1452 3133/1504/1527 3191/1391/1434
f 3187/1396/1454 3128/1433/2671 3135/1411/1455
f 3126/1506/1456 3168/1413/1507 3161/1414/1457
f 3141/1415/1459 3124/1394/2672 3134/1389/1460
f 3120/1416/1461 3138/1374/1517 3181/1403/1446
f 3177/1417/1463 3126/1506/1456 3140/1412/1458
f 3125/1507/1464 3170/1419/1465 3169/1420/1465
f 3118/1406/1467 3138/1374/1416 3152/1376/1418
f 3123/1422/25 3141/1508/1459 3146/1423/1419
f 3131/1386/1469 3135/1411/1475 3145/1425/1470
f 3193/1427/1438 3141/1509/2669 3123/1428/1472
f 3147/1432/1468 3117/1430/26 3159/1510/26
f 3128/1433/1474 3144/1560/2673 3145/1425/1470
f 3133/1424/25 3146/1423/1419 3142/1511/1421
f 3147/1432/1468 3152/1435/1418 3137/1436/26
f 3132/1404/1476 3149/1512/2674 3151/1437/1477
f 3185/1438/1479 3159/1561/2675 3117/1439/1480
f 3184/1440/1441 3150/1513/1506 3126/1441/1481
f 3151/1437/1477 3150/1562/2676 3127/1397/1483
f 3152/1435/1418 3148/1514/1417 3119/1443/26
f 3196/1515/1484 3156/1445/1500 3157/1446/1485
f 3185/1447/1487 3186/1516/1511 3160/1448/1488
f 3151/1452/1490 3149/1450/1424 3166/1523/1423
f 3196/1453/1491 3153/1563/2677 3142/1454/1492
f 3145/1456/1490 3144/1418/1494 3169/1420/1494
f 3183/1458/1495 3186/1493/1510 3158/1380/1422
f 3142/1511/1421 3153/1459/25 3154/1460/25
f 3188/1461/1496 3195/1499/1522 3157/1462/1497
f 3169/1517/26 3170/1464/26 3163/1465/26
f 3161/1414/25 3168/1413/25 3167/1467/25
f 3165/1468/26 3172/1463/26 3163/1465/26
f 3166/1470/25 3162/1473/25 3161/1414/25
f 3165/1468/26 3164/1469/26 3175/1471/26
f 3166/1470/25 3171/1518/25 3176/1384/25
f 3145/1456/1490 3172/1457/1490 3165/1475/1423
f 3157/1462/1497 3175/1525/1426 3164/1476/1499
f 3140/1412/1458 3161/1414/1457 3162/1473/1499
f 3130/1392/1435 3164/1476/1499 3163/1477/1457
f 3156/1445/1500 3174/1478/1501 3175/1479/1501
f 3151/1452/1490 3173/1451/1490 3167/1480/1494
f 3156/1484/1502 3143/1482/1498 3165/1524/1423
f 3155/1485/1504 3176/1522/1501 3171/1486/1501
f 3150/1481/1506 3167/1480/1465 3168/1488/1465
f 3136/1393/1436 3163/1477/1457 3170/1490/1507
f 3147/1492/1509 3160/1564/2678 3186/1493/1510
f 3155/1485/1504 3158/1487/1505 3186/1516/1511
f 3119/1494/1512 3148/1519/1520 3184/1440/1441
f 3155/1385/1427 3185/1438/1479 3180/1400/1443
f 3119/1495/1513 3177/1417/1463 3182/1402/1445
f 3179/1399/1462 3181/1403/1446 3139/1405/1448
f 3132/1404/1515 3178/1408/1451 3183/1407/1450
f 3138/1374/1517 3118/1406/2679 3178/1408/1518
f 3129/1383/1425 3180/1400/1443 3182/1402/1445
f 3120/1416/1519 3179/1399/1442 3184/1398/1441
f 3121/1498/1521 3154/1565/2680 3195/1499/1522
f 3156/1484/1502 3196/1453/1491 3194/1455/1493
f 3153/1500/1523 3196/1515/1484 3195/1444/1486
f 3125/1502/1464 3144/1520/1466 3193/1427/1438
f 3124/1394/1525 3187/1396/1454 3192/1390/1433
f 3189/1410/1453 3191/1391/1434 3136/1393/1436
f 3128/1433/1526 3187/1396/1439 3193/1395/1438
f 3133/1504/1527 3121/1498/1521 3188/1461/1496
f 3131/1386/1528 3190/1388/1431 3192/1390/1433
f 3122/1378/1529 3190/1388/1430 3194/1387/1429
f 3232/1376/1531 3218/1374/2681 3200/1416/1532
f 3226/1377/1534 3214/1389/2682 3202/1378/1535
f 3238/1380/1537 3251/1521/1617 3246/1381/1538
f 3209/1383/1540 3242/1473/1615 3256/1384/1541
f 3211/1386/1543 3223/1556/2683 3274/1387/1544
f 3270/1388/1546 3202/1378/2684 3214/1389/1547
f 3271/1391/1549 3268/1461/1612 3210/1392/1550
f 3204/1394/1552 3221/1557/1588 3273/1395/1553
f 3207/1397/1555 3230/1558/2515 3264/1398/1556
f 3260/1400/1558 3197/1439/1596 3217/1401/1559
f 3261/1403/1561 3258/1408/1632 3212/1404/1562
f 3198/1406/1564 3227/1559/2685 3263/1407/1565
f 3203/1409/1567 3213/1504/1640 3271/1391/1549
f 3267/1396/1569 3208/1433/2686 3215/1411/1570
f 3206/1506/1571 3248/1413/1621 3241/1414/1572
f 3204/1394/1574 3214/1389/2682 3226/1377/1534
f 3200/1416/1576 3218/1374/1631 3261/1403/1561
f 3257/1417/1578 3206/1506/1571 3220/1412/1573
f 3205/1507/1579 3250/1419/1580 3249/1420/1580
f 3198/1406/1582 3218/1374/2681 3232/1376/1531
f 3221/1508/1575 3226/1423/1534 3213/1424/25
f 3211/1386/1584 3215/1411/1591 3225/1425/1585
f 3269/1429/1587 3273/1427/1553 3221/1509/1588
f 3197/1430/26 3239/1510/26 3240/1431/26
f 3208/1433/1590 3224/1560/2687 3225/1425/1585
f 3226/1423/1534 3222/1511/1536 3201/1434/25
f 3197/1430/26 3227/1432/1583 3232/1435/1531
f 3212/1404/1592 3229/1512/2688 3231/1437/1593
f 3265/1438/1595 3239/1561/2689 3197/1439/1596
f 3264/1440/1556 3230/1513/2515 3206/1441/1597
f 3231/1437/1593 3230/1562/2690 3207/1397/1599
f 3217/1436/26 3232/1435/1531 3228/1514/1533
f 3275/1444/1600 3276/1515/2691 3236/1445/1601
f 3265/1447/1603 3266/1516/2692 3240/1448/1604
f 3229/1450/1539 3246/1523/1538 3253/1451/1606
f 3276/1453/1607 3233/1563/2693 3222/1454/1608
f 3224/1418/1610 3249/1420/1610 3252/1457/1606
f 3263/1458/1611 3266/1493/1624 3238/1380/1537
f 3201/1434/25 3222/1511/1536 3233/1459/25
f 3268/1461/1612 3275/1499/1635 3237/1462/1613
f 3252/1463/26 3249/1517/26 3250/1464/26
f 3253/1466/25 3241/1414/25 3248/1413/25
f 3252/1463/26 3243/1465/26 3244/1469/26
f 3242/1473/25 3241/1414/25 3253/1466/25
f 3244/1469/26 3255/1471/26 3254/1472/26
f 3242/1473/25 3246/1470/25 3251/1518/25
f 3223/1474/1614 3225/1456/1606 3252/1457/1606
f 3237/1462/1613 3255/1525/1541 3244/1476/1615
f 3220/1412/1573 3241/1414/1572 3242/1473/1615
f 3210/1392/1550 3244/1476/1615 3243/1477/1572
f 3236/1445/1601 3254/1478/1616 3255/1479/1616
f 3231/1452/1606 3253/1451/1606 3247/1480/1610
f 3223/1482/1614 3245/1524/1538 3254/1483/1617
f 3235/1485/1619 3256/1522/1616 3251/1486/1616
f 3206/1489/1597 3230/1481/2515 3247/1480/1580
f 3216/1393/1551 3243/1477/1572 3250/1490/1621
f 3227/1492/1623 3240/1564/2694 3266/1493/1624
f 3238/1487/1620 3266/1516/2692 3265/1447/1603
f 3228/1519/1625 3264/1440/1556 3257/1442/1598
f 3235/1385/1542 3265/1438/1595 3260/1400/1558
f 3199/1495/1627 3257/1417/1578 3262/1402/1560
f 3259/1399/1577 3261/1403/1561 3219/1405/1563
f 3212/1404/1629 3258/1408/1566 3263/1407/1565
f 3218/1374/1631 3198/1406/2695 3258/1408/1632
f 3209/1383/1540 3260/1400/1558 3262/1402/1560
f 3200/1416/1633 3259/1399/1557 3264/1398/1556
f 3201/1498/1634 3234/1565/2696 3275/1499/1635
f 3236/1484/1618 3276/1453/1607 3274/1455/1609
f 3233/1500/1636 3276/1515/2691 3275/1444/1600
f 3205/1502/1579 3224/1520/1581 3273/1427/1553
f 3204/1394/1638 3267/1396/1569 3272/1390/1548
f 3269/1410/1568 3271/1391/1549 3216/1393/1551
f 3208/1433/1639 3267/1396/1554 3273/1395/1553
f 3213/1504/1640 3201/1498/1634 3268/1461/1612
f 3211/1386/1641 3270/1388/1546 3272/1390/1548
f 3202/1378/1642 3270/1388/1545 3274/1387/1544
f 3312/1376/1644 3298/1374/2697 3280/1416/1645
f 3306/1377/1647 3294/1389/2698 3282/1378/1648
f 3318/1380/1650 3331/1521/1730 3326/1381/1651
f 3289/1383/1653 3322/1473/1727 3336/1384/1654
f 3291/1386/1656 3303/1556/2699 3354/1387/1657
f 3350/1388/1659 3282/1378/2700 3294/1389/1660
f 3351/1391/1662 3348/1461/1724 3290/1392/1663
f 3284/1394/1665 3301/1557/2701 3353/1395/1666
f 3287/1397/1668 3310/1558/1709 3344/1398/1669
f 3340/1400/1671 3277/1439/1707 3297/1401/1672
f 3341/1403/1674 3338/1408/1743 3292/1404/1675
f 3278/1406/1677 3307/1559/2702 3343/1407/1678
f 3283/1409/1680 3293/1504/1751 3351/1391/1662
f 3347/1396/1682 3288/1433/2703 3295/1411/1683
f 3300/1412/1684 3286/1506/2704 3328/1413/1685
f 3284/1394/1687 3294/1389/2698 3306/1377/1647
f 3280/1416/1689 3298/1374/1742 3341/1403/1674
f 3337/1417/1691 3286/1506/2704 3300/1412/1684
f 3285/1507/1692 3330/1419/1693 3329/1420/1693
f 3278/1406/1695 3298/1374/2697 3312/1376/1644
f 3283/1422/25 3301/1508/1688 3306/1423/1647
f 3291/1386/1697 3295/1411/1702 3305/1425/1698
f 3353/1427/1666 3301/1509/2701 3283/1428/1699
f 3307/1432/1696 3277/1430/26 3319/1510/26
f 3288/1433/1701 3304/1560/2705 3305/1425/1698
f 3293/1424/25 3306/1423/1647 3302/1511/1649
f 3307/1432/1696 3312/1435/1644 3297/1436/26
f 3292/1404/1703 3309/1512/1703 3311/1437/1704
f 3345/1438/1706 3319/1561/2706 3277/1439/1707
f 3337/1442/1708 3344/1440/1669 3310/1513/1709
f 3311/1437/1704 3310/1562/2707 3287/1397/1711
f 3312/1435/1644 3308/1514/1646 3279/1443/26
f 3356/1515/1712 3316/1445/1728 3317/1446/1713
f 3346/1516/1715 3320/1448/2708 3319/1449/1716
f 3311/1452/1718 3309/1450/1652 3326/1523/1651
f 3356/1453/1719 3313/1563/2709 3302/1454/1720
f 3304/1418/1722 3329/1420/1722 3332/1457/1718
f 3343/1458/1723 3346/1493/1736 3318/1380/1650
f 3302/1511/1649 3313/1459/25 3314/1460/25
f 3348/1461/1724 3355/1499/1747 3317/1462/1725
f 3329/1517/26 3330/1464/26 3323/1465/26
f 3321/1414/25 3328/1413/25 3327/1467/25
f 3325/1468/26 3332/1463/26 3323/1465/26
f 3326/1470/25 3322/1473/25 3321/1414/25
f 3325/1468/26 3324/1469/26 3335/1471/26
f 3326/1470/25 3331/1518/25 3336/1384/25
f 3305/1456/1718 3332/1457/1718 3325/1475/1651
f 3317/1462/1725 3335/1525/1654 3324/1476/1727
f 3300/1412/1684 3321/1414/1686 3322/1473/1727
f 3290/1392/1663 3324/1476/1727 3323/1477/1686
f 3316/1445/1728 3334/1478/1729 3335/1479/1729
f 3311/1452/1718 3333/1451/1718 3327/1480/1722
f 3303/1482/1726 3325/1524/1651 3334/1483/1730
f 3315/1485/1732 3336/1522/1729 3331/1486/1729
f 3310/1481/1709 3327/1480/1693 3328/1488/1693
f 3296/1393/1664 3323/1477/1686 3330/1490/1685
f 3307/1492/1735 3320/1564/2710 3346/1493/1736
f 3315/1485/1732 3318/1487/1733 3346/1516/1715
f 3279/1494/1737 3308/1519/1745 3344/1440/1669
f 3315/1385/1655 3345/1438/1706 3340/1400/1671
f 3279/1495/1738 3337/1417/1691 3342/1402/1673
f 3339/1399/1690 3341/1403/1674 3299/1405/1676
f 3292/1404/1740 3338/1408/1679 3343/1407/1678
f 3298/1374/1742 3278/1406/2711 3338/1408/1743
f 3289/1383/1653 3340/1400/1671 3342/1402/1673
f 3280/1416/1744 3339/1399/1670 3344/1398/1669
f 3281/1498/1746 3314/1565/2712 3355/1499/1747
f 3316/1484/1731 3356/1453/1719 3354/1455/1721
f 3314/1501/1748 3313/1500/2713 3356/1515/1712
f 3304/1520/1694 3353/1427/1666 3349/1429/1700
f 3284/1394/1749 3347/1396/1682 3352/1390/1661
f 3349/1410/1681 3351/1391/1662 3296/1393/1664
f 3288/1433/1750 3347/1396/1667 3353/1395/1666
f 3293/1504/1751 3281/1498/1746 3348/1461/1724
f 3291/1386/1752 3350/1388/1659 3352/1390/1661
f 3282/1378/1753 3350/1388/1658 3354/1387/1657
f 3378/1374/1755 3360/1416/2714 3388/1375/1756
f 3386/1377/1758 3374/1389/1794 3362/1378/1759
f 3398/1380/3 3411/1521/3 3406/1381/1761
f 3369/1383/1763 3402/1473/1825 3416/1384/21
f 3371/1386/1764 3383/1556/2715 3434/1387/1765
f 3430/1388/1767 3362/1378/1767 3374/1389/1768
f 3431/1391/1770 3428/1461/21 3370/1392/1771
f 3364/1394/1773 3381/1557/1807 3433/1395/1774
f 3367/1397/1776 3390/1558/1830 3424/1398/1777
f 3420/1400/21 3357/1439/21 3377/1401/1779
f 3421/1403/1769 3418/1408/1767 3372/1404/1781
f 3358/1406/1783 3387/1559/2716 3423/1407/1784
f 3363/1409/1786 3373/1504/1846 3431/1391/1770
f 3427/1396/1788 3368/1433/2717 3375/1411/1789
f 3366/1506/1790 3408/1413/1831 3401/1414/1791
f 3381/1415/1793 3364/1394/2718 3374/1389/1794
f 3360/1416/1795 3378/1374/1840 3421/1403/1769
f 3417/1417/1797 3366/1506/1790 3380/1412/1792
f 3365/1507/1798 3410/1419/1799 3409/1420/1799
f 3358/1406/1801 3378/1374/1755 3392/1376/1757
f 3363/1422/25 3381/1508/1793 3386/1423/1758
f 3371/1386/1803 3375/1411/1810 3385/1425/1804
f 3429/1429/1806 3433/1427/1774 3381/1509/1807
f 3357/1430/26 3399/1510/26 3400/1431/26
f 3368/1433/1809 3384/1560/2719 3385/1425/1804
f 3373/1424/25 3386/1423/1758 3382/1511/1760
f 3387/1432/1802 3392/1435/1757 3377/1436/26
f 3372/1404/1811 3389/1512/2720 3391/1437/1812
f 3425/1438/21 3399/1561/21 3357/1439/21
f 3424/1440/1777 3390/1513/1830 3366/1441/1814
f 3391/1437/1812 3390/1562/2721 3367/1397/1816
f 3392/1435/1757 3388/1514/1756 3359/1443/26
f 3436/1515/1817 3396/1445/1826 3397/1446/1818
f 3425/1447/1820 3426/1516/1833 3400/1448/1821
f 3389/1450/1762 3406/1523/1761 3413/1451/1823
f 3436/1453/3 3393/1563/3 3382/1454/3
f 3384/1418/1824 3409/1420/1824 3412/1457/1823
f 3423/1458/3 3426/1493/3 3398/1380/3
f 3361/1434/25 3382/1511/1760 3393/1459/25
f 3428/1461/21 3435/1499/21 3397/1462/21
f 3412/1463/26 3409/1517/26 3410/1464/26
f 3413/1466/25 3401/1414/25 3408/1413/25
f 3405/1468/26 3412/1463/26 3403/1465/26
f 3406/1470/25 3402/1473/25 3401/1414/25
f 3404/1469/26 3415/1471/26 3414/1472/26
f 3402/1473/25 3406/1470/25 3411/1518/25
f 3385/1456/1823 3412/1457/1823 3405/1475/1761
f 3397/1462/21 3415/1525/21 3404/1476/1825
f 3369/1383/1763 3380/1412/1792 3401/1414/1791
f 3370/1392/1771 3404/1476/1825 3403/1477/1791
f 3396/1445/1826 3414/1478/1827 3415/1479/1827
f 3391/1452/1823 3413/1451/1823 3407/1480/1824
f 3383/1482/1762 3405/1524/1761 3414/1483/3
f 3395/1485/1828 3416/1522/1827 3411/1486/1827
f 3390/1481/1830 3407/1480/1799 3408/1488/1799
f 3376/1393/1772 3403/1477/1791 3410/1490/1831
f 3387/1492/3 3400/1564/3 3426/1493/3
f 3395/1485/1828 3398/1487/1829 3426/1516/1833
f 3388/1519/1834 3424/1440/1777 3417/1442/1815
f 3395/1385/21 3425/1438/21 3420/1400/21
f 3359/1495/1836 3417/1417/1797 3422/1402/1780
f 3419/1399/1796 3421/1403/1769 3379/1405/1782
f 3372/1404/1838 3418/1408/1785 3423/1407/1784
f 3378/1374/1840 3358/1406/1767 3418/1408/1767
f 3369/1383/1763 3420/1400/21 3422/1402/1780
f 3360/1416/1841 3419/1399/1778 3424/1398/1777
f 3361/1498/21 3394/1565/21 3435/1499/21
f 3396/1484/3 3436/1453/3 3434/1455/3
f 3393/1500/1842 3436/1515/1817 3435/1444/1819
f 3365/1502/1798 3384/1520/1800 3433/1427/1774
f 3364/1394/1844 3427/1396/1788 3432/1390/1769
f 3429/1410/1787 3431/1391/1770 3376/1393/1772
f 3368/1433/1845 3427/1396/1775 3433/1395/1774
f 3373/1504/1846 3361/1498/21 3428/1461/21
f 3371/1386/1847 3430/1388/1767 3432/1390/1769
f 3362/1378/1848 3430/1388/1766 3434/1387/1765
f 3458/1374/1801 3440/1416/1801 3468/1375/1850
f 3466/1377/1852 3454/1389/1759 3442/1378/1759
f 3478/1380/3 3491/1521/3 3486/1381/3
f 3449/1383/21 3482/1473/21 3496/1384/21
f 3451/1386/1854 3463/1556/2722 3514/1387/1855
f 3510/1388/1767 3442/1378/1767 3454/1389/1767
f 3511/1391/21 3508/1461/21 3450/1392/21
f 3444/1394/1857 3461/1557/1872 3513/1395/1858
f 3447/1397/1860 3470/1558/1885 3504/1398/1861
f 3500/1400/21 3437/1439/21 3457/1401/21
f 3501/1403/1767 3498/1408/1767 3452/1404/1767
f 3438/1406/1863 3467/1559/2723 3503/1407/1864
f 3443/1409/21 3453/1504/21 3511/1391/21
f 3507/1396/1767 3448/1433/1767 3455/1411/1767
f 3460/1412/21 3446/1506/21 3488/1413/21
f 3461/1415/1866 3444/1394/1759 3454/1389/1759
f 3440/1416/1767 3458/1374/1767 3501/1403/1767
f 3497/1417/21 3446/1506/21 3460/1412/21
f 3445/1507/1867 3490/1419/1868 3489/1420/1868
f 3438/1406/1801 3458/1374/1801 3472/1376/1851
f 3443/1422/25 3461/1508/1866 3466/1423/1852
f 3451/1386/1801 3455/1411/1801 3465/1425/1801
f 3509/1429/1871 3513/1427/1858 3461/1509/1872
f 3437/1430/26 3479/1510/26 3480/1431/26
f 3448/1433/1801 3464/1560/1801 3465/1425/1801
f 3453/1424/25 3466/1423/1852 3462/1511/1853
f 3467/1432/1870 3472/1435/1851 3457/1436/26
f 3452/1404/1759 3469/1512/1759 3471/1437/1759
f 3505/1438/21 3479/1561/21 3437/1439/21
f 3504/1440/1861 3470/1513/1885 3446/1441/1874
f 3471/1437/1759 3470/1562/1759 3447/1397/1759
f 3472/1435/1851 3468/1514/1850 3439/1443/26
f 3516/1515/1876 3476/1445/1882 3477/1446/1877
f 3505/1447/1879 3506/1516/1887 3480/1448/1880
f 3469/1450/3 3486/1523/3 3493/1451/3
f 3516/1453/3 3473/1563/3 3462/1454/3
f 3464/1418/3 3489/1420/3 3492/1457/3
f 3503/1458/3 3506/1493/3 3478/1380/3
f 3441/1434/25 3462/1511/1853 3473/1459/25
f 3508/1461/21 3515/1499/21 3477/1462/21
f 3492/1463/26 3489/1517/26 3490/1464/26
f 3493/1466/25 3481/1414/25 3488/1413/25
f 3485/1468/26 3492/1463/26 3483/1465/26
f 3486/1470/25 3482/1473/25 3481/1414/25
f 3484/1469/26 3495/1471/26 3494/1472/26
f 3482/1473/25 3486/1470/25 3491/1518/25
f 3465/1456/3 3492/1457/3 3485/1475/3
f 3450/1392/21 3477/1462/21 3495/1525/21
f 3460/1412/21 3481/1414/21 3482/1473/21
f 3450/1392/21 3484/1476/21 3483/1477/21
f 3476/1445/1882 3494/1478/1883 3495/1479/1883
f 3471/1452/3 3493/1451/3 3487/1480/3
f 3463/1482/3 3485/1524/3 3494/1483/3
f 3478/1487/1884 3475/1485/1886 3496/1522/1883
f 3470/1481/1885 3487/1480/1868 3488/1488/1868
f 3456/1393/21 3483/1477/21 3490/1490/21
f 3467/1492/3 3480/1564/3 3506/1493/3
f 3475/1485/1886 3478/1487/1884 3506/1516/1887
f 3468/1519/1888 3504/1440/1861 3497/1442/1875
f 3475/1385/21 3505/1438/21 3500/1400/21
f 3439/1495/21 3497/1417/21 3502/1402/21
f 3499/1399/1767 3501/1403/1767 3459/1405/1767
f 3452/1404/1890 3498/1408/1865 3503/1407/1864
f 3458/1374/1767 3438/1406/1767 3498/1408/1767
f 3449/1383/21 3500/1400/21 3502/1402/21
f 3440/1416/1892 3499/1399/1862 3504/1398/1861
f 3441/1498/21 3474/1565/21 3515/1499/21
f 3476/1484/3 3516/1453/3 3514/1455/3
f 3473/1500/1893 3516/1515/1876 3515/1444/1878
f 3445/1502/1867 3464/1520/1869 3513/1427/1858
f 3444/1394/1767 3507/1396/1767 3512/1390/1767
f 3509/1410/21 3511/1391/21 3456/1393/21
f 3448/1433/1895 3507/1396/1859 3513/1395/1858
f 3453/1504/21 3441/1498/21 3508/1461/21
f 3451/1386/1767 3510/1388/1767 3512/1390/1767
f 3442/1378/1896 3510/1388/1856 3514/1387/1855
f 3538/1374/1898 3520/1416/1898 3548/1375/1899
f 3546/1377/1901 3534/1389/1902 3522/1378/1902
f 3558/1380/3 3571/1521/3 3566/1381/3
f 3529/1383/21 3562/1473/21 3576/1384/21
f 3531/1386/1904 3543/1556/2724 3594/1387/1905
f 3590/1388/1767 3522/1378/1767 3534/1389/1767
f 3591/1391/21 3588/1461/21 3530/1392/21
f 3524/1394/1907 3541/1557/1922 3593/1395/1908
f 3527/1397/1910 3550/1558/1936 3584/1398/1911
f 3580/1400/21 3517/1439/21 3537/1401/21
f 3581/1403/1767 3578/1408/1767 3532/1404/1767
f 3518/1406/1913 3547/1559/2725 3583/1407/1914
f 3523/1409/21 3533/1504/21 3591/1391/21
f 3587/1396/1767 3528/1433/1767 3535/1411/1767
f 3526/1506/21 3568/1413/21 3561/1414/21
f 3541/1415/1916 3524/1394/1902 3534/1389/1902
f 3520/1416/1767 3538/1374/1767 3581/1403/1767
f 3577/1417/21 3526/1506/21 3540/1412/21
f 3525/1507/1917 3570/1419/1918 3569/1420/1918
f 3518/1406/1898 3538/1374/1898 3552/1376/1900
f 3523/1422/25 3541/1508/1916 3546/1423/1901
f 3531/1386/1898 3535/1411/1898 3545/1425/1898
f 3589/1429/1921 3593/1427/1908 3541/1509/1922
f 3517/1430/26 3559/1510/26 3560/1431/26
f 3528/1433/1801 3544/1560/1801 3545/1425/1898
f 3533/1424/25 3546/1423/1901 3542/1511/1903
f 3547/1432/1920 3552/1435/1900 3537/1436/26
f 3532/1404/1902 3549/1512/1902 3551/1437/1902
f 3585/1438/21 3559/1561/21 3517/1439/21
f 3584/1440/1911 3550/1513/1936 3526/1441/1924
f 3551/1437/1902 3550/1562/1759 3527/1397/1759
f 3552/1435/1900 3548/1514/1899 3519/1443/26
f 3596/1515/1926 3556/1445/1932 3557/1446/1927
f 3585/1447/1929 3586/1516/1937 3560/1448/1930
f 3549/1450/3 3566/1523/3 3573/1451/3
f 3596/1453/3 3553/1563/3 3542/1454/3
f 3544/1418/3 3569/1420/3 3572/1457/3
f 3583/1458/3 3586/1493/3 3558/1380/3
f 3521/1434/25 3542/1511/1903 3553/1459/25
f 3588/1461/21 3595/1499/21 3557/1462/21
f 3572/1463/26 3569/1517/26 3570/1464/26
f 3573/1466/25 3561/1414/25 3568/1413/25
f 3565/1468/26 3572/1463/26 3563/1465/26
f 3566/1470/25 3562/1473/25 3561/1414/25
f 3564/1469/26 3575/1471/26 3574/1472/26
f 3562/1473/25 3566/1470/25 3571/1518/25
f 3545/1456/3 3572/1457/3 3565/1475/3
f 3557/1462/21 3575/1525/21 3564/1476/21
f 3540/1412/21 3561/1414/21 3562/1473/21
f 3536/1393/21 3530/1392/21 3564/1476/21
f 3556/1445/1932 3574/1478/1933 3575/1479/1933
f 3551/1452/3 3573/1451/3 3567/1480/3
f 3543/1482/3 3565/1524/3 3574/1483/3
f 3555/1485/1934 3576/1522/1933 3571/1486/1933
f 3550/1481/1936 3567/1480/1918 3568/1488/1918
f 3536/1393/21 3563/1477/21 3570/1490/21
f 3547/1492/3 3560/1564/3 3586/1493/3
f 3555/1485/1934 3558/1487/1935 3586/1516/1937
f 3548/1519/1938 3584/1440/1911 3577/1442/1925
f 3555/1385/21 3585/1438/21 3580/1400/21
f 3519/1495/21 3577/1417/21 3582/1402/21
f 3579/1399/1767 3581/1403/1767 3539/1405/1767
f 3532/1404/1940 3578/1408/1915 3583/1407/1914
f 3538/1374/1767 3518/1406/1767 3578/1408/1767
f 3529/1383/21 3580/1400/21 3582/1402/21
f 3520/1416/1942 3579/1399/1912 3584/1398/1911
f 3521/1498/21 3554/1565/21 3595/1499/21
f 3556/1484/3 3596/1453/3 3594/1455/3
f 3553/1500/1943 3596/1515/1926 3595/1444/1928
f 3525/1502/1917 3544/1520/1919 3593/1427/1908
f 3524/1394/1767 3587/1396/1767 3592/1390/1767
f 3589/1410/21 3591/1391/21 3536/1393/21
f 3528/1433/1945 3587/1396/1909 3593/1395/1908
f 3533/1504/21 3521/1498/21 3588/1461/21
f 3531/1386/1767 3590/1388/1767 3592/1390/1767
f 3522/1378/1946 3590/1388/1906 3594/1387/1905
f 3618/1374/1898 3600/1416/1898 3628/1375/1948
f 3626/1377/1901 3614/1389/1902 3602/1378/1902
f 3638/1380/3 3651/1521/3 3646/1381/3
f 3609/1383/21 3642/1473/21 3656/1384/21
f 3611/1386/1950 3623/1556/2726 3674/1387/1951
f 3670/1388/1767 3602/1378/1767 3614/1389/1767
f 3671/1391/21 3668/1461/21 3610/1392/21
f 3604/1394/1953 3621/1557/1968 3673/1395/1954
f 3607/1397/1956 3630/1558/1982 3664/1398/1957
f 3660/1400/21 3597/1439/21 3617/1401/21
f 3661/1403/1767 3658/1408/1767 3612/1404/1767
f 3598/1406/1959 3627/1559/2727 3663/1407/1960
f 3603/1409/21 3613/1504/21 3671/1391/21
f 3667/1396/1767 3608/1433/1767 3615/1411/1767
f 3606/1506/21 3648/1413/21 3641/1414/21
f 3621/1415/1962 3604/1394/1902 3614/1389/1902
f 3600/1416/1767 3618/1374/1767 3661/1403/1767
f 3657/1417/21 3606/1506/21 3620/1412/21
f 3605/1507/1963 3650/1419/1964 3649/1420/1964
f 3598/1406/1898 3618/1374/1898 3632/1376/1900
f 3603/1422/25 3621/1508/1962 3626/1423/1901
f 3611/1386/1898 3615/1411/1898 3625/1425/1898
f 3669/1429/1967 3673/1427/1954 3621/1509/1968
f 3597/1430/26 3639/1510/26 3640/1431/26
f 3608/1433/1898 3624/1560/1898 3625/1425/1898
f 3613/1424/25 3626/1423/1901 3622/1511/1949
f 3627/1432/1966 3632/1435/1900 3617/1436/26
f 3612/1404/1902 3629/1512/1902 3631/1437/1902
f 3665/1438/21 3639/1561/21 3597/1439/21
f 3664/1440/1957 3630/1513/1982 3606/1441/1970
f 3631/1437/1902 3630/1562/1902 3607/1397/1902
f 3632/1435/1900 3628/1514/1948 3599/1443/26
f 3676/1515/1972 3636/1445/1978 3637/1446/1973
f 3665/1447/1975 3666/1516/1983 3640/1448/1976
f 3629/1450/3 3646/1523/3 3653/1451/3
f 3676/1453/3 3633/1563/3 3622/1454/3
f 3624/1418/3 3649/1420/3 3652/1457/3
f 3663/1458/3 3666/1493/3 3638/1380/3
f 3601/1434/25 3622/1511/1949 3633/1459/25
f 3668/1461/21 3675/1499/21 3637/1462/21
f 3652/1463/26 3649/1517/26 3650/1464/26
f 3653/1466/25 3641/1414/25 3648/1413/25
f 3645/1468/26 3652/1463/26 3643/1465/26
f 3646/1470/25 3642/1473/25 3641/1414/25
f 3644/1469/26 3655/1471/26 3654/1472/26
f 3642/1473/25 3646/1470/25 3651/1518/25
f 3625/1456/3 3652/1457/3 3645/1475/3
f 3637/1462/21 3655/1525/21 3644/1476/21
f 3609/1383/21 3620/1412/21 3641/1414/21
f 3610/1392/21 3644/1476/21 3643/1477/21
f 3636/1445/1978 3654/1478/1979 3655/1479/1979
f 3631/1452/3 3653/1451/3 3647/1480/3
f 3623/1482/3 3645/1524/3 3654/1483/3
f 3635/1485/1980 3656/1522/1979 3651/1486/1979
f 3630/1481/1982 3647/1480/1964 3648/1488/1964
f 3605/1491/21 3616/1393/21 3643/1477/21
f 3627/1492/3 3640/1564/3 3666/1493/3
f 3635/1485/1980 3638/1487/1981 3666/1516/1983
f 3628/1519/1984 3664/1440/1957 3657/1442/1971
f 3635/1385/21 3665/1438/21 3660/1400/21
f 3599/1495/21 3657/1417/21 3662/1402/21
f 3659/1399/1767 3661/1403/1767 3619/1405/1767
f 3612/1404/1986 3658/1408/1961 3663/1407/1960
f 3618/1374/1767 3598/1406/1767 3658/1408/1767
f 3609/1383/21 3660/1400/21 3662/1402/21
f 3600/1416/1988 3659/1399/1958 3664/1398/1957
f 3601/1498/21 3634/1565/21 3675/1499/21
f 3636/1484/3 3676/1453/3 3674/1455/3
f 3633/1500/1989 3676/1515/1972 3675/1444/1974
f 3605/1502/1963 3624/1520/1965 3673/1427/1954
f 3604/1394/1767 3667/1396/1767 3672/1390/1767
f 3669/1410/21 3671/1391/21 3616/1393/21
f 3608/1433/1991 3667/1396/1955 3673/1395/1954
f 3613/1504/21 3601/1498/21 3668/1461/21
f 3611/1386/1767 3670/1388/1767 3672/1390/1767
f 3602/1378/1992 3670/1388/1952 3674/1387/1951
f 3698/1374/1898 3680/1416/1898 3708/1375/1994
f 3706/1377/1901 3694/1389/1902 3682/1378/1902
f 3709/1382/3 3718/1380/3 3731/1521/3
f 3689/1383/21 3722/1473/21 3736/1384/21
f 3691/1386/1996 3703/1556/2728 3754/1387/1997
f 3750/1388/3 3682/1378/3 3694/1389/3
f 3751/1391/21 3748/1461/21 3690/1392/21
f 3684/1394/1999 3701/1557/2014 3753/1395/2000
f 3687/1397/2002 3710/1558/2028 3744/1398/2003
f 3740/1400/21 3677/1439/21 3697/1401/21
f 3741/1403/3 3738/1408/3 3692/1404/3
f 3678/1406/2005 3707/1559/2729 3743/1407/2006
f 3683/1409/21 3693/1504/21 3751/1391/21
f 3747/1396/3 3688/1433/3 3695/1411/3
f 3700/1412/21 3686/1506/21 3728/1413/21
f 3701/1415/2008 3684/1394/1902 3694/1389/1902
f 3680/1416/3 3698/1374/3 3741/1403/3
f 3737/1417/21 3686/1506/21 3700/1412/21
f 3685/1507/2009 3730/1419/2010 3729/1420/2010
f 3678/1406/1898 3698/1374/1898 3712/1376/1900
f 3683/1422/25 3701/1508/2008 3706/1423/1901
f 3691/1386/1898 3695/1411/1898 3705/1425/1898
f 3749/1429/2013 3753/1427/2000 3701/1509/2014
f 3677/1430/26 3719/1510/26 3720/1431/26
f 3688/1433/1898 3704/1560/1898 3705/1425/1898
f 3693/1424/25 3706/1423/1901 3702/1511/1995
f 3707/1432/2012 3712/1435/1900 3697/1436/26
f 3692/1404/1902 3709/1512/1902 3711/1437/1902
f 3745/1438/21 3719/1561/21 3677/1439/21
f 3744/1440/2003 3710/1513/2028 3686/1441/2016
f 3711/1437/1902 3710/1562/1902 3687/1397/1902
f 3712/1435/1900 3708/1514/1994 3679/1443/26
f 3756/1515/2018 3716/1445/2024 3717/1446/2019
f 3745/1447/2021 3746/1516/2029 3720/1448/2022
f 3709/1450/3 3726/1523/3 3733/1451/3
f 3756/1453/3 3713/1563/3 3702/1454/3
f 3704/1418/3 3729/1420/3 3732/1457/3
f 3743/1458/3 3746/1493/3 3718/1380/3
f 3681/1434/25 3702/1511/1995 3713/1459/25
f 3748/1461/21 3755/1499/21 3717/1462/21
f 3732/1463/26 3729/1517/26 3730/1464/26
f 3733/1466/25 3721/1414/25 3728/1413/25
f 3725/1468/26 3732/1463/26 3723/1465/26
f 3726/1470/25 3722/1473/25 3721/1414/25
f 3724/1469/26 3735/1471/26 3734/1472/26
f 3722/1473/25 3726/1470/25 3731/1518/25
f 3705/1456/3 3732/1457/3 3725/1475/3
f 3717/1462/21 3735/1525/21 3724/1476/21
f 3700/1412/21 3721/1414/21 3722/1473/21
f 3690/1392/21 3724/1476/21 3723/1477/21
f 3716/1445/2024 3734/1478/2025 3735/1479/2025
f 3711/1452/3 3733/1451/3 3727/1480/3
f 3703/1482/3 3725/1524/3 3734/1483/3
f 3715/1485/2026 3736/1522/2025 3731/1486/2025
f 3710/1481/2028 3727/1480/2010 3728/1488/2010
f 3696/1393/21 3723/1477/21 3730/1490/21
f 3707/1492/3 3720/1564/3 3746/1493/3
f 3715/1485/2026 3718/1487/2027 3746/1516/2029
f 3708/1519/2030 3744/1440/2003 3737/1442/2017
f 3715/1385/21 3745/1438/21 3740/1400/21
f 3679/1495/21 3737/1417/21 3742/1402/21
f 3739/1399/3 3741/1403/3 3699/1405/3
f 3692/1404/2032 3738/1408/2007 3743/1407/2006
f 3698/1374/3 3678/1406/3 3738/1408/3
f 3689/1383/21 3740/1400/21 3742/1402/21
f 3680/1416/2034 3739/1399/2004 3744/1398/2003
f 3681/1498/21 3714/1565/21 3755/1499/21
f 3716/1484/3 3756/1453/3 3754/1455/3
f 3713/1500/2035 3756/1515/2018 3755/1444/2020
f 3685/1502/2009 3704/1520/2011 3753/1427/2000
f 3684/1394/3 3747/1396/3 3752/1390/3
f 3749/1410/21 3751/1391/21 3696/1393/21
f 3688/1433/2037 3747/1396/2001 3753/1395/2000
f 3693/1504/21 3681/1498/21 3748/1461/21
f 3691/1386/3 3750/1388/3 3752/1390/3
f 3682/1378/2038 3750/1388/1998 3754/1387/1997
f 3778/1374/2040 3760/1416/2040 3788/1375/2041
f 3786/1377/1901 3774/1389/2042 3762/1378/2042
f 3798/1380/3 3811/1521/3 3806/1381/3
f 3769/1383/21 3802/1473/21 3816/1384/21
f 3771/1386/2044 3783/1556/2730 3834/1387/2045
f 3830/1388/3 3762/1378/3 3774/1389/3
f 3831/1391/21 3828/1461/21 3770/1392/21
f 3764/1394/2047 3781/1557/2062 3833/1395/2048
f 3767/1397/2050 3790/1558/2076 3824/1398/2051
f 3820/1400/21 3757/1439/21 3777/1401/21
f 3821/1403/3 3818/1408/3 3772/1404/3
f 3758/1406/2053 3787/1559/2731 3823/1407/2054
f 3763/1409/21 3773/1504/21 3831/1391/21
f 3827/1396/3 3768/1433/3 3775/1411/3
f 3766/1506/21 3808/1413/21 3801/1414/21
f 3781/1415/2056 3764/1394/2042 3774/1389/2042
f 3760/1416/3 3778/1374/3 3821/1403/3
f 3817/1417/21 3766/1506/21 3780/1412/21
f 3765/1507/2057 3810/1419/2058 3809/1420/2058
f 3758/1406/2040 3778/1374/2040 3792/1376/1900
f 3763/1422/25 3781/1508/2056 3786/1423/1901
f 3771/1386/2040 3775/1411/2040 3785/1425/2040
f 3829/1429/2061 3833/1427/2048 3781/1509/2062
f 3757/1430/26 3799/1510/26 3800/1431/26
f 3768/1433/2040 3784/1560/1898 3785/1425/2040
f 3773/1424/25 3786/1423/1901 3782/1511/2043
f 3787/1432/2060 3792/1435/1900 3777/1436/26
f 3772/1404/2042 3789/1512/2042 3791/1437/2042
f 3825/1438/21 3799/1561/21 3757/1439/21
f 3824/1440/2051 3790/1513/2076 3766/1441/2064
f 3791/1437/2042 3790/1562/1902 3767/1397/2042
f 3792/1435/1900 3788/1514/2041 3759/1443/26
f 3836/1515/2066 3796/1445/2072 3797/1446/2067
f 3825/1447/2069 3826/1516/2077 3800/1448/2070
f 3789/1450/3 3806/1523/3 3813/1451/3
f 3836/1453/3 3793/1563/3 3782/1454/3
f 3785/1456/3 3784/1418/3 3809/1420/3
f 3823/1458/3 3826/1493/3 3798/1380/3
f 3761/1434/25 3782/1511/2043 3793/1459/25
f 3828/1461/21 3835/1499/21 3797/1462/21
f 3812/1463/26 3809/1517/26 3810/1464/26
f 3813/1466/25 3801/1414/25 3808/1413/25
f 3805/1468/26 3812/1463/26 3803/1465/26
f 3806/1470/25 3802/1473/25 3801/1414/25
f 3804/1469/26 3815/1471/26 3814/1472/26
f 3802/1473/25 3806/1470/25 3811/1518/25
f 3785/1456/3 3812/1457/3 3805/1475/3
f 3770/1392/21 3797/1462/21 3815/1525/21
f 3780/1412/21 3801/1414/21 3802/1473/21
f 3770/1392/21 3804/1476/21 3803/1477/21
f 3796/1445/2072 3814/1478/2073 3815/1479/2073
f 3791/1452/3 3813/1451/3 3807/1480/3
f 3783/1482/3 3805/1524/3 3814/1483/3
f 3795/1485/2074 3816/1522/2073 3811/1486/2073
f 3790/1481/2076 3807/1480/2058 3808/1488/2058
f 3776/1393/21 3803/1477/21 3810/1490/21
f 3787/1492/3 3800/1564/3 3826/1493/3
f 3795/1485/2074 3798/1487/2075 3826/1516/2077
f 3788/1519/2078 3824/1440/2051 3817/1442/2065
f 3795/1385/21 3825/1438/21 3820/1400/21
f 3759/1495/21 3817/1417/21 3822/1402/21
f 3819/1399/3 3821/1403/3 3779/1405/3
f 3772/1404/2080 3818/1408/2055 3823/1407/2054
f 3778/1374/3 3758/1406/3 3818/1408/3
f 3769/1383/21 3820/1400/21 3822/1402/21
f 3760/1416/2082 3819/1399/2052 3824/1398/2051
f 3761/1498/21 3794/1565/21 3835/1499/21
f 3796/1484/3 3836/1453/3 3834/1455/3
f 3793/1500/2083 3836/1515/2066 3835/1444/2068
f 3765/1502/2057 3784/1520/2059 3833/1427/2048
f 3764/1394/3 3827/1396/3 3832/1390/3
f 3829/1410/21 3831/1391/21 3776/1393/21
f 3768/1433/2085 3827/1396/2049 3833/1395/2048
f 3773/1504/21 3761/1498/21 3828/1461/21
f 3771/1386/3 3830/1388/3 3832/1390/3
f 3762/1378/2086 3830/1388/2046 3834/1387/2045
f 3858/1374/2040 3840/1416/2040 3868/1375/2088
f 3866/1377/1901 3854/1389/2042 3842/1378/2042
f 3878/1380/3 3891/1521/3 3886/1381/3
f 3849/1383/21 3882/1473/21 3896/1384/21
f 3851/1386/2090 3863/1556/2732 3914/1387/2091
f 3910/1388/3 3842/1378/3 3854/1389/3
f 3911/1391/21 3908/1461/21 3850/1392/21
f 3844/1394/2093 3861/1557/2108 3913/1395/2094
f 3847/1397/2096 3870/1558/2121 3904/1398/2097
f 3900/1400/21 3837/1439/21 3857/1401/21
f 3901/1403/3 3898/1408/3 3852/1404/3
f 3838/1406/2099 3867/1559/2733 3903/1407/2100
f 3843/1409/21 3853/1504/21 3911/1391/21
f 3907/1396/3 3848/1433/3 3855/1411/3
f 3846/1506/21 3888/1413/21 3881/1414/21
f 3861/1415/2102 3844/1394/2042 3854/1389/2042
f 3840/1416/3 3858/1374/3 3901/1403/3
f 3897/1417/21 3846/1506/21 3860/1412/21
f 3845/1507/2103 3890/1419/2104 3889/1420/2104
f 3838/1406/2040 3858/1374/2040 3872/1376/1900
f 3843/1422/25 3861/1508/2102 3866/1423/1901
f 3851/1386/2040 3855/1411/2040 3865/1425/2040
f 3909/1429/2107 3913/1427/2094 3861/1509/2108
f 3867/1432/2106 3837/1430/26 3879/1510/26
f 3848/1433/2040 3864/1560/2040 3865/1425/2040
f 3853/1424/25 3866/1423/1901 3862/1511/2089
f 3867/1432/2106 3872/1435/1900 3857/1436/26
f 3852/1404/2042 3869/1512/2042 3871/1437/2042
f 3905/1438/21 3879/1561/21 3837/1439/21
f 3904/1440/2097 3870/1513/2121 3846/1441/2110
f 3871/1437/2042 3870/1562/2042 3847/1397/2042
f 3872/1435/1900 3868/1514/2088 3839/1443/26
f 3915/1444/2112 3916/1515/2128 3876/1445/2113
f 3906/1516/2115 3880/1448/2734 3879/1449/2116
f 3871/1452/3 3869/1450/3 3886/1523/3
f 3916/1453/3 3873/1563/3 3862/1454/3
f 3864/1418/3 3889/1420/3 3892/1457/3
f 3903/1458/3 3906/1493/3 3878/1380/3
f 3862/1511/2089 3873/1459/25 3874/1460/25
f 3908/1461/21 3915/1499/21 3877/1462/21
f 3892/1463/26 3889/1517/26 3890/1464/26
f 3893/1466/25 3881/1414/25 3888/1413/25
f 3885/1468/26 3892/1463/26 3883/1465/26
f 3886/1470/25 3882/1473/25 3881/1414/25
f 3884/1469/26 3895/1471/26 3894/1472/26
f 3882/1473/25 3886/1470/25 3891/1518/25
f 3865/1456/3 3892/1457/3 3885/1475/3
f 3877/1462/21 3895/1525/21 3884/1476/21
f 3860/1412/21 3881/1414/21 3882/1473/21
f 3856/1393/21 3850/1392/21 3884/1476/21
f 3876/1445/2113 3894/1478/2118 3895/1479/2118
f 3870/1481/3 3871/1452/3 3893/1451/3
f 3876/1484/3 3863/1482/3 3885/1524/3
f 3875/1485/2119 3896/1522/2118 3891/1486/2118
f 3870/1481/2121 3887/1480/2104 3888/1488/2104
f 3856/1393/21 3883/1477/21 3890/1490/21
f 3867/1492/3 3880/1564/3 3906/1493/3
f 3878/1487/2120 3906/1516/2115 3905/1447/2117
f 3868/1519/2122 3904/1440/2097 3897/1442/2111
f 3875/1385/21 3905/1438/21 3900/1400/21
f 3839/1495/21 3897/1417/21 3902/1402/21
f 3899/1399/3 3901/1403/3 3859/1405/3
f 3852/1404/2124 3898/1408/2101 3903/1407/2100
f 3858/1374/3 3838/1406/3 3898/1408/3
f 3849/1383/21 3900/1400/21 3902/1402/21
f 3840/1416/2126 3899/1399/2098 3904/1398/2097
f 3841/1498/21 3874/1565/21 3915/1499/21
f 3876/1484/3 3916/1453/3 3914/1455/3
f 3874/1501/2127 3873/1500/2735 3916/1515/2128
f 3845/1502/2103 3864/1520/2105 3913/1427/2094
f 3844/1394/3 3907/1396/3 3912/1390/3
f 3909/1410/21 3911/1391/21 3856/1393/21
f 3848/1433/2129 3907/1396/2095 3913/1395/2094
f 3853/1504/21 3841/1498/21 3908/1461/21
f 3851/1386/3 3910/1388/3 3912/1390/3
f 3842/1378/2130 3910/1388/2092 3914/1387/2091
f 3952/1376/1900 3938/1374/2040 3920/1416/2040
f 3946/1377/1901 3934/1389/2042 3922/1378/2042
f 3958/1380/3 3971/1521/3 3966/1381/3
f 3929/1383/21 3962/1473/21 3976/1384/21
f 3931/1386/2134 3943/1556/2736 3994/1387/2135
f 3990/1388/3 3922/1378/3 3934/1389/3
f 3991/1391/21 3988/1461/21 3930/1392/21
f 3924/1394/2137 3941/1557/2737 3993/1395/2138
f 3927/1397/2140 3950/1558/2154 3984/1398/2141
f 3980/1400/21 3917/1439/21 3937/1401/21
f 3981/1403/3 3978/1408/3 3932/1404/3
f 3918/1406/2143 3947/1559/2738 3983/1407/2144
f 3923/1409/21 3933/1504/21 3991/1391/21
f 3987/1396/3 3928/1433/3 3935/1411/3
f 3926/1506/21 3968/1413/21 3961/1414/21
f 3924/1394/2042 3934/1389/2042 3946/1377/1901
f 3920/1416/3 3938/1374/3 3981/1403/3
f 3977/1417/21 3926/1506/21 3940/1412/21
f 3925/1507/2147 3970/1419/2148 3969/1420/2148
f 3918/1406/2040 3938/1374/2040 3952/1376/1900
f 3941/1508/2146 3946/1423/1901 3933/1424/25
f 3935/1411/2040 3945/1425/2040 3943/1426/2040
f 3993/1427/2138 3941/1509/2737 3923/1428/2151
f 3947/1432/2150 3917/1430/26 3959/1510/26
f 3928/1433/2040 3944/1560/2040 3945/1425/2040
f 3946/1423/1901 3942/1511/2133 3921/1434/25
f 3917/1430/26 3947/1432/2150 3952/1435/1900
f 3949/1512/2042 3951/1437/2042 3939/1405/2042
f 3985/1438/21 3959/1561/21 3917/1439/21
f 3977/1442/2153 3984/1440/2141 3950/1513/2154
f 3951/1437/2042 3950/1562/2042 3927/1397/2042
f 3937/1436/26 3952/1435/1900 3948/1514/2132
f 3995/1444/2156 3996/1515/2171 3956/1445/2157
f 3986/1516/2159 3960/1448/2739 3959/1449/2160
f 3949/1450/3 3966/1523/3 3973/1451/3
f 3996/1453/3 3953/1563/3 3942/1454/3
f 3944/1418/3 3969/1420/3 3972/1457/3
f 3983/1458/3 3986/1493/3 3958/1380/3
f 3942/1511/2133 3953/1459/25 3954/1460/25
f 3988/1461/21 3995/1499/21 3957/1462/21
f 3969/1517/26 3970/1464/26 3963/1465/26
f 3961/1414/25 3968/1413/25 3967/1467/25
f 3972/1463/26 3963/1465/26 3964/1469/26
f 3962/1473/25 3961/1414/25 3973/1466/25
f 3965/1468/26 3964/1469/26 3975/1471/26
f 3966/1470/25 3971/1518/25 3976/1384/25
f 3945/1456/3 3972/1457/3 3965/1475/3
f 3957/1462/21 3975/1525/21 3964/1476/21
f 3929/1383/21 3940/1412/21 3961/1414/21
f 3930/1392/21 3964/1476/21 3963/1477/21
f 3956/1445/2157 3974/1478/2162 3975/1479/2162
f 3951/1452/3 3973/1451/3 3967/1480/3
f 3943/1482/3 3965/1524/3 3974/1483/3
f 3955/1485/2163 3976/1522/2162 3971/1486/2162
f 3950/1481/2154 3967/1480/2148 3968/1488/2148
f 3925/1491/21 3936/1393/21 3963/1477/21
f 3947/1492/3 3960/1564/3 3986/1493/3
f 3958/1487/2164 3986/1516/2159 3985/1447/2161
f 3919/1494/2165 3948/1519/2169 3984/1440/2141
f 3955/1385/21 3985/1438/21 3980/1400/21
f 3919/1495/21 3977/1417/21 3982/1402/21
f 3979/1399/3 3981/1403/3 3939/1405/3
f 3932/1404/2166 3978/1408/2145 3983/1407/2144
f 3938/1374/3 3918/1406/3 3978/1408/3
f 3929/1383/21 3980/1400/21 3982/1402/21
f 3920/1416/2168 3979/1399/2142 3984/1398/2141
f 3921/1498/21 3954/1565/21 3995/1499/21
f 3956/1484/3 3996/1453/3 3994/1455/3
f 3954/1501/2170 3953/1500/2740 3996/1515/2171
f 3944/1520/2149 3993/1427/2138 3989/1429/2152
f 3924/1394/3 3987/1396/3 3992/1390/3
f 3989/1410/21 3991/1391/21 3936/1393/21
f 3928/1433/2172 3987/1396/2139 3993/1395/2138
f 3933/1504/21 3921/1498/21 3988/1461/21
f 3931/1386/3 3990/1388/3 3992/1390/3
f 3922/1378/2173 3990/1388/2136 3994/1387/2135
f 4032/1376/1900 4018/1374/2040 4000/1416/2040
f 4026/1377/1901 4014/1389/2042 4002/1378/1902
f 4038/1380/3 4051/1521/3 4046/1381/3
f 4009/1383/21 4042/1473/21 4056/1384/21
f 4011/1386/2177 4023/1556/2741 4074/1387/2178
f 4070/1388/3 4002/1378/3 4014/1389/3
f 4071/1391/21 4068/1461/21 4010/1392/21
f 4004/1394/2180 4021/1557/2742 4073/1395/2181
f 4007/1397/2183 4030/1558/2197 4064/1398/2184
f 4060/1400/21 3997/1439/21 4017/1401/21
f 4061/1403/3 4058/1408/3 4012/1404/3
f 3998/1406/2186 4027/1559/2743 4063/1407/2187
f 4003/1409/21 4013/1504/21 4071/1391/21
f 4067/1396/3 4008/1433/3 4015/1411/3
f 4006/1506/21 4048/1413/21 4041/1414/21
f 4004/1394/2042 4014/1389/2042 4026/1377/1901
f 4000/1416/3 4018/1374/3 4061/1403/3
f 4057/1417/21 4006/1506/21 4020/1412/21
f 4005/1507/2190 4050/1419/2191 4049/1420/2191
f 3998/1406/1898 4018/1374/2040 4032/1376/1900
f 4021/1508/2189 4026/1423/1901 4013/1424/25
f 4015/1411/2040 4025/1425/2040 4023/1426/2040
f 4073/1427/2181 4021/1509/2742 4003/1428/2194
f 4027/1432/2193 3997/1430/26 4039/1510/26
f 4008/1433/2040 4024/1560/2040 4025/1425/2040
f 4026/1423/1901 4022/1511/2176 4001/1434/25
f 3997/1430/26 4027/1432/2193 4032/1435/1900
f 4029/1512/2042 4031/1437/2042 4019/1405/2042
f 4065/1438/21 4039/1561/21 3997/1439/21
f 4057/1442/2196 4064/1440/2184 4030/1513/2197
f 4031/1437/2042 4030/1562/2042 4007/1397/2042
f 4017/1436/26 4032/1435/1900 4028/1514/2175
f 4075/1444/2199 4076/1515/2214 4036/1445/2200
f 4066/1516/2202 4040/1448/2744 4039/1449/2203
f 4029/1450/3 4046/1523/3 4053/1451/3
f 4076/1453/3 4033/1563/3 4022/1454/3
f 4024/1418/3 4049/1420/3 4052/1457/3
f 4063/1458/3 4066/1493/3 4038/1380/3
f 4022/1511/2176 4033/1459/25 4034/1460/25
f 4068/1461/21 4075/1499/21 4037/1462/21
f 4049/1517/26 4050/1464/26 4043/1465/26
f 4041/1414/25 4048/1413/25 4047/1467/25
f 4052/1463/26 4043/1465/26 4044/1469/26
f 4042/1473/25 4041/1414/25 4053/1466/25
f 4045/1468/26 4044/1469/26 4055/1471/26
f 4046/1470/25 4051/1518/25 4056/1384/25
f 4023/1474/3 4025/1456/3 4052/1457/3
f 4037/1462/21 4055/1525/21 4044/1476/21
f 4020/1412/21 4041/1414/21 4042/1473/21
f 4010/1392/21 4044/1476/21 4043/1477/21
f 4036/1445/2200 4054/1478/2205 4055/1479/2205
f 4031/1452/3 4053/1451/3 4047/1480/3
f 4036/1484/3 4023/1482/3 4045/1524/3
f 4035/1485/2206 4056/1522/2205 4051/1486/2205
f 4030/1481/2197 4047/1480/2191 4048/1488/2191
f 4016/1393/21 4043/1477/21 4050/1490/21
f 4027/1492/3 4040/1564/3 4066/1493/3
f 4038/1487/2207 4066/1516/2202 4065/1447/2204
f 3999/1494/2208 4028/1519/2212 4064/1440/2184
f 4035/1385/21 4065/1438/21 4060/1400/21
f 3999/1495/21 4057/1417/21 4062/1402/21
f 4059/1399/3 4061/1403/3 4019/1405/3
f 4012/1404/2209 4058/1408/2188 4063/1407/2187
f 4018/1374/3 3998/1406/3 4058/1408/3
f 4009/1383/21 4060/1400/21 4062/1402/21
f 4000/1416/2211 4059/1399/2185 4064/1398/2184
f 4001/1498/21 4034/1565/21 4075/1499/21
f 4036/1484/3 4076/1453/3 4074/1455/3
f 4034/1501/2213 4033/1500/2745 4076/1515/2214
f 4024/1520/2192 4073/1427/2181 4069/1429/2195
f 4004/1394/3 4067/1396/3 4072/1390/3
f 4069/1410/21 4071/1391/21 4016/1393/21
f 4008/1433/2215 4067/1396/2182 4073/1395/2181
f 4013/1504/21 4001/1498/21 4068/1461/21
f 4011/1386/3 4070/1388/3 4072/1390/3
f 4002/1378/2216 4070/1388/2179 4074/1387/2178
f 4112/1376/1900 4098/1374/1898 4080/1416/1898
f 4106/1377/1901 4094/1389/1902 4082/1378/1902
f 4118/1380/3 4131/1521/3 4126/1381/3
f 4089/1383/21 4122/1473/21 4136/1384/21
f 4091/1386/2220 4103/1556/2746 4154/1387/2221
f 4150/1388/3 4082/1378/3 4094/1389/3
f 4151/1391/21 4148/1461/21 4090/1392/21
f 4084/1394/2223 4101/1557/2747 4153/1395/2224
f 4087/1397/2226 4110/1558/2240 4144/1398/2227
f 4140/1400/21 4077/1439/21 4097/1401/21
f 4141/1403/3 4138/1408/3 4092/1404/3
f 4078/1406/2229 4107/1559/2748 4143/1407/2230
f 4083/1409/21 4093/1504/21 4151/1391/21
f 4147/1396/3 4088/1433/3 4095/1411/3
f 4100/1412/21 4086/1506/21 4128/1413/21
f 4084/1394/1902 4094/1389/1902 4106/1377/1901
f 4080/1416/3 4098/1374/3 4141/1403/3
f 4137/1417/21 4086/1506/21 4100/1412/21
f 4085/1507/2233 4130/1419/2234 4129/1420/2234
f 4078/1406/1898 4098/1374/1898 4112/1376/1900
f 4101/1508/2232 4106/1423/1901 4093/1424/25
f 4095/1411/1898 4105/1425/1898 4103/1426/1898
f 4153/1427/2224 4101/1509/2747 4083/1428/2237
f 4107/1432/2236 4077/1430/26 4119/1510/26
f 4088/1433/1898 4104/1560/1898 4105/1425/1898
f 4106/1423/1901 4102/1511/2219 4081/1434/25
f 4077/1430/26 4107/1432/2236 4112/1435/1900
f 4109/1512/1902 4111/1437/1902 4099/1405/1902
f 4145/1438/21 4119/1561/21 4077/1439/21
f 4137/1442/2239 4144/1440/2227 4110/1513/2240
f 4111/1437/1902 4110/1562/1902 4087/1397/1902
f 4097/1436/26 4112/1435/1900 4108/1514/2218
f 4155/1444/2242 4156/1515/2257 4116/1445/2243
f 4146/1516/2245 4120/1448/2749 4119/1449/2246
f 4109/1450/3 4126/1523/3 4133/1451/3
f 4156/1453/3 4113/1563/3 4102/1454/3
f 4104/1418/3 4129/1420/3 4132/1457/3
f 4143/1458/3 4146/1493/3 4118/1380/3
f 4102/1511/2219 4113/1459/25 4114/1460/25
f 4148/1461/21 4155/1499/21 4117/1462/21
f 4129/1517/26 4130/1464/26 4123/1465/26
f 4121/1414/25 4128/1413/25 4127/1467/25
f 4132/1463/26 4123/1465/26 4124/1469/26
f 4122/1473/25 4121/1414/25 4133/1466/25
f 4125/1468/26 4124/1469/26 4135/1471/26
f 4126/1470/25 4131/1518/25 4136/1384/25
f 4105/1456/3 4132/1457/3 4125/1475/3
f 4117/1462/21 4135/1525/21 4124/1476/21
f 4100/1412/21 4121/1414/21 4122/1473/21
f 4090/1392/21 4124/1476/21 4123/1477/21
f 4116/1445/2243 4134/1478/2248 4135/1479/2248
f 4111/1452/3 4133/1451/3 4127/1480/3
f 4103/1482/3 4125/1524/3 4134/1483/3
f 4115/1485/2249 4136/1522/2248 4131/1486/2248
f 4110/1481/2240 4127/1480/2234 4128/1488/2234
f 4096/1393/21 4123/1477/21 4130/1490/21
f 4107/1492/3 4120/1564/3 4146/1493/3
f 4118/1487/2250 4146/1516/2245 4145/1447/2247
f 4079/1494/2251 4108/1519/2255 4144/1440/2227
f 4115/1385/21 4145/1438/21 4140/1400/21
f 4079/1495/21 4137/1417/21 4142/1402/21
f 4139/1399/3 4141/1403/3 4099/1405/3
f 4092/1404/2252 4138/1408/2231 4143/1407/2230
f 4098/1374/3 4078/1406/2266 4138/1408/3
f 4089/1383/21 4140/1400/21 4142/1402/21
f 4080/1416/2254 4139/1399/2228 4144/1398/2227
f 4081/1498/21 4114/1565/21 4155/1499/21
f 4116/1484/3 4156/1453/3 4154/1455/3
f 4114/1501/2256 4113/1500/2750 4156/1515/2257
f 4104/1520/2235 4153/1427/2224 4149/1429/2238
f 4084/1394/3 4147/1396/3 4152/1390/3
f 4149/1410/21 4151/1391/21 4096/1393/21
f 4088/1433/2258 4147/1396/2225 4153/1395/2224
f 4093/1504/21 4081/1498/21 4148/1461/21
f 4091/1386/3 4150/1388/3 4152/1390/3
f 4082/1378/2259 4150/1388/2222 4154/1387/2221
f 4192/1376/1900 4178/1374/1898 4160/1416/1898
f 4186/1377/1901 4174/1389/1902 4162/1378/1902
f 4198/1380/3 4211/1521/3 4206/1381/3
f 4169/1383/21 4202/1473/21 4216/1384/21
f 4171/1386/2263 4183/1556/2751 4234/1387/2264
f 4230/1388/2266 4162/1378/2266 4174/1389/2266
f 4231/1391/21 4228/1461/21 4170/1392/21
f 4164/1394/2267 4181/1557/2752 4233/1395/2268
f 4167/1397/2270 4190/1558/2284 4224/1398/2271
f 4220/1400/21 4157/1439/21 4177/1401/21
f 4221/1403/2266 4218/1408/2266 4172/1404/2266
f 4158/1406/2273 4187/1559/2753 4223/1407/2274
f 4163/1409/21 4173/1504/21 4231/1391/21
f 4227/1396/2266 4168/1433/2266 4175/1411/2266
f 4166/1506/21 4208/1413/21 4201/1414/21
f 4164/1394/1902 4174/1389/1902 4186/1377/1901
f 4160/1416/2266 4178/1374/2266 4221/1403/2266
f 4217/1417/21 4166/1506/21 4180/1412/21
f 4165/1507/2277 4210/1419/2278 4209/1420/2278
f 4158/1406/1898 4178/1374/1898 4192/1376/1900
f 4181/1508/2276 4186/1423/1901 4173/1424/25
f 4175/1411/1898 4185/1425/1898 4183/1426/1898
f 4233/1427/2268 4181/1509/2752 4163/1428/2281
f 4187/1432/2280 4157/1430/26 4199/1510/26
f 4168/1433/1898 4184/1560/1898 4185/1425/1898
f 4186/1423/1901 4182/1511/2262 4161/1434/25
f 4157/1430/26 4187/1432/2280 4192/1435/1900
f 4189/1512/1902 4191/1437/1902 4179/1405/1902
f 4225/1438/21 4199/1561/21 4157/1439/21
f 4217/1442/2283 4224/1440/2271 4190/1513/2284
f 4191/1437/1902 4190/1562/1902 4167/1397/1902
f 4177/1436/26 4192/1435/1900 4188/1514/2261
f 4235/1444/2286 4236/1515/2301 4196/1445/2287
f 4226/1516/2289 4200/1448/2754 4199/1449/2290
f 4189/1450/3 4206/1523/3 4213/1451/3
f 4236/1453/3 4193/1563/3 4182/1454/3
f 4184/1418/3 4209/1420/3 4212/1457/3
f 4223/1458/3 4226/1493/3 4198/1380/3
f 4182/1511/2262 4193/1459/25 4194/1460/25
f 4228/1461/21 4235/1499/21 4197/1462/21
f 4209/1517/26 4210/1464/26 4203/1465/26
f 4201/1414/25 4208/1413/25 4207/1467/25
f 4212/1463/26 4203/1465/26 4204/1469/26
f 4202/1473/25 4201/1414/25 4213/1466/25
f 4205/1468/26 4204/1469/26 4215/1471/26
f 4206/1470/25 4211/1518/25 4216/1384/25
f 4185/1456/3 4212/1457/3 4205/1475/3
f 4170/1392/21 4197/1462/21 4215/1525/21
f 4180/1412/21 4201/1414/21 4202/1473/21
f 4170/1392/21 4204/1476/21 4203/1477/21
f 4196/1445/2287 4214/1478/2292 4215/1479/2292
f 4190/1481/3 4191/1452/3 4213/1451/3
f 4183/1482/3 4205/1524/3 4214/1483/3
f 4195/1485/2293 4216/1522/2292 4211/1486/2292
f 4190/1481/2284 4207/1480/2278 4208/1488/2278
f 4176/1393/21 4203/1477/21 4210/1490/21
f 4187/1492/3 4200/1564/3 4226/1493/3
f 4198/1487/2294 4226/1516/2289 4225/1447/2291
f 4159/1494/2295 4188/1519/2299 4224/1440/2271
f 4195/1385/21 4225/1438/21 4220/1400/21
f 4159/1495/21 4217/1417/21 4222/1402/21
f 4219/1399/2266 4221/1403/2266 4179/1405/2266
f 4172/1404/2296 4218/1408/2275 4223/1407/2274
f 4178/1374/2266 4158/1406/2266 4218/1408/2266
f 4169/1383/21 4220/1400/21 4222/1402/21
f 4160/1416/2298 4219/1399/2272 4224/1398/2271
f 4161/1498/21 4194/1565/21 4235/1499/21
f 4196/1484/3 4236/1453/3 4234/1455/3
f 4194/1501/2300 4193/1500/2755 4236/1515/2301
f 4184/1520/2279 4233/1427/2268 4229/1429/2282
f 4164/1394/2266 4227/1396/2266 4232/1390/2266
f 4229/1410/21 4231/1391/21 4176/1393/21
f 4168/1433/2302 4227/1396/2269 4233/1395/2268
f 4173/1504/21 4161/1498/21 4228/1461/21
f 4171/1386/2266 4230/1388/2266 4232/1390/2266
f 4162/1378/2303 4230/1388/2265 4234/1387/2264
f 4272/1376/1851 4258/1374/1801 4240/1416/1898
f 4266/1377/1852 4254/1389/1759 4242/1378/1759
f 4278/1380/3 4291/1521/3 4286/1381/3
f 4275/1385/21 4249/1383/21 4282/1473/21
f 4251/1386/2307 4263/1556/2756 4314/1387/2308
f 4310/1388/2266 4242/1378/2266 4254/1389/2266
f 4311/1391/21 4308/1461/21 4250/1392/21
f 4244/1394/2310 4261/1557/2757 4313/1395/2311
f 4247/1397/2313 4270/1558/2327 4304/1398/2314
f 4300/1400/21 4237/1439/21 4257/1401/21
f 4301/1403/2266 4298/1408/2266 4252/1404/2266
f 4238/1406/2316 4267/1559/2758 4303/1407/2317
f 4243/1409/21 4253/1504/21 4311/1391/21
f 4307/1396/2266 4248/1433/2266 4255/1411/2266
f 4246/1506/21 4288/1413/21 4281/1414/21
f 4244/1394/1902 4254/1389/1759 4266/1377/1852
f 4240/1416/2266 4258/1374/2266 4301/1403/2266
f 4297/1417/21 4246/1506/21 4260/1412/21
f 4245/1507/2320 4290/1419/2321 4289/1420/2321
f 4238/1406/1801 4258/1374/1801 4272/1376/1851
f 4261/1508/2319 4266/1423/1852 4253/1424/25
f 4255/1411/1898 4265/1425/1898 4263/1426/1898
f 4313/1427/2311 4261/1509/2757 4243/1428/2324
f 4267/1432/2323 4237/1430/26 4279/1510/26
f 4248/1433/1898 4264/1560/1898 4265/1425/1898
f 4266/1423/1852 4262/1511/2306 4241/1434/25
f 4237/1430/26 4267/1432/2323 4272/1435/1851
f 4269/1512/1902 4271/1437/1902 4259/1405/1902
f 4305/1438/21 4279/1561/21 4237/1439/21
f 4297/1442/2326 4304/1440/2314 4270/1513/2327
f 4271/1437/1902 4270/1562/1902 4247/1397/1902
f 4257/1436/26 4272/1435/1851 4268/1514/2305
f 4315/1444/2329 4316/1515/2344 4276/1445/2330
f 4306/1516/2332 4280/1448/2759 4279/1449/2333
f 4269/1450/3 4286/1523/3 4293/1451/3
f 4316/1453/3 4273/1563/3 4262/1454/3
f 4264/1418/3 4289/1420/3 4292/1457/3
f 4303/1458/3 4306/1493/3 4278/1380/3
f 4262/1511/2306 4273/1459/25 4274/1460/25
f 4308/1461/21 4315/1499/21 4277/1462/21
f 4289/1517/26 4290/1464/26 4283/1465/26
f 4281/1414/25 4288/1413/25 4287/1467/25
f 4292/1463/26 4283/1465/26 4284/1469/26
f 4282/1473/25 4281/1414/25 4293/1466/25
f 4285/1468/26 4284/1469/26 4295/1471/26
f 4286/1470/25 4291/1518/25 4296/1384/25
f 4265/1456/3 4292/1457/3 4285/1475/3
f 4277/1462/21 4295/1525/21 4284/1476/21
f 4260/1412/21 4281/1414/21 4282/1473/21
f 4250/1392/21 4284/1476/21 4283/1477/21
f 4277/1446/2331 4276/1445/2330 4294/1478/2335
f 4271/1452/3 4293/1451/3 4287/1480/3
f 4263/1482/3 4285/1524/3 4294/1483/3
f 4275/1485/2336 4296/1522/2335 4291/1486/2335
f 4270/1481/2327 4287/1480/2321 4288/1488/2321
f 4245/1491/21 4256/1393/21 4283/1477/21
f 4267/1492/3 4280/1564/3 4306/1493/3
f 4278/1487/2337 4306/1516/2332 4305/1447/2334
f 4239/1494/2338 4268/1519/2342 4304/1440/2314
f 4275/1385/21 4305/1438/21 4300/1400/21
f 4239/1495/21 4297/1417/21 4302/1402/21
f 4299/1399/2266 4301/1403/2266 4259/1405/2266
f 4252/1404/2339 4298/1408/2318 4303/1407/2317
f 4258/1374/2266 4238/1406/2266 4298/1408/2266
f 4249/1383/21 4300/1400/21 4302/1402/21
f 4240/1416/2341 4299/1399/2315 4304/1398/2314
f 4241/1498/21 4274/1565/21 4315/1499/21
f 4276/1484/3 4316/1453/3 4314/1455/3
f 4274/1501/2343 4273/1500/2760 4316/1515/2344
f 4264/1520/2322 4313/1427/2311 4309/1429/2325
f 4244/1394/2266 4307/1396/2266 4312/1390/2266
f 4309/1410/21 4311/1391/21 4256/1393/21
f 4248/1433/2345 4307/1396/2312 4313/1395/2311
f 4253/1504/21 4241/1498/21 4308/1461/21
f 4251/1386/2266 4310/1388/2266 4312/1390/2266
f 4242/1378/2346 4310/1388/2309 4314/1387/2308
f 4352/1376/1851 4338/1374/1801 4320/1416/1801
f 4346/1377/1852 4334/1389/1759 4322/1378/1759
f 4358/1380/3 4371/1521/3 4366/1381/3
f 4329/1383/21 4362/1473/21 4376/1384/21
f 4331/1386/2350 4343/1556/2761 4394/1387/2351
f 4390/1388/2266 4322/1378/2266 4334/1389/2266
f 4391/1391/21 4388/1461/21 4330/1392/21
f 4324/1394/2353 4341/1557/2762 4393/1395/2354
f 4327/1397/2356 4350/1558/2369 4384/1398/2357
f 4380/1400/21 4317/1439/21 4337/1401/21
f 4381/1403/2266 4378/1408/2266 4332/1404/2266
f 4318/1406/2359 4347/1559/2763 4383/1407/2360
f 4323/1409/21 4333/1504/21 4391/1391/21
f 4387/1396/2266 4328/1433/2266 4335/1411/2266
f 4326/1506/21 4368/1413/21 4361/1414/21
f 4324/1394/1759 4334/1389/1759 4346/1377/1852
f 4320/1416/2266 4338/1374/2266 4381/1403/2266
f 4377/1417/21 4326/1506/21 4340/1412/21
f 4344/1418/2363 4325/1507/2387 4370/1419/2364
f 4318/1406/1801 4338/1374/1801 4352/1376/1851
f 4341/1508/2362 4346/1423/1852 4333/1424/25
f 4335/1411/1801 4345/1425/1801 4343/1426/1801
f 4393/1427/2354 4341/1509/2762 4323/1428/2366
f 4347/1432/2365 4317/1430/26 4359/1510/26
f 4328/1433/1801 4344/1560/1801 4345/1425/1801
f 4346/1423/1852 4342/1511/2349 4321/1434/25
f 4317/1430/26 4347/1432/2365 4352/1435/1851
f 4349/1512/1759 4351/1437/1759 4339/1405/1759
f 4385/1438/21 4359/1561/21 4317/1439/21
f 4377/1442/2368 4384/1440/2357 4350/1513/2369
f 4351/1437/1759 4350/1562/1759 4327/1397/1759
f 4337/1436/26 4352/1435/1851 4348/1514/2348
f 4395/1444/2371 4396/1515/2386 4356/1445/2372
f 4386/1516/2374 4360/1448/2764 4359/1449/2375
f 4351/1452/3 4349/1450/3 4366/1523/3
f 4396/1453/3 4353/1563/3 4342/1454/3
f 4344/1418/3 4369/1420/3 4372/1457/3
f 4383/1458/3 4386/1493/3 4358/1380/3
f 4342/1511/2349 4353/1459/25 4354/1460/25
f 4388/1461/21 4395/1499/21 4357/1462/21
f 4369/1517/26 4370/1464/26 4363/1465/26
f 4361/1414/25 4368/1413/25 4367/1467/25
f 4372/1463/26 4363/1465/26 4364/1469/26
f 4362/1473/25 4361/1414/25 4373/1466/25
f 4365/1468/26 4364/1469/26 4375/1471/26
f 4366/1470/25 4371/1518/25 4376/1384/25
f 4345/1456/3 4372/1457/3 4365/1475/3
f 4357/1462/21 4375/1525/21 4364/1476/21
f 4329/1383/21 4340/1412/21 4361/1414/21
f 4330/1392/21 4364/1476/21 4363/1477/21
f 4356/1445/2372 4374/1478/2377 4375/1479/2377
f 4350/1481/3 4351/1452/3 4373/1451/3
f 4343/1482/3 4365/1524/3 4374/1483/3
f 4355/1485/2378 4376/1522/2377 4371/1486/2377
f 4350/1481/2369 4367/1480/2364 4368/1488/2364
f 4336/1393/21 4363/1477/21 4370/1490/21
f 4347/1492/3 4360/1564/3 4386/1493/3
f 4358/1487/2379 4386/1516/2374 4385/1447/2376
f 4319/1494/2380 4348/1519/2384 4384/1440/2357
f 4355/1385/21 4385/1438/21 4380/1400/21
f 4319/1495/21 4377/1417/21 4382/1402/21
f 4379/1399/2266 4381/1403/2266 4339/1405/2266
f 4332/1404/2381 4378/1408/2361 4383/1407/2360
f 4338/1374/2266 4318/1406/2266 4378/1408/2266
f 4329/1383/21 4380/1400/21 4382/1402/21
f 4320/1416/2383 4379/1399/2358 4384/1398/2357
f 4321/1498/21 4354/1565/21 4395/1499/21
f 4356/1484/3 4396/1453/3 4394/1455/3
f 4354/1501/2385 4353/1500/2765 4396/1515/2386
f 4344/1520/2363 4393/1427/2354 4389/1429/2367
f 4324/1394/2266 4387/1396/2266 4392/1390/2266
f 4389/1410/21 4391/1391/21 4336/1393/21
f 4328/1433/2388 4387/1396/2355 4393/1395/2354
f 4333/1504/21 4321/1498/21 4388/1461/21
f 4331/1386/2266 4390/1388/2266 4392/1390/2266
f 4322/1378/2389 4390/1388/2352 4394/1387/2351
f 4432/1376/2391 4418/1374/2766 4400/1416/2392
f 4426/1377/2394 4414/1389/2767 4402/1378/2395
f 4438/1380/2397 4451/1521/2475 4446/1381/2398
f 4409/1383/2400 4442/1473/2472 4456/1384/2401
f 4411/1386/2403 4423/1556/2768 4474/1387/2404
f 4470/1388/2406 4402/1378/2769 4414/1389/2407
f 4471/1391/2409 4468/1461/2469 4410/1392/2410
f 4404/1394/2412 4421/1557/2770 4473/1395/2413
f 4407/1397/2415 4430/1558/2455 4464/1398/2416
f 4460/1400/2418 4397/1439/2453 4417/1401/2419
f 4461/1403/2421 4458/1408/2486 4412/1404/2422
f 4398/1406/2424 4427/1559/2771 4463/1407/2425
f 4403/1409/2427 4413/1504/2494 4471/1391/2409
f 4467/1396/2429 4408/1433/2266 4415/1411/2430
f 4420/1412/2431 4406/1506/21 4448/1413/21
f 4404/1394/2433 4414/1389/2767 4426/1377/2394
f 4400/1416/2435 4418/1374/2485 4461/1403/2421
f 4457/1417/2437 4406/1506/21 4420/1412/2431
f 4405/1507/2438 4450/1419/2439 4449/1420/2439
f 4398/1406/2441 4418/1374/2766 4432/1376/2391
f 4421/1508/2434 4426/1423/2394 4413/1424/25
f 4415/1411/2443 4425/1425/2448 4423/1426/2444
f 4473/1427/2413 4421/1509/2770 4403/1428/2446
f 4427/1432/2442 4397/1430/26 4439/1510/26
f 4408/1433/1801 4424/1560/1801 4425/1425/2448
f 4413/1424/25 4426/1423/2394 4422/1511/2396
f 4427/1432/2442 4432/1435/2391 4417/1436/26
f 4429/1512/2449 4431/1437/2457 4419/1405/2450
f 4465/1438/2452 4439/1561/2772 4397/1439/2453
f 4457/1442/2454 4464/1440/2416 4430/1513/2455
f 4431/1437/2457 4430/1562/1759 4407/1397/1759
f 4417/1436/26 4432/1435/2391 4428/1514/2393
f 4476/1515/2458 4436/1445/2473 4437/1446/2459
f 4466/1516/2461 4440/1448/2773 4439/1449/2462
f 4429/1450/2399 4446/1523/2398 4453/1451/2464
f 4476/1453/2465 4433/1563/2774 4422/1454/2466
f 4424/1418/3 4449/1420/3 4452/1457/2464
f 4463/1458/2468 4466/1493/2480 4438/1380/2397
f 4422/1511/2396 4433/1459/25 4434/1460/25
f 4468/1461/2469 4475/1499/2490 4437/1462/2470
f 4449/1517/26 4450/1464/26 4443/1465/26
f 4441/1414/25 4448/1413/25 4447/1467/25
f 4452/1463/26 4443/1465/26 4444/1469/26
f 4442/1473/25 4441/1414/25 4453/1466/25
f 4444/1469/26 4455/1471/26 4454/1472/26
f 4442/1473/25 4446/1470/25 4451/1518/25
f 4425/1456/2464 4452/1457/2464 4445/1475/2398
f 4437/1462/2470 4455/1525/2401 4444/1476/2472
f 4420/1412/2431 4441/1414/2432 4442/1473/2472
f 4410/1392/2410 4444/1476/2472 4443/1477/2432
f 4436/1445/2473 4454/1478/2474 4455/1479/2474
f 4431/1452/2464 4453/1451/2464 4447/1480/3
f 4423/1482/2471 4445/1524/2398 4454/1483/2475
f 4435/1485/2477 4456/1522/2474 4451/1486/2474
f 4430/1481/2455 4447/1480/2439 4448/1488/2439
f 4416/1393/2411 4443/1477/2432 4450/1490/21
f 4427/1492/2479 4440/1564/2775 4466/1493/2480
f 4435/1485/2477 4438/1487/2478 4466/1516/2461
f 4399/1494/2481 4428/1519/2488 4464/1440/2416
f 4435/1385/2402 4465/1438/2452 4460/1400/2418
f 4399/1495/2482 4457/1417/2437 4462/1402/2420
f 4459/1399/2436 4461/1403/2421 4419/1405/2423
f 4412/1404/2483 4458/1408/2426 4463/1407/2425
f 4418/1374/2485 4398/1406/2776 4458/1408/2486
f 4409/1383/2400 4460/1400/2418 4462/1402/2420
f 4400/1416/2487 4459/1399/2417 4464/1398/2416
f 4401/1498/2489 4434/1565/2777 4475/1499/2490
f 4436/1484/2476 4476/1453/2465 4474/1455/2467
f 4434/1501/2491 4433/1500/2778 4476/1515/2458
f 4424/1520/2440 4473/1427/2413 4469/1429/2447
f 4404/1394/2492 4467/1396/2429 4472/1390/2408
f 4469/1410/2428 4471/1391/2409 4416/1393/2411
f 4408/1433/2493 4467/1396/2414 4473/1395/2413
f 4413/1504/2494 4401/1498/2489 4468/1461/2469
f 4411/1386/2495 4470/1388/2406 4472/1390/2408
f 4402/1378/2496 4470/1388/2405 4474/1387/2404
f 4498/1374/105 4480/1416/2526 4508/1375/106
f 4506/1377/108 4494/1389/149 4482/1378/109
f 4518/1380/111 4531/1521/189 4526/1381/112
f 4489/1383/114 4522/1473/187 4536/1384/115
f 4491/1386/117 4503/1556/2527 4554/1387/118
f 4550/1388/120 4482/1378/2528 4494/1389/121
f 4551/1391/123 4548/1461/184 4490/1392/124
f 4484/1394/126 4501/1557/2529 4553/1395/127
f 4487/1397/129 4510/1558/193 4544/1398/130
f 4540/1400/132 4477/1439/168 4497/1401/133
f 4541/1403/135 4538/1408/204 4492/1404/136
f 4478/1406/138 4507/1559/2530 4543/1407/139
f 4483/1409/141 4493/1504/214 4551/1391/123
f 4547/1396/143 4488/1433/2531 4495/1411/144
f 4500/1412/145 4486/1506/2532 4528/1413/146
f 4501/1415/148 4484/1394/2533 4494/1389/149
f 4480/1416/150 4498/1374/203 4541/1403/135
f 4537/1417/152 4486/1506/2532 4500/1412/145
f 4485/1507/2498 4530/1419/194 4529/1420/154
f 4478/1406/155 4498/1374/105 4512/1376/107
f 4483/1422/25 4501/1508/148 4506/1423/108
f 4491/1386/157 4495/1411/163 4505/1425/158
f 4553/1427/127 4501/1509/2529 4483/1428/160
f 4477/1430/26 4519/1510/26 4520/1431/26
f 4488/1433/162 4504/1560/2534 4505/1425/158
f 4506/1423/108 4502/1511/110 4481/1434/25
f 4477/1430/26 4507/1432/156 4512/1435/107
f 4492/1404/164 4509/1512/2535 4511/1437/165
f 4545/1438/167 4519/1561/2536 4477/1439/168
f 4544/1440/130 4510/1513/193 4486/1441/2499
f 4511/1437/165 4510/1562/2537 4487/1397/171
f 4512/1435/107 4508/1514/106 4479/1443/26
f 4555/1444/172 4556/1515/2538 4516/1445/173
f 4545/1447/175 4546/1516/2539 4520/1448/176
f 4509/1450/113 4526/1523/112 4533/1451/178
f 4556/1453/179 4513/1563/2540 4502/1454/180
f 4505/1456/178 4504/1418/182 4529/1420/182
f 4543/1458/183 4546/1493/197 4518/1380/111
f 4481/1434/25 4502/1511/110 4513/1459/25
f 4548/1461/184 4555/1499/208 4517/1462/185
f 4532/1463/26 4529/1517/26 4530/1464/26
f 4533/1466/25 4521/1414/25 4528/1413/25
f 4525/1468/26 4532/1463/26 4523/1465/26
f 4526/1470/25 4522/1473/25 4521/1414/25
f 4525/1468/26 4524/1469/26 4535/1471/26
f 4526/1470/25 4531/1518/25 4536/1384/25
f 4503/1474/186 4505/1456/178 4532/1457/178
f 4490/1392/124 4517/1462/185 4535/1525/115
f 4489/1383/114 4500/1412/145 4521/1414/147
f 4490/1392/124 4524/1476/187 4523/1477/147
f 4516/1445/173 4534/1478/188 4535/1479/188
f 4511/1452/178 4533/1451/178 4527/1480/182
f 4503/1482/186 4525/1524/112 4534/1483/189
f 4518/1487/192 4515/1485/191 4536/1522/188
f 4510/1481/193 4527/1480/194 4528/1488/194
f 4496/1393/125 4523/1477/147 4530/1490/146
f 4507/1492/196 4520/1564/2541 4546/1493/197
f 4518/1487/192 4546/1516/2539 4545/1447/175
f 4479/1494/198 4508/1519/206 4544/1440/130
f 4515/1385/116 4545/1438/167 4540/1400/132
f 4479/1495/199 4537/1417/152 4542/1402/134
f 4539/1399/151 4541/1403/135 4499/1405/137
f 4492/1404/201 4538/1408/140 4543/1407/139
f 4498/1374/203 4478/1406/2542 4538/1408/204
f 4489/1383/114 4540/1400/132 4542/1402/134
f 4480/1416/205 4539/1399/131 4544/1398/130
f 4481/1498/207 4514/1565/2543 4555/1499/208
f 4516/1484/190 4556/1453/179 4554/1455/181
f 4513/1500/209 4556/1515/2538 4555/1444/172
f 4485/1502/2498 4504/1520/153 4553/1427/127
f 4484/1394/212 4547/1396/143 4552/1390/122
f 4549/1410/142 4551/1391/123 4496/1393/125
f 4488/1433/213 4547/1396/128 4553/1395/127
f 4493/1504/214 4481/1498/207 4548/1461/184
f 4491/1386/215 4550/1388/120 4552/1390/122
f 4482/1378/216 4550/1388/119 4554/1387/118
f 4592/1376/218 4578/1374/2544 4560/1416/219
f 4586/1377/221 4574/1389/2545 4562/1378/222
f 4598/1380/224 4611/1521/307 4606/1381/225
f 4569/1383/227 4602/1473/304 4616/1384/228
f 4571/1386/230 4583/1556/2546 4634/1387/231
f 4630/1388/233 4562/1378/2547 4574/1389/234
f 4631/1391/236 4628/1461/301 4570/1392/237
f 4564/1394/239 4581/1557/275 4633/1395/240
f 4567/1397/242 4590/1558/285 4624/1398/243
f 4620/1400/245 4557/1439/283 4577/1401/246
f 4621/1403/248 4618/1408/322 4572/1404/249
f 4558/1406/251 4587/1559/2548 4623/1407/252
f 4563/1409/254 4573/1504/329 4631/1391/236
f 4627/1396/256 4568/1433/2549 4575/1411/257
f 4566/1506/258 4608/1413/311 4601/1414/259
f 4564/1394/261 4574/1389/2545 4586/1377/221
f 4560/1416/263 4578/1374/321 4621/1403/248
f 4617/1417/265 4566/1506/258 4580/1412/260
f 4565/1507/266 4610/1419/267 4609/1420/267
f 4558/1406/269 4578/1374/2544 4592/1376/218
f 4581/1508/262 4586/1423/221 4573/1424/25
f 4575/1411/271 4585/1425/278 4583/1426/272
f 4629/1429/274 4633/1427/240 4581/1509/275
f 4587/1432/270 4557/1430/26 4599/1510/26
f 4568/1433/277 4584/1560/2550 4585/1425/278
f 4573/1424/25 4586/1423/221 4582/1511/223
f 4587/1432/270 4592/1435/218 4577/1436/26
f 4589/1512/279 4591/1437/287 4579/1405/280
f 4625/1438/282 4599/1561/2551 4557/1439/283
f 4617/1442/284 4624/1440/243 4590/1513/285
f 4591/1437/287 4590/1562/2552 4567/1397/288
f 4577/1436/26 4592/1435/218 4588/1514/220
f 4636/1515/289 4596/1445/305 4597/1446/290
f 4626/1516/292 4600/1448/2553 4599/1449/293
f 4589/1450/226 4606/1523/225 4613/1451/295
f 4636/1453/296 4593/1563/2554 4582/1454/297
f 4584/1418/299 4609/1420/299 4612/1457/295
f 4623/1458/300 4626/1493/314 4598/1380/224
f 4582/1511/223 4593/1459/25 4594/1460/25
f 4628/1461/301 4635/1499/325 4597/1462/302
f 4609/1517/26 4610/1464/26 4603/1465/26
f 4601/1414/25 4608/1413/25 4607/1467/25
f 4612/1463/26 4603/1465/26 4604/1469/26
f 4602/1473/25 4601/1414/25 4613/1466/25
f 4604/1469/26 4615/1471/26 4614/1472/26
f 4602/1473/25 4606/1470/25 4611/1518/25
f 4585/1456/295 4612/1457/295 4605/1475/225
f 4597/1462/302 4615/1525/228 4604/1476/304
f 4580/1412/260 4601/1414/259 4602/1473/304
f 4570/1392/237 4604/1476/304 4603/1477/259
f 4596/1445/305 4614/1478/306 4615/1479/306
f 4591/1452/295 4613/1451/295 4607/1480/299
f 4583/1482/303 4605/1524/225 4614/1483/307
f 4595/1485/309 4616/1522/306 4611/1486/306
f 4590/1481/285 4607/1480/267 4608/1488/267
f 4576/1393/238 4603/1477/259 4610/1490/311
f 4587/1492/313 4600/1564/2555 4626/1493/314
f 4595/1485/309 4598/1487/310 4626/1516/292
f 4588/1519/315 4624/1440/243 4617/1442/284
f 4595/1385/229 4625/1438/282 4620/1400/245
f 4559/1495/317 4617/1417/265 4622/1402/247
f 4619/1399/264 4621/1403/248 4579/1405/250
f 4572/1404/319 4618/1408/253 4623/1407/252
f 4578/1374/321 4558/1406/2556 4618/1408/322
f 4569/1383/227 4620/1400/245 4622/1402/247
f 4560/1416/323 4619/1399/244 4624/1398/243
f 4561/1498/324 4594/1565/2557 4635/1499/325
f 4596/1484/308 4636/1453/296 4634/1455/298
f 4594/1501/326 4593/1500/2558 4636/1515/289
f 4584/1520/268 4633/1427/240 4629/1429/274
f 4564/1394/327 4627/1396/256 4632/1390/235
f 4629/1410/255 4631/1391/236 4576/1393/238
f 4568/1433/328 4627/1396/241 4633/1395/240
f 4573/1504/329 4561/1498/324 4628/1461/301
f 4571/1386/330 4630/1388/233 4632/1390/235
f 4562/1378/331 4630/1388/232 4634/1387/231
f 4658/1374/333 4640/1416/2559 4668/1375/334
f 4666/1377/336 4654/1389/377 4642/1378/337
f 4669/1382/339 4678/1380/413 4691/1521/340
f 4649/1383/342 4682/1473/417 4696/1384/343
f 4651/1386/345 4663/1556/2560 4714/1387/346
f 4710/1388/348 4642/1378/2561 4654/1389/349
f 4711/1391/351 4708/1461/414 4650/1392/352
f 4644/1394/354 4661/1557/2562 4713/1395/355
f 4647/1397/357 4670/1558/422 4704/1398/358
f 4700/1400/360 4637/1439/397 4657/1401/361
f 4701/1403/363 4698/1408/433 4652/1404/364
f 4638/1406/366 4667/1559/2563 4703/1407/367
f 4643/1409/369 4653/1504/442 4711/1391/351
f 4707/1396/371 4648/1433/2564 4655/1411/372
f 4646/1506/373 4688/1413/423 4681/1414/374
f 4661/1415/376 4644/1394/2565 4654/1389/377
f 4640/1416/378 4658/1374/432 4701/1403/363
f 4697/1417/380 4646/1506/373 4660/1412/375
f 4645/1507/381 4690/1419/382 4689/1420/382
f 4638/1406/384 4658/1374/333 4672/1376/335
f 4643/1422/25 4661/1508/376 4666/1423/336
f 4651/1386/386 4655/1411/392 4665/1425/387
f 4713/1427/355 4661/1509/2562 4643/1428/389
f 4637/1430/26 4679/1510/26 4680/1431/26
f 4648/1433/391 4664/1560/2566 4665/1425/387
f 4666/1423/336 4662/1511/338 4641/1434/25
f 4637/1430/26 4667/1432/2500 4672/1435/335
f 4652/1404/393 4669/1512/2567 4671/1437/394
f 4705/1438/396 4679/1561/2568 4637/1439/397
f 4704/1440/358 4670/1513/422 4646/1441/398
f 4671/1437/394 4670/1562/2569 4647/1397/400
f 4672/1435/335 4668/1514/334 4639/1443/26
f 4715/1444/401 4716/1515/2570 4676/1445/402
f 4705/1447/404 4706/1516/2571 4680/1448/405
f 4669/1450/339 4686/1523/341 4693/1451/407
f 4716/1453/408 4673/1563/2572 4662/1454/409
f 4665/1456/407 4664/1418/411 4689/1420/411
f 4703/1458/412 4706/1493/426 4678/1380/413
f 4641/1434/25 4662/1511/338 4673/1459/25
f 4708/1461/414 4715/1499/437 4677/1462/415
f 4692/1463/26 4689/1517/26 4690/1464/26
f 4693/1466/25 4681/1414/25 4688/1413/25
f 4685/1468/26 4692/1463/26 4683/1465/26
f 4686/1470/25 4682/1473/25 4681/1414/25
f 4685/1468/26 4684/1469/26 4695/1471/26
f 4686/1470/25 4691/1518/25 4696/1384/25
f 4665/1456/407 4692/1457/407 4685/1475/341
f 4677/1462/415 4695/1525/343 4684/1476/417
f 4660/1412/375 4681/1414/374 4682/1473/417
f 4650/1392/352 4684/1476/417 4683/1477/374
f 4676/1445/402 4694/1478/418 4695/1479/418
f 4671/1452/407 4693/1451/407 4687/1480/411
f 4663/1482/416 4685/1524/341 4694/1483/340
f 4675/1485/420 4696/1522/418 4691/1486/418
f 4670/1481/422 4687/1480/382 4688/1488/382
f 4656/1393/353 4683/1477/374 4690/1490/423
f 4667/1492/425 4680/1564/2573 4706/1493/426
f 4678/1487/421 4706/1516/2571 4705/1447/404
f 4639/1494/427 4668/1519/435 4704/1440/358
f 4675/1385/344 4705/1438/396 4700/1400/360
f 4639/1495/428 4697/1417/380 4702/1402/362
f 4699/1399/379 4701/1403/363 4659/1405/365
f 4652/1404/430 4698/1408/368 4703/1407/367
f 4658/1374/432 4638/1406/2574 4698/1408/433
f 4649/1383/342 4700/1400/360 4702/1402/362
f 4640/1416/434 4699/1399/359 4704/1398/358
f 4641/1498/436 4674/1565/2575 4715/1499/437
f 4676/1484/419 4716/1453/408 4714/1455/410
f 4673/1500/438 4716/1515/2570 4715/1444/401
f 4645/1502/381 4664/1520/383 4713/1427/355
f 4644/1394/440 4707/1396/371 4712/1390/350
f 4709/1410/370 4711/1391/351 4656/1393/353
f 4648/1433/441 4707/1396/356 4713/1395/355
f 4653/1504/442 4641/1498/436 4708/1461/414
f 4651/1386/443 4710/1388/348 4712/1390/350
f 4642/1378/444 4710/1388/347 4714/1387/346
f 4752/1376/446 4738/1374/2576 4720/1416/447
f 4746/1377/449 4734/1389/2577 4722/1378/450
f 4749/1382/452 4758/1380/529 4771/1521/453
f 4729/1383/455 4762/1473/533 4776/1384/456
f 4731/1386/458 4743/1556/2578 4794/1387/459
f 4790/1388/461 4722/1378/2579 4734/1389/462
f 4791/1391/464 4788/1461/530 4730/1392/465
f 4724/1394/467 4741/1557/503 4793/1395/468
f 4727/1397/470 4750/1558/513 4784/1398/471
f 4780/1400/473 4717/1439/511 4737/1401/474
f 4781/1403/476 4778/1408/551 4732/1404/477
f 4718/1406/479 4747/1559/2580 4783/1407/480
f 4723/1409/482 4733/1504/559 4791/1391/464
f 4787/1396/484 4728/1433/2581 4735/1411/485
f 4726/1506/486 4768/1413/539 4761/1414/487
f 4724/1394/489 4734/1389/2577 4746/1377/449
f 4720/1416/491 4738/1374/550 4781/1403/476
f 4777/1417/493 4726/1506/486 4740/1412/488
f 4725/1507/494 4770/1419/495 4769/1420/495
f 4718/1406/497 4738/1374/2576 4752/1376/446
f 4741/1508/490 4746/1423/449 4733/1424/25
f 4735/1411/499 4745/1425/506 4743/1426/500
f 4789/1429/502 4793/1427/468 4741/1509/503
f 4717/1430/26 4759/1510/26 4760/1431/26
f 4728/1433/505 4744/1560/2582 4745/1425/506
f 4733/1424/25 4746/1423/449 4742/1511/451
f 4747/1432/498 4752/1435/446 4737/1436/26
f 4749/1512/507 4751/1437/515 4739/1405/508
f 4785/1438/510 4759/1561/570 4717/1439/511
f 4777/1442/512 4784/1440/471 4750/1513/513
f 4751/1437/515 4750/1562/2583 4727/1397/516
f 4737/1436/26 4752/1435/446 4748/1514/448
f 4796/1515/517 4756/1445/534 4757/1446/518
f 4785/1447/520 4786/1516/543 4760/1448/521
f 4749/1450/452 4766/1523/454 4773/1451/523
f 4796/1453/524 4753/1563/569 4742/1454/525
f 4744/1418/527 4769/1420/527 4772/1457/523
f 4783/1458/528 4786/1493/542 4758/1380/529
f 4721/1434/25 4742/1511/451 4753/1459/25
f 4788/1461/530 4795/1499/554 4757/1462/531
f 4769/1517/26 4770/1464/26 4763/1465/26
f 4761/1414/25 4768/1413/25 4767/1467/25
f 4772/1463/26 4763/1465/26 4764/1469/26
f 4762/1473/25 4761/1414/25 4773/1466/25
f 4764/1469/26 4775/1471/26 4774/1472/26
f 4762/1473/25 4766/1470/25 4771/1518/25
f 4743/1474/532 4745/1456/523 4772/1457/523
f 4757/1462/531 4775/1525/456 4764/1476/533
f 4740/1412/488 4761/1414/487 4762/1473/533
f 4730/1392/465 4764/1476/533 4763/1477/487
f 4756/1445/534 4774/1478/535 4775/1479/535
f 4750/1481/2501 4751/1452/523 4773/1451/523
f 4743/1482/532 4765/1524/454 4774/1483/453
f 4755/1485/537 4776/1522/2584 4771/1486/535
f 4750/1481/513 4767/1480/495 4768/1488/495
f 4736/1393/466 4763/1477/487 4770/1490/539
f 4747/1492/541 4760/1564/569 4786/1493/542
f 4755/1485/537 4758/1487/538 4786/1516/543
f 4748/1519/544 4784/1440/471 4777/1442/512
f 4755/1385/457 4785/1438/510 4780/1400/473
f 4719/1495/546 4777/1417/493 4782/1402/475
f 4779/1399/492 4781/1403/476 4739/1405/478
f 4732/1404/548 4778/1408/481 4783/1407/480
f 4738/1374/550 4718/1406/2585 4778/1408/551
f 4729/1383/455 4780/1400/473 4782/1402/475
f 4720/1416/552 4779/1399/472 4784/1398/471
f 4721/1498/553 4754/1565/570 4795/1499/554
f 4756/1484/536 4796/1453/524 4794/1455/526
f 4753/1500/555 4796/1515/517 4795/1444/519
f 4744/1520/496 4793/1427/468 4789/1429/502
f 4724/1394/557 4787/1396/484 4792/1390/463
f 4789/1410/483 4791/1391/464 4736/1393/466
f 4728/1433/558 4787/1396/469 4793/1395/468
f 4733/1504/559 4721/1498/553 4788/1461/530
f 4731/1386/560 4790/1388/461 4792/1390/463
f 4722/1378/561 4790/1388/460 4794/1387/459
f 4818/1374/563 4800/1416/563 4828/1375/564
f 4826/1377/566 4814/1389/567 4802/1378/567
f 4829/1382/569 4838/1380/569 4851/1521/569
f 4809/1383/570 4842/1473/570 4856/1384/570
f 4811/1386/571 4823/1556/2586 4874/1387/572
f 4870/1388/569 4802/1378/569 4814/1389/569
f 4871/1391/570 4868/1461/570 4810/1392/570
f 4804/1394/575 4821/1557/596 4873/1395/576
f 4807/1397/578 4830/1558/614 4864/1398/579
f 4860/1400/570 4797/1439/570 4817/1401/570
f 4861/1403/569 4858/1408/569 4812/1404/569
f 4798/1406/581 4827/1559/2587 4863/1407/582
f 4803/1409/570 4813/1504/570 4871/1391/570
f 4867/1396/569 4808/1433/569 4815/1411/569
f 4806/1506/585 4848/1413/615 4841/1414/586
f 4821/1415/588 4804/1394/567 4814/1389/567
f 4800/1416/569 4818/1374/569 4861/1403/569
f 4857/1417/589 4806/1506/585 4820/1412/587
f 4805/1507/590 4850/1419/591 4849/1420/591
f 4798/1406/563 4818/1374/563 4832/1376/565
f 4803/1422/25 4821/1508/588 4826/1423/566
f 4811/1386/563 4815/1411/563 4825/1425/594
f 4869/1429/595 4873/1427/576 4821/1509/596
f 4797/1430/26 4839/1510/26 4840/1431/26
f 4808/1433/598 4824/1560/2588 4825/1425/594
f 4813/1424/25 4826/1423/566 4822/1511/568
f 4827/1432/593 4832/1435/565 4817/1436/26
f 4812/1404/567 4829/1512/567 4831/1437/599
f 4865/1438/570 4839/1561/570 4797/1439/570
f 4864/1440/579 4830/1513/614 4806/1441/600
f 4831/1437/599 4830/1562/2589 4807/1397/602
f 4832/1435/565 4828/1514/564 4799/1443/26
f 4876/1515/603 4836/1445/611 4837/1446/604
f 4865/1447/606 4866/1516/618 4840/1448/607
f 4829/1450/569 4846/1523/569 4853/1451/609
f 4876/1453/569 4833/1563/569 4822/1454/569
f 4824/1418/610 4849/1420/610 4852/1457/609
f 4863/1458/569 4866/1493/569 4838/1380/569
f 4801/1434/25 4822/1511/568 4833/1459/25
f 4868/1461/570 4875/1499/570 4837/1462/570
f 4852/1463/26 4849/1517/26 4850/1464/26
f 4853/1466/25 4841/1414/25 4848/1413/25
f 4845/1468/26 4852/1463/26 4843/1465/26
f 4846/1470/25 4842/1473/25 4841/1414/25
f 4844/1469/26 4855/1471/26 4854/1472/26
f 4842/1473/25 4846/1470/25 4851/1518/25
f 4823/1474/569 4825/1456/609 4852/1457/609
f 4837/1462/570 4855/1525/570 4844/1476/570
f 4820/1412/587 4841/1414/586 4842/1473/570
f 4810/1392/570 4844/1476/570 4843/1477/586
f 4836/1445/611 4854/1478/612 4855/1479/612
f 4831/1452/609 4853/1451/609 4847/1480/610
f 4823/1482/569 4845/1524/569 4854/1483/569
f 4838/1487/613 4835/1485/617 4856/1522/612
f 4830/1481/614 4847/1480/591 4848/1488/591
f 4816/1393/574 4843/1477/586 4850/1490/615
f 4827/1492/569 4840/1564/569 4866/1493/569
f 4835/1485/617 4838/1487/613 4866/1516/618
f 4828/1519/619 4864/1440/579 4857/1442/601
f 4835/1385/570 4865/1438/570 4860/1400/570
f 4799/1495/570 4857/1417/589 4862/1402/570
f 4859/1399/569 4861/1403/569 4819/1405/569
f 4812/1404/621 4858/1408/583 4863/1407/582
f 4818/1374/569 4798/1406/569 4858/1408/569
f 4809/1383/570 4860/1400/570 4862/1402/570
f 4800/1416/623 4859/1399/580 4864/1398/579
f 4801/1498/570 4834/1565/570 4875/1499/570
f 4836/1484/569 4876/1453/569 4874/1455/569
f 4833/1500/624 4876/1515/603 4875/1444/605
f 4805/1502/590 4824/1520/592 4873/1427/576
f 4804/1394/569 4867/1396/569 4872/1390/569
f 4869/1410/584 4871/1391/570 4816/1393/574
f 4808/1433/626 4867/1396/577 4873/1395/576
f 4813/1504/570 4801/1498/570 4868/1461/570
f 4811/1386/569 4870/1388/569 4872/1390/569
f 4802/1378/627 4870/1388/573 4874/1387/572
f 4898/1374/563 4880/1416/563 4908/1375/629
f 4906/1377/566 4894/1389/567 4882/1378/567
f 4918/1380/569 4931/1521/569 4926/1381/569
f 4889/1383/570 4922/1473/570 4936/1384/570
f 4891/1386/631 4903/1556/2590 4954/1387/632
f 4950/1388/569 4882/1378/569 4894/1389/569
f 4951/1391/570 4948/1461/570 4890/1392/570
f 4884/1394/634 4901/1557/649 4953/1395/635
f 4887/1397/637 4910/1558/663 4944/1398/638
f 4940/1400/570 4877/1439/570 4897/1401/570
f 4941/1403/569 4938/1408/569 4892/1404/569
f 4878/1406/640 4907/1559/2591 4943/1407/641
f 4883/1409/570 4893/1504/570 4951/1391/570
f 4947/1396/569 4888/1433/569 4895/1411/569
f 4886/1506/570 4928/1413/570 4921/1414/570
f 4901/1415/643 4884/1394/567 4894/1389/567
f 4880/1416/569 4898/1374/569 4941/1403/569
f 4937/1417/570 4886/1506/570 4900/1412/570
f 4885/1507/644 4930/1419/645 4929/1420/645
f 4878/1406/563 4898/1374/563 4912/1376/565
f 4883/1422/25 4901/1508/643 4906/1423/566
f 4891/1386/563 4895/1411/563 4905/1425/563
f 4949/1429/648 4953/1427/635 4901/1509/649
f 4877/1430/26 4919/1510/26 4920/1431/26
f 4888/1433/563 4904/1560/563 4905/1425/563
f 4893/1424/25 4906/1423/566 4902/1511/630
f 4907/1432/647 4912/1435/565 4897/1436/26
f 4892/1404/567 4909/1512/567 4911/1437/567
f 4945/1438/570 4919/1561/570 4877/1439/570
f 4944/1440/638 4910/1513/663 4886/1441/651
f 4911/1437/567 4910/1562/567 4887/1397/567
f 4912/1435/565 4908/1514/629 4879/1443/26
f 4956/1515/653 4916/1445/659 4917/1446/654
f 4945/1447/656 4946/1516/664 4920/1448/657
f 4911/1452/569 4909/1450/569 4926/1523/569
f 4956/1453/569 4913/1563/569 4902/1454/569
f 4904/1418/569 4929/1420/569 4932/1457/569
f 4943/1458/569 4946/1493/569 4918/1380/569
f 4881/1434/25 4902/1511/630 4913/1459/25
f 4948/1461/570 4955/1499/570 4917/1462/570
f 4932/1463/26 4929/1517/26 4930/1464/26
f 4933/1466/25 4921/1414/25 4928/1413/25
f 4925/1468/26 4932/1463/26 4923/1465/26
f 4926/1470/25 4922/1473/25 4921/1414/25
f 4924/1469/26 4935/1471/26 4934/1472/26
f 4922/1473/25 4926/1470/25 4931/1518/25
f 4905/1456/569 4932/1457/569 4925/1475/569
f 4917/1462/570 4935/1525/570 4924/1476/570
f 4900/1412/570 4921/1414/570 4922/1473/570
f 4890/1392/570 4924/1476/570 4923/1477/570
f 4916/1445/659 4934/1478/660 4935/1479/660
f 4910/1481/569 4911/1452/569 4933/1451/569
f 4903/1482/569 4925/1524/569 4934/1483/569
f 4915/1485/661 4936/1522/660 4931/1486/660
f 4910/1481/663 4927/1480/645 4928/1488/645
f 4896/1393/570 4923/1477/570 4930/1490/570
f 4907/1492/569 4920/1564/569 4946/1493/569
f 4915/1485/661 4918/1487/662 4946/1516/664
f 4908/1519/665 4944/1440/638 4937/1442/652
f 4915/1385/570 4945/1438/570 4940/1400/570
f 4879/1495/570 4937/1417/570 4942/1402/570
f 4939/1399/569 4941/1403/569 4899/1405/569
f 4892/1404/667 4938/1408/642 4943/1407/641
f 4898/1374/569 4878/1406/569 4938/1408/569
f 4889/1383/570 4940/1400/570 4942/1402/570
f 4880/1416/669 4939/1399/639 4944/1398/638
f 4881/1498/570 4914/1565/570 4955/1499/570
f 4916/1484/569 4956/1453/569 4954/1455/569
f 4913/1500/670 4956/1515/653 4955/1444/2502
f 4885/1502/644 4904/1520/646 4953/1427/635
f 4884/1394/569 4947/1396/569 4952/1390/569
f 4949/1410/570 4951/1391/570 4896/1393/570
f 4888/1433/672 4947/1396/636 4953/1395/635
f 4893/1504/570 4881/1498/570 4948/1461/570
f 4891/1386/569 4950/1388/569 4952/1390/569
f 4882/1378/673 4950/1388/633 4954/1387/632
f 4978/1374/563 4960/1416/563 4988/1375/675
f 4986/1377/566 4974/1389/567 4962/1378/567
f 4998/1380/569 5011/1521/569 5006/1381/569
f 4995/1385/570 4969/1383/570 5002/1473/570
f 4971/1386/677 4983/1556/2592 5034/1387/678
f 5030/1388/569 4962/1378/569 4974/1389/569
f 5031/1391/570 5028/1461/570 4970/1392/570
f 4964/1394/680 4981/1557/695 5033/1395/681
f 4967/1397/683 4990/1558/708 5024/1398/684
f 5020/1400/570 4957/1439/570 4977/1401/570
f 5021/1403/569 5018/1408/569 4972/1404/569
f 4958/1406/686 4987/1559/2593 5023/1407/687
f 4963/1409/570 4973/1504/570 5031/1391/570
f 5027/1396/569 4968/1433/569 4975/1411/569
f 4966/1506/570 5008/1413/570 5001/1414/570
f 4981/1415/689 4964/1394/567 4974/1389/567
f 4960/1416/569 4978/1374/569 5021/1403/569
f 5017/1417/570 4966/1506/570 4980/1412/570
f 4965/1507/690 5010/1419/691 5009/1420/691
f 4958/1406/563 4978/1374/563 4992/1376/565
f 4963/1422/25 4981/1508/689 4986/1423/566
f 4971/1386/563 4975/1411/563 4985/1425/563
f 5029/1429/694 5033/1427/681 4981/1509/695
f 4957/1430/26 4999/1510/26 5000/1431/26
f 4968/1433/563 4984/1560/563 4985/1425/563
f 4973/1424/25 4986/1423/566 4982/1511/676
f 4987/1432/693 4992/1435/565 4977/1436/26
f 4972/1404/567 4989/1512/567 4991/1437/567
f 5025/1438/570 4999/1561/570 4957/1439/570
f 5024/1440/684 4990/1513/708 4966/1441/697
f 4991/1437/567 4990/1562/567 4967/1397/567
f 4992/1435/565 4988/1514/675 4959/1443/26
f 5036/1515/699 4996/1445/705 4997/1446/700
f 5025/1447/702 5026/1516/710 5000/1448/703
f 4991/1452/569 4989/1450/569 5006/1523/569
f 5036/1453/569 4993/1563/569 4982/1454/569
f 4984/1418/569 5009/1420/569 5012/1457/569
f 5023/1458/569 5026/1493/569 4998/1380/569
f 4961/1434/25 4982/1511/676 4993/1459/25
f 5028/1461/570 5035/1499/570 4997/1462/570
f 5012/1463/26 5009/1517/26 5010/1464/26
f 5013/1466/25 5001/1414/25 5008/1413/25
f 5005/1468/26 5012/1463/26 5003/1465/26
f 5006/1470/25 5002/1473/25 5001/1414/25
f 5004/1469/26 5015/1471/26 5014/1472/26
f 5002/1473/25 5006/1470/25 5011/1518/25
f 4983/1474/569 4985/1456/569 5012/1457/569
f 4997/1462/570 5015/1525/570 5004/1476/570
f 4980/1412/570 5001/1414/570 5002/1473/570
f 4970/1392/570 5004/1476/570 5003/1477/570
f 4996/1445/705 5014/1478/706 5015/1479/706
f 4990/1481/569 4991/1452/569 5013/1451/569
f 4996/1484/569 4983/1482/569 5005/1524/569
f 4998/1487/707 4995/1485/709 5016/1522/706
f 4990/1481/708 5007/1480/691 5008/1488/691
f 4976/1393/570 5003/1477/570 5010/1490/570
f 4987/1492/569 5000/1564/569 5026/1493/569
f 4995/1485/709 4998/1487/707 5026/1516/710
f 4988/1519/711 5024/1440/684 5017/1442/698
f 4995/1385/570 5025/1438/570 5020/1400/570
f 4959/1495/570 5017/1417/570 5022/1402/570
f 5019/1399/569 5021/1403/569 4979/1405/569
f 4972/1404/713 5018/1408/688 5023/1407/687
f 4978/1374/569 4958/1406/569 5018/1408/569
f 4969/1383/570 5020/1400/570 5022/1402/570
f 4960/1416/715 5019/1399/685 5024/1398/684
f 4961/1498/570 4994/1565/570 5035/1499/570
f 4996/1484/569 5036/1453/569 5034/1455/569
f 4993/1500/716 5036/1515/699 5035/1444/701
f 4965/1502/690 4984/1520/692 5033/1427/681
f 4964/1394/569 5027/1396/569 5032/1390/569
f 5029/1410/570 5031/1391/570 4976/1393/570
f 4968/1433/718 5027/1396/682 5033/1395/681
f 4973/1504/570 4961/1498/570 5028/1461/570
f 4971/1386/569 5030/1388/569 5032/1390/569
f 4962/1378/719 5030/1388/679 5034/1387/678
f 5058/1374/563 5040/1416/563 5068/1375/721
f 5066/1377/566 5054/1389/567 5042/1378/567
f 5078/1380/569 5091/1521/569 5086/1381/569
f 5049/1383/570 5082/1473/570 5096/1384/570
f 5051/1386/723 5063/1556/2594 5114/1387/724
f 5110/1388/569 5042/1378/569 5054/1389/569
f 5111/1391/570 5108/1461/570 5050/1392/570
f 5044/1394/726 5061/1557/741 5113/1395/727
f 5047/1397/729 5070/1558/755 5104/1398/730
f 5100/1400/570 5037/1439/570 5057/1401/570
f 5101/1403/569 5098/1408/569 5052/1404/569
f 5038/1406/732 5067/1559/2595 5103/1407/733
f 5043/1409/570 5053/1504/570 5111/1391/570
f 5107/1396/569 5048/1433/569 5055/1411/569
f 5046/1506/570 5088/1413/570 5081/1414/570
f 5061/1415/735 5044/1394/567 5054/1389/567
f 5040/1416/569 5058/1374/569 5101/1403/569
f 5097/1417/570 5046/1506/570 5060/1412/570
f 5045/1507/736 5090/1419/737 5089/1420/737
f 5038/1406/563 5058/1374/563 5072/1376/565
f 5043/1422/25 5061/1508/735 5066/1423/566
f 5051/1386/563 5055/1411/563 5065/1425/563
f 5109/1429/740 5113/1427/727 5061/1509/741
f 5037/1430/26 5079/1510/26 5080/1431/26
f 5048/1433/563 5064/1560/563 5065/1425/563
f 5053/1424/25 5066/1423/566 5062/1511/722
f 5067/1432/739 5072/1435/565 5057/1436/26
f 5052/1404/567 5069/1512/567 5071/1437/567
f 5105/1438/570 5079/1561/570 5037/1439/570
f 5104/1440/730 5070/1513/755 5046/1441/743
f 5071/1437/567 5070/1562/567 5047/1397/567
f 5072/1435/565 5068/1514/721 5039/1443/26
f 5116/1515/745 5076/1445/751 5077/1446/746
f 5105/1447/748 5106/1516/756 5080/1448/749
f 5071/1452/569 5069/1450/569 5086/1523/569
f 5116/1453/569 5073/1563/569 5062/1454/569
f 5065/1456/569 5064/1418/569 5089/1420/569
f 5103/1458/569 5106/1493/569 5078/1380/569
f 5041/1434/25 5062/1511/722 5073/1459/25
f 5108/1461/570 5115/1499/570 5077/1462/570
f 5092/1463/26 5089/1517/26 5090/1464/26
f 5093/1466/25 5081/1414/25 5088/1413/25
f 5085/1468/26 5092/1463/26 5083/1465/26
f 5086/1470/25 5082/1473/25 5081/1414/25
f 5084/1469/26 5095/1471/26 5094/1472/26
f 5082/1473/25 5086/1470/25 5091/1518/25
f 5065/1456/569 5092/1457/569 5085/1475/569
f 5050/1392/570 5077/1462/570 5095/1525/570
f 5060/1412/570 5081/1414/570 5082/1473/570
f 5050/1392/570 5084/1476/570 5083/1477/570
f 5076/1445/751 5094/1478/752 5095/1479/752
f 5070/1481/569 5071/1452/569 5093/1451/569
f 5063/1482/569 5085/1524/569 5094/1483/569
f 5075/1485/753 5096/1522/752 5091/1486/752
f 5070/1481/755 5087/1480/737 5088/1488/737
f 5056/1393/570 5083/1477/570 5090/1490/570
f 5067/1492/569 5080/1564/569 5106/1493/569
f 5075/1485/753 5078/1487/754 5106/1516/756
f 5068/1519/757 5104/1440/730 5097/1442/744
f 5075/1385/570 5105/1438/570 5100/1400/570
f 5039/1495/570 5097/1417/570 5102/1402/570
f 5099/1399/569 5101/1403/569 5059/1405/569
f 5052/1404/759 5098/1408/734 5103/1407/733
f 5058/1374/569 5038/1406/569 5098/1408/569
f 5049/1383/570 5100/1400/570 5102/1402/570
f 5040/1416/761 5099/1399/731 5104/1398/730
f 5041/1498/570 5074/1565/570 5115/1499/570
f 5076/1484/569 5116/1453/569 5114/1455/569
f 5073/1500/762 5116/1515/745 5115/1444/747
f 5045/1502/736 5064/1520/738 5113/1427/727
f 5044/1394/569 5107/1396/569 5112/1390/569
f 5109/1410/570 5111/1391/570 5056/1393/570
f 5048/1433/764 5107/1396/728 5113/1395/727
f 5053/1504/570 5041/1498/570 5108/1461/570
f 5051/1386/569 5110/1388/569 5112/1390/569
f 5042/1378/765 5110/1388/725 5114/1387/724
f 5152/1376/565 5138/1374/563 5120/1416/563
f 5146/1377/566 5134/1389/567 5122/1378/768
f 5158/1380/770 5171/1521/569 5166/1381/569
f 5129/1383/570 5162/1473/570 5176/1384/570
f 5131/1386/772 5143/1556/2596 5194/1387/773
f 5190/1388/569 5122/1378/2597 5134/1389/569
f 5191/1391/570 5188/1461/781 5130/1392/570
f 5124/1394/775 5141/1557/793 5193/1395/776
f 5127/1397/778 5150/1558/810 5184/1398/779
f 5180/1400/781 5117/1439/796 5137/1401/782
f 5181/1403/569 5178/1408/569 5132/1404/569
f 5118/1406/783 5147/1559/2598 5183/1407/784
f 5123/1409/570 5133/1504/821 5191/1391/570
f 5187/1396/569 5128/1433/569 5135/1411/569
f 5126/1506/570 5168/1413/570 5161/1414/570
f 5124/1394/567 5134/1389/567 5146/1377/566
f 5120/1416/569 5138/1374/569 5181/1403/569
f 5177/1417/570 5126/1506/570 5140/1412/570
f 5125/1507/787 5170/1419/788 5169/1420/788
f 5118/1406/790 5138/1374/563 5152/1376/565
f 5123/1422/25 5141/1508/786 5146/1423/566
f 5131/1386/563 5135/1411/563 5145/1425/563
f 5189/1429/792 5193/1427/776 5141/1509/793
f 5147/1432/791 5117/1430/26 5159/1510/26
f 5128/1433/563 5144/1560/563 5145/1425/563
f 5146/1423/566 5142/1511/769 5121/1434/25
f 5117/1430/26 5147/1432/791 5152/1435/565
f 5132/1404/567 5149/1512/567 5151/1437/567
f 5185/1438/795 5159/1561/2599 5117/1439/796
f 5184/1440/779 5150/1513/810 5126/1441/797
f 5151/1437/567 5150/1562/567 5127/1397/567
f 5152/1435/565 5148/1514/2504 5119/1443/26
f 5195/1444/799 5196/1515/819 5156/1445/800
f 5186/1516/802 5160/1448/2600 5159/1449/803
f 5149/1450/569 5166/1523/569 5173/1451/569
f 5196/1453/805 5153/1563/884 5142/1454/806
f 5145/1456/569 5144/1418/569 5169/1420/569
f 5183/1458/807 5186/1493/805 5158/1380/770
f 5142/1511/769 5153/1459/25 5154/1460/25
f 5188/1461/781 5195/1499/795 5157/1462/771
f 5172/1463/26 5169/1517/26 5170/1464/26
f 5173/1466/25 5161/1414/25 5168/1413/25
f 5165/1468/26 5172/1463/26 5163/1465/26
f 5166/1470/25 5162/1473/25 5161/1414/25
f 5165/1468/26 5164/1469/26 5175/1471/26
f 5166/1470/25 5171/1518/25 5176/1384/25
f 5145/1456/569 5172/1457/569 5165/1475/569
f 5157/1462/771 5175/1525/570 5164/1476/570
f 5140/1412/570 5161/1414/570 5162/1473/570
f 5130/1392/570 5164/1476/570 5163/1477/570
f 5156/1445/800 5174/1478/808 5175/1479/808
f 5151/1452/569 5173/1451/569 5167/1480/569
f 5156/1484/770 5143/1482/569 5165/1524/569
f 5158/1487/809 5155/1485/811 5176/1522/808
f 5150/1481/810 5167/1480/788 5168/1488/788
f 5136/1393/570 5163/1477/570 5170/1490/570
f 5147/1492/806 5160/1564/884 5186/1493/805
f 5158/1487/809 5186/1516/802 5185/1447/804
f 5148/1519/812 5184/1440/779 5177/1442/798
f 5155/1385/771 5185/1438/795 5180/1400/781
f 5119/1495/570 5177/1417/570 5182/1402/570
f 5179/1399/569 5181/1403/569 5139/1405/569
f 5132/1404/814 5178/1408/785 5183/1407/784
f 5138/1374/569 5118/1406/2597 5178/1408/569
f 5129/1383/570 5180/1400/781 5182/1402/570
f 5120/1416/816 5179/1399/780 5184/1398/779
f 5121/1498/817 5154/1565/2599 5195/1499/795
f 5156/1484/770 5196/1453/805 5194/1455/807
f 5154/1501/818 5153/1500/2601 5196/1515/819
f 5125/1502/787 5144/1520/789 5193/1427/776
f 5124/1394/569 5187/1396/569 5192/1390/569
f 5189/1410/570 5191/1391/570 5136/1393/570
f 5128/1433/820 5187/1396/2505 5193/1395/776
f 5133/1504/821 5121/1498/817 5188/1461/781
f 5131/1386/569 5190/1388/569 5192/1390/569
f 5122/1378/822 5190/1388/774 5194/1387/773
f 5232/1376/824 5218/1374/2779 5200/1416/825
f 5226/1377/827 5214/1389/2603 5202/1378/828
f 5238/1380/830 5251/1521/895 5246/1381/831
f 5235/1385/833 5209/1383/892 5242/1473/834
f 5211/1386/836 5223/1556/2604 5274/1387/837
f 5270/1388/839 5202/1378/2605 5214/1389/840
f 5271/1391/842 5268/1461/889 5210/1392/843
f 5204/1394/845 5221/1557/2606 5273/1395/846
f 5207/1397/848 5230/1558/875 5264/1398/849
f 5260/1400/851 5197/1439/873 5217/1401/852
f 5261/1403/841 5258/1408/905 5212/1404/854
f 5198/1406/856 5227/1559/2607 5263/1407/857
f 5203/1409/844 5213/1504/912 5271/1391/842
f 5267/1396/859 5208/1433/859 5215/1411/855
f 5206/1506/844 5248/1413/844 5241/1414/844
f 5204/1394/860 5214/1389/2603 5226/1377/827
f 5200/1416/855 5218/1374/904 5261/1403/841
f 5257/1417/844 5206/1506/844 5220/1412/844
f 5205/1507/862 5250/1419/899 5249/1420/863
f 5198/1406/865 5218/1374/2779 5232/1376/824
f 5221/1508/861 5226/1423/827 5213/1424/25
f 5215/1411/825 5225/1425/870 5223/1426/825
f 5273/1427/846 5221/1509/2606 5203/1428/868
f 5197/1430/26 5239/1510/26 5240/1431/26
f 5208/1433/870 5224/1560/870 5225/1425/870
f 5213/1424/25 5226/1423/827 5222/1511/829
f 5227/1432/866 5232/1435/824 5217/1436/26
f 5229/1512/860 5231/1437/877 5219/1405/860
f 5265/1438/872 5239/1561/872 5197/1439/873
f 5257/1442/874 5264/1440/849 5230/1513/875
f 5231/1437/877 5230/1562/877 5207/1397/877
f 5217/1436/26 5232/1435/824 5228/1514/826
f 5276/1515/878 5236/1445/893 5237/1446/879
f 5265/1447/881 5266/1516/900 5240/1448/882
f 5229/1450/832 5246/1523/831 5253/1451/884
f 5276/1453/885 5233/1563/885 5222/1454/885
f 5224/1418/887 5249/1420/887 5252/1457/884
f 5263/1458/888 5266/1493/885 5238/1380/830
f 5201/1434/25 5222/1511/829 5233/1459/25
f 5268/1461/889 5275/1499/872 5237/1462/890
f 5249/1517/26 5250/1464/26 5243/1465/26
f 5241/1414/25 5248/1413/25 5247/1467/25
f 5252/1463/26 5243/1465/26 5244/1469/26
f 5242/1473/25 5241/1414/25 5253/1466/25
f 5244/1469/26 5255/1471/26 5254/1472/26
f 5242/1473/25 5246/1470/25 5251/1518/25
f 5223/1474/891 5225/1456/884 5252/1457/884
f 5210/1392/843 5237/1462/890 5255/1525/835
f 5220/1412/844 5241/1414/844 5242/1473/834
f 5216/1393/844 5210/1392/843 5244/1476/834
f 5236/1445/893 5254/1478/894 5255/1479/894
f 5230/1481/887 5231/1452/884 5253/1451/884
f 5223/1482/891 5245/1524/831 5254/1483/895
f 5235/1485/897 5256/1522/894 5251/1486/894
f 5230/1481/875 5247/1480/899 5248/1488/899
f 5216/1393/844 5243/1477/844 5250/1490/844
f 5227/1492/885 5240/1564/885 5266/1493/885
f 5235/1485/897 5238/1487/898 5266/1516/900
f 5199/1494/901 5228/1519/907 5264/1440/849
f 5235/1385/833 5265/1438/872 5260/1400/851
f 5199/1495/844 5257/1417/844 5262/1402/853
f 5259/1399/859 5261/1403/841 5219/1405/855
f 5212/1404/902 5258/1408/858 5263/1407/857
f 5218/1374/904 5198/1406/2608 5258/1408/905
f 5209/1383/892 5260/1400/851 5262/1402/853
f 5200/1416/906 5259/1399/850 5264/1398/849
f 5201/1498/908 5234/1565/872 5275/1499/872
f 5236/1484/896 5276/1453/885 5274/1455/886
f 5233/1500/909 5276/1515/878 5275/1444/880
f 5224/1520/864 5273/1427/846 5269/1429/869
f 5204/1394/855 5267/1396/859 5272/1390/841
f 5269/1410/844 5271/1391/842 5216/1393/844
f 5208/1433/911 5267/1396/847 5273/1395/846
f 5213/1504/912 5201/1498/908 5268/1461/889
f 5211/1386/913 5270/1388/839 5272/1390/841
f 5202/1378/914 5270/1388/838 5274/1387/837
f 5312/1376/916 5298/1374/2609 5280/1416/917
f 5306/1377/919 5294/1389/2610 5282/1378/920
f 5309/1382/922 5318/1380/923 5331/1521/923
f 5289/1383/925 5322/1473/979 5336/1384/926
f 5291/1386/927 5303/1556/2611 5354/1387/928
f 5350/1388/930 5282/1378/923 5294/1389/931
f 5351/1391/933 5348/1461/942 5290/1392/934
f 5284/1394/936 5301/1557/963 5353/1395/937
f 5287/1397/939 5310/1558/984 5344/1398/940
f 5340/1400/942 5277/1439/926 5297/1401/943
f 5341/1403/932 5338/1408/930 5292/1404/944
f 5278/1406/946 5307/1559/2612 5343/1407/947
f 5283/1409/949 5293/1504/998 5351/1391/933
f 5347/1396/885 5288/1433/989 5295/1411/950
f 5300/1412/951 5286/1506/872 5328/1413/872
f 5284/1394/953 5294/1389/2610 5306/1377/919
f 5280/1416/955 5298/1374/992 5341/1403/932
f 5337/1417/872 5286/1506/872 5300/1412/951
f 5285/1507/956 5330/1419/957 5329/1420/957
f 5278/1406/959 5298/1374/2609 5312/1376/916
f 5283/1422/25 5301/1508/954 5306/1423/919
f 5291/1386/917 5295/1411/966 5305/1425/961
f 5349/1429/962 5353/1427/937 5301/1509/963
f 5277/1430/26 5319/1510/26 5320/1431/26
f 5288/1433/965 5304/1560/965 5305/1425/961
f 5293/1424/25 5306/1423/919 5302/1511/921
f 5307/1432/960 5312/1435/916 5297/1436/26
f 5292/1404/953 5309/1512/953 5311/1437/967
f 5345/1438/926 5319/1561/926 5277/1439/926
f 5344/1440/940 5310/1513/984 5286/1441/969
f 5311/1437/967 5310/1562/971 5287/1397/971
f 5312/1435/916 5308/1514/918 5279/1443/26
f 5356/1515/972 5316/1445/980 5317/1446/973
f 5345/1447/975 5346/1516/985 5320/1448/976
f 5311/1452/978 5309/1450/922 5326/1523/924
f 5356/1453/923 5313/1563/923 5302/1454/923
f 5304/1418/885 5329/1420/885 5332/1457/978
f 5343/1458/923 5346/1493/923 5318/1380/923
f 5281/1434/25 5302/1511/921 5313/1459/25
f 5348/1461/942 5355/1499/926 5317/1462/926
f 5332/1463/26 5329/1517/26 5330/1464/26
f 5333/1466/25 5321/1414/25 5328/1413/25
f 5325/1468/26 5332/1463/26 5323/1465/26
f 5326/1470/25 5322/1473/25 5321/1414/25
f 5324/1469/26 5335/1471/26 5334/1472/26
f 5322/1473/25 5326/1470/25 5331/1518/25
f 5305/1456/978 5332/1457/978 5325/1475/924
f 5317/1462/926 5335/1525/926 5324/1476/979
f 5300/1412/951 5321/1414/952 5322/1473/979
f 5290/1392/934 5324/1476/979 5323/1477/952
f 5316/1445/980 5334/1478/981 5335/1479/981
f 5311/1452/978 5333/1451/978 5327/1480/885
f 5303/1482/922 5325/1524/924 5334/1483/923
f 5315/1485/982 5336/1522/981 5331/1486/981
f 5310/1481/984 5327/1480/957 5328/1488/957
f 5285/1491/872 5296/1393/935 5323/1477/952
f 5307/1492/923 5320/1564/923 5346/1493/923
f 5315/1485/982 5318/1487/983 5346/1516/985
f 5308/1519/986 5344/1440/940 5337/1442/970
f 5315/1385/926 5345/1438/926 5340/1400/942
f 5279/1495/988 5337/1417/872 5342/1402/933
f 5339/1399/885 5341/1403/932 5299/1405/945
f 5292/1404/990 5338/1408/948 5343/1407/947
f 5298/1374/992 5278/1406/923 5338/1408/930
f 5289/1383/925 5340/1400/942 5342/1402/933
f 5280/1416/993 5339/1399/941 5344/1398/940
f 5281/1498/926 5314/1565/926 5355/1499/926
f 5316/1484/923 5356/1453/923 5354/1455/923
f 5313/1500/994 5356/1515/972 5355/1444/974
f 5285/1502/956 5304/1520/958 5353/1427/937
f 5284/1394/996 5347/1396/885 5352/1390/932
f 5349/1410/872 5351/1391/933 5296/1393/935
f 5288/1433/997 5347/1396/938 5353/1395/937
f 5293/1504/998 5281/1498/926 5348/1461/942
f 5291/1386/999 5350/1388/930 5352/1390/932
f 5282/1378/1000 5350/1388/929 5354/1387/928
f 5392/1376/1002 5378/1374/959 5360/1416/959
f 5386/1377/1004 5374/1389/920 5362/1378/920
f 5398/1380/923 5411/1521/923 5406/1381/923
f 5369/1383/926 5402/1473/926 5416/1384/926
f 5371/1386/1006 5383/1556/2613 5434/1387/1007
f 5430/1388/923 5362/1378/923 5374/1389/923
f 5431/1391/926 5428/1461/926 5370/1392/926
f 5364/1394/1009 5381/1557/1024 5433/1395/1010
f 5367/1397/1012 5390/1558/1037 5424/1398/1013
f 5420/1400/926 5357/1439/926 5377/1401/926
f 5421/1403/923 5418/1408/923 5372/1404/923
f 5358/1406/1015 5387/1559/2614 5423/1407/1016
f 5363/1409/926 5373/1504/926 5431/1391/926
f 5427/1396/923 5368/1433/923 5375/1411/923
f 5366/1506/926 5408/1413/926 5401/1414/926
f 5364/1394/920 5374/1389/920 5386/1377/1004
f 5360/1416/923 5378/1374/923 5421/1403/923
f 5417/1417/926 5366/1506/926 5380/1412/926
f 5365/1507/1019 5410/1419/1020 5409/1420/1020
f 5358/1406/959 5378/1374/959 5392/1376/1002
f 5363/1422/25 5381/1508/1018 5386/1423/1004
f 5371/1386/959 5375/1411/959 5385/1425/959
f 5429/1429/1023 5433/1427/1010 5381/1509/1024
f 5387/1432/1022 5357/1430/26 5399/1510/26
f 5368/1433/959 5384/1560/959 5385/1425/959
f 5386/1423/1004 5382/1511/1005 5361/1434/25
f 5357/1430/26 5387/1432/1022 5392/1435/1002
f 5372/1404/920 5389/1512/920 5391/1437/920
f 5425/1438/926 5399/1561/926 5357/1439/926
f 5424/1440/1013 5390/1513/1037 5366/1441/1026
f 5391/1437/920 5390/1562/920 5367/1397/920
f 5392/1435/1002 5388/1514/1003 5359/1443/26
f 5435/1444/1028 5436/1515/1044 5396/1445/1029
f 5426/1516/1031 5400/1448/2615 5399/1449/1032
f 5389/1450/923 5406/1523/923 5413/1451/923
f 5436/1453/923 5393/1563/923 5382/1454/923
f 5384/1418/923 5409/1420/923 5412/1457/923
f 5423/1458/923 5426/1493/923 5398/1380/923
f 5382/1511/1005 5393/1459/25 5394/1460/25
f 5428/1461/926 5435/1499/926 5397/1462/926
f 5412/1463/26 5409/1517/26 5410/1464/26
f 5413/1466/25 5401/1414/25 5408/1413/25
f 5405/1468/26 5412/1463/26 5403/1465/26
f 5406/1470/25 5402/1473/25 5401/1414/25
f 5405/1468/26 5404/1469/26 5415/1471/26
f 5406/1470/25 5411/1518/25 5416/1384/25
f 5385/1456/923 5412/1457/923 5405/1475/923
f 5397/1462/926 5415/1525/926 5404/1476/926
f 5380/1412/926 5401/1414/926 5402/1473/926
f 5376/1393/926 5370/1392/926 5404/1476/926
f 5396/1445/1029 5414/1478/1034 5415/1479/1034
f 5391/1452/923 5413/1451/923 5407/1480/923
f 5383/1482/923 5405/1524/923 5414/1483/923
f 5395/1485/1035 5416/1522/1034 5411/1486/1034
f 5390/1481/1037 5407/1480/1020 5408/1488/1020
f 5376/1393/926 5403/1477/926 5410/1490/926
f 5387/1492/923 5400/1564/923 5426/1493/923
f 5398/1487/1036 5426/1516/1031 5425/1447/1033
f 5388/1519/1038 5424/1440/1013 5417/1442/1027
f 5395/1385/926 5425/1438/926 5420/1400/926
f 5359/1495/926 5417/1417/926 5422/1402/926
f 5419/1399/923 5421/1403/923 5379/1405/923
f 5372/1404/1040 5418/1408/1017 5423/1407/1016
f 5378/1374/923 5358/1406/923 5418/1408/923
f 5369/1383/926 5420/1400/926 5422/1402/926
f 5360/1416/1042 5419/1399/1014 5424/1398/1013
f 5361/1498/926 5394/1565/926 5435/1499/926
f 5396/1484/923 5436/1453/923 5434/1455/923
f 5394/1501/1043 5393/1500/2616 5436/1515/1044
f 5365/1502/1019 5384/1520/1021 5433/1427/1010
f 5364/1394/923 5427/1396/923 5432/1390/923
f 5429/1410/926 5431/1391/926 5376/1393/926
f 5368/1433/1045 5427/1396/1011 5433/1395/1010
f 5373/1504/926 5361/1498/926 5428/1461/926
f 5371/1386/923 5430/1388/923 5432/1390/923
f 5362/1378/1046 5430/1388/1008 5434/1387/1007
f 5472/1376/1002 5458/1374/959 5440/1416/959
f 5466/1377/1004 5454/1389/920 5442/1378/920
f 5478/1380/923 5491/1521/923 5486/1381/923
f 5475/1385/926 5449/1383/926 5482/1473/926
f 5451/1386/1050 5463/1556/2617 5514/1387/1051
f 5510/1388/923 5442/1378/923 5454/1389/923
f 5511/1391/926 5508/1461/926 5450/1392/926
f 5444/1394/1053 5461/1557/2618 5513/1395/1054
f 5447/1397/1056 5470/1558/1070 5504/1398/1057
f 5500/1400/926 5437/1439/926 5457/1401/926
f 5501/1403/923 5498/1408/923 5452/1404/923
f 5438/1406/1059 5467/1559/2619 5503/1407/1060
f 5443/1409/926 5453/1504/926 5511/1391/926
f 5507/1396/923 5448/1433/923 5455/1411/923
f 5446/1506/926 5488/1413/926 5481/1414/926
f 5444/1394/920 5454/1389/920 5466/1377/1004
f 5440/1416/923 5458/1374/923 5501/1403/923
f 5497/1417/926 5446/1506/926 5460/1412/926
f 5445/1507/1063 5490/1419/1064 5489/1420/1064
f 5438/1406/959 5458/1374/959 5472/1376/1002
f 5461/1508/1062 5466/1423/1004 5453/1424/25
f 5455/1411/959 5465/1425/959 5463/1426/959
f 5513/1427/1054 5461/1509/2618 5443/1428/1067
f 5467/1432/1066 5437/1430/26 5479/1510/26
f 5448/1433/959 5464/1560/959 5465/1425/959
f 5466/1423/1004 5462/1511/1049 5441/1434/25
f 5437/1430/26 5467/1432/1066 5472/1435/1002
f 5469/1512/920 5471/1437/920 5459/1405/920
f 5505/1438/926 5479/1561/926 5437/1439/926
f 5497/1442/1069 5504/1440/1057 5470/1513/1070
f 5471/1437/920 5470/1562/920 5447/1397/920
f 5457/1436/26 5472/1435/1002 5468/1514/1048
f 5515/1444/1072 5516/1515/1087 5476/1445/1073
f 5506/1516/1075 5480/1448/2620 5479/1449/1076
f 5471/1452/923 5469/1450/923 5486/1523/923
f 5516/1453/923 5473/1563/923 5462/1454/923
f 5464/1418/923 5489/1420/923 5492/1457/923
f 5503/1458/923 5506/1493/923 5478/1380/923
f 5462/1511/1049 5473/1459/25 5474/1460/25
f 5508/1461/926 5515/1499/926 5477/1462/926
f 5489/1517/26 5490/1464/26 5483/1465/26
f 5481/1414/25 5488/1413/25 5487/1467/25
f 5492/1463/26 5483/1465/26 5484/1469/26
f 5482/1473/25 5481/1414/25 5493/1466/25
f 5485/1468/26 5484/1469/26 5495/1471/26
f 5486/1470/25 5491/1518/25 5496/1384/25
f 5463/1474/923 5465/1456/923 5492/1457/923
f 5477/1462/926 5495/1525/926 5484/1476/926
f 5460/1412/926 5481/1414/926 5482/1473/926
f 5450/1392/926 5484/1476/926 5483/1477/926
f 5476/1445/1073 5494/1478/1078 5495/1479/1078
f 5471/1452/923 5493/1451/923 5487/1480/923
f 5463/1482/923 5485/1524/923 5494/1483/923
f 5475/1485/1079 5496/1522/1078 5491/1486/1078
f 5470/1481/1070 5487/1480/1064 5488/1488/1064
f 5456/1393/926 5483/1477/926 5490/1490/926
f 5467/1492/923 5480/1564/923 5506/1493/923
f 5478/1487/1080 5506/1516/1075 5505/1447/1077
f 5439/1494/2507 5468/1519/1085 5504/1440/1057
f 5475/1385/926 5505/1438/926 5500/1400/926
f 5439/1495/926 5497/1417/926 5502/1402/926
f 5499/1399/923 5501/1403/923 5459/1405/923
f 5452/1404/1082 5498/1408/1061 5503/1407/1060
f 5458/1374/923 5438/1406/923 5498/1408/923
f 5449/1383/926 5500/1400/926 5502/1402/926
f 5440/1416/1084 5499/1399/1058 5504/1398/1057
f 5441/1498/926 5474/1565/926 5515/1499/926
f 5476/1484/923 5516/1453/923 5514/1455/923
f 5474/1501/1086 5473/1500/2621 5516/1515/1087
f 5464/1520/1065 5513/1427/1054 5509/1429/1068
f 5444/1394/923 5507/1396/923 5512/1390/923
f 5509/1410/926 5511/1391/926 5456/1393/926
f 5448/1433/1088 5507/1396/1055 5513/1395/1054
f 5453/1504/926 5441/1498/926 5508/1461/926
f 5451/1386/923 5510/1388/923 5512/1390/923
f 5442/1378/1089 5510/1388/1052 5514/1387/1051
f 5552/1376/1002 5538/1374/959 5520/1416/959
f 5546/1377/1004 5534/1389/920 5522/1378/920
f 5558/1380/923 5571/1521/923 5566/1381/923
f 5555/1385/926 5529/1383/926 5562/1473/926
f 5531/1386/1093 5543/1556/2622 5594/1387/1094
f 5590/1388/923 5522/1378/923 5534/1389/923
f 5591/1391/926 5588/1461/926 5530/1392/926
f 5524/1394/1096 5541/1557/2623 5593/1395/1097
f 5527/1397/1099 5550/1558/1113 5584/1398/1100
f 5580/1400/926 5517/1439/926 5537/1401/926
f 5581/1403/923 5578/1408/923 5532/1404/923
f 5518/1406/1102 5547/1559/2624 5583/1407/1103
f 5523/1409/926 5533/1504/926 5591/1391/926
f 5587/1396/923 5528/1433/923 5535/1411/923
f 5526/1506/926 5568/1413/926 5561/1414/926
f 5524/1394/920 5534/1389/920 5546/1377/1004
f 5520/1416/923 5538/1374/923 5581/1403/923
f 5577/1417/926 5526/1506/926 5540/1412/926
f 5525/1507/1106 5570/1419/1107 5569/1420/1107
f 5518/1406/959 5538/1374/959 5552/1376/1002
f 5541/1508/1105 5546/1423/1004 5533/1424/25
f 5535/1411/959 5545/1425/959 5543/1426/959
f 5593/1427/1097 5541/1509/2623 5523/1428/1110
f 5547/1432/1109 5517/1430/26 5559/1510/26
f 5528/1433/959 5544/1560/959 5545/1425/959
f 5546/1423/1004 5542/1511/1092 5521/1434/25
f 5517/1430/26 5547/1432/1109 5552/1435/1002
f 5549/1512/920 5551/1437/920 5539/1405/920
f 5585/1438/926 5559/1561/926 5517/1439/926
f 5577/1442/1112 5584/1440/1100 5550/1513/1113
f 5551/1437/920 5550/1562/920 5527/1397/920
f 5537/1436/26 5552/1435/1002 5548/1514/1091
f 5595/1444/1115 5596/1515/1115 5556/1445/1116
f 5586/1516/1118 5560/1448/2625 5559/1449/1119
f 5549/1450/923 5566/1523/923 5573/1451/923
f 5596/1453/923 5553/1563/923 5542/1454/923
f 5544/1418/923 5569/1420/923 5572/1457/923
f 5583/1458/923 5586/1493/923 5558/1380/923
f 5542/1511/1092 5553/1459/25 5554/1460/25
f 5588/1461/926 5595/1499/926 5557/1462/926
f 5569/1517/26 5570/1464/26 5563/1465/26
f 5561/1414/25 5568/1413/25 5567/1467/25
f 5572/1463/26 5563/1465/26 5564/1469/26
f 5562/1473/25 5561/1414/25 5573/1466/25
f 5565/1468/26 5564/1469/26 5575/1471/26
f 5566/1470/25 5571/1518/25 5576/1384/25
f 5543/1474/923 5545/1456/923 5572/1457/923
f 5557/1462/926 5575/1525/926 5564/1476/926
f 5529/1383/926 5540/1412/926 5561/1414/926
f 5536/1393/926 5530/1392/926 5564/1476/926
f 5556/1445/1116 5574/1478/1121 5575/1479/1121
f 5550/1481/923 5551/1452/923 5573/1451/923
f 5543/1482/923 5565/1524/923 5574/1483/923
f 5555/1485/1122 5576/1522/1121 5571/1486/1121
f 5550/1481/1113 5567/1480/1107 5568/1488/1107
f 5525/1491/926 5536/1393/926 5563/1477/926
f 5547/1492/923 5560/1564/923 5586/1493/923
f 5558/1487/1123 5586/1516/1118 5585/1447/1120
f 5519/1494/1124 5548/1519/1128 5584/1440/1100
f 5555/1385/926 5585/1438/926 5580/1400/926
f 5519/1495/926 5577/1417/926 5582/1402/926
f 5579/1399/923 5581/1403/923 5539/1405/923
f 5532/1404/1125 5578/1408/2508 5583/1407/1103
f 5538/1374/923 5518/1406/923 5578/1408/923
f 5529/1383/926 5580/1400/926 5582/1402/926
f 5520/1416/1127 5579/1399/1101 5584/1398/1100
f 5521/1498/926 5554/1565/926 5595/1499/926
f 5556/1484/923 5596/1453/923 5594/1455/923
f 5554/1501/1129 5553/1500/2626 5596/1515/1115
f 5544/1520/1108 5593/1427/1097 5589/1429/1111
f 5524/1394/923 5587/1396/923 5592/1390/923
f 5589/1410/926 5591/1391/926 5536/1393/926
f 5528/1433/1131 5587/1396/1098 5593/1395/1097
f 5533/1504/926 5521/1498/926 5588/1461/926
f 5531/1386/923 5590/1388/923 5592/1390/923
f 5522/1378/1132 5590/1388/1095 5594/1387/1094
f 5632/1376/1134 5618/1374/959 5600/1416/959
f 5626/1377/1136 5614/1389/920 5602/1378/920
f 5638/1380/923 5651/1521/923 5646/1381/923
f 5609/1383/926 5642/1473/926 5656/1384/926
f 5611/1386/1138 5623/1556/2627 5674/1387/1139
f 5670/1388/923 5602/1378/923 5614/1389/923
f 5671/1391/926 5668/1461/926 5610/1392/926
f 5604/1394/1141 5621/1557/2628 5673/1395/1142
f 5607/1397/1144 5630/1558/1158 5664/1398/1145
f 5660/1400/926 5597/1439/926 5617/1401/926
f 5661/1403/923 5658/1408/923 5612/1404/923
f 5598/1406/1147 5627/1559/2629 5663/1407/1148
f 5603/1409/926 5613/1504/926 5671/1391/926
f 5667/1396/923 5608/1433/923 5615/1411/923
f 5606/1506/926 5648/1413/926 5641/1414/926
f 5604/1394/920 5614/1389/920 5626/1377/1136
f 5600/1416/923 5618/1374/923 5661/1403/923
f 5657/1417/926 5606/1506/926 5620/1412/926
f 5605/1507/1151 5650/1419/2630 5649/1420/1152
f 5598/1406/959 5618/1374/959 5632/1376/1134
f 5621/1508/1150 5626/1423/1136 5613/1424/25
f 5615/1411/959 5625/1425/959 5623/1426/959
f 5673/1427/1142 5621/1509/2628 5603/1428/1155
f 5627/1432/1154 5597/1430/26 5639/1510/26
f 5608/1433/959 5624/1560/959 5625/1425/959
f 5626/1423/1136 5622/1511/1137 5601/1434/25
f 5597/1430/26 5627/1432/1154 5632/1435/1134
f 5629/1512/920 5631/1437/920 5619/1405/920
f 5665/1438/926 5639/1561/926 5597/1439/926
f 5657/1442/1157 5664/1440/1145 5630/1513/1158
f 5631/1437/920 5630/1562/920 5607/1397/920
f 5617/1436/26 5632/1435/1134 5628/1514/1135
f 5675/1444/1160 5676/1515/1175 5636/1445/1161
f 5666/1516/1163 5640/1448/2631 5639/1449/1164
f 5629/1450/923 5646/1523/923 5653/1451/923
f 5676/1453/923 5633/1563/923 5622/1454/923
f 5625/1456/923 5624/1418/923 5649/1420/923
f 5663/1458/923 5666/1493/923 5638/1380/923
f 5622/1511/1137 5633/1459/25 5634/1460/25
f 5668/1461/926 5675/1499/926 5637/1462/926
f 5649/1517/26 5650/1464/26 5643/1465/26
f 5641/1414/25 5648/1413/25 5647/1467/25
f 5652/1463/26 5643/1465/26 5644/1469/26
f 5642/1473/25 5641/1414/25 5653/1466/25
f 5645/1468/26 5644/1469/26 5655/1471/26
f 5646/1470/25 5651/1518/25 5656/1384/25
f 5625/1456/923 5652/1457/923 5645/1475/923
f 5637/1462/926 5655/1525/926 5644/1476/926
f 5620/1412/926 5641/1414/926 5642/1473/926
f 5610/1392/926 5644/1476/926 5643/1477/926
f 5636/1445/1161 5654/1478/1166 5655/1479/1166
f 5631/1452/923 5653/1451/923 5647/1480/923
f 5636/1484/923 5623/1482/923 5645/1524/923
f 5635/1485/1167 5656/1522/1166 5651/1486/1166
f 5630/1481/1158 5647/1480/1152 5648/1488/1152
f 5616/1393/926 5643/1477/926 5650/1490/926
f 5627/1492/923 5640/1564/923 5666/1493/923
f 5638/1487/1168 5666/1516/1163 5665/1447/1165
f 5599/1494/1169 5628/1519/1173 5664/1440/1145
f 5635/1385/926 5665/1438/926 5660/1400/926
f 5599/1495/926 5657/1417/926 5662/1402/926
f 5659/1399/923 5661/1403/923 5619/1405/923
f 5612/1404/1170 5658/1408/1149 5663/1407/1148
f 5618/1374/923 5598/1406/923 5658/1408/923
f 5609/1383/926 5660/1400/926 5662/1402/926
f 5600/1416/1172 5659/1399/1146 5664/1398/1145
f 5601/1498/926 5634/1565/926 5675/1499/926
f 5636/1484/923 5676/1453/923 5674/1455/923
f 5634/1501/1174 5633/1500/2632 5676/1515/1175
f 5624/1520/1153 5673/1427/1142 5669/1429/1156
f 5604/1394/923 5667/1396/923 5672/1390/923
f 5669/1410/926 5671/1391/926 5616/1393/926
f 5608/1433/1176 5667/1396/1143 5673/1395/1142
f 5613/1504/926 5601/1498/926 5668/1461/926
f 5611/1386/923 5670/1388/923 5672/1390/923
f 5602/1378/1177 5670/1388/1140 5674/1387/1139
f 5712/1376/1134 5698/1374/1179 5680/1416/1179
f 5706/1377/1136 5694/1389/1181 5682/1378/1181
f 5718/1380/923 5731/1521/923 5726/1381/923
f 5689/1383/926 5722/1473/926 5736/1384/926
f 5691/1386/1183 5703/1556/2633 5754/1387/1184
f 5750/1388/923 5682/1378/923 5694/1389/923
f 5751/1391/926 5748/1461/926 5690/1392/926
f 5684/1394/1186 5701/1557/2634 5753/1395/1187
f 5687/1397/1189 5710/1558/1203 5744/1398/1190
f 5740/1400/926 5677/1439/926 5697/1401/926
f 5741/1403/923 5738/1408/923 5692/1404/923
f 5678/1406/1192 5707/1559/2635 5743/1407/1193
f 5683/1409/926 5693/1504/926 5751/1391/926
f 5747/1396/923 5688/1433/923 5695/1411/923
f 5686/1506/926 5728/1413/926 5721/1414/926
f 5684/1394/1181 5694/1389/1181 5706/1377/1136
f 5680/1416/923 5698/1374/923 5741/1403/923
f 5737/1417/926 5686/1506/926 5700/1412/926
f 5685/1507/1196 5730/1419/1197 5729/1420/1197
f 5678/1406/1179 5698/1374/1179 5712/1376/1134
f 5701/1508/1195 5706/1423/1136 5693/1424/25
f 5695/1411/1179 5705/1425/1179 5703/1426/1179
f 5753/1427/1187 5701/1509/2634 5683/1428/1200
f 5707/1432/1199 5677/1430/26 5719/1510/26
f 5688/1433/1179 5704/1560/1179 5705/1425/1179
f 5706/1423/1136 5702/1511/1182 5681/1434/25
f 5677/1430/26 5707/1432/1199 5712/1435/1134
f 5709/1512/1181 5711/1437/1181 5699/1405/1181
f 5745/1438/926 5719/1561/926 5677/1439/926
f 5737/1442/1202 5744/1440/1190 5710/1513/1203
f 5711/1437/1181 5710/1562/920 5687/1397/1181
f 5697/1436/26 5712/1435/1134 5708/1514/1180
f 5755/1444/1205 5756/1515/1220 5716/1445/1206
f 5746/1516/1208 5720/1448/2636 5719/1449/1209
f 5711/1452/923 5709/1450/923 5726/1523/923
f 5756/1453/923 5713/1563/923 5702/1454/923
f 5705/1456/923 5704/1418/923 5729/1420/923
f 5743/1458/923 5746/1493/923 5718/1380/923
f 5702/1511/1182 5713/1459/25 5714/1460/25
f 5748/1461/926 5755/1499/926 5717/1462/926
f 5729/1517/26 5730/1464/26 5723/1465/26
f 5721/1414/25 5728/1413/25 5727/1467/25
f 5732/1463/26 5723/1465/26 5724/1469/26
f 5722/1473/25 5721/1414/25 5733/1466/25
f 5725/1468/26 5724/1469/26 5735/1471/26
f 5726/1470/25 5731/1518/25 5736/1384/25
f 5705/1456/923 5732/1457/923 5725/1475/923
f 5717/1462/926 5735/1525/926 5724/1476/926
f 5700/1412/926 5721/1414/926 5722/1473/926
f 5690/1392/926 5724/1476/926 5723/1477/926
f 5716/1445/1206 5734/1478/1211 5735/1479/1211
f 5711/1452/923 5733/1451/923 5727/1480/923
f 5716/1484/923 5703/1482/923 5725/1524/923
f 5715/1485/1212 5736/1522/1211 5731/1486/1211
f 5710/1481/1203 5727/1480/1197 5728/1488/1197
f 5696/1393/926 5723/1477/926 5730/1490/926
f 5707/1492/923 5720/1564/923 5746/1493/923
f 5718/1487/1213 5746/1516/1208 5745/1447/1210
f 5679/1494/1214 5708/1519/1218 5744/1440/1190
f 5715/1385/926 5745/1438/926 5740/1400/926
f 5679/1495/926 5737/1417/926 5742/1402/926
f 5739/1399/923 5741/1403/923 5699/1405/923
f 5692/1404/1215 5738/1408/1194 5743/1407/1193
f 5698/1374/923 5678/1406/923 5738/1408/923
f 5689/1383/926 5740/1400/926 5742/1402/926
f 5680/1416/1217 5739/1399/1191 5744/1398/1190
f 5681/1498/926 5714/1565/926 5755/1499/926
f 5716/1484/923 5756/1453/923 5754/1455/923
f 5714/1501/1219 5713/1500/2637 5756/1515/1220
f 5704/1520/1198 5753/1427/1187 5749/1429/1201
f 5684/1394/923 5747/1396/923 5752/1390/923
f 5749/1410/926 5751/1391/926 5696/1393/926
f 5688/1433/1221 5747/1396/1188 5753/1395/1187
f 5693/1504/926 5681/1498/926 5748/1461/926
f 5691/1386/923 5750/1388/923 5752/1390/923
f 5682/1378/1222 5750/1388/1185 5754/1387/1184
f 5792/1376/1224 5778/1374/2638 5760/1416/1179
f 5786/1377/1226 5774/1389/2639 5762/1378/1227
f 5789/1382/1229 5798/1380/1274 5811/1521/1230
f 5769/1383/1232 5802/1473/1278 5816/1384/1233
f 5771/1386/1235 5783/1556/2640 5834/1387/1236
f 5830/1388/1238 5762/1378/2641 5774/1389/1239
f 5831/1391/926 5828/1461/1275 5770/1392/1240
f 5764/1394/1241 5781/1557/2642 5833/1395/1242
f 5767/1397/1244 5790/1558/1263 5824/1398/1245
f 5820/1400/1247 5757/1439/1261 5777/1401/1248
f 5821/1403/923 5818/1408/1289 5772/1404/923
f 5758/1406/1249 5787/1559/2643 5823/1407/1250
f 5763/1409/926 5773/1504/1297 5831/1391/926
f 5827/1396/923 5768/1433/923 5775/1411/923
f 5766/1506/926 5808/1413/926 5801/1414/926
f 5764/1394/1181 5774/1389/2639 5786/1377/1226
f 5760/1416/923 5778/1374/1288 5821/1403/923
f 5817/1417/926 5766/1506/926 5780/1412/926
f 5765/1507/1253 5810/1419/1254 5809/1420/1254
f 5758/1406/1256 5778/1374/2638 5792/1376/1224
f 5781/1508/1252 5786/1423/1226 5773/1424/25
f 5775/1411/1179 5785/1425/1179 5783/1426/1179
f 5833/1427/1242 5781/1509/2642 5763/1428/1258
f 5787/1432/1257 5757/1430/26 5799/1510/26
f 5768/1433/1179 5784/1560/1179 5785/1425/1179
f 5786/1423/1226 5782/1511/1228 5761/1434/25
f 5757/1430/26 5787/1432/1257 5792/1435/1224
f 5789/1512/1181 5791/1437/1181 5779/1405/1181
f 5825/1438/1260 5799/1561/2644 5757/1439/1261
f 5817/1442/1262 5824/1440/1245 5790/1513/1263
f 5791/1437/1181 5790/1562/1181 5767/1397/1181
f 5777/1436/26 5792/1435/1224 5788/1514/1225
f 5835/1444/1265 5836/1515/2645 5796/1445/1266
f 5825/1447/1268 5826/1516/2646 5800/1448/1269
f 5789/1450/1229 5806/1523/1231 5813/1451/923
f 5836/1453/1271 5793/1563/2647 5782/1454/1272
f 5785/1456/923 5784/1418/923 5809/1420/923
f 5823/1458/1273 5826/1493/1284 5798/1380/1274
f 5782/1511/1228 5793/1459/25 5794/1460/25
f 5828/1461/1275 5835/1499/1293 5797/1462/1276
f 5809/1517/26 5810/1464/26 5803/1465/26
f 5801/1414/25 5808/1413/25 5807/1467/25
f 5812/1463/26 5803/1465/26 5804/1469/26
f 5802/1473/25 5801/1414/25 5813/1466/25
f 5805/1468/26 5804/1469/26 5815/1471/26
f 5806/1470/25 5811/1518/25 5816/1384/25
f 5785/1456/923 5812/1457/923 5805/1475/1231
f 5797/1462/1276 5815/1525/1233 5804/1476/1278
f 5780/1412/926 5801/1414/926 5802/1473/1278
f 5770/1392/1240 5804/1476/1278 5803/1477/926
f 5796/1445/1266 5814/1478/1279 5815/1479/1279
f 5790/1481/923 5791/1452/923 5813/1451/923
f 5783/1482/1277 5805/1524/1231 5814/1483/1230
f 5795/1485/1281 5816/1522/1279 5811/1486/1279
f 5790/1481/1263 5807/1480/1254 5808/1488/1254
f 5776/1393/926 5803/1477/926 5810/1490/926
f 5787/1492/1283 5800/1564/2648 5826/1493/1284
f 5798/1487/1282 5826/1516/2646 5825/1447/1268
f 5759/1494/1285 5788/1519/1291 5824/1440/1245
f 5795/1385/1234 5825/1438/1260 5820/1400/1247
f 5759/1495/926 5817/1417/926 5822/1402/926
f 5819/1399/923 5821/1403/923 5779/1405/923
f 5772/1404/1286 5818/1408/1251 5823/1407/1250
f 5778/1374/1288 5758/1406/2649 5818/1408/1289
f 5769/1383/1232 5820/1400/1247 5822/1402/926
f 5760/1416/1290 5819/1399/1246 5824/1398/1245
f 5761/1498/1292 5794/1565/2650 5835/1499/1293
f 5796/1484/1280 5836/1453/1271 5834/1455/1273
f 5793/1500/1294 5836/1515/2645 5835/1444/1265
f 5784/1520/1255 5833/1427/1242 5829/1429/1259
f 5764/1394/923 5827/1396/923 5832/1390/923
f 5829/1410/926 5831/1391/926 5776/1393/926
f 5768/1433/1296 5827/1396/2509 5833/1395/1242
f 5773/1504/1297 5761/1498/1292 5828/1461/1275
f 5771/1386/923 5830/1388/1238 5832/1390/923
f 5762/1378/1298 5830/1388/1237 5834/1387/1236
f 5872/1376/1300 5858/1374/2651 5840/1416/1301
f 5866/1377/1303 5854/1389/2652 5842/1378/1304
f 5878/1380/1306 5891/1521/1390 5886/1381/1307
f 5849/1383/1309 5882/1473/1387 5896/1384/1310
f 5851/1386/1312 5863/1556/2653 5914/1387/1313
f 5910/1388/1315 5842/1378/2654 5854/1389/1316
f 5911/1391/1318 5908/1461/1384 5850/1392/1319
f 5844/1394/1321 5861/1557/1357 5913/1395/1322
f 5847/1397/1324 5870/1558/1367 5904/1398/1325
f 5900/1400/1327 5837/1439/1365 5857/1401/1328
f 5901/1403/1330 5898/1408/1404 5852/1404/1331
f 5838/1406/1333 5867/1559/2655 5903/1407/1334
f 5843/1409/1336 5853/1504/1412 5911/1391/1318
f 5907/1396/1338 5848/1433/2656 5855/1411/1339
f 5846/1506/1340 5888/1413/1393 5881/1414/1341
f 5844/1394/1343 5854/1389/2652 5866/1377/1303
f 5840/1416/1345 5858/1374/1403 5901/1403/1330
f 5897/1417/1347 5846/1506/1340 5860/1412/1342
f 5845/1507/1348 5890/1419/1349 5889/1420/1349
f 5838/1406/2510 5858/1374/2651 5872/1376/1300
f 5861/1508/1344 5866/1423/1303 5853/1424/25
f 5855/1411/1353 5865/1425/1360 5863/1426/1354
f 5909/1429/1356 5913/1427/1322 5861/1509/1357
f 5837/1430/26 5879/1510/26 5880/1431/26
f 5848/1433/1359 5864/1560/2657 5865/1425/1360
f 5866/1423/1303 5862/1511/1305 5841/1434/25
f 5837/1430/26 5867/1432/1352 5872/1435/1300
f 5869/1512/1361 5871/1437/1369 5859/1405/1362
f 5905/1438/1364 5879/1561/2658 5837/1439/1365
f 5897/1442/1366 5904/1440/1325 5870/1513/1367
f 5871/1437/1369 5870/1562/2659 5847/1397/1370
f 5857/1436/26 5872/1435/1300 5868/1514/1302
f 5915/1444/2511 5916/1515/1409 5876/1445/1372
f 5906/1516/1374 5880/1448/2660 5879/1449/1375
f 5871/1452/1377 5869/1450/1308 5886/1523/1307
f 5916/1453/1379 5873/1563/2661 5862/1454/1380
f 5865/1456/1377 5864/1418/1382 5889/1420/1382
f 5903/1458/1383 5906/1493/1396 5878/1380/1306
f 5841/1434/25 5862/1511/1305 5873/1459/25
f 5908/1461/1384 5915/1499/1407 5877/1462/1385
f 5889/1517/26 5890/1464/26 5883/1465/26
f 5881/1414/25 5888/1413/25 5887/1467/25
f 5892/1463/26 5883/1465/26 5884/1469/26
f 5882/1473/25 5881/1414/25 5893/1466/25
f 5884/1469/26 5895/1471/26 5894/1472/26
f 5882/1473/25 5886/1470/25 5891/1518/25
f 5865/1456/1377 5892/1457/1377 5885/1475/1307
f 5877/1462/1385 5895/1525/1310 5884/1476/1387
f 5860/1412/1342 5881/1414/1341 5882/1473/1387
f 5850/1392/1319 5884/1476/1387 5883/1477/1341
f 5876/1445/1372 5894/1478/1388 5895/1479/1388
f 5870/1481/1382 5871/1452/1377 5893/1451/1378
f 5876/1484/1389 5863/1482/1386 5885/1524/1307
f 5875/1485/1391 5896/1522/1388 5891/1486/1388
f 5870/1481/1367 5887/1480/1349 5888/1488/1349
f 5856/1393/1320 5883/1477/1341 5890/1490/1393
f 5867/1492/1395 5880/1564/2662 5906/1493/1396
f 5878/1487/1392 5906/1516/1374 5905/1447/1376
f 5868/1519/1397 5904/1440/1325 5897/1442/1366
f 5875/1385/1311 5905/1438/1364 5900/1400/1327
f 5839/1495/1399 5897/1417/1347 5902/1402/1329
f 5899/1399/1346 5901/1403/1330 5859/1405/1332
f 5852/1404/1401 5898/1408/1335 5903/1407/1334
f 5858/1374/1403 5838/1406/2663 5898/1408/1404
f 5849/1383/1309 5900/1400/1327 5902/1402/1329
f 5840/1416/1405 5899/1399/1326 5904/1398/1325
f 5841/1498/1406 5874/1565/2664 5915/1499/1407
f 5876/1484/1389 5916/1453/1379 5914/1455/1381
f 5874/1501/1408 5873/1500/2665 5916/1515/1409
f 5864/1520/1350 5913/1427/1322 5909/1429/1356
f 5844/1394/1410 5907/1396/1338 5912/1390/1317
f 5909/1410/1337 5911/1391/1318 5856/1393/1320
f 5848/1433/1411 5907/1396/1323 5913/1395/1322
f 5853/1504/1412 5841/1498/1406 5908/1461/1384
f 5851/1386/1413 5910/1388/1315 5912/1390/1317
f 5842/1378/1414 5910/1388/1314 5914/1387/1313
f 5938/1374/1416 5920/1416/2666 5948/1375/1417
f 5946/1377/1419 5934/1389/1460 5922/1378/1420
f 5958/1380/1422 5971/1521/1503 5966/1381/1423
f 5929/1383/1425 5962/1473/1499 5976/1384/1426
f 5931/1386/1428 5943/1556/2667 5994/1387/1429
f 5990/1388/1431 5922/1378/2668 5934/1389/1432
f 5991/1391/1434 5988/1461/1496 5930/1392/1435
f 5924/1394/1437 5941/1557/2669 5993/1395/1438
f 5927/1397/1440 5950/1558/1506 5984/1398/1441
f 5980/1400/1443 5917/1439/1480 5937/1401/1444
f 5981/1403/1446 5978/1408/1518 5932/1404/1447
f 5918/1406/1449 5947/1559/2670 5983/1407/1450
f 5923/1409/1452 5933/1504/1527 5991/1391/1434
f 5987/1396/1454 5928/1433/2671 5935/1411/1455
f 5926/1506/1456 5968/1413/1507 5961/1414/1457
f 5941/1415/1459 5924/1394/2672 5934/1389/1460
f 5920/1416/1461 5938/1374/1517 5981/1403/1446
f 5977/1417/1463 5926/1506/1456 5940/1412/1458
f 5925/1507/1464 5970/1419/1465 5969/1420/1465
f 5918/1406/1467 5938/1374/1416 5952/1376/1418
f 5923/1422/25 5941/1508/1459 5946/1423/1419
f 5931/1386/1469 5935/1411/1475 5945/1425/1470
f 5993/1427/1438 5941/1509/2669 5923/1428/1472
f 5947/1432/1468 5917/1430/26 5959/1510/26
f 5928/1433/1474 5944/1560/2673 5945/1425/1470
f 5933/1424/25 5946/1423/1419 5942/1511/1421
f 5947/1432/1468 5952/1435/1418 5937/1436/26
f 5932/1404/1476 5949/1512/2674 5951/1437/1477
f 5985/1438/1479 5959/1561/2675 5917/1439/1480
f 5984/1440/1441 5950/1513/1506 5926/1441/1481
f 5951/1437/1477 5950/1562/2780 5927/1397/1483
f 5952/1435/1418 5948/1514/1417 5919/1443/26
f 5996/1515/1484 5956/1445/1500 5957/1446/1485
f 5985/1447/1487 5986/1516/1511 5960/1448/1488
f 5951/1452/1490 5949/1450/1424 5966/1523/1423
f 5996/1453/1491 5953/1563/2677 5942/1454/1492
f 5945/1456/1490 5944/1418/1494 5969/1420/1494
f 5983/1458/1495 5986/1493/1510 5958/1380/1422
f 5942/1511/1421 5953/1459/25 5954/1460/25
f 5988/1461/1496 5995/1499/1522 5957/1462/1497
f 5969/1517/26 5970/1464/26 5963/1465/26
f 5961/1414/25 5968/1413/25 5967/1467/25
f 5965/1468/26 5972/1463/26 5963/1465/26
f 5966/1470/25 5962/1473/25 5961/1414/25
f 5965/1468/26 5964/1469/26 5975/1471/26
f 5966/1470/25 5971/1518/25 5976/1384/25
f 5945/1456/1490 5972/1457/1490 5965/1475/1423
f 5957/1462/1497 5975/1525/1426 5964/1476/1499
f 5940/1412/1458 5961/1414/1457 5962/1473/1499
f 5930/1392/1435 5964/1476/1499 5963/1477/1457
f 5956/1445/1500 5974/1478/1501 5975/1479/1501
f 5951/1452/1490 5973/1451/1490 5967/1480/1494
f 5956/1484/1502 5943/1482/1498 5965/1524/1423
f 5955/1485/1504 5976/1522/1501 5971/1486/1501
f 5950/1481/1506 5967/1480/1465 5968/1488/1465
f 5936/1393/1436 5963/1477/1457 5970/1490/1507
f 5947/1492/1509 5960/1564/2678 5986/1493/1510
f 5955/1485/1504 5958/1487/1505 5986/1516/1511
f 5919/1494/1512 5948/1519/1520 5984/1440/1441
f 5955/1385/1427 5985/1438/1479 5980/1400/1443
f 5919/1495/1513 5977/1417/1463 5982/1402/2512
f 5979/1399/1462 5981/1403/1446 5939/1405/1448
f 5932/1404/1515 5978/1408/1451 5983/1407/1450
f 5938/1374/1517 5918/1406/2679 5978/1408/1518
f 5929/1383/1425 5980/1400/1443 5982/1402/2512
f 5920/1416/1519 5979/1399/1442 5984/1398/1441
f 5921/1498/1521 5954/1565/2680 5995/1499/1522
f 5956/1484/1502 5996/1453/1491 5994/1455/1493
f 5953/1500/1523 5996/1515/1484 5995/1444/1486
f 5925/1502/1464 5944/1520/1466 5993/1427/1438
f 5924/1394/1525 5987/1396/1454 5992/1390/1433
f 5989/1410/1453 5991/1391/1434 5936/1393/1436
f 5928/1433/1526 5987/1396/1439 5993/1395/1438
f 5933/1504/1527 5921/1498/1521 5988/1461/1496
f 5931/1386/1528 5990/1388/1431 5992/1390/1433
f 5922/1378/1529 5990/1388/1430 5994/1387/1429
f 6032/1376/1531 6018/1374/2681 6000/1416/1532
f 6026/1377/1534 6014/1389/2682 6002/1378/1535
f 6038/1380/1537 6051/1521/1617 6046/1381/1538
f 6009/1383/1540 6042/1473/1615 6056/1384/1541
f 6011/1386/1543 6023/1556/2683 6074/1387/1544
f 6070/1388/1546 6002/1378/2684 6014/1389/1547
f 6071/1391/1549 6068/1461/1612 6010/1392/1550
f 6004/1394/1552 6021/1557/1588 6073/1395/1553
f 6007/1397/1555 6030/1558/2515 6064/1398/1556
f 6060/1400/1558 5997/1439/1596 6017/1401/1559
f 6061/1403/1561 6058/1408/1632 6012/1404/1562
f 5998/1406/1564 6027/1559/2685 6063/1407/1565
f 6003/1409/1567 6013/1504/1640 6071/1391/1549
f 6067/1396/1569 6008/1433/2686 6015/1411/1570
f 6006/1506/1571 6048/1413/1621 6041/1414/1572
f 6004/1394/1574 6014/1389/2682 6026/1377/1534
f 6000/1416/1576 6018/1374/1631 6061/1403/1561
f 6057/1417/1578 6006/1506/1571 6020/1412/1573
f 6005/1507/1579 6050/1419/1580 6049/1420/1580
f 5998/1406/1582 6018/1374/2681 6032/1376/1531
f 6021/1508/1575 6026/1423/1534 6013/1424/25
f 6011/1386/1584 6015/1411/2513 6025/1425/1585
f 6069/1429/1587 6073/1427/1553 6021/1509/1588
f 5997/1430/26 6039/1510/26 6040/1431/26
f 6008/1433/1590 6024/1560/2687 6025/1425/1585
f 6026/1423/1534 6022/1511/1536 6001/1434/25
f 5997/1430/26 6027/1432/1583 6032/1435/1531
f 6012/1404/1592 6029/1512/2688 6031/1437/1593
f 6065/1438/1595 6039/1561/2689 5997/1439/1596
f 6064/1440/1556 6030/1513/2515 6006/1441/1597
f 6031/1437/1593 6030/1562/2690 6007/1397/1599
f 6017/1436/26 6032/1435/1531 6028/1514/1533
f 6075/1444/1600 6076/1515/2691 6036/1445/1601
f 6065/1447/1603 6066/1516/2692 6040/1448/2514
f 6029/1450/1539 6046/1523/1538 6053/1451/1606
f 6076/1453/1607 6033/1563/2693 6022/1454/1608
f 6024/1418/1610 6049/1420/1610 6052/1457/1606
f 6063/1458/1611 6066/1493/1624 6038/1380/1537
f 6001/1434/25 6022/1511/1536 6033/1459/25
f 6068/1461/1612 6075/1499/1635 6037/1462/1613
f 6052/1463/26 6049/1517/26 6050/1464/26
f 6053/1466/25 6041/1414/25 6048/1413/25
f 6052/1463/26 6043/1465/26 6044/1469/26
f 6042/1473/25 6041/1414/25 6053/1466/25
f 6044/1469/26 6055/1471/26 6054/1472/26
f 6042/1473/25 6046/1470/25 6051/1518/25
f 6023/1474/1614 6025/1456/1606 6052/1457/1606
f 6037/1462/1613 6055/1525/1541 6044/1476/1615
f 6020/1412/1573 6041/1414/1572 6042/1473/1615
f 6010/1392/1550 6044/1476/1615 6043/1477/1572
f 6036/1445/1601 6054/1478/1616 6055/1479/1616
f 6030/1481/1610 6031/1452/1606 6053/1451/1606
f 6023/1482/1614 6045/1524/1538 6054/1483/1617
f 6035/1485/1619 6056/1522/1616 6051/1486/1616
f 6030/1481/2515 6047/1480/1580 6048/1488/1580
f 6016/1393/1551 6043/1477/1572 6050/1490/1621
f 6027/1492/1623 6040/1564/2694 6066/1493/1624
f 6038/1487/1620 6066/1516/2692 6065/1447/1603
f 6028/1519/1625 6064/1440/1556 6057/1442/1598
f 6035/1385/1542 6065/1438/1595 6060/1400/1558
f 5999/1495/1627 6057/1417/1578 6062/1402/1560
f 6059/1399/1577 6061/1403/1561 6019/1405/1563
f 6012/1404/1629 6058/1408/1566 6063/1407/1565
f 6018/1374/1631 5998/1406/2695 6058/1408/1632
f 6009/1383/1540 6060/1400/1558 6062/1402/1560
f 6000/1416/1633 6059/1399/1557 6064/1398/1556
f 6001/1498/1634 6034/1565/2696 6075/1499/1635
f 6036/1484/1618 6076/1453/1607 6074/1455/1609
f 6033/1500/1636 6076/1515/2691 6075/1444/1600
f 6005/1502/1579 6024/1520/1581 6073/1427/1553
f 6004/1394/1638 6067/1396/1569 6072/1390/1548
f 6069/1410/1568 6071/1391/1549 6016/1393/1551
f 6008/1433/1639 6067/1396/1554 6073/1395/1553
f 6013/1504/1640 6001/1498/1634 6068/1461/1612
f 6011/1386/1641 6070/1388/1546 6072/1390/1548
f 6002/1378/1642 6070/1388/1545 6074/1387/1544
f 6112/1376/1644 6098/1374/2697 6080/1416/1645
f 6106/1377/1647 6094/1389/2698 6082/1378/1648
f 6118/1380/1650 6131/1521/1730 6126/1381/1651
f 6089/1383/1653 6122/1473/1727 6136/1384/1654
f 6091/1386/1656 6103/1556/2699 6154/1387/1657
f 6150/1388/1659 6082/1378/2700 6094/1389/1660
f 6151/1391/1662 6148/1461/1724 6090/1392/1663
f 6084/1394/1665 6101/1557/2701 6153/1395/1666
f 6087/1397/1668 6110/1558/1709 6144/1398/1669
f 6140/1400/1671 6077/1439/1707 6097/1401/1672
f 6141/1403/1674 6138/1408/1743 6092/1404/1675
f 6078/1406/1677 6107/1559/2702 6143/1407/1678
f 6083/1409/1680 6093/1504/1751 6151/1391/1662
f 6147/1396/1682 6088/1433/2703 6095/1411/1683
f 6100/1412/1684 6086/1506/2704 6128/1413/1685
f 6084/1394/1687 6094/1389/2698 6106/1377/1647
f 6080/1416/1689 6098/1374/1742 6141/1403/1674
f 6137/1417/1691 6086/1506/2704 6100/1412/1684
f 6085/1507/1692 6130/1419/1693 6129/1420/1693
f 6078/1406/1695 6098/1374/2697 6112/1376/1644
f 6083/1422/25 6101/1508/1688 6106/1423/1647
f 6091/1386/2516 6095/1411/1702 6105/1425/1698
f 6153/1427/1666 6101/1509/2701 6083/1428/1699
f 6107/1432/1696 6077/1430/26 6119/1510/26
f 6088/1433/1701 6104/1560/2705 6105/1425/1698
f 6093/1424/25 6106/1423/1647 6102/1511/1649
f 6107/1432/1696 6112/1435/1644 6097/1436/26
f 6092/1404/2517 6109/1512/1703 6111/1437/1704
f 6145/1438/1706 6119/1561/2706 6077/1439/1707
f 6137/1442/1708 6144/1440/1669 6110/1513/1709
f 6111/1437/1704 6110/1562/2707 6087/1397/1711
f 6112/1435/1644 6108/1514/1646 6079/1443/26
f 6156/1515/1712 6116/1445/1728 6117/1446/1713
f 6146/1516/1715 6120/1448/2708 6119/1449/1716
f 6111/1452/1718 6109/1450/1652 6126/1523/1651
f 6156/1453/1719 6113/1563/2709 6102/1454/1720
f 6104/1418/1722 6129/1420/1722 6132/1457/1718
f 6143/1458/1723 6146/1493/1736 6118/1380/1650
f 6102/1511/1649 6113/1459/25 6114/1460/25
f 6148/1461/1724 6155/1499/1747 6117/1462/1725
f 6129/1517/26 6130/1464/26 6123/1465/26
f 6121/1414/25 6128/1413/25 6127/1467/25
f 6125/1468/26 6132/1463/26 6123/1465/26
f 6126/1470/25 6122/1473/25 6121/1414/25
f 6125/1468/26 6124/1469/26 6135/1471/26
f 6126/1470/25 6131/1518/25 6136/1384/25
f 6105/1456/1718 6132/1457/1718 6125/1475/1651
f 6117/1462/1725 6135/1525/1654 6124/1476/1727
f 6100/1412/1684 6121/1414/1686 6122/1473/1727
f 6090/1392/1663 6124/1476/1727 6123/1477/1686
f 6116/1445/1728 6134/1478/1729 6135/1479/1729
f 6111/1452/1718 6133/1451/1718 6127/1480/1722
f 6103/1482/1726 6125/1524/1651 6134/1483/1730
f 6115/1485/1732 6136/1522/1729 6131/1486/1729
f 6110/1481/1709 6127/1480/1693 6128/1488/1693
f 6096/1393/1664 6123/1477/1686 6130/1490/2518
f 6107/1492/1735 6120/1564/2710 6146/1493/1736
f 6115/1485/1732 6118/1487/1733 6146/1516/1715
f 6079/1494/1737 6108/1519/1745 6144/1440/1669
f 6115/1385/1655 6145/1438/1706 6140/1400/1671
f 6079/1495/1738 6137/1417/1691 6142/1402/1673
f 6139/1399/1690 6141/1403/1674 6099/1405/1676
f 6092/1404/1740 6138/1408/1679 6143/1407/1678
f 6098/1374/1742 6078/1406/2711 6138/1408/1743
f 6089/1383/1653 6140/1400/1671 6142/1402/1673
f 6080/1416/1744 6139/1399/1670 6144/1398/1669
f 6081/1498/1746 6114/1565/2712 6155/1499/1747
f 6116/1484/1731 6156/1453/1719 6154/1455/1721
f 6114/1501/1748 6113/1500/2713 6156/1515/1712
f 6104/1520/1694 6153/1427/1666 6149/1429/1700
f 6084/1394/1749 6147/1396/1682 6152/1390/1661
f 6149/1410/1681 6151/1391/1662 6096/1393/1664
f 6088/1433/1750 6147/1396/1667 6153/1395/1666
f 6093/1504/1751 6081/1498/1746 6148/1461/1724
f 6091/1386/1752 6150/1388/1659 6152/1390/1661
f 6082/1378/1753 6150/1388/1658 6154/1387/1657
f 6178/1374/1755 6160/1416/2714 6188/1375/1756
f 6186/1377/1758 6174/1389/1794 6162/1378/1759
f 6198/1380/3 6211/1521/3 6206/1381/1761
f 6169/1383/1763 6202/1473/1825 6216/1384/21
f 6171/1386/1764 6183/1556/2715 6234/1387/1765
f 6230/1388/1767 6162/1378/1767 6174/1389/1768
f 6231/1391/1770 6228/1461/21 6170/1392/1771
f 6164/1394/1773 6181/1557/1807 6233/1395/1774
f 6167/1397/1776 6190/1558/1830 6224/1398/1777
f 6220/1400/21 6157/1439/21 6177/1401/1779
f 6221/1403/1769 6218/1408/1767 6172/1404/1781
f 6158/1406/1783 6187/1559/2716 6223/1407/1784
f 6163/1409/1786 6173/1504/1846 6231/1391/1770
f 6227/1396/1788 6168/1433/2717 6175/1411/1789
f 6180/1412/1792 6166/1506/1790 6208/1413/1831
f 6181/1415/1793 6164/1394/2718 6174/1389/1794
f 6160/1416/1795 6178/1374/1840 6221/1403/1769
f 6217/1417/1797 6166/1506/1790 6180/1412/1792
f 6165/1507/1798 6210/1419/1799 6209/1420/1799
f 6158/1406/1801 6178/1374/1755 6192/1376/1757
f 6163/1422/25 6181/1508/1793 6186/1423/1758
f 6171/1386/1803 6175/1411/1810 6185/1425/1804
f 6229/1429/1806 6233/1427/1774 6181/1509/1807
f 6157/1430/26 6199/1510/26 6200/1431/26
f 6168/1433/1809 6184/1560/2719 6185/1425/1804
f 6173/1424/25 6186/1423/1758 6182/1511/1760
f 6187/1432/1802 6192/1435/1757 6177/1436/26
f 6172/1404/1811 6189/1512/2720 6191/1437/1812
f 6225/1438/21 6199/1561/21 6157/1439/21
f 6224/1440/1777 6190/1513/1830 6166/1441/1814
f 6191/1437/1812 6190/1562/2721 6167/1397/1816
f 6192/1435/1757 6188/1514/1756 6159/1443/26
f 6236/1515/1817 6196/1445/1826 6197/1446/1818
f 6225/1447/1820 6226/1516/1833 6200/1448/1821
f 6189/1450/1762 6206/1523/1761 6213/1451/1823
f 6236/1453/3 6193/1563/3 6182/1454/3
f 6184/1418/1824 6209/1420/1824 6212/1457/1823
f 6223/1458/3 6226/1493/3 6198/1380/3
f 6161/1434/25 6182/1511/1760 6193/1459/25
f 6228/1461/21 6235/1499/21 6197/1462/21
f 6212/1463/26 6209/1517/26 6210/1464/26
f 6213/1466/25 6201/1414/25 6208/1413/25
f 6205/1468/26 6212/1463/26 6203/1465/26
f 6206/1470/25 6202/1473/25 6201/1414/25
f 6204/1469/26 6215/1471/26 6214/1472/26
f 6202/1473/25 6206/1470/25 6211/1518/25
f 6185/1456/1823 6212/1457/1823 6205/1475/1761
f 6197/1462/21 6215/1525/21 6204/1476/1825
f 6180/1412/1792 6201/1414/1791 6202/1473/1825
f 6170/1392/1771 6204/1476/1825 6203/1477/1791
f 6196/1445/1826 6214/1478/1827 6215/1479/1827
f 6191/1452/1823 6213/1451/1823 6207/1480/1824
f 6183/1482/1762 6205/1524/1761 6214/1483/3
f 6195/1485/1828 6216/1522/1827 6211/1486/1827
f 6190/1481/1830 6207/1480/1799 6208/1488/1799
f 6176/1393/1772 6203/1477/1791 6210/1490/1831
f 6187/1492/3 6200/1564/3 6226/1493/3
f 6195/1485/1828 6198/1487/1829 6226/1516/1833
f 6188/1519/1834 6224/1440/1777 6217/1442/1815
f 6195/1385/21 6225/1438/21 6220/1400/21
f 6159/1495/1836 6217/1417/1797 6222/1402/1780
f 6219/1399/1796 6221/1403/1769 6179/1405/1782
f 6172/1404/1838 6218/1408/1785 6223/1407/1784
f 6178/1374/1840 6158/1406/1767 6218/1408/1767
f 6169/1383/1763 6220/1400/21 6222/1402/1780
f 6160/1416/1841 6219/1399/1778 6224/1398/1777
f 6161/1498/21 6194/1565/21 6235/1499/21
f 6196/1484/3 6236/1453/3 6234/1455/3
f 6193/1500/1842 6236/1515/1817 6235/1444/1819
f 6165/1502/1798 6184/1520/1800 6233/1427/1774
f 6164/1394/1844 6227/1396/1788 6232/1390/1769
f 6229/1410/1787 6231/1391/1770 6176/1393/1772
f 6168/1433/1845 6227/1396/1775 6233/1395/1774
f 6173/1504/1846 6161/1498/21 6228/1461/21
f 6171/1386/1847 6230/1388/1767 6232/1390/1769
f 6162/1378/1848 6230/1388/2519 6234/1387/1765
f 6258/1374/1801 6240/1416/1801 6268/1375/1850
f 6266/1377/1852 6254/1389/1759 6242/1378/1759
f 6278/1380/3 6291/1521/3 6286/1381/3
f 6249/1383/21 6282/1473/21 6296/1384/21
f 6251/1386/1854 6263/1556/2722 6314/1387/1855
f 6310/1388/1767 6242/1378/1767 6254/1389/1767
f 6311/1391/21 6308/1461/21 6250/1392/21
f 6244/1394/1857 6261/1557/1872 6313/1395/1858
f 6247/1397/1860 6270/1558/1885 6304/1398/1861
f 6300/1400/21 6237/1439/21 6257/1401/21
f 6301/1403/1767 6298/1408/1767 6252/1404/1767
f 6238/1406/1863 6267/1559/2723 6303/1407/1864
f 6243/1409/21 6253/1504/21 6311/1391/21
f 6307/1396/1767 6248/1433/1767 6255/1411/1767
f 6260/1412/21 6246/1506/21 6288/1413/21
f 6261/1415/1866 6244/1394/1759 6254/1389/1759
f 6240/1416/1767 6258/1374/1767 6301/1403/1767
f 6297/1417/21 6246/1506/21 6260/1412/21
f 6245/1507/1867 6290/1419/1868 6289/1420/1868
f 6238/1406/1801 6258/1374/1801 6272/1376/1851
f 6243/1422/25 6261/1508/1866 6266/1423/1852
f 6251/1386/1801 6255/1411/1801 6265/1425/1801
f 6309/1429/1871 6313/1427/1858 6261/1509/1872
f 6237/1430/26 6279/1510/26 6280/1431/26
f 6248/1433/1801 6264/1560/1801 6265/1425/1801
f 6253/1424/25 6266/1423/1852 6262/1511/1853
f 6267/1432/1870 6272/1435/1851 6257/1436/26
f 6252/1404/1759 6269/1512/1759 6271/1437/1759
f 6305/1438/21 6279/1561/21 6237/1439/21
f 6304/1440/1861 6270/1513/1885 6246/1441/1874
f 6271/1437/1759 6270/1562/1759 6247/1397/1759
f 6272/1435/1851 6268/1514/1850 6239/1443/26
f 6316/1515/1876 6276/1445/1882 6277/1446/1877
f 6305/1447/1879 6306/1516/1887 6280/1448/1880
f 6269/1450/3 6286/1523/3 6293/1451/3
f 6316/1453/3 6273/1563/3 6262/1454/3
f 6264/1418/3 6289/1420/3 6292/1457/3
f 6303/1458/3 6306/1493/3 6278/1380/3
f 6241/1434/25 6262/1511/1853 6273/1459/25
f 6308/1461/21 6315/1499/21 6277/1462/21
f 6292/1463/26 6289/1517/26 6290/1464/26
f 6293/1466/25 6281/1414/25 6288/1413/25
f 6285/1468/26 6292/1463/26 6283/1465/26
f 6286/1470/25 6282/1473/25 6281/1414/25
f 6284/1469/26 6295/1471/26 6294/1472/26
f 6282/1473/25 6286/1470/25 6291/1518/25
f 6265/1456/3 6292/1457/3 6285/1475/3
f 6250/1392/21 6277/1462/21 6295/1525/21
f 6260/1412/21 6281/1414/21 6282/1473/21
f 6250/1392/21 6284/1476/21 6283/1477/21
f 6276/1445/1882 6294/1478/1883 6295/1479/1883
f 6271/1452/3 6293/1451/3 6287/1480/3
f 6263/1482/3 6285/1524/3 6294/1483/3
f 6275/1485/2520 6296/1522/1883 6291/1486/1883
f 6270/1481/1885 6287/1480/1868 6288/1488/1868
f 6256/1393/21 6283/1477/21 6290/1490/21
f 6267/1492/3 6280/1564/3 6306/1493/3
f 6275/1485/2520 6278/1487/2521 6306/1516/1887
f 6268/1519/1888 6304/1440/1861 6297/1442/1875
f 6275/1385/21 6305/1438/21 6300/1400/21
f 6239/1495/21 6297/1417/21 6302/1402/21
f 6299/1399/1767 6301/1403/1767 6259/1405/1767
f 6252/1404/1890 6298/1408/1865 6303/1407/1864
f 6258/1374/1767 6238/1406/1767 6298/1408/1767
f 6249/1383/21 6300/1400/21 6302/1402/21
f 6240/1416/1892 6299/1399/1862 6304/1398/1861
f 6241/1498/21 6274/1565/21 6315/1499/21
f 6276/1484/3 6316/1453/3 6314/1455/3
f 6273/1500/1893 6316/1515/1876 6315/1444/1878
f 6245/1502/1867 6264/1520/1869 6313/1427/1858
f 6244/1394/1767 6307/1396/1767 6312/1390/1767
f 6309/1410/21 6311/1391/21 6256/1393/21
f 6248/1433/1895 6307/1396/1859 6313/1395/1858
f 6253/1504/21 6241/1498/21 6308/1461/21
f 6251/1386/1767 6310/1388/1767 6312/1390/1767
f 6242/1378/1896 6310/1388/1856 6314/1387/1855
f 6338/1374/1898 6320/1416/1898 6348/1375/1899
f 6346/1377/1901 6334/1389/1902 6322/1378/1902
f 6358/1380/3 6371/1521/3 6366/1381/3
f 6329/1383/21 6362/1473/21 6376/1384/21
f 6331/1386/1904 6343/1556/2724 6394/1387/1905
f 6390/1388/1767 6322/1378/1767 6334/1389/1767
f 6391/1391/21 6388/1461/21 6330/1392/21
f 6324/1394/1907 6341/1557/1922 6393/1395/1908
f 6327/1397/1910 6350/1558/1936 6384/1398/1911
f 6380/1400/21 6317/1439/21 6337/1401/21
f 6381/1403/1767 6378/1408/1767 6332/1404/1767
f 6318/1406/1913 6347/1559/2725 6383/1407/1914
f 6323/1409/21 6333/1504/21 6391/1391/21
f 6387/1396/1767 6328/1433/1767 6335/1411/1767
f 6326/1506/21 6368/1413/21 6361/1414/21
f 6341/1415/1916 6324/1394/1902 6334/1389/1902
f 6320/1416/1767 6338/1374/1767 6381/1403/1767
f 6377/1417/21 6326/1506/21 6340/1412/21
f 6325/1507/1917 6370/1419/1918 6369/1420/1918
f 6318/1406/1898 6338/1374/1898 6352/1376/1900
f 6323/1422/25 6341/1508/1916 6346/1423/1901
f 6331/1386/1898 6335/1411/1898 6345/1425/1898
f 6389/1429/1921 6393/1427/1908 6341/1509/1922
f 6317/1430/26 6359/1510/26 6360/1431/26
f 6328/1433/1801 6344/1560/1801 6345/1425/1898
f 6333/1424/25 6346/1423/1901 6342/1511/1903
f 6347/1432/1920 6352/1435/1900 6337/1436/26
f 6332/1404/1902 6349/1512/1902 6351/1437/1902
f 6385/1438/21 6359/1561/21 6317/1439/21
f 6384/1440/1911 6350/1513/1936 6326/1441/1924
f 6351/1437/1902 6350/1562/1759 6327/1397/1759
f 6352/1435/1900 6348/1514/1899 6319/1443/26
f 6396/1515/1926 6356/1445/1932 6357/1446/1927
f 6385/1447/1929 6386/1516/1937 6360/1448/1930
f 6349/1450/3 6366/1523/3 6373/1451/3
f 6396/1453/3 6353/1563/3 6342/1454/3
f 6344/1418/3 6369/1420/3 6372/1457/3
f 6383/1458/3 6386/1493/3 6358/1380/3
f 6321/1434/25 6342/1511/1903 6353/1459/25
f 6388/1461/21 6395/1499/21 6357/1462/21
f 6372/1463/26 6369/1517/26 6370/1464/26
f 6373/1466/25 6361/1414/25 6368/1413/25
f 6365/1468/26 6372/1463/26 6363/1465/26
f 6366/1470/25 6362/1473/25 6361/1414/25
f 6364/1469/26 6375/1471/26 6374/1472/26
f 6362/1473/25 6366/1470/25 6371/1518/25
f 6345/1456/3 6372/1457/3 6365/1475/3
f 6357/1462/21 6375/1525/21 6364/1476/21
f 6340/1412/21 6361/1414/21 6362/1473/21
f 6336/1393/21 6330/1392/21 6364/1476/21
f 6356/1445/1932 6374/1478/1933 6375/1479/1933
f 6351/1452/3 6373/1451/3 6367/1480/3
f 6343/1482/3 6365/1524/3 6374/1483/3
f 6355/1485/1934 6376/1522/1933 6371/1486/1933
f 6350/1481/1936 6367/1480/1918 6368/1488/1918
f 6336/1393/21 6363/1477/21 6370/1490/21
f 6347/1492/3 6360/1564/3 6386/1493/3
f 6355/1485/1934 6358/1487/1935 6386/1516/1937
f 6348/1519/1938 6384/1440/1911 6377/1442/1925
f 6355/1385/21 6385/1438/21 6380/1400/21
f 6319/1495/21 6377/1417/21 6382/1402/21
f 6379/1399/1767 6381/1403/1767 6339/1405/1767
f 6332/1404/1940 6378/1408/1915 6383/1407/1914
f 6338/1374/1767 6318/1406/1767 6378/1408/1767
f 6329/1383/21 6380/1400/21 6382/1402/21
f 6320/1416/1942 6379/1399/1912 6384/1398/1911
f 6321/1498/21 6354/1565/21 6395/1499/21
f 6356/1484/3 6396/1453/3 6394/1455/3
f 6353/1500/1943 6396/1515/1926 6395/1444/1928
f 6325/1502/1917 6344/1520/1919 6393/1427/1908
f 6324/1394/1767 6387/1396/1767 6392/1390/1767
f 6389/1410/21 6391/1391/21 6336/1393/21
f 6328/1433/1945 6387/1396/1909 6393/1395/1908
f 6333/1504/21 6321/1498/21 6388/1461/21
f 6331/1386/1767 6390/1388/1767 6392/1390/1767
f 6322/1378/1946 6390/1388/1906 6394/1387/1905
f 6418/1374/1898 6400/1416/1898 6428/1375/1948
f 6426/1377/1901 6414/1389/1902 6402/1378/1902
f 6438/1380/3 6451/1521/3 6446/1381/3
f 6435/1385/21 6409/1383/21 6442/1473/21
f 6411/1386/1950 6423/1556/2726 6474/1387/1951
f 6470/1388/1767 6402/1378/1767 6414/1389/1767
f 6471/1391/21 6468/1461/21 6410/1392/21
f 6404/1394/1953 6421/1557/1968 6473/1395/1954
f 6407/1397/1956 6430/1558/1982 6464/1398/1957
f 6460/1400/21 6397/1439/21 6417/1401/21
f 6461/1403/1767 6458/1408/1767 6412/1404/1767
f 6398/1406/1959 6427/1559/2727 6463/1407/1960
f 6403/1409/21 6413/1504/21 6471/1391/21
f 6467/1396/1767 6408/1433/1767 6415/1411/1767
f 6406/1506/21 6448/1413/21 6441/1414/21
f 6421/1415/1962 6404/1394/1902 6414/1389/1902
f 6400/1416/1767 6418/1374/1767 6461/1403/1767
f 6457/1417/21 6406/1506/21 6420/1412/21
f 6405/1507/1963 6450/1419/1964 6449/1420/1964
f 6398/1406/1898 6418/1374/1898 6432/1376/1900
f 6403/1422/25 6421/1508/1962 6426/1423/1901
f 6411/1386/1898 6415/1411/1898 6425/1425/1898
f 6469/1429/1967 6473/1427/1954 6421/1509/1968
f 6397/1430/26 6439/1510/26 6440/1431/26
f 6408/1433/1898 6424/1560/1898 6425/1425/1898
f 6413/1424/25 6426/1423/1901 6422/1511/1949
f 6427/1432/1966 6432/1435/1900 6417/1436/26
f 6412/1404/1902 6429/1512/1902 6431/1437/1902
f 6465/1438/21 6439/1561/21 6397/1439/21
f 6464/1440/1957 6430/1513/1982 6406/1441/1970
f 6431/1437/1902 6430/1562/1902 6407/1397/1902
f 6432/1435/1900 6428/1514/1948 6399/1443/26
f 6476/1515/1972 6436/1445/1978 6437/1446/1973
f 6465/1447/1975 6466/1516/1983 6440/1448/1976
f 6429/1450/3 6446/1523/3 6453/1451/3
f 6476/1453/3 6433/1563/3 6422/1454/3
f 6424/1418/3 6449/1420/3 6452/1457/3
f 6463/1458/3 6466/1493/3 6438/1380/3
f 6401/1434/25 6422/1511/1949 6433/1459/25
f 6468/1461/21 6475/1499/21 6437/1462/21
f 6452/1463/26 6449/1517/26 6450/1464/26
f 6453/1466/25 6441/1414/25 6448/1413/25
f 6445/1468/26 6452/1463/26 6443/1465/26
f 6446/1470/25 6442/1473/25 6441/1414/25
f 6444/1469/26 6455/1471/26 6454/1472/26
f 6442/1473/25 6446/1470/25 6451/1518/25
f 6425/1456/3 6452/1457/3 6445/1475/3
f 6437/1462/21 6455/1525/21 6444/1476/21
f 6420/1412/21 6441/1414/21 6442/1473/21
f 6410/1392/21 6444/1476/21 6443/1477/21
f 6436/1445/1978 6454/1478/1979 6455/1479/1979
f 6431/1452/3 6453/1451/3 6447/1480/3
f 6423/1482/3 6445/1524/3 6454/1483/3
f 6435/1485/1980 6456/1522/1979 6451/1486/1979
f 6430/1481/1982 6447/1480/1964 6448/1488/1964
f 6405/1491/21 6416/1393/21 6443/1477/21
f 6427/1492/3 6440/1564/3 6466/1493/3
f 6435/1485/1980 6438/1487/1981 6466/1516/1983
f 6428/1519/1984 6464/1440/1957 6457/1442/1971
f 6435/1385/21 6465/1438/21 6460/1400/21
f 6399/1495/21 6457/1417/21 6462/1402/21
f 6459/1399/1767 6461/1403/1767 6419/1405/1767
f 6412/1404/1986 6458/1408/1961 6463/1407/1960
f 6418/1374/1767 6398/1406/1767 6458/1408/1767
f 6409/1383/21 6460/1400/21 6462/1402/21
f 6400/1416/1988 6459/1399/1958 6464/1398/1957
f 6401/1498/21 6434/1565/21 6475/1499/21
f 6436/1484/3 6476/1453/3 6474/1455/3
f 6433/1500/1989 6476/1515/1972 6475/1444/1974
f 6405/1502/1963 6424/1520/1965 6473/1427/1954
f 6404/1394/1767 6467/1396/1767 6472/1390/1767
f 6469/1410/21 6471/1391/21 6416/1393/21
f 6408/1433/1991 6467/1396/1955 6473/1395/1954
f 6413/1504/21 6401/1498/21 6468/1461/21
f 6411/1386/1767 6470/1388/1767 6472/1390/1767
f 6402/1378/1992 6470/1388/1952 6474/1387/1951
f 6498/1374/1898 6480/1416/1898 6508/1375/1994
f 6506/1377/1901 6494/1389/1902 6482/1378/1902
f 6509/1382/3 6518/1380/3 6531/1521/3
f 6489/1383/21 6522/1473/21 6536/1384/21
f 6491/1386/1996 6503/1556/2728 6554/1387/1997
f 6550/1388/3 6482/1378/3 6494/1389/3
f 6551/1391/21 6548/1461/21 6490/1392/21
f 6484/1394/1999 6501/1557/2014 6553/1395/2000
f 6487/1397/2002 6510/1558/2028 6544/1398/2003
f 6540/1400/21 6477/1439/21 6497/1401/21
f 6541/1403/3 6538/1408/3 6492/1404/3
f 6478/1406/2005 6507/1559/2729 6543/1407/2006
f 6483/1409/21 6493/1504/21 6551/1391/21
f 6547/1396/3 6488/1433/3 6495/1411/3
f 6500/1412/21 6486/1506/21 6528/1413/21
f 6501/1415/2008 6484/1394/1902 6494/1389/1902
f 6480/1416/3 6498/1374/3 6541/1403/3
f 6537/1417/21 6486/1506/21 6500/1412/21
f 6485/1507/2009 6530/1419/2010 6529/1420/2010
f 6478/1406/1898 6498/1374/1898 6512/1376/1900
f 6483/1422/25 6501/1508/2008 6506/1423/1901
f 6491/1386/1898 6495/1411/1898 6505/1425/1898
f 6549/1429/2013 6553/1427/2000 6501/1509/2014
f 6477/1430/26 6519/1510/26 6520/1431/26
f 6488/1433/1898 6504/1560/1898 6505/1425/1898
f 6493/1424/25 6506/1423/1901 6502/1511/1995
f 6507/1432/2012 6512/1435/1900 6497/1436/26
f 6492/1404/1902 6509/1512/1902 6511/1437/1902
f 6545/1438/21 6519/1561/21 6477/1439/21
f 6544/1440/2003 6510/1513/2028 6486/1441/2016
f 6511/1437/1902 6510/1562/1902 6487/1397/1902
f 6512/1435/1900 6508/1514/1994 6479/1443/26
f 6556/1515/2018 6516/1445/2024 6517/1446/2019
f 6545/1447/2021 6546/1516/2029 6520/1448/2022
f 6509/1450/3 6526/1523/3 6533/1451/3
f 6556/1453/3 6513/1563/3 6502/1454/3
f 6504/1418/3 6529/1420/3 6532/1457/3
f 6543/1458/3 6546/1493/3 6518/1380/3
f 6481/1434/25 6502/1511/1995 6513/1459/25
f 6548/1461/21 6555/1499/21 6517/1462/21
f 6532/1463/26 6529/1517/26 6530/1464/26
f 6533/1466/25 6521/1414/25 6528/1413/25
f 6525/1468/26 6532/1463/26 6523/1465/26
f 6526/1470/25 6522/1473/25 6521/1414/25
f 6524/1469/26 6535/1471/26 6534/1472/26
f 6522/1473/25 6526/1470/25 6531/1518/25
f 6505/1456/3 6532/1457/3 6525/1475/3
f 6517/1462/21 6535/1525/21 6524/1476/21
f 6500/1412/21 6521/1414/21 6522/1473/21
f 6490/1392/21 6524/1476/21 6523/1477/21
f 6516/1445/2024 6534/1478/2025 6535/1479/2025
f 6511/1452/3 6533/1451/3 6527/1480/3
f 6503/1482/3 6525/1524/3 6534/1483/3
f 6515/1485/2026 6536/1522/2025 6531/1486/2025
f 6510/1481/2028 6527/1480/2010 6528/1488/2010
f 6496/1393/21 6523/1477/21 6530/1490/21
f 6507/1492/3 6520/1564/3 6546/1493/3
f 6515/1485/2026 6518/1487/2027 6546/1516/2029
f 6508/1519/2030 6544/1440/2003 6537/1442/2017
f 6515/1385/21 6545/1438/21 6540/1400/21
f 6479/1495/21 6537/1417/21 6542/1402/21
f 6539/1399/3 6541/1403/3 6499/1405/3
f 6492/1404/2032 6538/1408/2007 6543/1407/2006
f 6498/1374/3 6478/1406/3 6538/1408/3
f 6489/1383/21 6540/1400/21 6542/1402/21
f 6480/1416/2034 6539/1399/2004 6544/1398/2003
f 6481/1498/21 6514/1565/21 6555/1499/21
f 6516/1484/3 6556/1453/3 6554/1455/3
f 6513/1500/2035 6556/1515/2018 6555/1444/2020
f 6485/1502/2009 6504/1520/2011 6553/1427/2000
f 6484/1394/3 6547/1396/3 6552/1390/3
f 6549/1410/21 6551/1391/21 6496/1393/21
f 6488/1433/2037 6547/1396/2001 6553/1395/2000
f 6493/1504/21 6481/1498/21 6548/1461/21
f 6491/1386/3 6550/1388/3 6552/1390/3
f 6482/1378/2038 6550/1388/1998 6554/1387/1997
f 6578/1374/2040 6560/1416/2040 6588/1375/2041
f 6586/1377/1901 6574/1389/2042 6562/1378/2042
f 6598/1380/3 6611/1521/3 6606/1381/3
f 6569/1383/21 6602/1473/21 6616/1384/21
f 6571/1386/2044 6583/1556/2730 6634/1387/2045
f 6630/1388/3 6562/1378/3 6574/1389/3
f 6631/1391/21 6628/1461/21 6570/1392/21
f 6564/1394/2047 6581/1557/2062 6633/1395/2048
f 6567/1397/2050 6590/1558/2076 6624/1398/2051
f 6620/1400/21 6557/1439/21 6577/1401/21
f 6621/1403/3 6618/1408/3 6572/1404/3
f 6558/1406/2053 6587/1559/2731 6623/1407/2054
f 6563/1409/21 6573/1504/21 6631/1391/21
f 6627/1396/3 6568/1433/3 6575/1411/3
f 6566/1506/21 6608/1413/21 6601/1414/21
f 6581/1415/2056 6564/1394/2042 6574/1389/2042
f 6560/1416/3 6578/1374/3 6621/1403/3
f 6617/1417/21 6566/1506/21 6580/1412/21
f 6565/1507/2057 6610/1419/2058 6609/1420/2058
f 6558/1406/2040 6578/1374/2040 6592/1376/1900
f 6563/1422/25 6581/1508/2056 6586/1423/1901
f 6571/1386/2040 6575/1411/2040 6585/1425/2040
f 6629/1429/2061 6633/1427/2048 6581/1509/2062
f 6557/1430/26 6599/1510/26 6600/1431/26
f 6568/1433/2040 6584/1560/1898 6585/1425/2040
f 6573/1424/25 6586/1423/1901 6582/1511/2043
f 6587/1432/2060 6592/1435/1900 6577/1436/26
f 6572/1404/2042 6589/1512/2042 6591/1437/2042
f 6625/1438/21 6599/1561/21 6557/1439/21
f 6624/1440/2051 6590/1513/2076 6566/1441/2064
f 6591/1437/2042 6590/1562/1902 6567/1397/2042
f 6592/1435/1900 6588/1514/2041 6559/1443/26
f 6636/1515/2066 6596/1445/2072 6597/1446/2067
f 6625/1447/2069 6626/1516/2077 6600/1448/2070
f 6589/1450/3 6606/1523/3 6613/1451/3
f 6636/1453/3 6593/1563/3 6582/1454/3
f 6585/1456/3 6584/1418/3 6609/1420/3
f 6623/1458/3 6626/1493/3 6598/1380/3
f 6561/1434/25 6582/1511/2043 6593/1459/25
f 6628/1461/21 6635/1499/21 6597/1462/21
f 6612/1463/26 6609/1517/26 6610/1464/26
f 6613/1466/25 6601/1414/25 6608/1413/25
f 6605/1468/26 6612/1463/26 6603/1465/26
f 6606/1470/25 6602/1473/25 6601/1414/25
f 6604/1469/26 6615/1471/26 6614/1472/26
f 6602/1473/25 6606/1470/25 6611/1518/25
f 6585/1456/3 6612/1457/3 6605/1475/3
f 6570/1392/21 6597/1462/21 6615/1525/21
f 6580/1412/21 6601/1414/21 6602/1473/21
f 6570/1392/21 6604/1476/21 6603/1477/21
f 6596/1445/2072 6614/1478/2073 6615/1479/2073
f 6591/1452/3 6613/1451/3 6607/1480/3
f 6583/1482/3 6605/1524/3 6614/1483/3
f 6595/1485/2074 6616/1522/2073 6611/1486/2073
f 6590/1481/2076 6607/1480/2058 6608/1488/2058
f 6576/1393/21 6603/1477/21 6610/1490/21
f 6587/1492/3 6600/1564/3 6626/1493/3
f 6595/1485/2074 6598/1487/2075 6626/1516/2077
f 6588/1519/2078 6624/1440/2051 6617/1442/2065
f 6595/1385/21 6625/1438/21 6620/1400/21
f 6559/1495/21 6617/1417/21 6622/1402/21
f 6619/1399/3 6621/1403/3 6579/1405/3
f 6572/1404/2080 6618/1408/2055 6623/1407/2054
f 6578/1374/3 6558/1406/3 6618/1408/3
f 6569/1383/21 6620/1400/21 6622/1402/21
f 6560/1416/2082 6619/1399/2052 6624/1398/2051
f 6561/1498/21 6594/1565/21 6635/1499/21
f 6596/1484/3 6636/1453/3 6634/1455/3
f 6593/1500/2083 6636/1515/2066 6635/1444/2068
f 6565/1502/2057 6584/1520/2059 6633/1427/2048
f 6564/1394/3 6627/1396/3 6632/1390/3
f 6629/1410/21 6631/1391/21 6576/1393/21
f 6568/1433/2085 6627/1396/2049 6633/1395/2048
f 6573/1504/21 6561/1498/21 6628/1461/21
f 6571/1386/3 6630/1388/3 6632/1390/3
f 6562/1378/2522 6630/1388/2046 6634/1387/2045
f 6658/1374/2040 6640/1416/2040 6668/1375/2088
f 6666/1377/1901 6654/1389/2042 6642/1378/2042
f 6678/1380/3 6691/1521/3 6686/1381/3
f 6649/1383/21 6682/1473/21 6696/1384/21
f 6651/1386/2090 6663/1556/2732 6714/1387/2091
f 6710/1388/3 6642/1378/3 6654/1389/3
f 6711/1391/21 6708/1461/21 6650/1392/21
f 6644/1394/2093 6661/1557/2108 6713/1395/2094
f 6647/1397/2096 6670/1558/2121 6704/1398/2097
f 6700/1400/21 6637/1439/21 6657/1401/21
f 6701/1403/3 6698/1408/3 6652/1404/3
f 6638/1406/2099 6667/1559/2733 6703/1407/2100
f 6643/1409/21 6653/1504/21 6711/1391/21
f 6707/1396/3 6648/1433/3 6655/1411/3
f 6646/1506/21 6688/1413/21 6681/1414/21
f 6661/1415/2102 6644/1394/2042 6654/1389/2042
f 6640/1416/3 6658/1374/3 6701/1403/3
f 6697/1417/21 6646/1506/21 6660/1412/21
f 6645/1507/2103 6690/1419/2104 6689/1420/2104
f 6638/1406/2040 6658/1374/2040 6672/1376/1900
f 6643/1422/25 6661/1508/2102 6666/1423/1901
f 6651/1386/2040 6655/1411/2040 6665/1425/2040
f 6709/1429/2107 6713/1427/2094 6661/1509/2108
f 6667/1432/2106 6637/1430/26 6679/1510/26
f 6648/1433/2040 6664/1560/2040 6665/1425/2040
f 6653/1424/25 6666/1423/1901 6662/1511/2089
f 6667/1432/2106 6672/1435/1900 6657/1436/26
f 6652/1404/2042 6669/1512/2042 6671/1437/2042
f 6705/1438/21 6679/1561/21 6637/1439/21
f 6704/1440/2097 6670/1513/2121 6646/1441/2110
f 6671/1437/2042 6670/1562/2042 6647/1397/2042
f 6672/1435/1900 6668/1514/2088 6639/1443/26
f 6715/1444/2112 6716/1515/2128 6676/1445/2113
f 6706/1516/2115 6680/1448/2734 6679/1449/2116
f 6671/1452/3 6669/1450/3 6686/1523/3
f 6716/1453/3 6673/1563/3 6662/1454/3
f 6664/1418/3 6689/1420/3 6692/1457/3
f 6703/1458/3 6706/1493/3 6678/1380/3
f 6662/1511/2089 6673/1459/25 6674/1460/25
f 6708/1461/21 6715/1499/21 6677/1462/21
f 6692/1463/26 6689/1517/26 6690/1464/26
f 6693/1466/25 6681/1414/25 6688/1413/25
f 6685/1468/26 6692/1463/26 6683/1465/26
f 6686/1470/25 6682/1473/25 6681/1414/25
f 6684/1469/26 6695/1471/26 6694/1472/26
f 6682/1473/25 6686/1470/25 6691/1518/25
f 6665/1456/3 6692/1457/3 6685/1475/3
f 6677/1462/21 6695/1525/21 6684/1476/21
f 6660/1412/21 6681/1414/21 6682/1473/21
f 6656/1393/21 6650/1392/21 6684/1476/21
f 6676/1445/2113 6694/1478/2118 6695/1479/2118
f 6670/1481/3 6671/1452/3 6693/1451/3
f 6676/1484/3 6663/1482/3 6685/1524/3
f 6675/1485/2119 6696/1522/2118 6691/1486/2118
f 6670/1481/2121 6687/1480/2104 6688/1488/2104
f 6656/1393/21 6683/1477/21 6690/1490/21
f 6667/1492/3 6680/1564/3 6706/1493/3
f 6678/1487/2120 6706/1516/2115 6705/1447/2117
f 6668/1519/2122 6704/1440/2097 6697/1442/2111
f 6675/1385/21 6705/1438/21 6700/1400/21
f 6639/1495/21 6697/1417/21 6702/1402/21
f 6699/1399/3 6701/1403/3 6659/1405/3
f 6652/1404/2124 6698/1408/2101 6703/1407/2100
f 6658/1374/3 6638/1406/3 6698/1408/3
f 6649/1383/21 6700/1400/21 6702/1402/21
f 6640/1416/2126 6699/1399/2098 6704/1398/2097
f 6641/1498/21 6674/1565/21 6715/1499/21
f 6676/1484/3 6716/1453/3 6714/1455/3
f 6674/1501/2127 6673/1500/2735 6716/1515/2128
f 6645/1502/2103 6664/1520/2105 6713/1427/2094
f 6644/1394/3 6707/1396/3 6712/1390/3
f 6709/1410/21 6711/1391/21 6656/1393/21
f 6648/1433/2129 6707/1396/2095 6713/1395/2094
f 6653/1504/21 6641/1498/21 6708/1461/21
f 6651/1386/3 6710/1388/3 6712/1390/3
f 6642/1378/2130 6710/1388/2092 6714/1387/2091
f 6752/1376/1900 6738/1374/2040 6720/1416/2040
f 6746/1377/1901 6734/1389/2042 6722/1378/2042
f 6758/1380/3 6771/1521/3 6766/1381/3
f 6729/1383/21 6762/1473/21 6776/1384/21
f 6731/1386/2134 6743/1556/2736 6794/1387/2135
f 6790/1388/3 6722/1378/3 6734/1389/3
f 6791/1391/21 6788/1461/21 6730/1392/21
f 6724/1394/2137 6741/1557/2737 6793/1395/2138
f 6727/1397/2140 6750/1558/2154 6784/1398/2141
f 6780/1400/21 6717/1439/21 6737/1401/21
f 6781/1403/3 6778/1408/3 6732/1404/3
f 6718/1406/2143 6747/1559/2738 6783/1407/2144
f 6723/1409/21 6733/1504/21 6791/1391/21
f 6787/1396/3 6728/1433/3 6735/1411/3
f 6726/1506/21 6768/1413/21 6761/1414/21
f 6724/1394/2042 6734/1389/2042 6746/1377/1901
f 6720/1416/3 6738/1374/3 6781/1403/3
f 6777/1417/21 6726/1506/21 6740/1412/21
f 6725/1507/2147 6770/1419/2148 6769/1420/2148
f 6718/1406/2040 6738/1374/2040 6752/1376/1900
f 6741/1508/2146 6746/1423/1901 6733/1424/25
f 6735/1411/2040 6745/1425/2040 6743/1426/2040
f 6793/1427/2138 6741/1509/2737 6723/1428/2151
f 6747/1432/2150 6717/1430/26 6759/1510/26
f 6728/1433/2040 6744/1560/2040 6745/1425/2040
f 6746/1423/1901 6742/1511/2133 6721/1434/25
f 6717/1430/26 6747/1432/2150 6752/1435/1900
f 6749/1512/2042 6751/1437/2042 6739/1405/2042
f 6785/1438/21 6759/1561/21 6717/1439/21
f 6777/1442/2153 6784/1440/2141 6750/1513/2154
f 6751/1437/2042 6750/1562/2042 6727/1397/2042
f 6737/1436/26 6752/1435/1900 6748/1514/2132
f 6795/1444/2156 6796/1515/2171 6756/1445/2157
f 6786/1516/2159 6760/1448/2739 6759/1449/2160
f 6749/1450/3 6766/1523/3 6773/1451/3
f 6796/1453/3 6753/1563/3 6742/1454/3
f 6744/1418/3 6769/1420/3 6772/1457/3
f 6783/1458/3 6786/1493/3 6758/1380/3
f 6742/1511/2133 6753/1459/25 6754/1460/25
f 6788/1461/21 6795/1499/21 6757/1462/21
f 6769/1517/26 6770/1464/26 6763/1465/26
f 6761/1414/25 6768/1413/25 6767/1467/25
f 6772/1463/26 6763/1465/26 6764/1469/26
f 6762/1473/25 6761/1414/25 6773/1466/25
f 6765/1468/26 6764/1469/26 6775/1471/26
f 6766/1470/25 6771/1518/25 6776/1384/25
f 6745/1456/3 6772/1457/3 6765/1475/3
f 6757/1462/21 6775/1525/21 6764/1476/21
f 6729/1383/21 6740/1412/21 6761/1414/21
f 6730/1392/21 6764/1476/21 6763/1477/21
f 6756/1445/2157 6774/1478/2162 6775/1479/2162
f 6751/1452/3 6773/1451/3 6767/1480/3
f 6743/1482/3 6765/1524/3 6774/1483/3
f 6755/1485/2163 6776/1522/2162 6771/1486/2162
f 6750/1481/2154 6767/1480/2148 6768/1488/2148
f 6725/1491/21 6736/1393/21 6763/1477/21
f 6747/1492/3 6760/1564/3 6786/1493/3
f 6758/1487/2164 6786/1516/2159 6785/1447/2161
f 6719/1494/2165 6748/1519/2169 6784/1440/2141
f 6755/1385/21 6785/1438/21 6780/1400/21
f 6719/1495/21 6777/1417/21 6782/1402/21
f 6779/1399/3 6781/1403/3 6739/1405/3
f 6732/1404/2166 6778/1408/2145 6783/1407/2144
f 6738/1374/3 6718/1406/3 6778/1408/3
f 6729/1383/21 6780/1400/21 6782/1402/21
f 6720/1416/2168 6779/1399/2142 6784/1398/2141
f 6721/1498/21 6754/1565/21 6795/1499/21
f 6756/1484/3 6796/1453/3 6794/1455/3
f 6754/1501/2170 6753/1500/2740 6796/1515/2171
f 6744/1520/2149 6793/1427/2138 6789/1429/2152
f 6724/1394/3 6787/1396/3 6792/1390/3
f 6789/1410/21 6791/1391/21 6736/1393/21
f 6728/1433/2172 6787/1396/2139 6793/1395/2138
f 6733/1504/21 6721/1498/21 6788/1461/21
f 6731/1386/3 6790/1388/3 6792/1390/3
f 6722/1378/2173 6790/1388/2136 6794/1387/2135
f 6832/1376/1900 6818/1374/2040 6800/1416/2040
f 6826/1377/1901 6814/1389/2042 6802/1378/1902
f 6838/1380/3 6851/1521/3 6846/1381/3
f 6809/1383/21 6842/1473/21 6856/1384/21
f 6811/1386/2177 6823/1556/2741 6874/1387/2178
f 6870/1388/3 6802/1378/3 6814/1389/3
f 6871/1391/21 6868/1461/21 6810/1392/21
f 6804/1394/2180 6821/1557/2742 6873/1395/2181
f 6807/1397/2183 6830/1558/2197 6864/1398/2184
f 6860/1400/21 6797/1439/21 6817/1401/21
f 6861/1403/3 6858/1408/3 6812/1404/3
f 6798/1406/2186 6827/1559/2743 6863/1407/2187
f 6803/1409/21 6813/1504/21 6871/1391/21
f 6867/1396/3 6808/1433/3 6815/1411/3
f 6806/1506/21 6848/1413/21 6841/1414/21
f 6804/1394/2042 6814/1389/2042 6826/1377/1901
f 6800/1416/3 6818/1374/3 6861/1403/3
f 6857/1417/21 6806/1506/21 6820/1412/21
f 6805/1507/2190 6850/1419/2191 6849/1420/2191
f 6798/1406/1898 6818/1374/2040 6832/1376/1900
f 6821/1508/2189 6826/1423/1901 6813/1424/25
f 6815/1411/2040 6825/1425/2040 6823/1426/2040
f 6873/1427/2181 6821/1509/2742 6803/1428/2194
f 6827/1432/2193 6797/1430/26 6839/1510/26
f 6808/1433/2040 6824/1560/2040 6825/1425/2040
f 6826/1423/1901 6822/1511/2176 6801/1434/25
f 6797/1430/26 6827/1432/2193 6832/1435/1900
f 6829/1512/2042 6831/1437/2042 6819/1405/2042
f 6865/1438/21 6839/1561/21 6797/1439/21
f 6857/1442/2196 6864/1440/2184 6830/1513/2197
f 6831/1437/2042 6830/1562/2042 6807/1397/2042
f 6817/1436/26 6832/1435/1900 6828/1514/2175
f 6875/1444/2199 6876/1515/2214 6836/1445/2200
f 6866/1516/2202 6840/1448/2744 6839/1449/2203
f 6829/1450/3 6846/1523/3 6853/1451/3
f 6876/1453/3 6833/1563/3 6822/1454/3
f 6824/1418/3 6849/1420/3 6852/1457/3
f 6863/1458/3 6866/1493/3 6838/1380/3
f 6822/1511/2176 6833/1459/25 6834/1460/25
f 6868/1461/21 6875/1499/21 6837/1462/21
f 6849/1517/26 6850/1464/26 6843/1465/26
f 6841/1414/25 6848/1413/25 6847/1467/25
f 6852/1463/26 6843/1465/26 6844/1469/26
f 6842/1473/25 6841/1414/25 6853/1466/25
f 6845/1468/26 6844/1469/26 6855/1471/26
f 6846/1470/25 6851/1518/25 6856/1384/25
f 6823/1474/3 6825/1456/3 6852/1457/3
f 6837/1462/21 6855/1525/21 6844/1476/21
f 6820/1412/21 6841/1414/21 6842/1473/21
f 6810/1392/21 6844/1476/21 6843/1477/21
f 6836/1445/2200 6854/1478/2205 6855/1479/2205
f 6831/1452/3 6853/1451/3 6847/1480/3
f 6836/1484/3 6823/1482/3 6845/1524/3
f 6835/1485/2206 6856/1522/2205 6851/1486/2205
f 6830/1481/2197 6847/1480/2191 6848/1488/2191
f 6816/1393/21 6843/1477/21 6850/1490/21
f 6827/1492/3 6840/1564/3 6866/1493/3
f 6838/1487/2207 6866/1516/2202 6865/1447/2204
f 6799/1494/2208 6828/1519/2212 6864/1440/2184
f 6835/1385/21 6865/1438/21 6860/1400/21
f 6799/1495/21 6857/1417/21 6862/1402/21
f 6859/1399/3 6861/1403/3 6819/1405/3
f 6812/1404/2209 6858/1408/2188 6863/1407/2187
f 6818/1374/3 6798/1406/3 6858/1408/3
f 6809/1383/21 6860/1400/21 6862/1402/21
f 6800/1416/2211 6859/1399/2185 6864/1398/2184
f 6801/1498/21 6834/1565/21 6875/1499/21
f 6836/1484/3 6876/1453/3 6874/1455/3
f 6834/1501/2213 6833/1500/2745 6876/1515/2214
f 6824/1520/2192 6873/1427/2181 6869/1429/2195
f 6804/1394/3 6867/1396/3 6872/1390/3
f 6869/1410/21 6871/1391/21 6816/1393/21
f 6808/1433/2215 6867/1396/2182 6873/1395/2181
f 6813/1504/21 6801/1498/21 6868/1461/21
f 6811/1386/3 6870/1388/3 6872/1390/3
f 6802/1378/2216 6870/1388/2179 6874/1387/2178
f 6912/1376/1900 6898/1374/1898 6880/1416/1898
f 6906/1377/1901 6894/1389/1902 6882/1378/1902
f 6918/1380/3 6931/1521/3 6926/1381/3
f 6889/1383/21 6922/1473/21 6936/1384/21
f 6891/1386/2220 6903/1556/2746 6954/1387/2221
f 6950/1388/3 6882/1378/3 6894/1389/3
f 6951/1391/21 6948/1461/21 6890/1392/21
f 6884/1394/2223 6901/1557/2747 6953/1395/2224
f 6887/1397/2226 6910/1558/2240 6944/1398/2227
f 6940/1400/21 6877/1439/21 6897/1401/21
f 6941/1403/3 6938/1408/3 6892/1404/3
f 6878/1406/2229 6907/1559/2748 6943/1407/2230
f 6883/1409/21 6893/1504/21 6951/1391/21
f 6947/1396/3 6888/1433/3 6895/1411/3
f 6900/1412/21 6886/1506/21 6928/1413/21
f 6884/1394/1902 6894/1389/1902 6906/1377/1901
f 6880/1416/3 6898/1374/3 6941/1403/3
f 6937/1417/21 6886/1506/21 6900/1412/21
f 6885/1507/2233 6930/1419/2234 6929/1420/2234
f 6878/1406/1898 6898/1374/1898 6912/1376/1900
f 6901/1508/2232 6906/1423/1901 6893/1424/25
f 6895/1411/1898 6905/1425/1898 6903/1426/1898
f 6953/1427/2224 6901/1509/2747 6883/1428/2237
f 6907/1432/2236 6877/1430/26 6919/1510/26
f 6888/1433/1898 6904/1560/1898 6905/1425/1898
f 6906/1423/1901 6902/1511/2219 6881/1434/25
f 6877/1430/26 6907/1432/2236 6912/1435/1900
f 6909/1512/1902 6911/1437/1902 6899/1405/1902
f 6945/1438/21 6919/1561/21 6877/1439/21
f 6937/1442/2239 6944/1440/2227 6910/1513/2240
f 6911/1437/1902 6910/1562/1902 6887/1397/1902
f 6897/1436/26 6912/1435/1900 6908/1514/2218
f 6955/1444/2242 6956/1515/2257 6916/1445/2243
f 6946/1516/2245 6920/1448/2749 6919/1449/2523
f 6909/1450/3 6926/1523/3 6933/1451/3
f 6956/1453/3 6913/1563/3 6902/1454/3
f 6904/1418/3 6929/1420/3 6932/1457/3
f 6943/1458/3 6946/1493/3 6918/1380/3
f 6902/1511/2219 6913/1459/25 6914/1460/25
f 6948/1461/21 6955/1499/21 6917/1462/21
f 6929/1517/26 6930/1464/26 6923/1465/26
f 6921/1414/25 6928/1413/25 6927/1467/25
f 6932/1463/26 6923/1465/26 6924/1469/26
f 6922/1473/25 6921/1414/25 6933/1466/25
f 6925/1468/26 6924/1469/26 6935/1471/26
f 6926/1470/25 6931/1518/25 6936/1384/25
f 6905/1456/3 6932/1457/3 6925/1475/3
f 6917/1462/21 6935/1525/21 6924/1476/21
f 6900/1412/21 6921/1414/21 6922/1473/21
f 6890/1392/21 6924/1476/21 6923/1477/21
f 6916/1445/2243 6934/1478/2248 6935/1479/2248
f 6911/1452/3 6933/1451/3 6927/1480/3
f 6903/1482/3 6925/1524/3 6934/1483/3
f 6915/1485/2249 6936/1522/2248 6931/1486/2248
f 6910/1481/2240 6927/1480/2234 6928/1488/2234
f 6896/1393/21 6923/1477/21 6930/1490/21
f 6907/1492/3 6920/1564/3 6946/1493/3
f 6918/1487/2250 6946/1516/2245 6945/1447/2247
f 6879/1494/2251 6908/1519/2255 6944/1440/2227
f 6915/1385/21 6945/1438/21 6940/1400/21
f 6879/1495/21 6937/1417/21 6942/1402/21
f 6939/1399/3 6941/1403/3 6899/1405/3
f 6892/1404/2252 6938/1408/2231 6943/1407/2230
f 6898/1374/3 6878/1406/3 6938/1408/3
f 6889/1383/21 6940/1400/21 6942/1402/21
f 6880/1416/2254 6939/1399/2228 6944/1398/2227
f 6881/1498/21 6914/1565/21 6955/1499/21
f 6916/1484/3 6956/1453/3 6954/1455/3
f 6914/1501/2524 6913/1500/2750 6956/1515/2257
f 6904/1520/2235 6953/1427/2224 6949/1429/2238
f 6884/1394/3 6947/1396/3 6952/1390/3
f 6949/1410/21 6951/1391/21 6896/1393/21
f 6888/1433/2258 6947/1396/2225 6953/1395/2224
f 6893/1504/21 6881/1498/21 6948/1461/21
f 6891/1386/3 6950/1388/3 6952/1390/3
f 6882/1378/2259 6950/1388/2222 6954/1387/2221
f 6992/1376/1900 6978/1374/1898 6960/1416/1898
f 6986/1377/1901 6974/1389/1902 6962/1378/1902
f 6998/1380/3 7011/1521/3 7006/1381/3
f 6969/1383/21 7002/1473/21 7016/1384/21
f 6971/1386/2263 6983/1556/2751 7034/1387/2264
f 7030/1388/2266 6962/1378/2266 6974/1389/2266
f 7031/1391/21 7028/1461/21 6970/1392/21
f 6964/1394/2267 6981/1557/2752 7033/1395/2268
f 6967/1397/2270 6990/1558/2284 7024/1398/2271
f 7020/1400/21 6957/1439/21 6977/1401/21
f 7021/1403/2266 7018/1408/2266 6972/1404/2266
f 6958/1406/2273 6987/1559/2753 7023/1407/2274
f 6963/1409/21 6973/1504/21 7031/1391/21
f 7027/1396/2266 6968/1433/2266 6975/1411/2266
f 6966/1506/21 7008/1413/21 7001/1414/21
f 6964/1394/1902 6974/1389/1902 6986/1377/1901
f 6960/1416/2266 6978/1374/2266 7021/1403/2266
f 7017/1417/21 6966/1506/21 6980/1412/21
f 6965/1507/2277 7010/1419/2278 7009/1420/2278
f 6958/1406/1898 6978/1374/1898 6992/1376/1900
f 6981/1508/2276 6986/1423/1901 6973/1424/25
f 6975/1411/1898 6985/1425/1898 6983/1426/1898
f 7033/1427/2268 6981/1509/2752 6963/1428/2281
f 6987/1432/2280 6957/1430/26 6999/1510/26
f 6968/1433/1898 6984/1560/1898 6985/1425/1898
f 6986/1423/1901 6982/1511/2262 6961/1434/25
f 6957/1430/26 6987/1432/2280 6992/1435/1900
f 6989/1512/1902 6991/1437/1902 6979/1405/1902
f 7025/1438/21 6999/1561/21 6957/1439/21
f 7017/1442/2283 7024/1440/2271 6990/1513/2284
f 6991/1437/1902 6990/1562/1902 6967/1397/1902
f 6977/1436/26 6992/1435/1900 6988/1514/2261
f 7035/1444/2286 7036/1515/2301 6996/1445/2287
f 7026/1516/2289 7000/1448/2754 6999/1449/2290
f 6989/1450/3 7006/1523/3 7013/1451/3
f 7036/1453/3 6993/1563/3 6982/1454/3
f 6984/1418/3 7009/1420/3 7012/1457/3
f 7023/1458/3 7026/1493/3 6998/1380/3
f 6982/1511/2262 6993/1459/25 6994/1460/25
f 7028/1461/21 7035/1499/21 6997/1462/21
f 7009/1517/26 7010/1464/26 7003/1465/26
f 7001/1414/25 7008/1413/25 7007/1467/25
f 7012/1463/26 7003/1465/26 7004/1469/26
f 7002/1473/25 7001/1414/25 7013/1466/25
f 7005/1468/26 7004/1469/26 7015/1471/26
f 7006/1470/25 7011/1518/25 7016/1384/25
f 6985/1456/3 7012/1457/3 7005/1475/3
f 6970/1392/21 6997/1462/21 7015/1525/21
f 6980/1412/21 7001/1414/21 7002/1473/21
f 6970/1392/21 7004/1476/21 7003/1477/21
f 6996/1445/2287 7014/1478/2292 7015/1479/2292
f 6990/1481/3 6991/1452/3 7013/1451/3
f 6983/1482/3 7005/1524/3 7014/1483/3
f 6995/1485/2293 7016/1522/2292 7011/1486/2292
f 6990/1481/2284 7007/1480/2278 7008/1488/2278
f 6976/1393/21 7003/1477/21 7010/1490/21
f 6987/1492/3 7000/1564/3 7026/1493/3
f 6998/1487/2294 7026/1516/2289 7025/1447/2291
f 6959/1494/2295 6988/1519/2299 7024/1440/2271
f 6995/1385/21 7025/1438/21 7020/1400/21
f 6959/1495/21 7017/1417/21 7022/1402/21
f 7019/1399/2266 7021/1403/2266 6979/1405/2266
f 6972/1404/2296 7018/1408/2275 7023/1407/2274
f 6978/1374/2266 6958/1406/2266 7018/1408/2266
f 6969/1383/21 7020/1400/21 7022/1402/21
f 6960/1416/2298 7019/1399/2272 7024/1398/2271
f 6961/1498/21 6994/1565/21 7035/1499/21
f 6996/1484/3 7036/1453/3 7034/1455/3
f 6994/1501/2300 6993/1500/2755 7036/1515/2301
f 6984/1520/2279 7033/1427/2268 7029/1429/2282
f 6964/1394/2266 7027/1396/2266 7032/1390/2266
f 7029/1410/21 7031/1391/21 6976/1393/21
f 6968/1433/2302 7027/1396/2269 7033/1395/2268
f 6973/1504/21 6961/1498/21 7028/1461/21
f 6971/1386/2266 7030/1388/2266 7032/1390/2266
f 6962/1378/2303 7030/1388/2265 7034/1387/2264
f 7072/1376/1851 7058/1374/1801 7040/1416/1898
f 7066/1377/1852 7054/1389/1759 7042/1378/1759
f 7078/1380/3 7091/1521/3 7086/1381/3
f 7075/1385/21 7049/1383/21 7082/1473/21
f 7051/1386/2307 7063/1556/2756 7114/1387/2308
f 7110/1388/2266 7042/1378/2266 7054/1389/2266
f 7111/1391/21 7108/1461/21 7050/1392/21
f 7044/1394/2310 7061/1557/2757 7113/1395/2311
f 7047/1397/2313 7070/1558/2327 7104/1398/2314
f 7100/1400/21 7037/1439/21 7057/1401/21
f 7101/1403/2266 7098/1408/2266 7052/1404/2266
f 7038/1406/2316 7067/1559/2758 7103/1407/2317
f 7043/1409/21 7053/1504/21 7111/1391/21
f 7107/1396/2266 7048/1433/2266 7055/1411/2266
f 7046/1506/21 7088/1413/21 7081/1414/21
f 7044/1394/1902 7054/1389/1759 7066/1377/1852
f 7040/1416/2266 7058/1374/2266 7101/1403/2266
f 7097/1417/21 7046/1506/21 7060/1412/21
f 7045/1507/2320 7090/1419/2321 7089/1420/2321
f 7038/1406/1801 7058/1374/1801 7072/1376/1851
f 7061/1508/2319 7066/1423/1852 7053/1424/25
f 7055/1411/1898 7065/1425/1898 7063/1426/1898
f 7113/1427/2311 7061/1509/2757 7043/1428/2324
f 7067/1432/2323 7037/1430/26 7079/1510/26
f 7048/1433/1898 7064/1560/1898 7065/1425/1898
f 7066/1423/1852 7062/1511/2306 7041/1434/25
f 7037/1430/26 7067/1432/2323 7072/1435/1851
f 7069/1512/1902 7071/1437/1902 7059/1405/1902
f 7105/1438/21 7079/1561/21 7037/1439/21
f 7097/1442/2326 7104/1440/2314 7070/1513/2327
f 7071/1437/1902 7070/1562/1902 7047/1397/1902
f 7057/1436/26 7072/1435/1851 7068/1514/2305
f 7115/1444/2329 7116/1515/2344 7076/1445/2330
f 7106/1516/2332 7080/1448/2759 7079/1449/2333
f 7069/1450/3 7086/1523/3 7093/1451/3
f 7116/1453/3 7073/1563/3 7062/1454/3
f 7064/1418/3 7089/1420/3 7092/1457/3
f 7103/1458/3 7106/1493/3 7078/1380/3
f 7062/1511/2306 7073/1459/25 7074/1460/25
f 7108/1461/21 7115/1499/21 7077/1462/21
f 7089/1517/26 7090/1464/26 7083/1465/26
f 7081/1414/25 7088/1413/25 7087/1467/25
f 7092/1463/26 7083/1465/26 7084/1469/26
f 7082/1473/25 7081/1414/25 7093/1466/25
f 7085/1468/26 7084/1469/26 7095/1471/26
f 7086/1470/25 7091/1518/25 7096/1384/25
f 7065/1456/3 7092/1457/3 7085/1475/3
f 7077/1462/21 7095/1525/21 7084/1476/21
f 7060/1412/21 7081/1414/21 7082/1473/21
f 7050/1392/21 7084/1476/21 7083/1477/21
f 7077/1446/2331 7076/1445/2330 7094/1478/2335
f 7071/1452/3 7093/1451/3 7087/1480/3
f 7063/1482/3 7085/1524/3 7094/1483/3
f 7075/1485/2336 7096/1522/2335 7091/1486/2335
f 7070/1481/2327 7087/1480/2321 7088/1488/2321
f 7045/1491/21 7056/1393/21 7083/1477/21
f 7067/1492/3 7080/1564/3 7106/1493/3
f 7078/1487/2337 7106/1516/2332 7105/1447/2334
f 7039/1494/2338 7068/1519/2342 7104/1440/2314
f 7075/1385/21 7105/1438/21 7100/1400/21
f 7039/1495/21 7097/1417/21 7102/1402/21
f 7099/1399/2266 7101/1403/2266 7059/1405/2266
f 7052/1404/2339 7098/1408/2318 7103/1407/2317
f 7058/1374/2266 7038/1406/2266 7098/1408/2266
f 7049/1383/21 7100/1400/21 7102/1402/21
f 7040/1416/2341 7099/1399/2315 7104/1398/2314
f 7041/1498/21 7074/1565/21 7115/1499/21
f 7076/1484/3 7116/1453/3 7114/1455/3
f 7074/1501/2343 7073/1500/2781 7116/1515/2344
f 7064/1520/2322 7113/1427/2311 7109/1429/2325
f 7044/1394/2266 7107/1396/2266 7112/1390/2266
f 7109/1410/21 7111/1391/21 7056/1393/21
f 7048/1433/2345 7107/1396/2312 7113/1395/2311
f 7053/1504/21 7041/1498/21 7108/1461/21
f 7051/1386/2266 7110/1388/2266 7112/1390/2266
f 7042/1378/2346 7110/1388/2309 7114/1387/2308
f 7152/1376/1851 7138/1374/1801 7120/1416/1801
f 7146/1377/1852 7134/1389/1759 7122/1378/1759
f 7158/1380/3 7171/1521/3 7166/1381/3
f 7129/1383/21 7162/1473/21 7176/1384/21
f 7131/1386/2350 7143/1556/2761 7194/1387/2351
f 7190/1388/2266 7122/1378/2266 7134/1389/2266
f 7191/1391/21 7188/1461/21 7130/1392/21
f 7124/1394/2353 7141/1557/2762 7193/1395/2354
f 7127/1397/2356 7150/1558/2369 7184/1398/2357
f 7180/1400/21 7117/1439/21 7137/1401/21
f 7181/1403/2266 7178/1408/2266 7132/1404/2266
f 7118/1406/2359 7147/1559/2763 7183/1407/2360
f 7123/1409/21 7133/1504/21 7191/1391/21
f 7187/1396/2266 7128/1433/2266 7135/1411/2266
f 7126/1506/21 7168/1413/21 7161/1414/21
f 7124/1394/1759 7134/1389/1759 7146/1377/1852
f 7120/1416/2266 7138/1374/2266 7181/1403/2266
f 7177/1417/21 7126/1506/21 7140/1412/21
f 7144/1418/2363 7125/1507/2387 7170/1419/2364
f 7118/1406/1801 7138/1374/1801 7152/1376/1851
f 7141/1508/2362 7146/1423/1852 7133/1424/25
f 7135/1411/1801 7145/1425/1801 7143/1426/1801
f 7193/1427/2354 7141/1509/2762 7123/1428/2366
f 7147/1432/2365 7117/1430/26 7159/1510/26
f 7128/1433/1801 7144/1560/1801 7145/1425/1801
f 7146/1423/1852 7142/1511/2349 7121/1434/25
f 7117/1430/26 7147/1432/2365 7152/1435/1851
f 7149/1512/1759 7151/1437/1759 7139/1405/1759
f 7185/1438/21 7159/1561/21 7117/1439/21
f 7177/1442/2368 7184/1440/2357 7150/1513/2369
f 7151/1437/1759 7150/1562/1759 7127/1397/1759
f 7137/1436/26 7152/1435/1851 7148/1514/2348
f 7195/1444/2371 7196/1515/2386 7156/1445/2372
f 7186/1516/2374 7160/1448/2764 7159/1449/2375
f 7151/1452/3 7149/1450/3 7166/1523/3
f 7196/1453/3 7153/1563/3 7142/1454/3
f 7144/1418/3 7169/1420/3 7172/1457/3
f 7183/1458/3 7186/1493/3 7158/1380/3
f 7142/1511/2349 7153/1459/25 7154/1460/25
f 7188/1461/21 7195/1499/21 7157/1462/21
f 7169/1517/26 7170/1464/26 7163/1465/26
f 7161/1414/25 7168/1413/25 7167/1467/25
f 7172/1463/26 7163/1465/26 7164/1469/26
f 7162/1473/25 7161/1414/25 7173/1466/25
f 7165/1468/26 7164/1469/26 7175/1471/26
f 7166/1470/25 7171/1518/25 7176/1384/25
f 7145/1456/3 7172/1457/3 7165/1475/3
f 7157/1462/21 7175/1525/21 7164/1476/21
f 7129/1383/21 7140/1412/21 7161/1414/21
f 7130/1392/21 7164/1476/21 7163/1477/21
f 7156/1445/2372 7174/1478/2377 7175/1479/2377
f 7150/1481/3 7151/1452/3 7173/1451/3
f 7143/1482/3 7165/1524/3 7174/1483/3
f 7155/1485/2378 7176/1522/2377 7171/1486/2377
f 7150/1481/2369 7167/1480/2364 7168/1488/2364
f 7136/1393/21 7163/1477/21 7170/1490/21
f 7147/1492/3 7160/1564/3 7186/1493/3
f 7158/1487/2379 7186/1516/2374 7185/1447/2376
f 7119/1494/2380 7148/1519/2384 7184/1440/2357
f 7155/1385/21 7185/1438/21 7180/1400/21
f 7119/1495/21 7177/1417/21 7182/1402/21
f 7179/1399/2266 7181/1403/2266 7139/1405/2266
f 7132/1404/2381 7178/1408/2361 7183/1407/2360
f 7138/1374/2266 7118/1406/2266 7178/1408/2266
f 7129/1383/21 7180/1400/21 7182/1402/21
f 7120/1416/2383 7179/1399/2358 7184/1398/2357
f 7121/1498/21 7154/1565/21 7195/1499/21
f 7156/1484/3 7196/1453/3 7194/1455/3
f 7154/1501/2385 7153/1500/2765 7196/1515/2386
f 7144/1520/2363 7193/1427/2354 7189/1429/2367
f 7124/1394/2266 7187/1396/2266 7192/1390/2266
f 7189/1410/21 7191/1391/21 7136/1393/21
f 7128/1433/2388 7187/1396/2355 7193/1395/2354
f 7133/1504/21 7121/1498/21 7188/1461/21
f 7131/1386/2266 7190/1388/2266 7192/1390/2266
f 7122/1378/2389 7190/1388/2352 7194/1387/2351
f 7232/1376/2391 7218/1374/2766 7200/1416/2392
f 7226/1377/2394 7214/1389/2767 7202/1378/2395
f 7238/1380/2397 7251/1521/2475 7246/1381/2398
f 7209/1383/2400 7242/1473/2472 7256/1384/2401
f 7211/1386/2403 7223/1556/2768 7274/1387/2404
f 7270/1388/2406 7202/1378/2769 7214/1389/2407
f 7271/1391/2409 7268/1461/2469 7210/1392/2410
f 7204/1394/2412 7221/1557/2770 7273/1395/2413
f 7207/1397/2415 7230/1558/2455 7264/1398/2416
f 7260/1400/2418 7197/1439/2453 7217/1401/2419
f 7261/1403/2421 7258/1408/2486 7212/1404/2422
f 7198/1406/2424 7227/1559/2771 7263/1407/2425
f 7203/1409/2427 7213/1504/2494 7271/1391/2409
f 7267/1396/2429 7208/1433/2266 7215/1411/2430
f 7220/1412/2431 7206/1506/21 7248/1413/21
f 7204/1394/2433 7214/1389/2767 7226/1377/2394
f 7200/1416/2435 7218/1374/2485 7261/1403/2421
f 7257/1417/2437 7206/1506/21 7220/1412/2431
f 7205/1507/2438 7250/1419/2439 7249/1420/2439
f 7198/1406/2441 7218/1374/2766 7232/1376/2391
f 7221/1508/2434 7226/1423/2394 7213/1424/25
f 7215/1411/2443 7225/1425/2448 7223/1426/2444
f 7273/1427/2413 7221/1509/2770 7203/1428/2446
f 7227/1432/2442 7197/1430/26 7239/1510/26
f 7208/1433/1801 7224/1560/1801 7225/1425/2448
f 7213/1424/25 7226/1423/2394 7222/1511/2396
f 7227/1432/2442 7232/1435/2391 7217/1436/26
f 7229/1512/2449 7231/1437/2457 7219/1405/2450
f 7265/1438/2452 7239/1561/2772 7197/1439/2453
f 7257/1442/2454 7264/1440/2416 7230/1513/2455
f 7231/1437/2457 7230/1562/1759 7207/1397/1759
f 7217/1436/26 7232/1435/2391 7228/1514/2393
f 7276/1515/2458 7236/1445/2473 7237/1446/2459
f 7266/1516/2461 7240/1448/2773 7239/1449/2462
f 7229/1450/2399 7246/1523/2398 7253/1451/2464
f 7276/1453/2465 7233/1563/2774 7222/1454/2466
f 7224/1418/3 7249/1420/3 7252/1457/2464
f 7263/1458/2468 7266/1493/2480 7238/1380/2397
f 7222/1511/2396 7233/1459/25 7234/1460/25
f 7268/1461/2469 7275/1499/2490 7237/1462/2470
f 7249/1517/26 7250/1464/26 7243/1465/26
f 7241/1414/25 7248/1413/25 7247/1467/25
f 7252/1463/26 7243/1465/26 7244/1469/26
f 7242/1473/25 7241/1414/25 7253/1466/25
f 7244/1469/26 7255/1471/26 7254/1472/26
f 7242/1473/25 7246/1470/25 7251/1518/25
f 7225/1456/2464 7252/1457/2464 7245/1475/2398
f 7237/1462/2470 7255/1525/2401 7244/1476/2472
f 7220/1412/2431 7241/1414/2432 7242/1473/2472
f 7210/1392/2410 7244/1476/2472 7243/1477/2432
f 7236/1445/2473 7254/1478/2474 7255/1479/2474
f 7231/1452/2464 7253/1451/2464 7247/1480/3
f 7223/1482/2471 7245/1524/2398 7254/1483/2475
f 7235/1485/2477 7256/1522/2474 7251/1486/2474
f 7230/1481/2455 7247/1480/2439 7248/1488/2439
f 7216/1393/2411 7243/1477/2432 7250/1490/21
f 7227/1492/2479 7240/1564/2775 7266/1493/2480
f 7235/1485/2477 7238/1487/2478 7266/1516/2461
f 7199/1494/2481 7228/1519/2488 7264/1440/2416
f 7235/1385/2402 7265/1438/2452 7260/1400/2418
f 7199/1495/2482 7257/1417/2437 7262/1402/2420
f 7259/1399/2436 7261/1403/2421 7219/1405/2423
f 7212/1404/2483 7258/1408/2426 7263/1407/2425
f 7218/1374/2485 7198/1406/2776 7258/1408/2486
f 7209/1383/2400 7260/1400/2418 7262/1402/2420
f 7200/1416/2487 7259/1399/2417 7264/1398/2416
f 7201/1498/2489 7234/1565/2777 7275/1499/2490
f 7236/1484/2476 7276/1453/2465 7274/1455/2467
f 7234/1501/2491 7233/1500/2778 7276/1515/2458
f 7224/1520/2440 7273/1427/2413 7269/1429/2447
f 7204/1394/2492 7267/1396/2429 7272/1390/2408
f 7269/1410/2428 7271/1391/2409 7216/1393/2411
f 7208/1433/2493 7267/1396/2414 7273/1395/2413
f 7213/1504/2494 7201/1498/2489 7268/1461/2469
f 7211/1386/2495 7270/1388/2406 7272/1390/2408
f 7202/1378/2496 7270/1388/2405 7274/1387/2404
