# Blender 5.0.1
# www.blender.org
mtllib body.mtl
o Cabin.001
v -0.635402 -0.654016 -0.005102
v -0.817860 0.378443 -0.005102
v -0.745496 -0.599183 -0.005102
v -0.746015 0.568015 -0.005102
v -0.817237 0.269461 -0.005102
v -0.817237 -0.469367 -0.005102
v 0.438568 -0.450848 -0.005102
v 0.225647 -0.654016 -0.005102
v -0.587103 -0.526104 0.250370
v -0.734820 0.320625 0.252736
v -0.673160 -0.483243 0.252736
v -0.614448 0.401303 0.250370
v -0.729237 0.195747 0.337447
v -0.729237 -0.381770 0.337447
v 0.085950 -0.526104 0.250370
v 0.267014 -0.367295 0.250370
v -0.817588 0.267336 0.248005
v -0.817588 0.267336 0.876644
v 0.448869 -0.274297 0.248005
v 0.424982 -0.297910 0.248005
v 0.441872 -0.290994 0.248005
v -0.791648 -0.297909 0.248005
v -0.815416 -0.274296 0.248005
v -0.808416 -0.290993 0.248005
v -0.727382 -0.270962 1.724692
v -0.703720 -0.294670 1.723540
v -0.701356 -0.270963 1.747068
v -0.720415 -0.287687 1.724345
v -0.715952 -0.284582 1.737772
v -0.702012 -0.287688 1.740167
v -0.718743 -0.270924 1.740982
v 0.424982 0.623628 0.248005
v 0.448869 0.599964 0.248005
v 0.441873 0.616676 0.248005
v 0.446507 -0.274297 0.876644
v 0.422610 -0.297910 0.876644
v 0.439508 -0.290994 0.876644
v -0.791645 -0.297909 0.876644
v -0.815416 -0.274296 0.876644
v -0.808414 -0.290993 0.876644
v 0.422610 0.623628 0.876644
v 0.446507 0.599964 0.876644
v 0.439508 0.616676 0.876644
v 0.267872 -0.297910 1.569156
v 0.289657 -0.274297 1.578663
v 0.283276 -0.290994 1.575879
v 0.133129 -0.274249 1.706092
v 0.129475 -0.297509 1.684256
v 0.132535 -0.290765 1.699794
v 0.215690 -0.297910 1.659037
v 0.231374 -0.274297 1.679052
v 0.226780 -0.290994 1.673190
v 0.129471 0.623438 1.684255
v 0.133129 0.599948 1.706091
v 0.132537 0.613566 1.702566
v 0.289657 0.599964 1.578663
v 0.267873 0.623577 1.569156
v 0.283277 0.616661 1.575879
v 0.231374 0.599964 1.679052
v 0.215690 0.623577 1.659037
v 0.226781 0.616661 1.673190
v -0.703682 0.265043 1.747187
v -0.729707 0.266027 1.724809
v -0.721077 0.265724 1.741093
v -0.325966 0.625803 0.248005
v -0.325941 0.625803 0.876644
v -0.270323 0.599021 1.739706
v -0.284231 0.622699 1.716756
v -0.279627 0.615730 1.733244
v 0.442504 -0.289762 0.242089
v -0.799570 -0.289761 0.242089
v -0.614175 -0.664331 0.242089
v -0.799570 -0.486083 0.242089
v -0.733794 -0.609261 0.242089
v 0.442504 -0.463077 0.242089
v 0.222081 -0.664331 0.242089
v 0.222081 -0.289762 0.635716
v -0.154604 -0.289761 0.876644
v -0.022836 -0.289762 0.828736
v -0.084097 -0.289761 0.860734
v -0.799570 -0.289761 0.725158
v -0.786172 -0.289761 0.761982
v -0.795646 -0.289761 0.744577
v -0.703593 -0.289761 0.860483
v -0.669202 -0.289761 0.876644
v -0.687909 -0.289761 0.871910
v -0.669202 -0.461702 0.876644
v -0.703600 -0.469345 0.860475
v -0.687910 -0.466127 0.871908
v -0.786171 -0.483746 0.761983
v -0.799570 -0.486083 0.725158
v -0.795646 -0.485399 0.744577
v -0.595155 -0.524118 0.876644
v -0.599442 -0.559668 0.861077
v -0.597361 -0.543391 0.872085
v -0.614175 -0.664331 0.725157
v -0.612173 -0.650105 0.761642
v -0.613589 -0.660164 0.744477
v -0.645629 -0.505255 0.876644
v -0.669325 -0.532816 0.860509
v -0.658621 -0.520282 0.871918
v -0.733794 -0.609261 0.725157
v -0.724812 -0.598610 0.761953
v -0.731163 -0.606141 0.744568
v 0.347788 -0.289762 0.530085
v 0.373139 -0.289762 0.494661
v 0.361823 -0.289762 0.514155
v 0.433453 -0.289762 0.353302
v 0.442504 -0.289762 0.309043
v 0.439853 -0.289762 0.331553
v 0.222081 -0.516056 0.635716
v 0.222081 -0.552442 0.620599
v 0.222081 -0.535731 0.631289
v 0.222081 -0.650087 0.519583
v 0.222081 -0.664331 0.481506
v 0.222081 -0.660159 0.502327
v -0.111091 -0.664331 0.732718
v -0.106110 -0.649344 0.766803
v -0.108733 -0.659940 0.751735
v -0.027077 -0.552423 0.816048
v -0.022835 -0.516526 0.828736
v -0.024416 -0.535986 0.825316
v -0.154604 -0.524096 0.876644
v -0.157088 -0.560141 0.861482
v -0.155370 -0.543525 0.872205
v -0.084097 -0.520336 0.860734
v -0.087089 -0.556486 0.844461
v -0.085797 -0.538318 0.854228
v 0.347788 -0.406337 0.530085
v 0.373177 -0.418808 0.494542
v 0.361834 -0.412660 0.514121
v 0.433425 -0.457280 0.353152
v 0.442504 -0.463077 0.308711
v 0.439845 -0.461379 0.331311
v -0.745835 0.266267 1.569156
v -0.291559 0.623245 1.569156
v -0.719748 -0.295260 1.569156
v -0.736525 -0.288292 1.569156
v -0.743528 -0.271574 1.569156
v -0.051988 -0.664331 0.688155
v -0.122255 -0.664331 0.242089
v -0.046654 -0.649478 0.722016
v -0.049060 -0.659980 0.706746
v -0.167828 -0.664331 0.731891
v -0.233293 -0.664331 0.242089
v -0.165281 -0.659965 0.750947
v -0.163080 -0.649421 0.767414
v -0.183957 -0.664331 0.242089
v -0.635455 0.611719 -0.005102
v -0.830844 0.481392 0.091178
v -0.675573 0.356267 0.251553
v -0.569262 0.435769 0.250370
v 0.412544 0.616496 -0.005102
v 0.438568 0.591504 -0.005102
v 0.430946 0.609176 -0.005102
v 0.267015 0.441060 0.250370
v 0.239788 0.467012 0.250370
v 0.259040 0.459411 0.250370
v -0.644023 -0.675795 0.091178
v -0.757307 0.577810 0.091178
v -0.830844 0.266480 0.091178
v -0.830844 0.378450 0.091178
v -0.758709 -0.616627 0.091178
v -0.832732 -0.481552 0.091178
v 0.459395 -0.467056 0.091178
v 0.240636 -0.675795 0.091178
v -0.644023 0.624642 0.091178
v -0.818706 0.473229 -0.005102
v 0.459395 0.603839 0.091178
v 0.451548 0.622023 0.091178
v 0.432603 0.629555 0.091178
v 0.438568 -0.361181 -0.005102
v 0.267014 -0.361181 0.250370
v 0.459395 -0.361181 0.091178
v 0.438568 0.120346 -0.005102
v 0.459395 0.120346 0.091178
v 0.267015 0.120346 0.250370
v 0.306865 -0.361181 0.091178
v 0.306865 0.120346 0.091178
v 0.306865 -0.361181 -0.005102
v 0.306865 0.120346 -0.005102
v -0.779776 0.336970 0.248005
v -0.779772 0.336970 0.876644
v -0.699045 0.335383 1.723561
v -0.691039 0.334047 1.739877
v -0.674898 0.330883 1.746028
v -0.713810 0.335670 1.569156
v -0.408430 0.602655 0.876644
v -0.361103 0.599769 1.717736
v -0.345720 0.578852 1.740616
v -0.408452 0.602655 0.248005
v -0.356009 0.593611 1.734199
v -0.369501 0.600278 1.569156
v -0.644023 -0.675795 0.236434
v -0.639467 -0.663813 0.250370
v -0.820602 0.378110 0.248509
v -0.830844 0.378450 0.233940
v -0.750106 -0.608055 0.248401
v -0.758709 -0.616627 0.233977
v -0.748828 0.567334 0.250370
v -0.757307 0.577810 0.236481
v -0.830844 0.266480 0.323322
v -0.821177 0.265654 0.337447
v -0.832732 -0.481552 0.323346
v -0.821746 -0.476742 0.337447
v 0.229011 -0.664546 0.250370
v 0.240636 -0.675795 0.236501
v 0.459395 -0.467056 0.236547
v 0.444670 -0.459420 0.250370
v -0.639326 0.612762 0.250370
v -0.644025 0.624635 0.236533
v 0.432521 0.629555 0.236569
v 0.418657 0.617868 0.250370
v 0.445638 0.592140 0.250370
v 0.459395 0.603781 0.236598
v 0.451524 0.622006 0.236590
v 0.437819 0.610429 0.250370
v -0.830844 0.481392 0.235224
v -0.820565 0.473109 0.249344
v 0.459395 -0.361181 0.236577
v 0.445042 -0.361181 0.250370
v 0.459395 0.120346 0.236594
v 0.445357 0.120346 0.250370
v -0.270323 -0.289280 1.719283
v -0.270323 -0.297910 0.876644
v -0.270323 -0.297910 0.248005
v -0.270323 -0.296147 1.703106
v -0.270323 -0.296466 1.569156
v -0.270323 -0.272661 1.725903
v -0.345721 -0.289002 1.722931
v -0.345721 -0.296264 1.569156
v -0.345721 -0.295890 1.706661
v -0.345721 -0.297910 0.876644
v -0.345721 -0.297910 0.248005
v -0.345721 -0.272364 1.729605
v -0.781466 0.182865 1.704962
v -0.781466 0.182865 1.822920
v -0.778390 0.194343 1.704962
v -0.778390 0.194343 1.822920
v -0.769988 0.202746 1.704962
v -0.769988 0.202746 1.822920
v -0.758509 0.205822 1.704962
v -0.758509 0.205822 1.822920
v -0.747031 0.202746 1.704962
v -0.747031 0.202746 1.822920
v -0.738628 0.194343 1.704962
v -0.738628 0.194343 1.822920
v -0.735553 0.182865 1.704962
v -0.735553 0.182865 1.822920
v -0.738628 0.171387 1.704962
v -0.738628 0.171387 1.822920
v -0.747031 0.162984 1.704962
v -0.747031 0.162984 1.822920
v -0.758509 0.159909 1.704962
v -0.758509 0.159909 1.822920
v -0.769988 0.162984 1.704962
v -0.769988 0.162984 1.822920
v -0.778390 0.171387 1.704962
v -0.778390 0.171387 1.822920
v -0.771410 0.125368 1.716248
v -0.738214 0.116473 1.716248
v -0.771410 0.125368 1.731373
v -0.804606 0.182865 1.731373
v -0.795711 0.149669 1.731373
v -0.777826 0.205735 1.731373
v -0.738214 0.228605 1.731373
v -0.758509 0.182865 1.997185
v -0.738214 0.249257 1.716248
v -0.771410 0.240362 1.716248
v -0.795711 0.216061 1.716248
v -0.804606 0.182865 1.716248
v -0.807925 0.182865 1.842542
v -0.817942 0.182865 1.862168
v -0.815008 0.182865 1.851367
v -0.809979 0.212581 1.862168
v -0.801305 0.207573 1.842542
v -0.807439 0.211115 1.851367
v -0.788226 0.234335 1.862168
v -0.783217 0.225661 1.842542
v -0.786759 0.231794 1.851367
v -0.758509 0.242298 1.862168
v -0.758509 0.232281 1.842542
v -0.758509 0.239364 1.851367
v -0.728793 0.234335 1.862168
v -0.733801 0.225661 1.842542
v -0.730260 0.231794 1.851367
v -0.707039 0.212581 1.862168
v -0.715714 0.207573 1.842542
v -0.709580 0.211114 1.851367
v -0.699077 0.182865 1.862168
v -0.709093 0.182865 1.842542
v -0.702011 0.182865 1.851367
v -0.707039 0.153149 1.862168
v -0.715714 0.158157 1.842542
v -0.709580 0.154616 1.851367
v -0.728793 0.131395 1.862168
v -0.733801 0.140070 1.842542
v -0.730260 0.133936 1.851367
v -0.758509 0.123433 1.862168
v -0.758509 0.133449 1.842542
v -0.758509 0.126367 1.851367
v -0.788226 0.131395 1.862168
v -0.783217 0.140070 1.842542
v -0.786759 0.133936 1.851367
v -0.809979 0.153149 1.862168
v -0.801305 0.158157 1.842542
v -0.807439 0.154616 1.851367
v -0.817942 0.182865 1.970711
v -0.806440 0.182865 1.987944
v -0.814573 0.182865 1.980811
v -0.800019 0.206831 1.987944
v -0.809979 0.212581 1.970711
v -0.807062 0.210897 1.980811
v -0.782475 0.224375 1.987944
v -0.788226 0.234335 1.970711
v -0.786541 0.231418 1.980811
v -0.758509 0.230796 1.987944
v -0.758509 0.242298 1.970711
v -0.758509 0.238929 1.980811
v -0.734544 0.224375 1.987944
v -0.728793 0.234335 1.970711
v -0.730478 0.231418 1.980811
v -0.717000 0.206831 1.987944
v -0.707039 0.212581 1.970711
v -0.709957 0.210897 1.980811
v -0.710578 0.182865 1.987944
v -0.699077 0.182865 1.970711
v -0.702446 0.182865 1.980811
v -0.717000 0.158900 1.987944
v -0.707039 0.153149 1.970711
v -0.709957 0.154833 1.980811
v -0.734544 0.141356 1.987944
v -0.728793 0.131395 1.970711
v -0.730478 0.134313 1.980811
v -0.758509 0.134934 1.987944
v -0.758509 0.123433 1.970711
v -0.758509 0.126802 1.980811
v -0.782475 0.141356 1.987944
v -0.788226 0.131395 1.970711
v -0.786541 0.134313 1.980811
v -0.800019 0.158900 1.987944
v -0.809979 0.153149 1.970711
v -0.807062 0.154833 1.980811
v -0.795711 0.149669 1.716248
v -0.777826 0.159995 1.716248
v -0.783954 0.182865 1.716248
v -0.761084 0.143253 1.716248
v -0.738214 0.137125 1.716248
v -0.761084 0.222477 1.731373
v -0.738214 0.137125 1.731373
v -0.761084 0.143253 1.731373
v -0.783954 0.182865 1.731373
v -0.777826 0.159995 1.731373
v -0.738214 0.228605 1.716248
v -0.761084 0.222477 1.716248
v -0.777826 0.205735 1.716248
v -0.738214 0.116473 1.731373
v -0.771410 0.240362 1.731373
v -0.738214 0.249257 1.731373
v -0.795711 0.216061 1.731373
v -0.720215 0.228605 1.731373
v -0.720215 0.249257 1.731373
v -0.720215 0.137125 1.731373
v -0.720215 0.116473 1.731373
v -0.720215 0.137125 1.716248
v -0.720215 0.116473 1.716248
v -0.720215 0.228605 1.716248
v -0.720215 0.249257 1.716248
v -0.781466 -0.157990 1.704962
v -0.781466 -0.157990 1.822920
v -0.778390 -0.146512 1.704962
v -0.778390 -0.146512 1.822920
v -0.769988 -0.138109 1.704962
v -0.769988 -0.138109 1.822920
v -0.758509 -0.135034 1.704962
v -0.758509 -0.135034 1.822920
v -0.747031 -0.138109 1.704962
v -0.747031 -0.138109 1.822920
v -0.738629 -0.146512 1.704962
v -0.738629 -0.146512 1.822920
v -0.735553 -0.157990 1.704962
v -0.735553 -0.157990 1.822920
v -0.738629 -0.169468 1.704962
v -0.738629 -0.169468 1.822920
v -0.747031 -0.177871 1.704962
v -0.747031 -0.177871 1.822920
v -0.758509 -0.180947 1.704962
v -0.758509 -0.180947 1.822920
v -0.769988 -0.177871 1.704962
v -0.769988 -0.177871 1.822920
v -0.778390 -0.169468 1.704962
v -0.778390 -0.169468 1.822920
v -0.771410 -0.215487 1.716248
v -0.738214 -0.224382 1.716248
v -0.771410 -0.215487 1.731373
v -0.804606 -0.157990 1.731373
v -0.795711 -0.191186 1.731373
v -0.777826 -0.135120 1.731373
v -0.738214 -0.112250 1.731373
v -0.758509 -0.157990 1.997185
v -0.738214 -0.091598 1.716248
v -0.771410 -0.100493 1.716248
v -0.795711 -0.124794 1.716248
v -0.804606 -0.157990 1.716248
v -0.807926 -0.157990 1.842542
v -0.817942 -0.157990 1.862168
v -0.815008 -0.157990 1.851367
v -0.809979 -0.128274 1.862168
v -0.801305 -0.133282 1.842542
v -0.807439 -0.129741 1.851367
v -0.788226 -0.106520 1.862168
v -0.783217 -0.115195 1.842542
v -0.786759 -0.109061 1.851367
v -0.758509 -0.098558 1.862168
v -0.758509 -0.108574 1.842542
v -0.758509 -0.101492 1.851367
v -0.728793 -0.106520 1.862168
v -0.733801 -0.115195 1.842542
v -0.730260 -0.109061 1.851367
v -0.707040 -0.128274 1.862168
v -0.715714 -0.133282 1.842542
v -0.709580 -0.129741 1.851367
v -0.699077 -0.157990 1.862168
v -0.709093 -0.157990 1.842542
v -0.702011 -0.157990 1.851367
v -0.707040 -0.187706 1.862168
v -0.715714 -0.182698 1.842542
v -0.709580 -0.186240 1.851367
v -0.728793 -0.209460 1.862168
v -0.733801 -0.200786 1.842542
v -0.730260 -0.206919 1.851367
v -0.758509 -0.217423 1.862168
v -0.758509 -0.207406 1.842542
v -0.758509 -0.214489 1.851367
v -0.788226 -0.209460 1.862168
v -0.783217 -0.200786 1.842542
v -0.786759 -0.206919 1.851367
v -0.809979 -0.187706 1.862168
v -0.801305 -0.182698 1.842542
v -0.807439 -0.186239 1.851367
v -0.817942 -0.157990 1.970711
v -0.806440 -0.157990 1.987944
v -0.814573 -0.157990 1.980811
v -0.800019 -0.134025 1.987944
v -0.809979 -0.128274 1.970711
v -0.807062 -0.129958 1.980811
v -0.782475 -0.116481 1.987944
v -0.788226 -0.106520 1.970711
v -0.786541 -0.109438 1.980811
v -0.758509 -0.110059 1.987944
v -0.758509 -0.098558 1.970711
v -0.758509 -0.101927 1.980811
v -0.734544 -0.116481 1.987944
v -0.728793 -0.106520 1.970711
v -0.730478 -0.109438 1.980811
v -0.717000 -0.134025 1.987944
v -0.707040 -0.128274 1.970711
v -0.709957 -0.129958 1.980811
v -0.710579 -0.157990 1.987944
v -0.699077 -0.157990 1.970711
v -0.702446 -0.157990 1.980811
v -0.717000 -0.181956 1.987944
v -0.707040 -0.187706 1.970711
v -0.709957 -0.186022 1.980811
v -0.734544 -0.199500 1.987944
v -0.728793 -0.209460 1.970711
v -0.730478 -0.206543 1.980811
v -0.758509 -0.205921 1.987944
v -0.758509 -0.217423 1.970711
v -0.758509 -0.214054 1.980811
v -0.782475 -0.199500 1.987944
v -0.788226 -0.209460 1.970711
v -0.786541 -0.206543 1.980811
v -0.800019 -0.181956 1.987944
v -0.809979 -0.187706 1.970711
v -0.807062 -0.186022 1.980811
v -0.795711 -0.191186 1.716248
v -0.777826 -0.180860 1.716248
v -0.783954 -0.157990 1.716248
v -0.761084 -0.197602 1.716248
v -0.738214 -0.203730 1.716248
v -0.761084 -0.118378 1.731373
v -0.738214 -0.203730 1.731373
v -0.761084 -0.197602 1.731373
v -0.783954 -0.157990 1.731373
v -0.777826 -0.180860 1.731373
v -0.738214 -0.112250 1.716248
v -0.761084 -0.118378 1.716248
v -0.777826 -0.135120 1.716248
v -0.738214 -0.224382 1.731373
v -0.771410 -0.100493 1.731373
v -0.738214 -0.091598 1.731373
v -0.795711 -0.124794 1.731373
v -0.720215 -0.112250 1.731373
v -0.720215 -0.091598 1.731373
v -0.720215 -0.203730 1.731373
v -0.720215 -0.224382 1.731373
v -0.720215 -0.203730 1.716248
v -0.720215 -0.224382 1.716248
v -0.720215 -0.112250 1.716248
v -0.720215 -0.091598 1.716248
v 0.331962 0.599804 1.613180
v 0.351161 0.599804 1.679978
v 0.331962 0.530302 1.613180
v 0.351161 0.530302 1.679978
v 0.361424 0.519868 1.604712
v 0.358542 0.530302 1.594685
v 0.360365 0.526467 1.601026
v 0.383505 0.530302 1.681538
v 0.380623 0.519868 1.671510
v 0.381683 0.526467 1.675196
v 0.329080 0.530302 1.603153
v 0.331962 0.519868 1.613180
v 0.329924 0.522924 1.606090
v 0.351161 0.519868 1.679978
v 0.354043 0.530302 1.690006
v 0.353199 0.522924 1.687069
v 0.358542 0.599804 1.594685
v 0.361424 0.610238 1.604712
v 0.360365 0.603640 1.601026
v 0.380623 0.610238 1.671510
v 0.383505 0.599804 1.681538
v 0.381683 0.603640 1.675196
v 0.331962 0.610238 1.613180
v 0.329080 0.599804 1.603153
v 0.329924 0.607182 1.606090
v 0.354043 0.599804 1.690006
v 0.351161 0.610238 1.679978
v 0.353199 0.607182 1.687069
v 0.359821 0.531223 1.599133
v 0.359386 0.522924 1.597622
v 0.361679 0.524497 1.605597
v 0.382661 0.522924 1.678601
v 0.382227 0.531223 1.677090
v 0.380369 0.524497 1.670625
v 0.359386 0.607182 1.597622
v 0.359821 0.598884 1.599133
v 0.361679 0.605610 1.605597
v 0.382227 0.598884 1.677090
v 0.382661 0.607182 1.678601
v 0.380369 0.605610 1.670625
v 0.358986 0.530302 1.605413
v 0.378185 0.530302 1.672211
v 0.357383 0.531223 1.599833
v 0.358986 0.599804 1.605413
v 0.359241 0.605610 1.606298
v 0.359241 0.524497 1.606298
v 0.357383 0.598884 1.599833
v 0.377931 0.524497 1.671326
v 0.378185 0.599804 1.672211
v 0.379789 0.598884 1.677790
v 0.377931 0.605610 1.671326
v 0.379789 0.531223 1.677790
v 0.357927 0.526467 1.601727
v 0.379245 0.526467 1.675897
v 0.357927 0.603640 1.601727
v 0.379245 0.603640 1.675897
v 0.319463 0.565053 1.666300
v 0.348048 0.565053 1.658775
v 0.319628 0.574066 1.662570
v 0.347017 0.574066 1.655187
v 0.320026 0.577799 1.653567
v 0.344527 0.577799 1.646525
v 0.320425 0.574066 1.644562
v 0.342037 0.574066 1.637862
v 0.320590 0.565053 1.640833
v 0.341006 0.565053 1.634274
v 0.320425 0.556040 1.644562
v 0.342037 0.556040 1.637862
v 0.320026 0.552307 1.653567
v 0.344527 0.552307 1.646525
v 0.319628 0.556040 1.662570
v 0.347017 0.556040 1.655187
v 0.246654 0.574066 1.639842
v 0.245487 0.565053 1.643388
v 0.249471 0.577799 1.631280
v 0.252288 0.574066 1.622719
v 0.253454 0.565053 1.619173
v 0.252288 0.556040 1.622719
v 0.249471 0.552307 1.631280
v 0.246654 0.556040 1.639842
v 0.331962 -0.205426 1.613180
v 0.351161 -0.205426 1.679978
v 0.331962 -0.274928 1.613180
v 0.351161 -0.274928 1.679978
v 0.361424 -0.285362 1.604712
v 0.358542 -0.274928 1.594685
v 0.360365 -0.278763 1.601026
v 0.383505 -0.274928 1.681538
v 0.380623 -0.285362 1.671510
v 0.381683 -0.278763 1.675196
v 0.329080 -0.274928 1.603153
v 0.331962 -0.285362 1.613180
v 0.329924 -0.282306 1.606090
v 0.351161 -0.285362 1.679978
v 0.354043 -0.274928 1.690006
v 0.353199 -0.282306 1.687069
v 0.358542 -0.205426 1.594685
v 0.361424 -0.194992 1.604712
v 0.360365 -0.201590 1.601026
v 0.380623 -0.194992 1.671510
v 0.383505 -0.205426 1.681538
v 0.381683 -0.201590 1.675196
v 0.331962 -0.194992 1.613180
v 0.329080 -0.205426 1.603153
v 0.329924 -0.198048 1.606090
v 0.354043 -0.205426 1.690006
v 0.351161 -0.194992 1.679978
v 0.353199 -0.198048 1.687069
v 0.359821 -0.274007 1.599133
v 0.359386 -0.282306 1.597622
v 0.361679 -0.280734 1.605597
v 0.382661 -0.282306 1.678601
v 0.382227 -0.274007 1.677090
v 0.380369 -0.280734 1.670625
v 0.359386 -0.198048 1.597622
v 0.359821 -0.206347 1.599133
v 0.361679 -0.199620 1.605597
v 0.382227 -0.206347 1.677090
v 0.382661 -0.198048 1.678601
v 0.380369 -0.199620 1.670625
v 0.358986 -0.274928 1.605413
v 0.378185 -0.274928 1.672211
v 0.357383 -0.274007 1.599833
v 0.358986 -0.205426 1.605413
v 0.359241 -0.199620 1.606298
v 0.359241 -0.280734 1.606298
v 0.357383 -0.206347 1.599833
v 0.377931 -0.280734 1.671326
v 0.378185 -0.205426 1.672211
v 0.379789 -0.206347 1.677790
v 0.377931 -0.199620 1.671326
v 0.379789 -0.274007 1.677790
v 0.357927 -0.278763 1.601727
v 0.379245 -0.278763 1.675897
v 0.357927 -0.201590 1.601727
v 0.379245 -0.201590 1.675897
v 0.319463 -0.240177 1.666300
v 0.348048 -0.240177 1.658775
v 0.319628 -0.231164 1.662570
v 0.347016 -0.231164 1.655187
v 0.320026 -0.227431 1.653567
v 0.344527 -0.227431 1.646525
v 0.320425 -0.231164 1.644562
v 0.342037 -0.231164 1.637862
v 0.320590 -0.240177 1.640833
v 0.341006 -0.240177 1.634274
v 0.320424 -0.249190 1.644562
v 0.342037 -0.249190 1.637862
v 0.320026 -0.252923 1.653567
v 0.344527 -0.252923 1.646525
v 0.319628 -0.249190 1.662570
v 0.347016 -0.249190 1.655187
v 0.246654 -0.231164 1.639842
v 0.245487 -0.240177 1.643388
v 0.249470 -0.227431 1.631280
v 0.252287 -0.231164 1.622719
v 0.253454 -0.240177 1.619173
v 0.252287 -0.249190 1.622719
v 0.249470 -0.252923 1.631280
v 0.246654 -0.249190 1.639842
v 0.346019 0.664563 1.277560
v 0.295770 0.786841 1.265756
v 0.240202 0.786841 1.502310
v 0.290451 0.664563 1.514114
v 0.324104 0.664563 1.370853
v 0.318235 0.664563 1.395837
v 0.312366 0.664563 1.420821
v 0.273855 0.786841 1.359049
v 0.267986 0.786841 1.384033
v 0.262117 0.786841 1.409017
v 0.323685 0.779327 1.292783
v 0.310892 0.781439 1.367789
v 0.260692 0.808903 1.408683
v 0.272430 0.808903 1.358713
v 0.305218 0.795246 1.366456
v 0.293498 0.795246 1.416349
v 0.267207 0.809183 1.383850
v 0.286396 0.809391 1.388358
v 0.291649 0.809037 1.362879
v 0.300004 0.795525 1.391554
v 0.279755 0.809038 1.413511
v 0.262187 0.797803 1.356308
v 0.250449 0.797803 1.406276
v 0.256318 0.797803 1.381292
v 0.323611 0.648328 1.370737
v 0.311873 0.648328 1.420706
v 0.317742 0.648328 1.395721
v 0.338499 0.648125 1.374233
v 0.326761 0.648125 1.424203
v 0.340120 0.681792 1.427301
v 0.351840 0.681792 1.377408
v 0.333277 0.648405 1.399370
v 0.346806 0.662385 1.402548
v 0.340128 0.662120 1.427693
v 0.346626 0.682072 1.402506
v 0.352022 0.662120 1.377061
v 0.305671 0.781735 1.392885
v 0.299172 0.781439 1.417682
v 0.277231 0.779327 1.490539
v 0.358870 0.693706 1.301048
v 0.320065 0.642677 1.396267
v 0.314196 0.642677 1.421251
v 0.325934 0.642677 1.371283
v 0.253996 0.803455 1.380747
v 0.248127 0.803455 1.405731
v 0.259864 0.803455 1.355762
v 0.256529 0.800439 1.407705
v 0.317953 0.650965 1.422134
v 0.323822 0.650965 1.397150
v 0.262398 0.800439 1.382720
v 0.329691 0.650965 1.372165
v 0.268267 0.800439 1.357736
v 0.346167 0.695599 1.376075
v 0.340958 0.695863 1.401175
v 0.334447 0.695599 1.425968
v 0.312416 0.693706 1.498804
v 0.284088 0.797803 1.263074
v 0.293106 0.784153 1.249880
v 0.288142 0.793805 1.253199
v 0.230748 0.784153 1.515340
v 0.228548 0.797803 1.499511
v 0.227780 0.793805 1.510158
v 0.343312 0.661978 1.261674
v 0.345513 0.648328 1.277503
v 0.346280 0.652326 1.266856
v 0.289972 0.648328 1.513940
v 0.280954 0.661978 1.527133
v 0.285919 0.652326 1.523815
v 0.317967 0.793243 1.291440
v 0.326260 0.778901 1.277689
v 0.321458 0.788875 1.281160
v 0.289518 0.806219 1.258168
v 0.297681 0.792095 1.244653
v 0.292953 0.801918 1.248063
v 0.315626 0.792330 1.256578
v 0.307396 0.806564 1.270217
v 0.310861 0.802229 1.260020
v 0.272816 0.778901 1.505200
v 0.271513 0.793243 1.489196
v 0.270062 0.788876 1.499955
v 0.232517 0.792096 1.522057
v 0.231225 0.806219 1.506320
v 0.229802 0.801918 1.516899
v 0.253895 0.792330 1.519369
v 0.252598 0.806564 1.503492
v 0.251160 0.802229 1.514166
v 0.361426 0.693325 1.285950
v 0.364589 0.679790 1.302392
v 0.364725 0.683587 1.291323
v 0.352468 0.658773 1.257523
v 0.355587 0.645441 1.273689
v 0.355718 0.649182 1.262807
v 0.364630 0.673081 1.268090
v 0.367770 0.659647 1.284399
v 0.367904 0.663416 1.273420
v 0.318135 0.679790 1.500147
v 0.307982 0.693325 1.513461
v 0.313329 0.683587 1.510119
v 0.297295 0.645441 1.521841
v 0.287304 0.658773 1.534927
v 0.292567 0.649182 1.531643
v 0.302899 0.673081 1.530880
v 0.312972 0.659647 1.517674
v 0.308204 0.663416 1.527565
v 0.347012 0.656389 1.256241
v 0.349218 0.642677 1.272160
v 0.349992 0.646693 1.261452
v 0.283149 0.803455 1.256640
v 0.292213 0.789742 1.243369
v 0.287224 0.799438 1.246707
v 0.227049 0.789742 1.520772
v 0.224842 0.803455 1.504853
v 0.224068 0.799438 1.515561
v 0.290911 0.642677 1.520373
v 0.281848 0.656390 1.533645
v 0.286837 0.646693 1.530306
v 0.351606 0.650965 1.278873
v 0.349414 0.664563 1.263107
v 0.352370 0.654947 1.268268
v 0.299165 0.786841 1.251303
v 0.290182 0.800439 1.264444
v 0.294219 0.796457 1.254608
v 0.234614 0.800439 1.500997
v 0.236807 0.786841 1.516763
v 0.233850 0.796457 1.511602
v 0.287056 0.664563 1.528567
v 0.296039 0.650965 1.515426
v 0.292001 0.654947 1.525262
v 0.342377 0.746311 1.349103
v 0.298667 0.746246 1.539220
v 0.343796 0.741824 1.349437
v 0.299897 0.742318 1.539720
v 0.347512 0.739051 1.350310
v 0.303120 0.739911 1.540615
v 0.352105 0.739051 1.351389
v 0.307122 0.739911 1.541555
v 0.355821 0.741824 1.352262
v 0.310407 0.742318 1.542189
v 0.357240 0.746311 1.352595
v 0.311730 0.746246 1.542289
v 0.355821 0.750798 1.352262
v 0.310558 0.750218 1.541819
v 0.352105 0.753572 1.351389
v 0.307306 0.752698 1.540942
v 0.347512 0.753572 1.350310
v 0.303229 0.752698 1.539984
v 0.343796 0.750798 1.349437
v 0.299926 0.750218 1.539321
v 0.295707 0.743974 1.551816
v 0.297281 0.740250 1.550980
v 0.300687 0.737990 1.551057
v 0.304651 0.737990 1.551988
v 0.307735 0.740250 1.553436
v 0.308773 0.743974 1.554885
v 0.307303 0.747775 1.555782
v 0.303841 0.750159 1.555752
v 0.299737 0.750159 1.554788
v 0.296624 0.747775 1.553273
v 0.293052 0.737872 1.563121
v 0.294876 0.734693 1.561221
v 0.298433 0.732761 1.560651
v 0.302398 0.732761 1.561583
v 0.305330 0.734693 1.563677
v 0.306117 0.737872 1.566190
v 0.304392 0.741113 1.568172
v 0.300770 0.743145 1.568823
v 0.296667 0.743145 1.567859
v 0.293713 0.741113 1.565664
v 0.290957 0.728480 1.572036
v 0.292981 0.726157 1.569288
v 0.296660 0.724742 1.568202
v 0.300624 0.724742 1.569134
v 0.303435 0.726157 1.571744
v 0.304023 0.728480 1.575105
v 0.302095 0.730844 1.577952
v 0.298345 0.732324 1.579145
v 0.294242 0.732324 1.578181
v 0.291416 0.730844 1.575444
v 0.289629 0.716717 1.577690
v 0.291781 0.715477 1.574393
v 0.295539 0.714718 1.572972
v 0.299503 0.714718 1.573903
v 0.302235 0.715477 1.576849
v 0.302695 0.716717 1.580760
v 0.300636 0.717973 1.584164
v 0.296804 0.718757 1.585706
v 0.292701 0.718757 1.584742
v 0.289957 0.717973 1.581656
v 0.289183 0.703725 1.579593
v 0.291351 0.703895 1.576070
v 0.295158 0.704000 1.574486
v 0.299170 0.704000 1.575428
v 0.301874 0.703895 1.578542
v 0.302246 0.703725 1.582662
v 0.300121 0.703559 1.586235
v 0.296279 0.703461 1.587875
v 0.292205 0.703461 1.586918
v 0.289495 0.703559 1.583739
v 0.291186 0.632321 1.575883
v 0.288879 0.632467 1.579526
v 0.295140 0.632230 1.574276
v 0.299280 0.632230 1.575248
v 0.325099 0.737522 1.375405
v 0.329248 0.724959 1.380931
v 0.329786 0.717194 1.392973
v 0.326507 0.717194 1.406932
v 0.320664 0.724959 1.417476
v 0.358286 0.754213 1.407033
v 0.314488 0.737522 1.420576
v 0.310338 0.750086 1.415050
v 0.309800 0.757850 1.403008
v 0.313079 0.757850 1.389049
v 0.318923 0.750086 1.378505
v 0.363591 0.754213 1.384447
v 0.367741 0.741649 1.389973
v 0.368279 0.733885 1.402015
v 0.365000 0.733885 1.415974
v 0.359156 0.741649 1.426518
v 0.352980 0.754213 1.429619
v 0.348831 0.766776 1.424092
v 0.348293 0.774541 1.412050
v 0.351572 0.774541 1.398091
v 0.357415 0.766776 1.387547
v 0.313255 0.588353 1.473074
v 0.298667 0.588419 1.539220
v 0.314675 0.592840 1.473408
v 0.299897 0.592346 1.539720
v 0.318391 0.595614 1.474281
v 0.303120 0.594754 1.540615
v 0.322984 0.595614 1.475360
v 0.307122 0.594754 1.541555
v 0.326699 0.592840 1.476233
v 0.310407 0.592346 1.542189
v 0.328119 0.588353 1.476566
v 0.311730 0.588419 1.542289
v 0.326699 0.583866 1.476233
v 0.310558 0.584447 1.541819
v 0.322984 0.581093 1.475360
v 0.307306 0.581967 1.540942
v 0.318391 0.581093 1.474281
v 0.303229 0.581967 1.539984
v 0.314675 0.583866 1.473408
v 0.299926 0.584447 1.539321
v 0.295707 0.590690 1.551816
v 0.297281 0.594414 1.550980
v 0.300687 0.596675 1.551057
v 0.304651 0.596675 1.551988
v 0.307735 0.594414 1.553436
v 0.308773 0.590690 1.554885
v 0.307303 0.586890 1.555782
v 0.303840 0.584506 1.555752
v 0.299737 0.584506 1.554788
v 0.296624 0.586890 1.553273
v 0.293051 0.596793 1.563121
v 0.294876 0.599972 1.561221
v 0.298433 0.601904 1.560651
v 0.302398 0.601904 1.561583
v 0.305330 0.599972 1.563677
v 0.306117 0.596793 1.566190
v 0.304392 0.593552 1.568172
v 0.300770 0.591520 1.568823
v 0.296667 0.591520 1.567859
v 0.293713 0.593552 1.565664
v 0.290957 0.606185 1.572036
v 0.292981 0.608508 1.569288
v 0.296659 0.609923 1.568202
v 0.300624 0.609923 1.569134
v 0.303434 0.608508 1.571744
v 0.304023 0.606185 1.575105
v 0.302095 0.603821 1.577952
v 0.298345 0.602340 1.579145
v 0.294242 0.602340 1.578181
v 0.291416 0.603821 1.575444
v 0.289629 0.617948 1.577690
v 0.291781 0.619187 1.574393
v 0.295539 0.619946 1.572972
v 0.299503 0.619946 1.573903
v 0.302235 0.619187 1.576849
v 0.302695 0.617948 1.580760
v 0.300636 0.616692 1.584164
v 0.296804 0.615907 1.585706
v 0.292701 0.615907 1.584742
v 0.289957 0.616692 1.581656
v 0.302105 0.632321 1.578448
v 0.302548 0.632467 1.582737
v 0.300359 0.632606 1.586518
v 0.296311 0.632687 1.588277
v 0.291998 0.632687 1.587264
v 0.289156 0.632605 1.583886
v 0.346018 -0.341778 1.277560
v 0.295769 -0.464057 1.265756
v 0.240202 -0.464057 1.502310
v 0.290450 -0.341778 1.514114
v 0.324103 -0.341778 1.370853
v 0.318234 -0.341778 1.395837
v 0.312365 -0.341778 1.420821
v 0.273854 -0.464057 1.359049
v 0.267986 -0.464057 1.384033
v 0.262117 -0.464057 1.409017
v 0.323685 -0.456542 1.292783
v 0.310891 -0.458655 1.367789
v 0.260691 -0.486119 1.408683
v 0.272430 -0.486119 1.358713
v 0.305218 -0.472461 1.366456
v 0.293498 -0.472461 1.416349
v 0.267207 -0.486399 1.383850
v 0.286395 -0.486606 1.388358
v 0.291648 -0.486253 1.362879
v 0.300003 -0.472741 1.391554
v 0.279754 -0.486253 1.413511
v 0.262187 -0.475018 1.356308
v 0.250449 -0.475018 1.406276
v 0.256318 -0.475018 1.381292
v 0.323611 -0.325544 1.370737
v 0.311873 -0.325544 1.420706
v 0.317742 -0.325544 1.395721
v 0.338499 -0.325341 1.374233
v 0.326761 -0.325341 1.424203
v 0.340120 -0.359008 1.427301
v 0.351840 -0.359008 1.377408
v 0.333277 -0.325621 1.399370
v 0.346805 -0.339600 1.402548
v 0.340128 -0.339336 1.427693
v 0.346625 -0.359288 1.402506
v 0.352022 -0.339336 1.377061
v 0.305670 -0.458950 1.392885
v 0.299171 -0.458655 1.417682
v 0.277231 -0.456542 1.490539
v 0.358870 -0.370922 1.301048
v 0.320065 -0.319892 1.396267
v 0.314196 -0.319892 1.421251
v 0.325934 -0.319892 1.371283
v 0.253995 -0.480670 1.380747
v 0.248126 -0.480670 1.405731
v 0.259864 -0.480670 1.355762
v 0.256529 -0.477655 1.407705
v 0.317953 -0.328180 1.422134
v 0.323822 -0.328180 1.397150
v 0.262398 -0.477655 1.382720
v 0.329691 -0.328180 1.372165
v 0.268267 -0.477655 1.357736
v 0.346166 -0.372814 1.376075
v 0.340958 -0.373079 1.401175
v 0.334446 -0.372814 1.425968
v 0.312416 -0.370922 1.498804
v 0.284088 -0.475018 1.263074
v 0.293106 -0.461368 1.249880
v 0.288141 -0.471020 1.253199
v 0.230748 -0.461368 1.515340
v 0.228547 -0.475018 1.499511
v 0.227780 -0.471020 1.510158
v 0.343312 -0.339194 1.261674
v 0.345512 -0.325544 1.277503
v 0.346280 -0.329542 1.266856
v 0.289972 -0.325544 1.513940
v 0.280954 -0.339194 1.527133
v 0.285919 -0.329542 1.523815
v 0.317966 -0.470458 1.291440
v 0.326260 -0.456117 1.277689
v 0.321458 -0.466091 1.281160
v 0.289517 -0.483435 1.258168
v 0.297681 -0.469311 1.244653
v 0.292953 -0.479134 1.248063
v 0.315625 -0.469546 1.256578
v 0.307396 -0.483779 1.270217
v 0.310860 -0.479445 1.260020
v 0.272816 -0.456117 1.505200
v 0.271512 -0.470458 1.489196
v 0.270062 -0.466091 1.499955
v 0.232517 -0.469311 1.522057
v 0.231225 -0.483435 1.506320
v 0.229802 -0.479134 1.516899
v 0.253894 -0.469546 1.519369
v 0.252598 -0.483779 1.503492
v 0.251160 -0.479445 1.514166
v 0.361426 -0.370541 1.285950
v 0.364588 -0.357005 1.302392
v 0.364725 -0.360803 1.291323
v 0.352468 -0.335988 1.257523
v 0.355587 -0.322657 1.273689
v 0.355718 -0.326397 1.262807
v 0.364629 -0.350296 1.268090
v 0.367769 -0.336862 1.284399
v 0.367904 -0.340632 1.273420
v 0.318134 -0.357005 1.500147
v 0.307982 -0.370541 1.513461
v 0.313328 -0.360803 1.510119
v 0.297294 -0.322657 1.521841
v 0.287304 -0.335988 1.534927
v 0.292567 -0.326397 1.531643
v 0.302898 -0.350296 1.530880
v 0.312971 -0.336862 1.517674
v 0.308203 -0.340632 1.527565
v 0.347011 -0.333605 1.256241
v 0.349218 -0.319892 1.272160
v 0.349992 -0.323909 1.261452
v 0.283149 -0.480670 1.256640
v 0.292212 -0.466957 1.243369
v 0.287223 -0.476654 1.246707
v 0.227048 -0.466957 1.520772
v 0.224842 -0.480670 1.504853
v 0.224068 -0.476654 1.515561
v 0.290911 -0.319892 1.520373
v 0.281847 -0.333605 1.533645
v 0.286836 -0.323909 1.530306
v 0.351606 -0.328180 1.278873
v 0.349413 -0.341778 1.263107
v 0.352370 -0.332163 1.268268
v 0.299165 -0.464057 1.251303
v 0.290182 -0.477655 1.264444
v 0.294219 -0.473672 1.254608
v 0.234614 -0.477655 1.500997
v 0.236806 -0.464057 1.516763
v 0.233850 -0.473672 1.511602
v 0.287055 -0.341778 1.528567
v 0.296038 -0.328180 1.515426
v 0.292001 -0.332163 1.525262
v 0.342377 -0.423527 1.349103
v 0.298667 -0.423461 1.539220
v 0.343796 -0.419040 1.349437
v 0.299897 -0.419534 1.539720
v 0.347512 -0.416267 1.350310
v 0.303120 -0.417126 1.540615
v 0.352105 -0.416267 1.351389
v 0.307122 -0.417126 1.541555
v 0.355821 -0.419040 1.352262
v 0.310406 -0.419534 1.542189
v 0.357240 -0.423527 1.352595
v 0.311730 -0.423461 1.542289
v 0.355821 -0.428014 1.352262
v 0.310558 -0.427434 1.541819
v 0.352105 -0.430787 1.351389
v 0.307305 -0.429913 1.540942
v 0.347512 -0.430787 1.350310
v 0.303228 -0.429913 1.539984
v 0.343796 -0.428014 1.349437
v 0.299926 -0.427434 1.539321
v 0.295707 -0.421190 1.551816
v 0.297281 -0.417466 1.550980
v 0.300687 -0.415206 1.551057
v 0.304651 -0.415206 1.551988
v 0.307735 -0.417466 1.553436
v 0.308772 -0.421190 1.554885
v 0.307302 -0.424991 1.555782
v 0.303840 -0.427375 1.555752
v 0.299737 -0.427375 1.554788
v 0.296624 -0.424991 1.553273
v 0.293051 -0.415087 1.563121
v 0.294875 -0.411908 1.561221
v 0.298433 -0.409976 1.560651
v 0.302397 -0.409976 1.561583
v 0.305329 -0.411908 1.563677
v 0.306117 -0.415087 1.566190
v 0.304392 -0.418328 1.568172
v 0.300770 -0.420360 1.568823
v 0.296667 -0.420360 1.567859
v 0.293713 -0.418328 1.565664
v 0.290957 -0.405695 1.572036
v 0.292980 -0.403372 1.569288
v 0.296659 -0.401957 1.568202
v 0.300623 -0.401957 1.569134
v 0.303434 -0.403372 1.571744
v 0.304022 -0.405695 1.575105
v 0.302094 -0.408059 1.577952
v 0.298345 -0.409540 1.579145
v 0.294242 -0.409540 1.578181
v 0.291416 -0.408059 1.575444
v 0.289629 -0.393933 1.577690
v 0.291781 -0.392693 1.574393
v 0.295539 -0.391934 1.572972
v 0.299503 -0.391934 1.573903
v 0.302235 -0.392693 1.576849
v 0.302694 -0.393933 1.580760
v 0.300635 -0.395188 1.584164
v 0.296804 -0.395973 1.585706
v 0.292701 -0.395973 1.584742
v 0.289956 -0.395188 1.581656
v 0.289183 -0.380940 1.579593
v 0.291351 -0.381110 1.576070
v 0.295158 -0.381216 1.574486
v 0.299170 -0.381216 1.575428
v 0.301873 -0.381110 1.578542
v 0.302246 -0.380940 1.582662
v 0.300121 -0.380775 1.586235
v 0.296279 -0.380677 1.587875
v 0.292205 -0.380677 1.586918
v 0.289495 -0.380775 1.583739
v 0.291186 -0.309537 1.575883
v 0.288879 -0.309682 1.579526
v 0.295140 -0.309445 1.574276
v 0.299280 -0.309445 1.575248
v 0.325099 -0.414738 1.375405
v 0.329248 -0.402174 1.380931
v 0.329786 -0.394409 1.392973
v 0.326507 -0.394409 1.406932
v 0.320663 -0.402174 1.417476
v 0.358285 -0.431428 1.407033
v 0.314487 -0.414738 1.420576
v 0.310338 -0.427301 1.415050
v 0.309800 -0.435066 1.403008
v 0.313079 -0.435066 1.389049
v 0.318922 -0.427301 1.378505
v 0.363591 -0.431428 1.384447
v 0.367741 -0.418865 1.389973
v 0.368279 -0.411100 1.402015
v 0.365000 -0.411100 1.415974
v 0.359156 -0.418865 1.426518
v 0.352980 -0.431428 1.429619
v 0.348830 -0.443992 1.424092
v 0.348292 -0.451757 1.412050
v 0.351571 -0.451757 1.398091
v 0.357415 -0.443992 1.387547
v 0.313255 -0.265569 1.473074
v 0.298667 -0.265635 1.539220
v 0.314674 -0.270056 1.473408
v 0.299897 -0.269562 1.539720
v 0.318390 -0.272829 1.474281
v 0.303120 -0.271970 1.540615
v 0.322983 -0.272829 1.475360
v 0.307122 -0.271970 1.541555
v 0.326699 -0.270056 1.476233
v 0.310406 -0.269562 1.542189
v 0.328118 -0.265569 1.476566
v 0.311730 -0.265635 1.542289
v 0.326699 -0.261082 1.476233
v 0.310558 -0.261662 1.541819
v 0.322983 -0.258309 1.475360
v 0.307305 -0.259182 1.540942
v 0.318390 -0.258309 1.474281
v 0.303228 -0.259182 1.539984
v 0.314674 -0.261082 1.473408
v 0.299926 -0.261662 1.539321
v 0.295707 -0.267906 1.551816
v 0.297281 -0.271630 1.550980
v 0.300687 -0.273890 1.551057
v 0.304651 -0.273890 1.551988
v 0.307735 -0.271630 1.553436
v 0.308772 -0.267906 1.554885
v 0.307303 -0.264105 1.555782
v 0.303840 -0.261721 1.555752
v 0.299737 -0.261721 1.554788
v 0.296624 -0.264105 1.553273
v 0.293051 -0.274008 1.563121
v 0.294875 -0.277187 1.561221
v 0.298433 -0.279120 1.560651
v 0.302397 -0.279120 1.561583
v 0.305329 -0.277187 1.563677
v 0.306117 -0.274008 1.566190
v 0.304392 -0.270767 1.568172
v 0.300770 -0.268736 1.568823
v 0.296667 -0.268736 1.567859
v 0.293713 -0.270767 1.565664
v 0.290957 -0.283400 1.572036
v 0.292980 -0.285724 1.569288
v 0.296659 -0.287138 1.568202
v 0.300623 -0.287138 1.569134
v 0.303434 -0.285724 1.571744
v 0.304022 -0.283400 1.575105
v 0.302094 -0.281036 1.577952
v 0.298345 -0.279556 1.579145
v 0.294242 -0.279556 1.578181
v 0.291416 -0.281036 1.575444
v 0.289629 -0.295163 1.577690
v 0.291781 -0.296403 1.574393
v 0.295539 -0.297162 1.572972
v 0.299503 -0.297162 1.573903
v 0.302235 -0.296403 1.576849
v 0.302694 -0.295163 1.580760
v 0.300635 -0.293907 1.584164
v 0.296804 -0.293123 1.585706
v 0.292701 -0.293123 1.584742
v 0.289956 -0.293907 1.581656
v 0.302105 -0.309537 1.578448
v 0.302548 -0.309682 1.582737
v 0.300359 -0.309821 1.586518
v 0.296311 -0.309902 1.588277
v 0.291997 -0.309902 1.587264
v 0.289156 -0.309821 1.583886
v 0.794506 -0.160561 0.050577
v 0.794506 -0.074738 0.050577
v 0.728747 -0.160561 -0.004169
v 0.728747 -0.074738 -0.004169
v 0.591415 -0.160561 -0.005102
v 0.591415 -0.160561 0.148544
v 0.605178 -0.160561 0.236849
v 0.591415 -0.160561 0.235571
v 0.713106 -0.160561 0.236546
v 0.715375 -0.160561 0.222907
v 0.612894 -0.160561 0.188996
v 0.726181 -0.160561 0.208065
v 0.639195 -0.160561 0.144146
v 0.744484 -0.160561 0.186705
v 0.591415 -0.074738 -0.005102
v 0.591415 -0.074738 0.148544
v 0.605178 -0.074738 0.236849
v 0.591415 -0.074738 0.235571
v 0.713106 -0.074738 0.236546
v 0.715375 -0.074738 0.222907
v 0.612894 -0.074738 0.188996
v 0.726181 -0.074738 0.208065
v 0.639195 -0.074738 0.144146
v 0.744484 -0.074738 0.186705
v 0.681508 -0.074738 0.099034
v 0.768493 -0.074738 0.172046
v 0.735690 -0.074738 0.069206
v 0.795553 -0.074738 0.165553
v 0.796438 -0.074738 0.057580
v 0.681508 -0.160561 0.099034
v 0.768492 -0.160561 0.172046
v 0.735690 -0.160561 0.069206
v 0.795553 -0.160561 0.165553
v 0.796438 -0.160561 0.057580
v 0.605178 -0.160561 0.260257
v 0.658499 -0.160561 0.360079
v 0.612257 -0.160561 0.338960
v 0.631428 -0.160561 0.353833
v 0.713165 -0.160561 0.303976
v 0.688083 -0.160561 0.352888
v 0.706378 -0.160561 0.334563
v 0.858337 -0.160561 0.165566
v 0.909498 -0.160561 0.115329
v 0.884412 -0.160561 0.158780
v 0.902776 -0.160561 0.140415
v 0.859326 -0.160561 0.057580
v 0.902385 -0.160561 0.089465
v 0.605178 -0.074738 0.260257
v 0.658499 -0.074738 0.360079
v 0.612257 -0.074738 0.338960
v 0.631428 -0.074738 0.353833
v 0.890414 -0.160561 0.069884
v 0.713165 -0.074738 0.303976
v 0.688083 -0.074738 0.352888
v 0.706378 -0.074738 0.334563
v 0.858337 -0.074738 0.165566
v 0.909498 -0.074738 0.115329
v 0.884412 -0.074738 0.158780
v 0.902776 -0.074738 0.140415
v 0.873135 -0.160561 0.055764
v 0.859326 -0.074738 0.057580
v 0.902385 -0.074738 0.089465
v 0.890414 -0.074738 0.069884
v 0.857657 -0.160561 0.050577
v 0.873135 -0.074738 0.055764
v 0.857657 -0.074738 0.050577
v 0.597871 -0.160561 0.270057
v 0.597871 -0.074738 0.270057
v 0.591415 -0.160561 0.249336
v 0.530198 -0.188337 0.249336
v 0.591415 -0.074738 0.249336
v 0.530198 -0.046962 0.249336
v 0.494854 -0.056433 0.249336
v 0.459511 -0.117650 0.148544
v 0.459511 -0.117650 0.270057
v 0.468981 -0.082306 0.148544
v 0.468981 -0.082306 0.270057
v 0.494854 -0.056433 0.148544
v 0.494854 -0.056433 0.270057
v 0.530198 -0.046963 0.148544
v 0.530198 -0.046962 0.270057
v 0.565541 -0.056433 0.148544
v 0.565541 -0.056433 0.270057
v 0.468981 -0.082306 0.249336
v 0.459511 -0.117650 0.249336
v 0.494854 -0.178866 0.249336
v 0.468981 -0.152993 0.148544
v 0.468981 -0.152993 0.270057
v 0.494854 -0.178866 0.148544
v 0.494854 -0.178866 0.270057
v 0.530198 -0.188337 0.148544
v 0.565541 -0.056433 0.249336
v 0.530198 -0.188337 0.270057
v 0.565541 -0.178866 0.148544
v 0.565541 -0.178866 0.270057
v 0.468981 -0.152993 0.249336
v 0.468981 -0.082306 0.235571
v 0.494854 -0.056433 0.235571
v 0.530198 -0.046963 0.235571
v 0.565541 -0.056433 0.235571
v 0.459511 -0.117650 0.235571
v 0.565541 -0.178866 0.249336
v 0.468981 -0.152993 0.235571
v 0.494854 -0.178866 0.235571
v 0.468981 -0.082306 0.183299
v 0.494854 -0.056433 0.183299
v 0.530198 -0.046963 0.183299
v 0.565541 -0.056433 0.183299
v 0.591415 -0.074816 0.183299
v 0.530198 -0.188337 0.235571
v 0.565541 -0.178866 0.235571
v 0.468981 -0.152993 0.183299
v 0.459511 -0.117650 0.183299
v 0.494854 -0.178866 0.183299
v 0.325843 0.076903 0.148544
v 0.530198 -0.188337 0.183299
v 0.325843 0.076903 -0.005102
v 0.597871 -0.117650 0.270057
v 0.565541 -0.178866 0.183299
v 0.591415 -0.160484 0.183299
v 0.591415 -0.117650 0.148544
v 0.325843 -0.312202 0.148544
v 0.325843 -0.312202 -0.005102
v 0.325843 -0.117649 0.148544
v 0.884412 -0.149943 0.158780
v 0.858337 -0.149943 0.165566
v 0.857657 -0.149943 0.050577
v 0.902385 -0.149943 0.089465
v 0.795553 -0.149943 0.165553
v 0.909498 -0.149943 0.115329
v 0.873135 -0.149943 0.055764
v 0.890414 -0.149943 0.069884
v 0.902776 -0.149943 0.140415
v 0.794506 -0.149943 0.050577
v 0.530198 -0.117650 0.270057
v 0.565541 -0.117650 0.270057
v 0.494854 -0.117650 0.270057
v 0.884412 -0.085356 0.158780
v 0.858337 -0.085356 0.165566
v 0.857657 -0.085356 0.050577
v 0.902385 -0.085356 0.089465
v 0.795553 -0.085356 0.165553
v 0.909498 -0.085356 0.115329
v 0.873135 -0.085356 0.055764
v 0.890414 -0.085356 0.069884
v 0.902776 -0.085356 0.140415
v 0.794506 -0.085356 0.050577
v 0.728747 -0.117650 -0.004169
v 0.658499 -0.117650 0.360079
v 0.591415 -0.117650 -0.005102
v 0.744484 -0.117650 0.186705
v 0.715375 -0.117650 0.222907
v 0.768492 -0.117650 0.172046
v 0.688083 -0.117650 0.352888
v 0.706378 -0.117650 0.334563
v 0.713165 -0.117650 0.303976
v 0.325843 -0.117649 -0.005102
v 0.726181 -0.117650 0.208065
v 0.795553 -0.117650 0.165553
v 0.713106 -0.117650 0.236546
v 0.631428 -0.117650 0.353833
v 0.612256 -0.117650 0.338959
v 0.794506 -0.117650 0.050577
v 0.860909 -0.162490 0.124177
v 0.860909 -0.071897 0.124177
v 0.847125 -0.071897 0.110393
v 0.841415 -0.071897 0.124177
v 0.860909 -0.071897 0.104684
v 0.874693 -0.071897 0.110393
v 0.880402 -0.071897 0.124177
v 0.874693 -0.071897 0.137961
v 0.860909 -0.071897 0.143670
v 0.847125 -0.071897 0.137961
v 0.841415 -0.162490 0.124177
v 0.847125 -0.162490 0.110393
v 0.860909 -0.162490 0.104684
v 0.874693 -0.162490 0.110393
v 0.880402 -0.162490 0.124177
v 0.874693 -0.162490 0.137961
v 0.860909 -0.162490 0.143670
v 0.847125 -0.162490 0.137961
v 0.656364 -0.207338 0.323714
v 0.656365 -0.031225 0.323714
v 0.642581 -0.031225 0.309930
v 0.636871 -0.031225 0.323714
v 0.656365 -0.031225 0.304220
v 0.670148 -0.031225 0.309930
v 0.675858 -0.031225 0.323714
v 0.670148 -0.031225 0.337497
v 0.656365 -0.031225 0.343207
v 0.642581 -0.031225 0.337497
v 0.636871 -0.207338 0.323714
v 0.642581 -0.207338 0.309930
v 0.656364 -0.207338 0.304220
v 0.670148 -0.207338 0.309930
v 0.675858 -0.207338 0.323714
v 0.670148 -0.207338 0.337497
v 0.656364 -0.207338 0.343207
v 0.642581 -0.207338 0.337497
vn -0.9897 -0.0164 0.1424
vn -0.5372 -0.5666 0.6248
vn -0.5503 -0.0077 0.8350
vn -0.0126 -0.9995 0.0275
vn -0.6068 -0.7905 0.0835
vn 0.0302 -0.0129 0.9995
vn 0.0259 -0.7022 0.7115
vn -0.0289 -0.9996 -0.0000
vn -0.7089 -0.7039 0.0449
vn -0.7949 -0.6068 0.0001
vn -0.9983 -0.0221 0.0536
vn -0.9999 -0.0104 -0.0000
vn 0.0205 0.9998 0.0008
vn 0.7058 0.7021 0.0949
vn 0.7943 0.6076 0.0030
vn 0.9883 0.0075 0.1524
vn 1.0000 0.0040 0.0038
vn 0.0190 -0.9998 0.0001
vn 0.7051 -0.7027 0.0949
vn 0.0101 -0.9999 0.0016
vn 0.7938 -0.6082 0.0028
vn 0.9966 -0.0079 0.0822
vn -0.0155 -0.9999 0.0025
vn -0.6398 -0.7654 0.0694
vn -0.9945 -0.0166 0.1032
vn 0.0893 -0.0038 0.9960
vn 0.5029 0.6237 0.5984
vn 0.1293 0.5563 0.8209
vn 0.1236 0.9782 0.1671
vn 0.0044 0.9985 0.0543
vn 0.1213 -0.0120 0.9925
vn 0.4938 -0.6265 0.6030
vn 0.7264 -0.0055 0.6872
vn 0.0688 -0.7154 0.6953
vn 0.1202 -0.9817 0.1476
vn 0.9573 0.0134 0.2888
vn 0.5200 0.0057 0.8542
vn 0.5870 0.7944 0.1564
vn 0.9706 -0.0083 0.2404
vn 0.5866 -0.7947 0.1563
vn 0.0045 -1.0000 0.0023
vn 0.0122 0.9999 0.0017
vn 0.0068 1.0000 0.0033
vn 0.0005 -0.9965 0.0831
vn 0.0379 -0.0169 0.9991
vn 0.0151 0.0011 0.9999
vn -0.7439 0.0356 0.6674
vn -0.0000 -1.0000 -0.0000
vn -0.9977 0.0434 0.0527
vn -0.0028 -1.0000 0.0026
vn -0.5383 0.8377 0.0919
vn -0.0391 0.9992 0.0053
vn -0.5405 0.8406 0.0359
vn -0.0252 0.9997 -0.0000
vn -0.0285 0.9996 0.0025
vn 0.0723 -0.0039 0.9974
vn 0.0183 0.7541 0.6565
vn 0.0233 -0.0055 0.9997
vn 0.0169 0.0024 0.9999
vn -0.0484 0.9973 0.0553
vn 0.3066 -0.0226 0.9516
vn 0.5573 -0.3008 0.7739
vn 0.5743 -0.0128 0.8186
vn 0.2935 -0.6126 0.7339
vn 0.4641 -0.6290 0.6237
vn 0.0337 -0.0211 0.9992
vn 0.3085 -0.3737 0.8747
vn 0.0354 -0.3493 0.9363
vn -0.1076 -0.1251 0.9863
vn -0.4492 -0.0439 0.8924
vn -0.3051 -0.3497 0.8858
vn -0.7444 -0.0657 0.6645
vn -0.5016 -0.5449 0.6720
vn -0.9912 -0.1320 0.0070
vn -0.6543 -0.6684 0.3536
vn -0.9240 -0.1821 0.3362
vn -0.5514 -0.5502 0.6271
vn -0.7631 -0.1761 0.6218
vn -0.0162 -0.4373 0.8992
vn -0.0004 -0.0164 0.9999
vn -0.0277 -0.7186 0.6949
vn -0.7629 -0.6465 0.0080
vn -0.0946 -0.9431 0.3187
vn -0.0945 -0.7596 0.6435
vn -0.0844 -0.0051 0.9964
vn -0.3673 -0.0000 0.9301
vn -0.7293 -0.0000 0.6842
vn -0.9999 -0.0000 0.0150
vn -0.9215 -0.0000 0.3883
vn -0.7757 -0.0000 0.6311
vn 0.0234 -0.6871 0.7262
vn -0.0002 -0.9999 0.0141
vn -0.1022 -0.9948 0.0045
vn -0.0051 -0.9082 0.4185
vn 0.9989 -0.0001 0.0472
vn 0.8816 -0.4268 0.2015
vn 0.7924 -0.6099 0.0116
vn 0.9738 -0.0003 0.2275
vn 0.8550 -0.3107 0.4152
vn 0.6601 -0.0167 0.7510
vn 0.7943 -0.0000 0.6075
vn 0.6563 -0.0000 0.7545
vn 0.7926 -0.1760 0.5838
vn 0.9087 -0.0001 0.4173
vn 0.2007 -0.9796 0.0101
vn 0.5329 -0.7940 0.2924
vn 0.6560 -0.5582 0.5080
vn 0.6424 -0.3137 0.6992
vn 0.5757 -0.5829 0.5734
vn 0.8476 -0.2896 0.4446
vn 0.0059 -0.9999 0.0157
vn 0.2837 -0.8815 0.3776
vn 0.1646 -0.8880 0.4293
vn 0.4537 -0.6647 0.5936
vn 0.2710 -0.6896 0.6715
vn 0.6256 -0.0144 0.7800
vn -1.0000 -0.0000 -0.0000
vn -0.9586 -0.2849 -0.0000
vn 0.0288 -0.0000 0.9996
vn -0.0038 -0.7416 0.6708
vn 0.3801 -0.9250 -0.0000
vn -0.6076 -0.7943 -0.0000
vn 0.9233 -0.0004 0.3840
vn 0.6299 -0.0000 0.7767
vn 1.0000 -0.0000 -0.0000
vn 0.8619 -0.5071 -0.0000
vn 0.6043 -0.0000 0.7968
vn 0.3820 -0.0000 0.9241
vn -0.0122 -0.9999 0.0044
vn -0.0003 -1.0000 0.0007
vn -0.9917 0.0782 0.1023
vn -0.9868 0.0845 0.1379
vn 0.0093 -0.9999 0.0124
vn -0.1094 -0.9940 -0.0000
vn -0.9911 -0.0035 -0.1332
vn -0.9610 0.2361 -0.1441
vn -0.9910 -0.0069 -0.1336
vn 0.9762 0.0291 -0.2149
vn 0.6727 0.7007 -0.2375
vn 0.6727 0.7008 -0.2374
vn 0.0089 0.9906 -0.1362
vn -0.5985 0.7861 -0.1543
vn -0.0423 0.9899 -0.1357
vn -0.0414 0.9898 -0.1365
vn 0.9774 -0.0000 -0.2114
vn 0.8516 -0.4547 -0.2608
vn 0.1803 -0.9530 -0.2436
vn -0.0563 -0.9730 -0.2240
vn -0.0550 -0.9728 -0.2250
vn 0.7408 -0.6175 -0.2642
vn -0.9869 -0.0427 -0.1554
vn -0.9889 0.0012 -0.1487
vn -0.9903 -0.0007 -0.1392
vn -0.6971 -0.6817 -0.2219
vn -0.9747 -0.1385 -0.1752
vn -0.8852 0.4400 -0.1509
vn -0.0000 -0.0000 -1.0000
vn 0.9772 0.0077 -0.2124
vn -0.0000 1.0000 -0.0000
vn -0.0011 0.9910 -0.1342
vn -0.5454 0.8377 0.0285
vn -0.6454 0.7603 0.0742
vn -0.5158 0.6058 0.6057
vn -0.3398 0.5355 0.7731
vn -0.5577 0.8300 -0.0000
vn -0.6714 0.7411 -0.0000
vn -0.9983 0.0582 -0.0000
vn -0.6369 0.7705 0.0268
vn -0.6344 0.7712 0.0530
vn -0.7753 0.3059 0.5526
vn -0.8064 0.0607 0.5883
vn -0.8221 0.0600 0.5662
vn -0.4417 0.5674 0.6950
vn -0.6656 0.3203 0.6741
vn -0.7471 0.1751 0.6412
vn -0.4054 -0.6621 0.6303
vn -0.0466 -0.7608 0.6473
vn -0.0446 -0.7503 0.6596
vn -0.7924 -0.0690 0.6060
vn -0.7279 -0.2102 0.6526
vn -0.3952 -0.6667 0.6320
vn 0.5240 -0.3690 0.7676
vn 0.2096 -0.6687 0.7134
vn 0.5282 -0.3674 0.7656
vn 0.0760 -0.7338 0.6750
vn -0.0330 0.7558 0.6540
vn -0.4398 0.5672 0.6963
vn 0.4214 0.4412 0.7923
vn 0.6984 0.0211 0.7154
vn 0.4227 0.4416 0.7914
vn 0.0068 0.7598 0.6501
vn -0.0009 0.7603 0.6496
vn -0.0326 0.7530 0.6572
vn 0.6952 -0.0004 0.7188
vn 0.6929 -0.0010 0.7210
vn -0.8031 0.1614 0.5736
vn 0.6979 -0.0003 0.7162
vn 0.7028 -0.0001 0.7113
vn 0.7017 0.0055 0.7125
vn 0.1965 -0.1441 0.9698
vn -0.0013 -0.0037 1.0000
vn 0.3486 -0.2900 0.8913
vn 0.1045 -0.9945 0.0001
vn -0.0314 -0.9995 -0.0000
vn -0.1049 -0.9945 -0.0000
vn -0.7440 -0.6682 -0.0000
vn -0.7172 -0.6968 -0.0000
vn -0.0012 0.0004 1.0000
vn -0.0000 -0.0000 1.0000
vn 0.0735 0.1073 0.9915
vn 0.3158 0.4755 0.8211
vn 0.1360 0.2518 0.9582
vn -0.0103 0.0159 0.9998
vn -0.0084 0.0009 1.0000
vn -1.0000 0.0019 -0.0000
vn -0.9715 0.2371 -0.0000
vn -0.9977 -0.0674 -0.0001
vn 0.1768 -0.1427 0.9738
vn 0.0588 -0.0573 0.9966
vn -0.0018 0.0023 1.0000
vn -0.0035 -0.0029 1.0000
vn -0.0435 0.9991 -0.0000
vn -0.5351 0.8448 0.0001
vn -0.0435 0.9991 0.0001
vn -0.8952 0.4457 0.0015
vn -0.6769 0.7361 -0.0000
vn -1.0000 0.0022 -0.0000
vn 0.0912 0.1200 0.9886
vn 0.7673 -0.6413 -0.0001
vn 0.3011 -0.9536 -0.0000
vn 0.8871 -0.4615 -0.0000
vn 0.0025 1.0000 -0.0000
vn 0.0024 1.0000 0.0001
vn 0.5877 0.8090 0.0002
vn 0.7847 0.6199 0.0002
vn 0.9995 0.0303 -0.0000
vn 1.0000 0.0080 0.0001
vn 0.0318 -0.7040 0.7095
vn 0.0607 -0.0132 0.9981
vn -0.0000 -0.9990 0.0453
vn -0.0028 -1.0000 0.0022
vn -0.0007 -1.0000 0.0019
vn 0.0333 -0.6735 0.7385
vn -0.0013 -0.9991 0.0421
vn 1.0000 -0.0079 0.0038
vn -0.0060 -0.0000 1.0000
vn -0.6016 0.7845 -0.1504
vn -0.6998 -0.6799 -0.2192
vn -0.9967 -0.0815 -0.0000
vn -0.8660 0.5000 -0.0000
vn -0.5000 0.8660 -0.0000
vn 0.5000 0.8660 -0.0000
vn 0.8660 0.5000 -0.0000
vn 0.8660 -0.5000 -0.0000
vn 0.5000 -0.8660 -0.0000
vn -0.5000 -0.8660 -0.0000
vn -0.8660 -0.5000 -0.0000
vn -0.7042 -0.0000 -0.7100
vn -0.7775 0.4489 -0.4405
vn -0.6098 0.3521 -0.7100
vn -0.8978 -0.0000 -0.4405
vn -0.8587 0.4958 -0.1295
vn -0.4489 0.7775 -0.4405
vn -0.3521 0.6098 -0.7100
vn -0.4958 0.8587 -0.1295
vn -0.0000 0.8978 -0.4405
vn -0.0000 0.7042 -0.7100
vn -0.0000 0.9916 -0.1295
vn 0.4489 0.7775 -0.4405
vn 0.3521 0.6098 -0.7100
vn 0.4958 0.8587 -0.1295
vn 0.7775 0.4489 -0.4405
vn 0.6098 0.3521 -0.7100
vn 0.8587 0.4958 -0.1295
vn 0.7042 -0.0000 -0.7100
vn 0.8978 -0.0000 -0.4405
vn 0.9916 -0.0000 -0.1295
vn 0.6098 -0.3521 -0.7100
vn 0.7775 -0.4489 -0.4405
vn 0.8587 -0.4958 -0.1295
vn 0.3521 -0.6098 -0.7100
vn 0.4489 -0.7775 -0.4405
vn 0.4958 -0.8587 -0.1295
vn -0.0000 -0.8978 -0.4405
vn -0.0000 -0.7042 -0.7100
vn -0.0000 -0.9916 -0.1295
vn -0.4489 -0.7775 -0.4405
vn -0.3521 -0.6098 -0.7100
vn -0.4958 -0.8587 -0.1295
vn -0.6098 -0.3521 -0.7100
vn -0.7775 -0.4489 -0.4405
vn -0.8587 -0.4958 -0.1295
vn -0.9916 -0.0000 -0.1295
vn -0.9877 -0.0000 0.1562
vn -0.7321 0.4227 0.5343
vn -0.8554 0.4939 0.1562
vn -0.8453 -0.0000 0.5343
vn -0.4100 0.2367 0.8808
vn -0.4939 0.8554 0.1562
vn -0.4227 0.7321 0.5343
vn -0.2367 0.4100 0.8808
vn -0.0000 0.8453 0.5343
vn -0.0000 0.9877 0.1562
vn -0.0000 0.4735 0.8808
vn 0.4939 0.8554 0.1562
vn 0.4227 0.7321 0.5343
vn 0.2367 0.4100 0.8808
vn 0.7321 0.4227 0.5343
vn 0.8554 0.4939 0.1562
vn 0.4100 0.2367 0.8808
vn 0.8453 -0.0000 0.5343
vn 0.9877 -0.0000 0.1562
vn 0.4735 -0.0000 0.8808
vn 0.7321 -0.4227 0.5343
vn 0.8554 -0.4939 0.1562
vn 0.4100 -0.2367 0.8808
vn 0.4939 -0.8554 0.1562
vn 0.4227 -0.7321 0.5343
vn 0.2367 -0.4100 0.8808
vn -0.0000 -0.8453 0.5343
vn -0.0000 -0.9877 0.1562
vn -0.0000 -0.4735 0.8808
vn -0.4227 -0.7321 0.5343
vn -0.4939 -0.8554 0.1562
vn -0.2367 -0.4100 0.8808
vn -0.7321 -0.4227 0.5343
vn -0.8554 -0.4939 0.1562
vn -0.4100 -0.2367 0.8808
vn -0.4735 -0.0000 0.8808
vn -0.5957 -0.0000 -0.8032
vn -0.5159 0.2978 -0.8032
vn -0.2978 0.5159 -0.8032
vn -0.0000 0.5957 -0.8032
vn 0.2978 0.5159 -0.8032
vn 0.5159 0.2978 -0.8032
vn 0.5957 -0.0000 -0.8032
vn 0.5159 -0.2978 -0.8032
vn 0.2978 -0.5159 -0.8032
vn -0.0000 -0.5957 -0.8032
vn -0.2978 -0.5159 -0.8032
vn -0.5159 -0.2978 -0.8032
vn 0.1305 -0.9914 -0.0000
vn 0.1305 0.9914 -0.0000
vn -0.1305 0.9914 -0.0000
vn -0.1305 -0.9914 -0.0000
vn -0.1953 -0.7071 -0.6796
vn -0.0539 -0.9808 -0.1875
vn 0.1953 0.7071 0.6796
vn 0.2709 0.1951 0.9426
vn 0.0539 -0.9808 0.1875
vn -0.1953 0.7071 -0.6796
vn -0.0539 0.9808 -0.1875
vn -0.2709 -0.1951 -0.9426
vn 0.0539 0.9808 0.1875
vn 0.2709 -0.1951 0.9426
vn 0.1953 -0.7071 0.6796
vn -0.2709 0.1951 -0.9426
vn -0.9611 -0.0000 0.2762
vn 0.9611 -0.0000 -0.2762
vn 0.2591 -0.0000 0.9659
vn -0.0148 0.6752 0.7375
vn -0.0229 -0.0000 0.9997
vn 0.0041 0.7468 -0.6650
vn 0.0001 1.0000 0.0025
vn -0.0000 0.9976 0.0698
vn 0.1875 0.7037 0.6853
vn -0.2973 -0.0000 0.9548
vn -0.0148 -0.6752 0.7375
vn -0.0038 1.0000 -0.0014
vn -0.2143 0.7025 -0.6787
vn 0.0003 -0.0000 -1.0000
vn 0.2165 -0.7076 -0.6726
vn 0.0041 -0.7468 -0.6650
vn -0.0000 -1.0000 0.0025
vn -0.0000 -0.9976 0.0698
vn -0.2143 -0.7025 -0.6787
vn -0.0038 -1.0000 -0.0014
vn -0.2117 -0.7048 0.6771
vn 0.1875 -0.7037 0.6853
vn -0.2117 0.7048 0.6771
vn 0.2165 0.7076 -0.6726
vn -0.1954 0.7071 -0.6796
vn 0.3601 0.9251 0.1208
vn -0.1942 0.9799 -0.0456
vn -0.1964 0.9798 -0.0364
vn 0.3762 0.9251 0.0522
vn -0.1921 0.9798 -0.0549
vn 0.8159 0.5602 0.1432
vn 0.3697 0.9251 0.0868
vn 0.8069 0.5595 0.1895
vn 0.7943 0.5602 0.2351
vn 0.9102 -0.3742 0.1776
vn 0.5481 -0.8265 0.1287
vn 0.5502 -0.8264 0.1195
vn 0.8941 -0.3742 0.2462
vn 0.5458 -0.8265 0.1380
vn 0.9416 0.2019 0.2697
vn 0.9032 -0.3731 0.2122
vn 0.9531 0.2036 0.2239
vn 0.9631 0.2019 0.1778
vn -0.8969 -0.3889 -0.2107
vn 0.8698 0.4933 0.0114
vn 0.9103 0.3880 0.1443
vn 0.9168 0.3962 -0.0511
vn 0.8207 0.5621 0.1025
vn 0.9068 0.3884 0.1638
vn 0.8849 0.3884 0.2570
vn 0.8969 0.3889 0.2107
vn 0.8793 0.3880 0.2761
vn 0.7981 0.3962 0.4539
vn 0.8151 0.3548 0.4579
vn 0.3786 -0.9213 0.0889
vn 0.9304 0.1973 0.3089
vn -0.3786 0.9213 -0.0889
vn 0.8779 0.2645 0.3992
vn 0.9638 0.2645 0.0335
vn 0.9338 0.3548 -0.0471
vn 0.7805 0.5621 0.2736
vn 0.7839 0.4933 0.3771
vn 0.4199 0.3840 0.8223
vn 0.3490 0.9021 0.2538
vn 0.3613 0.7122 0.6019
vn -0.1022 0.2707 0.9572
vn -0.2100 0.9624 0.1723
vn -0.2006 0.7219 0.6623
vn 0.8342 0.1598 -0.5277
vn 0.9377 -0.3442 0.0485
vn 0.9442 -0.1461 -0.2953
vn 0.4884 -0.1032 -0.8665
vn 0.6086 -0.7896 -0.0787
vn 0.6318 -0.5349 -0.5610
vn 0.5915 0.7122 -0.3781
vn -0.1113 0.9624 -0.2478
vn 0.4255 0.9021 -0.0718
vn 0.3347 0.2707 -0.9026
vn 0.1153 0.7219 -0.6823
vn 0.7421 0.3840 -0.5494
vn 0.7140 -0.1461 0.6848
vn 0.5099 -0.7896 0.3415
vn 0.8612 -0.3442 0.3741
vn 0.0515 -0.1032 0.9933
vn 0.3159 -0.5349 0.7836
vn 0.5120 0.1598 0.8440
vn -0.1058 0.6537 -0.7494
vn 0.1502 0.1814 -0.9719
vn -0.3262 0.9040 -0.2762
vn 0.4165 -0.9034 -0.1017
vn 0.4309 -0.6526 -0.6233
vn -0.4284 0.6537 0.6239
vn -0.2982 0.1814 0.9371
vn -0.4151 0.9040 0.1020
vn 0.3277 -0.9034 0.2765
vn 0.1084 -0.6526 0.7500
vn 0.1511 0.1823 -0.9716
vn -0.1037 0.6542 -0.7492
vn 0.1519 0.1804 -0.9718
vn -0.3252 0.9042 -0.2768
vn -0.1481 -0.1810 0.9723
vn 0.1101 -0.6514 0.7507
vn -0.1490 -0.1792 0.9725
vn 0.3282 -0.9029 0.2775
vn -0.4144 0.9042 0.1031
vn -0.4264 0.6542 0.6246
vn -0.4141 0.9046 0.1010
vn -0.2973 0.1823 0.9372
vn -0.4264 0.6542 0.6247
vn 0.4328 -0.6514 -0.6231
vn 0.3003 -0.1810 -0.9365
vn 0.2996 -0.1792 -0.9371
vn 0.4175 -0.9029 -0.1024
vn 0.4328 -0.6514 -0.6232
vn -0.2967 0.1804 0.9378
vn 0.3289 -0.9033 0.2755
vn 0.4171 -0.9033 -0.1003
vn -0.3258 0.9046 -0.2748
vn 0.9706 0.1973 0.1377
vn 0.2991 -0.1810 -0.9369
vn -0.1493 -0.1810 0.9721
vn -0.7886 -0.5878 -0.1805
vn -0.9745 0.0078 -0.2242
vn -0.9746 -0.0000 -0.2242
vn -0.3019 -0.9510 -0.0662
vn -0.7793 -0.5819 -0.2325
vn 0.3213 -0.9469 -0.0104
vn -0.2830 -0.9469 -0.1523
vn 0.2998 -0.9510 0.0752
vn 0.8014 -0.5819 0.1388
vn 0.7865 -0.5878 0.1895
vn 0.9724 0.0078 0.2332
vn 0.9724 -0.0000 0.2332
vn 0.7710 0.5920 0.2348
vn 0.7865 0.5878 0.1895
vn 0.2795 0.9488 0.1472
vn -0.3019 0.9511 -0.0661
vn 0.2997 0.9511 0.0752
vn -0.7508 -0.5479 -0.3688
vn -0.7886 0.5878 -0.1805
vn -0.3158 0.9488 0.0073
vn -0.7949 0.5920 -0.1331
vn 0.2287 -0.0000 -0.9735
vn 0.4355 -0.7587 -0.4845
vn -0.2337 -0.8977 -0.3736
vn 0.3755 -0.8977 -0.2305
vn -0.8242 0.5663 0.0027
vn -0.3655 0.9032 0.2251
vn 0.2270 0.9032 0.3643
vn 0.7368 0.5663 0.3694
vn 0.9722 0.0133 0.2338
vn 0.8365 -0.5479 0.0041
vn -0.9746 0.0133 -0.2235
vn 0.1189 0.5522 0.8252
vn 0.6991 0.4794 0.5306
vn 0.1666 0.7650 0.6221
vn -0.8622 0.4794 0.1638
vn 0.8733 -0.4631 -0.1514
vn -0.9754 0.0113 -0.2200
vn 0.9714 0.0113 0.2373
vn -0.7146 -0.4631 -0.5243
vn -0.4262 0.7650 0.4829
vn 0.9202 -0.1706 -0.3522
vn 0.4827 -0.5450 -0.6855
vn 0.9021 -0.3332 -0.2741
vn -0.9761 0.0080 -0.2170
vn 0.9707 0.0080 0.2403
vn -0.1742 -0.7587 -0.6277
vn -0.6857 -0.3332 -0.6471
vn -0.4739 0.5522 0.6859
vn 0.6692 0.3457 0.6578
vn -0.8921 0.3457 0.2910
vn -0.6567 -0.0409 -0.7530
vn -0.9765 0.0044 -0.2152
vn -0.6672 -0.1706 -0.7251
vn 0.0884 0.2845 0.9546
vn 0.9702 0.0044 0.2421
vn -0.1270 -0.5450 -0.8288
vn -0.5042 0.2845 0.8154
vn 0.6500 0.1781 0.7388
vn -0.0967 -0.2793 -0.9553
vn -0.9109 0.1781 0.3721
vn -0.5184 -0.0702 0.8522
vn 0.0812 0.0703 0.9942
vn -0.5154 0.0703 0.8541
vn 0.9233 -0.0409 -0.3819
vn -0.0850 -0.0689 -0.9940
vn -0.9190 0.0457 0.3916
vn 0.9719 0.0035 0.2352
vn 0.5120 -0.2793 -0.8123
vn -0.9750 0.0035 -0.2222
vn 0.6485 0.0457 0.7598
vn 0.5187 -0.0689 -0.8522
vn 0.9194 0.0294 -0.3923
vn -0.0811 0.0537 -0.9953
vn -0.9227 -0.0475 0.3825
vn 0.9749 -0.0095 0.2224
vn -0.9720 -0.0095 -0.2350
vn 0.6559 -0.0475 0.7533
vn 0.5157 0.0537 -0.8551
vn -0.6485 0.0294 -0.7606
vn 0.4075 -0.5415 -0.7353
vn 0.4307 -0.8762 -0.2163
vn 0.2894 -0.8762 0.3854
vn 0.0375 -0.5415 0.8398
vn -0.2287 -0.0000 0.9735
vn 0.0375 -0.5415 0.8399
vn -0.4075 0.5415 0.7353
vn -0.4307 0.8762 0.2162
vn -0.2894 0.8762 -0.3854
vn -0.4307 0.8762 0.2163
vn -0.0375 0.5415 -0.8399
vn -0.9755 -0.0080 -0.2197
vn -0.7906 0.5877 -0.1720
vn -0.9765 -0.0000 -0.2156
vn -0.7806 0.5819 -0.2283
vn -0.3038 0.9510 -0.0577
vn -0.2842 0.9473 -0.1482
vn 0.2978 0.9510 0.0836
vn 0.8006 0.5819 0.1431
vn 0.7845 0.5877 0.1980
vn 0.9713 -0.0080 0.2376
vn 0.9704 -0.0000 0.2417
vn 0.7697 -0.5920 0.2392
vn 0.7844 -0.5878 0.1981
vn 0.2783 -0.9485 0.1515
vn 0.2977 -0.9510 0.0838
vn -0.3166 -0.9485 0.0118
vn -0.3039 -0.9510 -0.0575
vn -0.7508 0.5479 -0.3688
vn -0.2336 0.8977 -0.3736
vn -0.7906 -0.5877 -0.1719
vn -0.7956 -0.5920 -0.1285
vn 0.4355 0.7587 -0.4845
vn 0.3755 0.8977 -0.2305
vn -0.8242 -0.5663 0.0027
vn -0.9746 -0.0133 -0.2235
vn -0.3654 -0.9032 0.2251
vn 0.2270 -0.9032 0.3643
vn 0.7368 -0.5663 0.3694
vn 0.9722 -0.0133 0.2338
vn 0.3204 0.9473 -0.0062
vn 0.8365 0.5479 0.0041
vn 0.6991 -0.4794 0.5306
vn 0.1189 -0.5522 0.8252
vn 0.1666 -0.7650 0.6221
vn -0.8622 -0.4794 0.1638
vn -0.9754 -0.0113 -0.2200
vn 0.8733 0.4631 -0.1514
vn -0.7146 0.4631 -0.5243
vn -0.4262 -0.7650 0.4829
vn 0.9714 -0.0113 0.2373
vn -0.1742 0.7587 -0.6277
vn 0.4827 0.5450 -0.6855
vn 0.9215 0.1573 -0.3552
vn 0.9021 0.3332 -0.2741
vn -0.9761 -0.0080 -0.2170
vn -0.6857 0.3332 -0.6471
vn -0.4739 -0.5522 0.6859
vn 0.9707 -0.0080 0.2403
vn -0.1270 0.5450 -0.8288
vn -0.8921 -0.3457 0.2910
vn 0.6692 -0.3457 0.6578
vn -0.6670 0.1572 -0.7283
vn -0.9760 -0.0140 -0.2171
vn 0.0886 -0.2896 0.9530
vn -0.5036 -0.2896 0.8139
vn 0.9706 -0.0140 0.2401
vn -0.0963 0.2627 -0.9601
vn -0.9102 -0.1847 0.3707
vn 0.6499 -0.1847 0.7372
vn 0.5137 0.2627 -0.8167
vn 0.0848 -0.0702 0.9939
vn -0.1942 -0.9799 -0.0456
vn 0.3601 -0.9251 0.1208
vn -0.1964 -0.9798 -0.0364
vn 0.3762 -0.9251 0.0522
vn -0.1921 -0.9798 -0.0549
vn 0.8159 -0.5602 0.1432
vn 0.3697 -0.9251 0.0868
vn 0.7943 -0.5602 0.2351
vn 0.8069 -0.5595 0.1895
vn 0.5481 0.8265 0.1287
vn 0.9102 0.3742 0.1776
vn 0.5502 0.8264 0.1195
vn 0.8941 0.3742 0.2462
vn 0.5458 0.8264 0.1380
vn 0.9416 -0.2019 0.2697
vn 0.9032 0.3731 0.2122
vn 0.9631 -0.2019 0.1778
vn 0.9531 -0.2036 0.2239
vn -0.8969 0.3889 -0.2107
vn 0.8698 -0.4933 0.0114
vn 0.9103 -0.3880 0.1443
vn 0.8207 -0.5621 0.1025
vn 0.9068 -0.3884 0.1638
vn 0.8849 -0.3884 0.2570
vn 0.8969 -0.3889 0.2107
vn 0.8151 -0.3548 0.4579
vn 0.8793 -0.3880 0.2761
vn 0.3786 0.9213 0.0889
vn 0.9304 -0.1973 0.3089
vn -0.3786 -0.9213 -0.0889
vn 0.8779 -0.2645 0.3992
vn 0.9638 -0.2645 0.0335
vn 0.9338 -0.3548 -0.0471
vn 0.7805 -0.5621 0.2736
vn 0.9168 -0.3962 -0.0511
vn 0.4199 -0.3840 0.8223
vn 0.7839 -0.4933 0.3771
vn 0.7981 -0.3962 0.4539
vn 0.3490 -0.9021 0.2538
vn -0.1022 -0.2707 0.9572
vn 0.3613 -0.7122 0.6019
vn -0.2100 -0.9624 0.1723
vn 0.8342 -0.1598 -0.5277
vn 0.9377 0.3442 0.0485
vn 0.9706 -0.1973 0.1377
vn 0.4884 0.1032 -0.8665
vn 0.9442 0.1461 -0.2953
vn 0.6086 0.7896 -0.0787
vn -0.1113 -0.9624 -0.2478
vn 0.5915 -0.7122 -0.3781
vn 0.4255 -0.9021 -0.0718
vn 0.3347 -0.2707 -0.9026
vn 0.7421 -0.3840 -0.5494
vn 0.5099 0.7896 0.3415
vn 0.7140 0.1461 0.6848
vn 0.8612 0.3442 0.3741
vn 0.0515 0.1032 0.9933
vn 0.5120 -0.1598 0.8440
vn -0.1058 -0.6537 -0.7494
vn 0.1502 -0.1814 -0.9719
vn 0.1153 -0.7219 -0.6823
vn -0.3263 -0.9040 -0.2762
vn 0.4165 0.9034 -0.1017
vn 0.6318 0.5349 -0.5610
vn 0.4309 0.6526 -0.6233
vn 0.2991 0.1810 -0.9369
vn -0.4284 -0.6537 0.6239
vn -0.2006 -0.7219 0.6623
vn -0.4151 -0.9040 0.1020
vn 0.3276 0.9034 0.2765
vn 0.3159 0.5349 0.7836
vn 0.1084 0.6526 0.7500
vn 0.1511 -0.1823 -0.9716
vn -0.1037 -0.6542 -0.7492
vn -0.3252 -0.9042 -0.2768
vn -0.1481 0.1810 0.9723
vn 0.1101 0.6514 0.7507
vn 0.3282 0.9029 0.2775
vn -0.4144 -0.9042 0.1031
vn -0.4264 -0.6542 0.6246
vn -0.4264 -0.6542 0.6247
vn -0.2973 -0.1823 0.9372
vn 0.3003 0.1810 -0.9365
vn 0.4328 0.6514 -0.6231
vn 0.2996 0.1792 -0.9371
vn 0.4175 0.9029 -0.1023
vn 0.4171 0.9033 -0.1003
vn -0.1489 0.1792 0.9725
vn -0.2967 -0.1804 0.9378
vn 0.3289 0.9033 0.2755
vn 0.1519 -0.1804 -0.9718
vn -0.4141 -0.9046 0.1010
vn -0.3258 -0.9046 -0.2748
vn -0.1493 0.1810 0.9721
vn -0.9745 -0.0078 -0.2242
vn -0.7793 0.5819 -0.2325
vn -0.3019 0.9510 -0.0662
vn -0.2831 0.9469 -0.1523
vn 0.2998 0.9510 0.0752
vn 0.8014 0.5819 0.1388
vn 0.9724 -0.0078 0.2332
vn 0.7710 -0.5920 0.2348
vn 0.2795 -0.9488 0.1472
vn 0.2997 -0.9511 0.0752
vn -0.3158 -0.9488 0.0073
vn -0.3019 -0.9511 -0.0661
vn -0.2337 0.8977 -0.3736
vn -0.7949 -0.5920 -0.1331
vn 0.3756 0.8977 -0.2305
vn 0.3213 0.9469 -0.0104
vn 0.9202 0.1706 -0.3522
vn -0.9765 -0.0044 -0.2152
vn -0.6567 0.0409 -0.7530
vn -0.6672 0.1706 -0.7251
vn 0.0884 -0.2845 0.9546
vn -0.5042 -0.2845 0.8154
vn 0.9702 -0.0044 0.2421
vn -0.0967 0.2793 -0.9553
vn -0.9109 -0.1781 0.3721
vn 0.6500 -0.1781 0.7388
vn 0.5120 0.2793 -0.8123
vn 0.0812 -0.0703 0.9942
vn -0.5184 0.0702 0.8522
vn -0.5154 -0.0703 0.8541
vn 0.9233 0.0409 -0.3819
vn 0.9719 -0.0035 0.2352
vn -0.0850 0.0689 -0.9940
vn -0.9190 -0.0457 0.3916
vn 0.6485 -0.0457 0.7598
vn 0.5187 0.0689 -0.8522
vn -0.9750 -0.0035 -0.2222
vn 0.9194 -0.0294 -0.3923
vn 0.9749 0.0095 0.2224
vn -0.0811 -0.0537 -0.9953
vn -0.9227 0.0475 0.3825
vn 0.6559 0.0475 0.7533
vn 0.5157 -0.0537 -0.8551
vn -0.9720 0.0095 -0.2350
vn 0.0848 0.0702 0.9939
vn -0.6485 -0.0294 -0.7606
vn 0.4075 0.5415 -0.7353
vn 0.4307 0.8762 -0.2163
vn 0.2894 0.8762 0.3854
vn 0.0375 0.5415 0.8399
vn 0.0375 0.5415 0.8398
vn -0.4075 -0.5415 0.7353
vn -0.4307 -0.8762 0.2162
vn -0.4307 -0.8762 0.2163
vn -0.2894 -0.8762 -0.3854
vn -0.0375 -0.5415 -0.8399
vn -0.7906 -0.5877 -0.1720
vn -0.9755 0.0080 -0.2198
vn -0.3038 -0.9510 -0.0577
vn -0.7806 -0.5819 -0.2283
vn 0.2978 -0.9510 0.0836
vn -0.2842 -0.9473 -0.1482
vn 0.8006 -0.5819 0.1431
vn 0.3204 -0.9473 -0.0062
vn 0.7845 -0.5877 0.1980
vn 0.9713 0.0080 0.2376
vn 0.7697 0.5920 0.2392
vn 0.7844 0.5878 0.1981
vn 0.2783 0.9485 0.1515
vn 0.2977 0.9510 0.0838
vn -0.3166 0.9485 0.0118
vn -0.7906 0.5877 -0.1719
vn -0.3039 0.9510 -0.0575
vn -0.7956 0.5920 -0.1285
vn -0.3654 0.9032 0.2251
vn 0.9215 -0.1573 -0.3552
vn -0.6670 -0.1572 -0.7283
vn -0.9760 0.0140 -0.2171
vn -0.5036 0.2896 0.8139
vn 0.9706 0.0140 0.2401
vn 0.6499 0.1847 0.7372
vn -0.0963 -0.2627 -0.9601
vn -0.9102 0.1847 0.3707
vn 0.0886 0.2896 0.9530
vn 0.5137 -0.2627 -0.8168
vn -0.0007 -1.0000 0.0003
vn 0.0068 -0.0000 -1.0000
vn -0.0013 -1.0000 -0.0000
vn -0.0006 1.0000 0.0003
vn -0.0013 1.0000 -0.0000
vn 0.4959 0.8684 -0.0000
vn -0.8481 -0.0000 0.5298
vn -0.9789 -0.0000 0.2044
vn 0.6482 -0.0000 0.7615
vn 0.7845 -0.0000 0.6201
vn 0.9222 -0.0000 0.3867
vn 0.9966 -0.0000 0.0819
vn 0.3819 -0.0000 0.9242
vn 0.1174 -0.0000 0.9931
vn 0.1564 -0.0000 0.9877
vn 0.6398 -0.0000 -0.7685
vn 0.1269 -0.0000 0.9919
vn 0.4969 -0.0000 0.8678
vn -0.0038 1.0000 0.0007
vn 0.0059 -0.0000 1.0000
vn -0.4289 -0.0000 0.9033
vn 0.4959 -0.8684 -0.0000
vn 0.9941 -0.0000 0.1085
vn -0.0004 1.0000 -0.0002
vn 0.4248 -0.9053 -0.0000
vn 0.4078 0.9126 -0.0287
vn 0.4248 0.9053 -0.0000
vn 0.4254 0.9050 -0.0000
vn 0.5464 0.8356 -0.0559
vn 0.5778 0.8161 -0.0002
vn 0.5792 0.8152 0.0003
vn 0.5464 -0.8356 -0.0559
vn 0.4078 -0.9126 -0.0287
vn 0.4254 -0.9050 -0.0000
vn 0.5778 -0.8161 -0.0002
vn -0.0004 -1.0000 -0.0002
vn 0.5783 0.8158 0.0009
vn 0.5783 -0.8158 0.0009
vn 0.7537 -0.0000 -0.6573
vn 0.4831 -0.0000 -0.8755
vn 0.8769 -0.0000 0.4807
vn 0.4902 -0.0000 0.8716
vn 0.1610 -0.0000 -0.9870
vn 0.8660 -0.0000 0.5000
vn 1.0000 -0.0000 -0.0033
vn 0.9177 -0.0000 -0.3973
vn 1.0000 -0.0000 -0.0091
vn 0.2333 -0.0000 0.9724
vn -0.7071 -0.0000 -0.7071
vn 0.7071 -0.0000 -0.7071
vn 0.7071 -0.0000 0.7071
vn -0.7071 -0.0000 0.7071
vn 0.4870 0.8601 -0.1517
vn 0.4870 -0.8601 -0.1517
vn 0.5792 -0.8152 0.0003
vn -0.0038 -1.0000 0.0007
vn -0.0000 -0.0001 -1.0000
vn -0.0000 0.0001 -1.0000
vn -0.3058 -0.0000 -0.9521
vn 0.3071 -0.0000 -0.9517
vn 0.2286 -0.0000 -0.9735
vn 0.2287 0.0001 -0.9735
vn 0.2287 -0.0001 -0.9735
vn 0.2287 0.0002 -0.9735
vn 0.2287 -0.0002 -0.9735
vn -0.2982 -0.1814 0.9371
vn 0.4328 0.6514 -0.6232
vt 0.285987 0.178240
vt 0.285992 0.181635
vt 0.284084 0.180584
vt 0.288783 0.183350
vt 0.287896 0.180515
vt 0.283137 0.183440
vt 0.285962 0.183743
vt 0.106146 0.270286
vt 0.112852 0.169610
vt 0.109055 0.270396
vt 0.115757 0.169677
vt 0.111985 0.270506
vt 0.381178 0.642738
vt 0.481654 0.655089
vt 0.380890 0.645721
vt 0.481463 0.657987
vt 0.380616 0.648627
vt 0.647608 0.278826
vt 0.659965 0.379301
vt 0.657034 0.379671
vt 0.650589 0.278538
vt 0.662861 0.379110
vt 0.109946 0.169459
vt 0.109759 0.057901
vt 0.112689 0.057927
vt 0.170833 0.019784
vt 0.175061 0.004150
vt 0.173092 0.019858
vt 0.177900 0.005525
vt 0.176450 0.019937
vt 0.281099 0.317358
vt 0.285957 0.333051
vt 0.283088 0.333868
vt 0.283979 0.317271
vt 0.288783 0.331553
vt 0.595921 0.652591
vt 0.612988 0.645368
vt 0.614122 0.648094
vt 0.595453 0.649696
vt 0.611196 0.642738
vt 0.657462 0.493568
vt 0.650238 0.510635
vt 0.654568 0.493100
vt 0.647608 0.508843
vt 0.651731 0.492577
vt 0.482024 0.652156
vt 0.594931 0.646860
vt 0.287995 0.239662
vt 0.282213 0.239382
vt 0.650676 0.611509
vt 0.647715 0.525362
vt 0.650676 0.525344
vt 0.647714 0.611630
vt 0.644751 0.525361
vt 0.383590 0.476511
vt 0.494981 0.577567
vt 0.383208 0.577567
vt 0.558876 0.136211
vt 0.699416 0.035155
vt 0.699416 0.136211
vt 0.105406 0.553197
vt 0.004350 0.466127
vt 0.105406 0.466127
vt 0.564651 0.340369
vt 0.507101 0.365187
vt 0.507101 0.343083
vt 0.217327 0.466519
vt 0.558876 0.251846
vt 0.699416 0.251846
vt 0.558876 0.270506
vt 0.699416 0.270506
vt 0.756280 0.020027
vt 0.896813 0.003647
vt 0.896810 0.020027
vt 0.537841 0.004455
vt 0.550409 0.028002
vt 0.537338 0.028418
vt 0.270585 0.554710
vt 0.371641 0.675046
vt 0.270585 0.675042
vt 0.159261 0.669515
vt 0.140759 0.601833
vt 0.159262 0.579584
vt 0.171968 0.084681
vt 0.174971 0.086050
vt 0.756579 0.097096
vt 0.893426 0.097226
vt 0.853529 0.150123
vt 0.177900 0.086513
vt 0.101003 0.756187
vt 0.090133 0.759210
vt 0.090051 0.756030
vt 0.100686 0.762604
vt 0.089845 0.762260
vt 0.112395 0.756756
vt 0.100971 0.759246
vt 0.112395 0.759916
vt 0.190227 0.756269
vt 0.197293 0.750549
vt 0.192213 0.758808
vt 0.200371 0.751444
vt 0.194190 0.761352
vt 0.277780 0.387448
vt 0.256410 0.391210
vt 0.276395 0.384571
vt 0.256003 0.388132
vt 0.274965 0.381781
vt 0.182375 0.762044
vt 0.182120 0.758863
vt 0.182724 0.765215
vt 0.256857 0.394319
vt 0.236528 0.391221
vt 0.236993 0.388101
vt 0.194283 0.749637
vt 0.199108 0.722290
vt 0.202270 0.722493
vt 0.304624 0.370748
vt 0.302901 0.367990
vt 0.301185 0.365259
vt 0.112404 0.763088
vt 0.167206 0.378090
vt 0.236144 0.394309
vt 0.167520 0.374937
vt 0.021084 0.369499
vt 0.042676 0.387350
vt 0.040339 0.390226
vt 0.023842 0.366937
vt 0.044930 0.384391
vt 0.012826 0.743469
vt 0.007558 0.725048
vt 0.010991 0.724709
vt 0.009519 0.744804
vt 0.003895 0.725417
vt 0.094922 0.394792
vt 0.096204 0.391652
vt 0.096944 0.388593
vt 0.040131 0.762153
vt 0.039163 0.765215
vt 0.006003 0.746246
vt 0.158386 0.375804
vt 0.147571 0.376301
vt 0.158885 0.372746
vt 0.147885 0.373303
vt 0.159127 0.369847
vt 0.040374 0.758923
vt 0.264833 0.363627
vt 0.289643 0.347501
vt 0.283020 0.034894
vt 0.360675 0.003335
vt 0.360675 0.034894
vt 0.112134 0.719021
vt 0.253391 0.367352
vt 0.283020 0.057341
vt 0.240963 0.366779
vt 0.167882 0.371799
vt 0.171160 0.351162
vt 0.322188 0.212941
vt 0.360675 0.157588
vt 0.360675 0.212941
vt 0.360675 0.057341
vt 0.283020 0.078510
vt 0.026588 0.364407
vt 0.059999 0.363662
vt 0.037792 0.722396
vt 0.360675 0.288783
vt 0.349965 0.260922
vt 0.360675 0.260922
vt 0.099264 0.366434
vt 0.088906 0.719504
vt 0.148542 0.351255
vt 0.100216 0.719202
vt 0.106841 0.057707
vt 0.109067 0.032745
vt 0.111990 0.032713
vt 0.408464 0.365188
vt 0.494981 0.476511
vt 0.217325 0.552979
vt 0.242465 0.466606
vt 0.242481 0.552930
vt 0.147014 0.379372
vt 0.288968 0.168884
vt 0.360675 0.147669
vt 0.360675 0.139738
vt 0.360675 0.078510
vt 0.159393 0.350392
vt 0.281937 0.150262
vt 0.159356 0.417872
vt 0.144013 0.402413
vt 0.159307 0.402274
vt 0.601541 0.678118
vt 0.602797 0.662060
vt 0.604707 0.677924
vt 0.432474 0.713901
vt 0.432716 0.729682
vt 0.429442 0.729583
vt 0.124673 0.401421
vt 0.104532 0.415397
vt 0.105490 0.399620
vt 0.446651 0.680608
vt 0.431181 0.665566
vt 0.445679 0.664681
vt 0.833213 0.164822
vt 0.849081 0.304624
vt 0.833213 0.303238
vt 0.429898 0.681308
vt 0.383748 0.662060
vt 0.295655 0.402932
vt 0.177382 0.417944
vt 0.176934 0.402273
vt 0.319706 0.401886
vt 0.297121 0.418570
vt 0.341792 0.415644
vt 0.339645 0.399620
vt 0.143047 0.417859
vt 0.904123 0.280254
vt 0.879604 0.202847
vt 0.904123 0.202847
vt 0.524156 0.679317
vt 0.599673 0.662327
vt 0.610829 0.977233
vt 0.626307 0.956061
vt 0.626307 0.977233
vt 0.289147 0.955150
vt 0.304624 0.976322
vt 0.289147 0.979670
vt 0.223348 0.834028
vt 0.238825 0.911435
vt 0.223348 0.911435
vt 0.697358 0.390940
vt 0.865828 0.390434
vt 0.848716 0.470165
vt 0.435683 0.714052
vt 0.605592 0.729640
vt 0.548691 0.139524
vt 0.534915 0.139880
vt 0.635470 0.608627
vt 0.628862 0.618809
vt 0.632731 0.607593
vt 0.629993 0.540431
vt 0.629792 0.527949
vt 0.633049 0.540437
vt 0.550760 0.240779
vt 0.536944 0.241059
vt 0.449115 0.141548
vt 0.463195 0.242309
vt 0.450473 0.242481
vt 0.626482 0.616863
vt 0.636055 0.540319
vt 0.455061 0.029842
vt 0.461833 0.141495
vt 0.456446 0.004638
vt 0.467391 0.029994
vt 0.632873 0.527549
vt 0.630449 0.606000
vt 0.468674 0.005018
vt 0.791096 0.832870
vt 0.766806 0.831142
vt 0.766186 0.828509
vt 0.822086 0.817765
vt 0.809253 0.832898
vt 0.807247 0.830273
vt 0.631712 0.816633
vt 0.619562 0.798283
vt 0.622572 0.797290
vt 0.658652 0.826238
vt 0.657338 0.828777
vt 0.629131 0.818578
vt 0.651611 0.624443
vt 0.618138 0.658066
vt 0.649832 0.621383
vt 0.620975 0.660151
vt 0.832232 0.800655
vt 0.824676 0.819696
vt 0.828142 0.624158
vt 0.827536 0.619696
vt 0.830729 0.621314
vt 0.832232 0.624689
vt 0.829300 0.627250
vt 0.829186 0.799684
vt 0.667161 0.619623
vt 0.667379 0.622958
vt 0.792011 0.835888
vt 0.747678 0.620642
vt 0.747679 0.617349
vt 0.825220 0.622830
vt 0.644659 0.788248
vt 0.651958 0.801476
vt 0.849082 0.162412
vt 0.872432 0.304624
vt 0.322641 0.440439
vt 0.321237 0.417653
vt 0.643390 0.682069
vt 0.781117 0.815954
vt 0.786706 0.806349
vt 0.159080 0.440992
vt 0.672060 0.811765
vt 0.794165 0.795987
vt 0.799847 0.788399
vt 0.122620 0.440104
vt 0.102922 0.438754
vt 0.142271 0.440850
vt 0.124046 0.417056
vt 0.177206 0.455661
vt 0.757785 0.814286
vt 0.667926 0.652224
vt 0.380839 0.702460
vt 0.381961 0.678454
vt 0.430000 0.704290
vt 0.447041 0.704011
vt 0.432376 0.753030
vt 0.804525 0.655782
vt 0.429086 0.752983
vt 0.803326 0.652606
vt 0.605592 0.701307
vt 0.602358 0.701427
vt 0.800338 0.651254
vt 0.747678 0.650357
vt 0.668922 0.652183
vt 0.524546 0.702723
vt 0.284945 0.251765
vt 0.282037 0.251660
vt 0.756536 0.084961
vt 0.896678 0.085108
vt 0.416852 0.350739
vt 0.430712 0.346685
vt 0.494981 0.365187
vt 0.507101 0.476511
vt 0.507101 0.577567
vt 0.286753 0.317035
vt 0.285127 0.239489
vt 0.494981 0.343654
vt 0.567227 0.365187
vt 0.578785 0.476511
vt 0.578785 0.577567
vt 0.653493 0.278264
vt 0.172205 0.003447
vt 0.652965 0.511768
vt 0.644751 0.611685
vt 0.558876 0.035155
vt 0.004350 0.553197
vt 0.756273 0.003647
vt 0.550760 0.004202
vt 0.371641 0.554329
vt 0.135534 0.668337
vt 0.144813 0.587973
vt 0.842943 0.154749
vt 0.756778 0.154335
vt 0.195992 0.722095
vt 0.283020 0.003335
vt 0.045819 0.347501
vt 0.349911 0.288783
vt 0.106146 0.032681
vt 0.281804 0.159383
vt 0.879604 0.280254
vt 0.523915 0.663478
vt 0.610829 0.952714
vt 0.304624 0.955150
vt 0.238825 0.834028
vt 0.697050 0.594410
vt 0.679366 0.585568
vt 0.667866 0.564682
vt 0.848595 0.547572
vt 0.668051 0.445913
vt 0.869744 0.562019
vt 0.835466 0.594626
vt 0.869767 0.547605
vt 0.870006 0.394458
vt 0.869887 0.470198
vt 0.868785 0.391616
vt 0.667978 0.428394
vt 0.667866 0.413156
vt 0.679575 0.397937
vt 0.604221 0.714017
vt 0.631488 0.620214
vt 0.626482 0.528108
vt 0.872443 0.162412
vt 0.343616 0.439218
vt 0.297963 0.455717
vt 0.605592 0.753027
vt 0.287799 0.251939
vt 0.483901 0.258590
vt 0.499583 0.257010
vt 0.499583 0.258590
vt 0.483901 0.257010
vt 0.499583 0.255430
vt 0.483901 0.255430
vt 0.499583 0.253850
vt 0.483901 0.253850
vt 0.499583 0.252270
vt 0.483901 0.252270
vt 0.499583 0.250690
vt 0.483901 0.250690
vt 0.499583 0.249111
vt 0.483901 0.268069
vt 0.499583 0.266489
vt 0.499583 0.268069
vt 0.483901 0.266489
vt 0.499583 0.264909
vt 0.483901 0.264909
vt 0.499583 0.263329
vt 0.483901 0.263329
vt 0.499583 0.261750
vt 0.483901 0.261750
vt 0.499583 0.260170
vt 0.483901 0.260170
vt 0.375297 0.027943
vt 0.371558 0.031681
vt 0.370190 0.026574
vt 0.469474 0.259386
vt 0.470891 0.263213
vt 0.469347 0.262776
vt 0.471054 0.258978
vt 0.472709 0.263762
vt 0.468675 0.266804
vt 0.467558 0.265647
vt 0.469882 0.268168
vt 0.464967 0.268753
vt 0.464586 0.267209
vt 0.465318 0.270506
vt 0.460829 0.268593
vt 0.461259 0.267082
vt 0.460276 0.270258
vt 0.457328 0.266450
vt 0.458451 0.265349
vt 0.456105 0.267609
vt 0.456900 0.262452
vt 0.455371 0.262835
vt 0.453685 0.263302
vt 0.456914 0.259136
vt 0.455400 0.258715
vt 0.453683 0.258284
vt 0.458639 0.256266
vt 0.457507 0.255149
vt 0.456225 0.253905
vt 0.461138 0.253085
vt 0.461562 0.254630
vt 0.460643 0.251350
vt 0.465357 0.253124
vt 0.464918 0.254692
vt 0.465805 0.251350
vt 0.467840 0.256404
vt 0.468988 0.255291
vt 0.470353 0.253968
vt 0.472776 0.258564
vt 0.982931 0.989418
vt 0.985905 0.985960
vt 0.987055 0.987070
vt 0.982495 0.987878
vt 0.984882 0.984921
vt 0.989418 0.982968
vt 0.987869 0.982586
vt 0.986470 0.982181
vt 0.987886 0.978677
vt 0.989418 0.978242
vt 0.986475 0.979041
vt 0.987092 0.974137
vt 0.985981 0.975272
vt 0.984958 0.976299
vt 0.982642 0.973282
vt 0.983039 0.971755
vt 0.982266 0.974679
vt 0.978747 0.973189
vt 0.978381 0.971692
vt 0.979124 0.974605
vt 0.975333 0.975113
vt 0.974172 0.973905
vt 0.976361 0.976147
vt 0.971705 0.978074
vt 0.973278 0.978474
vt 0.974694 0.978872
vt 0.973262 0.982416
vt 0.971712 0.982858
vt 0.974687 0.982047
vt 0.975191 0.985850
vt 0.974071 0.987001
vt 0.976220 0.984810
vt 0.978572 0.987843
vt 0.978181 0.989397
vt 0.978941 0.986428
vt 0.982109 0.986467
vt 0.776373 0.869835
vt 0.790803 0.873925
vt 0.776373 0.873925
vt 0.465658 0.260369
vt 0.465583 0.261711
vt 0.776373 0.865745
vt 0.790803 0.869835
vt 0.464844 0.262835
vt 0.790803 0.878015
vt 0.776373 0.878015
vt 0.463646 0.263441
vt 0.790803 0.882105
vt 0.776373 0.882105
vt 0.790803 0.886195
vt 0.776373 0.886195
vt 0.462310 0.263371
vt 0.461192 0.262657
vt 0.790803 0.890285
vt 0.776373 0.890285
vt 0.460592 0.261481
vt 0.790803 0.894376
vt 0.776373 0.894376
vt 0.460664 0.260151
vt 0.776373 0.845294
vt 0.790803 0.849384
vt 0.776373 0.849384
vt 0.461397 0.259026
vt 0.790803 0.853474
vt 0.776373 0.853474
vt 0.462582 0.258394
vt 0.790803 0.857564
vt 0.776373 0.857564
vt 0.463918 0.258449
vt 0.790803 0.861654
vt 0.776373 0.861654
vt 0.465048 0.259173
vt 0.790803 0.865745
vt 0.980599 0.980541
vt 0.801798 0.165091
vt 0.799670 0.168267
vt 0.799761 0.165129
vt 0.808778 0.179222
vt 0.805699 0.175331
vt 0.808516 0.175348
vt 0.808302 0.183059
vt 0.805655 0.179150
vt 0.808709 0.186775
vt 0.805548 0.183060
vt 0.801524 0.171694
vt 0.804005 0.175242
vt 0.801248 0.175225
vt 0.804188 0.168274
vt 0.801752 0.168334
vt 0.803693 0.182941
vt 0.800337 0.186590
vt 0.800929 0.182743
vt 0.803902 0.179031
vt 0.800902 0.178909
vt 0.804101 0.171683
vt 0.808384 0.165435
vt 0.805750 0.168377
vt 0.805979 0.164787
vt 0.808156 0.168524
vt 0.805701 0.171765
vt 0.808286 0.171801
vt 0.797968 0.186268
vt 0.798468 0.182590
vt 0.799374 0.171552
vt 0.803468 0.187314
vt 0.805589 0.187378
vt 0.798979 0.175062
vt 0.805773 0.190085
vt 0.798594 0.178800
vt 0.797491 0.189119
vt 0.803271 0.190085
vt 0.804198 0.162538
vt 0.804244 0.164682
vt 0.799846 0.189526
vt 0.801666 0.162740
vt 0.806184 0.162591
vt 0.808891 0.163079
vt 0.510707 0.258590
vt 0.526390 0.257010
vt 0.526390 0.258590
vt 0.510707 0.257010
vt 0.526390 0.255430
vt 0.510707 0.255430
vt 0.526390 0.253850
vt 0.510707 0.253850
vt 0.526390 0.252270
vt 0.510707 0.252270
vt 0.526390 0.250690
vt 0.510707 0.250690
vt 0.526390 0.249111
vt 0.510707 0.268069
vt 0.526390 0.266489
vt 0.526390 0.268069
vt 0.510707 0.266489
vt 0.526390 0.264909
vt 0.510707 0.264909
vt 0.526390 0.263329
vt 0.510707 0.263329
vt 0.526390 0.261750
vt 0.510707 0.261750
vt 0.526390 0.260170
vt 0.510707 0.260170
vt 0.286264 0.537553
vt 0.290002 0.541291
vt 0.284896 0.542659
vt 0.442540 0.016640
vt 0.444247 0.012842
vt 0.444085 0.017077
vt 0.445903 0.017626
vt 0.440751 0.019511
vt 0.441869 0.020668
vt 0.443075 0.022032
vt 0.437779 0.021073
vt 0.438160 0.022617
vt 0.438511 0.024370
vt 0.434022 0.022457
vt 0.434452 0.020946
vt 0.433469 0.024122
vt 0.430521 0.020314
vt 0.431644 0.019213
vt 0.429298 0.021473
vt 0.428564 0.016699
vt 0.430093 0.016316
vt 0.426878 0.017166
vt 0.430107 0.012999
vt 0.428593 0.012579
vt 0.426876 0.012148
vt 0.431832 0.010130
vt 0.430700 0.009013
vt 0.429418 0.007769
vt 0.434755 0.008494
vt 0.434331 0.006949
vt 0.433837 0.005214
vt 0.438111 0.008556
vt 0.438550 0.006988
vt 0.438998 0.005214
vt 0.441033 0.010268
vt 0.442181 0.009155
vt 0.443546 0.007832
vt 0.442668 0.013250
vt 0.445969 0.012428
vt 0.850583 0.984633
vt 0.846023 0.985441
vt 0.849434 0.983523
vt 0.848410 0.982484
vt 0.852947 0.980531
vt 0.851398 0.980149
vt 0.849999 0.979744
vt 0.851414 0.976240
vt 0.852947 0.975805
vt 0.850003 0.976604
vt 0.849510 0.972835
vt 0.850620 0.971700
vt 0.848487 0.973862
vt 0.846568 0.969318
vt 0.846170 0.970845
vt 0.845794 0.972242
vt 0.842276 0.970752
vt 0.841910 0.969255
vt 0.842652 0.972168
vt 0.838861 0.972676
vt 0.837700 0.971468
vt 0.839889 0.973710
vt 0.836807 0.976037
vt 0.835233 0.975637
vt 0.838223 0.976435
vt 0.836790 0.979979
vt 0.835241 0.980421
vt 0.838216 0.979610
vt 0.838719 0.983413
vt 0.837600 0.984564
vt 0.839749 0.982373
vt 0.841709 0.986960
vt 0.842101 0.985406
vt 0.842470 0.983991
vt 0.846460 0.986981
vt 0.845638 0.984030
vt 0.587506 0.553026
vt 0.601937 0.557116
vt 0.587506 0.557116
vt 0.438851 0.014233
vt 0.438776 0.015575
vt 0.587506 0.548936
vt 0.601937 0.553026
vt 0.438241 0.013036
vt 0.438037 0.016699
vt 0.601937 0.561206
vt 0.587506 0.561206
vt 0.436839 0.017304
vt 0.601937 0.565296
vt 0.587506 0.565296
vt 0.601937 0.569387
vt 0.587506 0.569387
vt 0.435503 0.017235
vt 0.434385 0.016521
vt 0.601937 0.573477
vt 0.587506 0.573477
vt 0.433785 0.015345
vt 0.601937 0.577567
vt 0.587506 0.577567
vt 0.433857 0.014015
vt 0.587506 0.528485
vt 0.601937 0.532575
vt 0.587506 0.532575
vt 0.434591 0.012890
vt 0.601937 0.536665
vt 0.587506 0.536665
vt 0.435775 0.012258
vt 0.601937 0.540756
vt 0.587506 0.540756
vt 0.437111 0.012313
vt 0.601937 0.544846
vt 0.587506 0.544846
vt 0.601937 0.548936
vt 0.844127 0.978104
vt 0.760369 0.165091
vt 0.758241 0.168267
vt 0.758332 0.165129
vt 0.767349 0.179222
vt 0.764270 0.175331
vt 0.767087 0.175348
vt 0.766873 0.183059
vt 0.764226 0.179150
vt 0.767280 0.186775
vt 0.764119 0.183060
vt 0.760095 0.171694
vt 0.762576 0.175242
vt 0.759819 0.175225
vt 0.762760 0.168274
vt 0.760323 0.168334
vt 0.762264 0.182941
vt 0.758908 0.186590
vt 0.759500 0.182743
vt 0.762473 0.179031
vt 0.759473 0.178909
vt 0.762672 0.171683
vt 0.766956 0.165435
vt 0.764321 0.168377
vt 0.764550 0.164787
vt 0.766727 0.168524
vt 0.764272 0.171765
vt 0.766858 0.171801
vt 0.756539 0.186268
vt 0.757040 0.182590
vt 0.757945 0.171552
vt 0.762039 0.187314
vt 0.764160 0.187378
vt 0.757550 0.175062
vt 0.764344 0.190085
vt 0.757166 0.178800
vt 0.756062 0.189119
vt 0.761843 0.190085
vt 0.762769 0.162538
vt 0.762815 0.164682
vt 0.758417 0.189526
vt 0.760237 0.162740
vt 0.764755 0.162591
vt 0.767463 0.163079
vt 0.209581 0.733534
vt 0.209185 0.732729
vt 0.209581 0.732729
vt 0.667735 0.665294
vt 0.667339 0.666099
vt 0.667339 0.665294
vt 0.209581 0.722150
vt 0.209185 0.722150
vt 0.616162 0.565382
vt 0.616559 0.564577
vt 0.616559 0.565382
vt 0.106831 0.574325
vt 0.107228 0.575130
vt 0.106831 0.575130
vt 0.616162 0.553997
vt 0.616162 0.564577
vt 0.382354 0.972344
vt 0.377045 0.968739
vt 0.378602 0.967459
vt 0.380849 0.973936
vt 0.375583 0.970332
vt 0.382143 0.984273
vt 0.376926 0.987947
vt 0.381102 0.983843
vt 0.375703 0.986397
vt 0.380616 0.982774
vt 0.394617 0.967860
vt 0.391837 0.973392
vt 0.390823 0.972829
vt 0.396099 0.969392
vt 0.392261 0.974326
vt 0.390559 0.984640
vt 0.395634 0.988212
vt 0.394123 0.989418
vt 0.391486 0.984043
vt 0.397084 0.986693
vt 0.106831 0.563745
vt 0.107228 0.562940
vt 0.107228 0.563745
vt 0.378475 0.989418
vt 0.082544 0.575935
vt 0.081390 0.577089
vt 0.080912 0.575935
vt 0.397229 0.970956
vt 0.392051 0.983110
vt 0.209581 0.721345
vt 0.209185 0.721345
vt 0.667735 0.676679
vt 0.667735 0.666099
vt 0.093411 0.577567
vt 0.093411 0.575935
vt 0.094565 0.577089
vt 0.095043 0.575935
vt 0.080912 0.565068
vt 0.082544 0.565068
vt 0.093411 0.565068
vt 0.095043 0.565068
vt 0.081390 0.563914
vt 0.082544 0.563437
vt 0.093411 0.563437
vt 0.094565 0.563914
vt 0.081944 0.654637
vt 0.082544 0.653605
vt 0.082688 0.654329
vt 0.080912 0.655236
vt 0.081390 0.654083
vt 0.081944 0.666704
vt 0.082544 0.667735
vt 0.081390 0.667258
vt 0.080912 0.666104
vt 0.081636 0.665960
vt 0.094011 0.654637
vt 0.093411 0.653605
vt 0.094565 0.654083
vt 0.095043 0.655236
vt 0.094319 0.655380
vt 0.094011 0.666704
vt 0.093411 0.667735
vt 0.093267 0.667012
vt 0.095043 0.666104
vt 0.094565 0.667258
vt 0.093267 0.654329
vt 0.081636 0.655380
vt 0.094319 0.665960
vt 0.082688 0.667012
vt 0.751003 0.379263
vt 0.750403 0.379862
vt 0.750095 0.379119
vt 0.761726 0.367488
vt 0.751003 0.368395
vt 0.751147 0.367488
vt 0.761870 0.379263
vt 0.751147 0.380171
vt 0.761870 0.368395
vt 0.762778 0.368539
vt 0.762470 0.367796
vt 0.762470 0.379862
vt 0.761726 0.380171
vt 0.750403 0.367796
vt 0.750095 0.368539
vt 0.667339 0.677483
vt 0.667339 0.676679
vt 0.107228 0.574325
vt 0.616162 0.553192
vt 0.616559 0.553997
vt 0.953598 0.975900
vt 0.955016 0.980286
vt 0.953678 0.980325
vt 0.957934 0.980248
vt 0.957038 0.991709
vt 0.956417 0.980253
vt 0.955321 0.975997
vt 0.953886 0.991855
vt 0.952340 0.980335
vt 0.956977 0.976229
vt 0.958556 0.976488
vt 0.959528 0.980313
vt 0.949249 0.991792
vt 0.947831 0.980524
vt 0.949422 0.980402
vt 0.950732 0.991823
vt 0.950938 0.980352
vt 0.948665 0.976667
vt 0.950234 0.976350
vt 0.952278 0.991855
vt 0.951879 0.976059
vt 0.955493 0.991797
vt 0.958518 0.991624
vt 0.381318 0.972993
vt 0.762778 0.379119
vt 0.941667 0.413460
vt 0.945198 0.409048
vt 0.945094 0.413713
vt 0.941646 0.404658
vt 0.945064 0.404390
vt 0.938377 0.404909
vt 0.941716 0.409057
vt 0.938436 0.409063
vt 0.938392 0.413218
vt 0.915208 0.404778
vt 0.911680 0.409189
vt 0.911783 0.404526
vt 0.915230 0.413577
vt 0.911813 0.413844
vt 0.918498 0.413327
vt 0.915160 0.409180
vt 0.918439 0.409173
vt 0.918483 0.405019
vt 0.716659 0.916366
vt 0.715034 0.914731
vt 0.716659 0.914054
vt 0.716659 0.939283
vt 0.714361 0.954207
vt 0.714361 0.939283
vt 0.739627 0.931290
vt 0.737328 0.916366
vt 0.739627 0.916366
vt 0.716659 0.935287
vt 0.737328 0.939283
vt 0.737328 0.954207
vt 0.716659 0.956519
vt 0.716659 0.954207
vt 0.714361 0.931290
vt 0.714361 0.935287
vt 0.936509 0.391699
vt 0.935037 0.393355
vt 0.934950 0.391131
vt 0.937259 0.393214
vt 0.935980 0.404998
vt 0.920894 0.413239
vt 0.936031 0.409068
vt 0.935991 0.413132
vt 0.921828 0.424885
vt 0.935028 0.427077
vt 0.921910 0.427101
vt 0.921770 0.393373
vt 0.908890 0.409198
vt 0.909304 0.414183
vt 0.920844 0.409169
vt 0.919608 0.425022
vt 0.947989 0.409038
vt 0.947615 0.414039
vt 0.920355 0.426535
vt 0.920290 0.391740
vt 0.921834 0.391164
vt 0.937315 0.424984
vt 0.935096 0.424860
vt 0.946770 0.245285
vt 0.945714 0.241288
vt 0.946770 0.241288
vt 0.944497 0.621118
vt 0.945552 0.625114
vt 0.944497 0.625114
vt 0.737328 0.914054
vt 0.335086 0.801515
vt 0.334131 0.805512
vt 0.334131 0.801515
vt 0.335086 0.797518
vt 0.334131 0.797518
vt 0.307909 0.805512
vt 0.308865 0.801515
vt 0.308865 0.805512
vt 0.307909 0.801515
vt 0.308865 0.797518
vt 0.738953 0.914731
vt 0.739627 0.954207
vt 0.716659 0.931290
vt 0.737328 0.935287
vt 0.739627 0.935287
vt 0.739627 0.939283
vt 0.737328 0.931290
vt 0.715034 0.955842
vt 0.946770 0.237291
vt 0.945552 0.629111
vt 0.944497 0.629111
vt 0.936575 0.426500
vt 0.937548 0.429918
vt 0.939798 0.427941
vt 0.939016 0.429340
vt 0.939339 0.432783
vt 0.942178 0.430322
vt 0.941009 0.431863
vt 0.919317 0.388327
vt 0.917070 0.390303
vt 0.917850 0.388905
vt 0.917526 0.385464
vt 0.914690 0.387926
vt 0.915857 0.386385
vt 0.938956 0.388835
vt 0.942103 0.387879
vt 0.939736 0.390238
vt 0.939322 0.385438
vt 0.940954 0.386351
vt 0.937485 0.388239
vt 0.917909 0.429393
vt 0.914764 0.430346
vt 0.917131 0.427991
vt 0.917542 0.432788
vt 0.915911 0.431874
vt 0.919378 0.429990
vt 0.941652 0.385406
vt 0.939612 0.384464
vt 0.943221 0.387164
vt 0.913562 0.387203
vt 0.915151 0.385423
vt 0.941715 0.432826
vt 0.939635 0.433784
vt 0.943307 0.431046
vt 0.913646 0.431061
vt 0.915212 0.432818
vt 0.307909 0.781662
vt 0.309540 0.780963
vt 0.308865 0.782604
vt 0.310227 0.779328
vt 0.308588 0.780011
vt 0.333455 0.780963
vt 0.335086 0.781662
vt 0.334131 0.782604
vt 0.332768 0.779328
vt 0.334407 0.780011
vt 0.335086 0.821368
vt 0.333455 0.822067
vt 0.334131 0.820426
vt 0.332768 0.823703
vt 0.334407 0.823019
vt 0.309540 0.822067
vt 0.307909 0.821368
vt 0.308865 0.820426
vt 0.310227 0.823703
vt 0.308588 0.823019
vt 0.639872 0.876820
vt 0.640929 0.875061
vt 0.640927 0.876828
vt 0.945714 0.260208
vt 0.946771 0.261974
vt 0.945715 0.261976
vt 0.935804 0.536814
vt 0.934748 0.538573
vt 0.934749 0.536805
vt 0.945552 0.606194
vt 0.944495 0.604428
vt 0.945551 0.604426
vt 0.945714 0.222368
vt 0.946771 0.220602
vt 0.946770 0.222377
vt 0.935804 0.516145
vt 0.934748 0.514386
vt 0.935803 0.514384
vt 0.640929 0.899247
vt 0.639872 0.897489
vt 0.640927 0.897480
vt 0.944495 0.645800
vt 0.945552 0.644035
vt 0.945551 0.645802
vt 0.934749 0.516154
vt 0.331823 0.780283
vt 0.311172 0.780283
vt 0.944497 0.606203
vt 0.945552 0.621118
vt 0.307909 0.797518
vt 0.331823 0.822747
vt 0.311172 0.822747
vt 0.944497 0.644025
vt 0.945714 0.237291
vt 0.946770 0.260199
vt 0.945714 0.245285
vt 0.335086 0.805512
vt 0.920884 0.405104
vt 0.919553 0.393254
vt 0.947574 0.404050
vt 0.917229 0.384464
vt 0.917251 0.433762
vt 0.909263 0.404201
vt 0.714361 0.916366
vt 0.738953 0.955842
vt 0.737328 0.956519
vt 0.016494 0.383226
vt 0.016618 0.413747
vt 0.015756 0.383245
vt 0.017224 0.383208
vt 0.017268 0.413833
vt 0.018588 0.413869
vt 0.017927 0.413886
vt 0.017950 0.383193
vt 0.019249 0.413782
vt 0.018680 0.383180
vt 0.019900 0.413661
vt 0.019417 0.383168
vt 0.020542 0.413552
vt 0.020162 0.383159
vt 0.021179 0.413489
vt 0.021659 0.383147
vt 0.020910 0.383152
vt 0.017258 0.415763
vt 0.022407 0.383145
vt 0.021814 0.413487
vt 0.023151 0.383145
vt 0.022454 0.413545
vt 0.578873 0.397229
vt 0.578174 0.395079
vt 0.579572 0.395079
vt 0.018685 0.417714
vt 0.017946 0.415758
vt 0.018649 0.415751
vt 0.023101 0.413646
vt 0.022377 0.415700
vt 0.021783 0.415677
vt 0.021200 0.415677
vt 0.020609 0.415688
vt 0.019993 0.415707
vt 0.019339 0.415730
vt 0.016607 0.415762
vt 0.021148 0.419642
vt 0.020607 0.417690
vt 0.021179 0.417688
vt 0.023000 0.415733
vt 0.022316 0.417715
vt 0.019366 0.417704
vt 0.016665 0.417747
vt 0.020008 0.417695
vt 0.017304 0.417735
vt 0.021743 0.417693
vt 0.019368 0.421551
vt 0.018700 0.419652
vt 0.019371 0.419646
vt 0.016730 0.419677
vt 0.020000 0.419642
vt 0.017986 0.417725
vt 0.017351 0.419666
vt 0.021699 0.419648
vt 0.020588 0.419641
vt 0.022919 0.417742
vt 0.022258 0.419667
vt 0.017436 0.423334
vt 0.016788 0.421546
vt 0.017385 0.421544
vt 0.021112 0.421568
vt 0.019981 0.421554
vt 0.018016 0.419658
vt 0.021666 0.421571
vt 0.020557 0.421560
vt 0.018033 0.421545
vt 0.022843 0.419690
vt 0.022220 0.421578
vt 0.021629 0.433691
vt 0.021070 0.423619
vt 0.021662 0.423626
vt 0.019276 0.423370
vt 0.018048 0.423289
vt 0.022257 0.423582
vt 0.019880 0.423470
vt 0.018712 0.421553
vt 0.022854 0.423504
vt 0.022791 0.421585
vt 0.020477 0.423563
vt 0.018663 0.423300
vt 0.019107 0.433884
vt 0.017832 0.433919
vt 0.022260 0.433740
vt 0.019737 0.433806
vt 0.022889 0.433822
vt 0.020365 0.433730
vt 0.018471 0.433930
vt 0.017198 0.433857
vt 0.016835 0.423408
vt 0.319873 0.924844
vt 0.326557 0.927077
vt 0.319873 0.927077
vt 0.319873 0.922611
vt 0.326557 0.924844
vt 0.326557 0.920378
vt 0.326557 0.922611
vt 0.319873 0.918145
vt 0.319873 0.920378
vt 0.326557 0.915912
vt 0.326557 0.918145
vt 0.319873 0.936008
vt 0.326557 0.938241
vt 0.319873 0.938241
vt 0.319873 0.933775
vt 0.326557 0.936008
vt 0.319873 0.931543
vt 0.326557 0.933775
vt 0.326557 0.929310
vt 0.326557 0.931543
vt 0.319873 0.929310
vt 0.106228 0.452104
vt 0.102792 0.450988
vt 0.104105 0.449181
vt 0.102792 0.453221
vt 0.104105 0.455027
vt 0.106228 0.455717
vt 0.108352 0.455027
vt 0.109665 0.453221
vt 0.109665 0.450988
vt 0.108352 0.449181
vt 0.106228 0.448491
vt 0.016034 0.444188
vt 0.016053 0.455537
vt 0.015266 0.455487
vt 0.016732 0.444119
vt 0.016833 0.455580
vt 0.017443 0.444083
vt 0.017608 0.455618
vt 0.018863 0.444226
vt 0.018387 0.455651
vt 0.019557 0.444366
vt 0.019173 0.455679
vt 0.020240 0.444491
vt 0.019967 0.455699
vt 0.020918 0.444565
vt 0.020764 0.455712
vt 0.021591 0.444572
vt 0.021561 0.455717
vt 0.016777 0.442055
vt 0.017510 0.442077
vt 0.022359 0.455714
vt 0.022269 0.444514
vt 0.023151 0.455703
vt 0.018336 0.440022
vt 0.018259 0.442113
vt 0.022954 0.444407
vt 0.022214 0.442231
vt 0.022873 0.442206
vt 0.021585 0.442247
vt 0.020968 0.442238
vt 0.020341 0.442217
vt 0.019687 0.442186
vt 0.018156 0.444119
vt 0.018993 0.442149
vt 0.016084 0.442038
vt 0.020377 0.440092
vt 0.020992 0.438038
vt 0.020984 0.440106
vt 0.022187 0.440100
vt 0.022824 0.440083
vt 0.019061 0.440050
vt 0.016197 0.439935
vt 0.016874 0.439965
vt 0.021580 0.440112
vt 0.019742 0.440074
vt 0.017595 0.439994
vt 0.018409 0.437970
vt 0.019153 0.435986
vt 0.019116 0.437994
vt 0.016324 0.437890
vt 0.016983 0.437921
vt 0.021575 0.438044
vt 0.019780 0.438013
vt 0.017686 0.437951
vt 0.022166 0.438034
vt 0.020401 0.438027
vt 0.022785 0.438022
vt 0.017082 0.435936
vt 0.016573 0.433762
vt 0.016446 0.435907
vt 0.020999 0.436006
vt 0.021578 0.436010
vt 0.019802 0.435993
vt 0.017763 0.435963
vt 0.022163 0.436011
vt 0.020413 0.435998
vt 0.018466 0.435975
vt 0.022769 0.436015
vt 0.020996 0.433688
vt 0.200441 0.560794
vt 0.202270 0.562123
vt 0.201140 0.562945
vt 0.911836 0.481062
vt 0.915412 0.485436
vt 0.911992 0.485726
vt 0.915353 0.476639
vt 0.911928 0.476396
vt 0.918624 0.476871
vt 0.915318 0.481038
vt 0.918679 0.485159
vt 0.918596 0.481016
vt 0.945226 0.480844
vt 0.941689 0.476499
vt 0.945081 0.476225
vt 0.941748 0.485237
vt 0.945144 0.485465
vt 0.938497 0.485023
vt 0.941773 0.480867
vt 0.938442 0.476756
vt 0.938515 0.480889
vt 0.573241 0.916110
vt 0.571621 0.917738
vt 0.571621 0.915435
vt 0.573911 0.955434
vt 0.571621 0.940567
vt 0.573911 0.940567
vt 0.551031 0.917738
vt 0.548742 0.932605
vt 0.548742 0.917738
vt 0.551031 0.936586
vt 0.571621 0.936586
vt 0.571621 0.957737
vt 0.551031 0.955434
vt 0.571621 0.955434
vt 0.573911 0.936586
vt 0.571621 0.932605
vt 0.573911 0.932605
vt 0.920417 0.463611
vt 0.921895 0.465252
vt 0.919676 0.465128
vt 0.921020 0.476951
vt 0.921073 0.485047
vt 0.936121 0.480905
vt 0.936111 0.484961
vt 0.935267 0.498778
vt 0.922104 0.496722
vt 0.935321 0.496570
vt 0.936059 0.476850
vt 0.920992 0.481000
vt 0.947989 0.480825
vt 0.947639 0.485771
vt 0.947573 0.475884
vt 0.937532 0.496678
vt 0.909040 0.481081
vt 0.936807 0.498194
vt 0.936576 0.463629
vt 0.935113 0.465263
vt 0.935039 0.463062
vt 0.919894 0.496873
vt 0.945719 0.741276
vt 0.946771 0.737295
vt 0.946771 0.741276
vt 0.947988 0.783272
vt 0.946936 0.787253
vt 0.946936 0.783272
vt 0.551031 0.915435
vt 0.345520 0.806800
vt 0.344568 0.802818
vt 0.345520 0.802818
vt 0.344568 0.798837
vt 0.345520 0.798837
vt 0.370689 0.806800
vt 0.371641 0.802818
vt 0.371641 0.806800
vt 0.370689 0.798837
vt 0.370689 0.802818
vt 0.549412 0.916110
vt 0.551031 0.940567
vt 0.548742 0.955434
vt 0.548742 0.940567
vt 0.548742 0.936586
vt 0.551031 0.932605
vt 0.573241 0.957063
vt 0.945719 0.733313
vt 0.945719 0.737295
vt 0.947988 0.787253
vt 0.946936 0.791234
vt 0.921970 0.463038
vt 0.919726 0.501794
vt 0.920651 0.498374
vt 0.922200 0.498930
vt 0.917457 0.499853
vt 0.917979 0.504674
vt 0.918254 0.501237
vt 0.915115 0.502258
vt 0.937529 0.460235
vt 0.939767 0.462186
vt 0.937316 0.465129
vt 0.939297 0.457388
vt 0.938987 0.460802
vt 0.942115 0.459819
vt 0.914805 0.459818
vt 0.917958 0.460761
vt 0.917185 0.462168
vt 0.917580 0.457365
vt 0.919426 0.460159
vt 0.942420 0.501914
vt 0.939279 0.501007
vt 0.940035 0.499602
vt 0.939689 0.504381
vt 0.937825 0.501620
vt 0.915248 0.457339
vt 0.917289 0.456393
vt 0.915949 0.458283
vt 0.913680 0.459105
vt 0.943229 0.459099
vt 0.940954 0.458296
vt 0.941652 0.457341
vt 0.939590 0.456393
vt 0.915610 0.504749
vt 0.916301 0.503779
vt 0.913999 0.502995
vt 0.943542 0.502610
vt 0.941300 0.503450
vt 0.942008 0.504379
vt 0.371641 0.783041
vt 0.370016 0.782345
vt 0.370965 0.781397
vt 0.369332 0.780716
vt 0.344568 0.783041
vt 0.346193 0.782345
vt 0.345520 0.783980
vt 0.346877 0.780716
vt 0.347818 0.781667
vt 0.344568 0.822595
vt 0.346193 0.823292
vt 0.345244 0.824240
vt 0.346877 0.824921
vt 0.371641 0.822595
vt 0.370016 0.823292
vt 0.370689 0.821657
vt 0.369332 0.824921
vt 0.368391 0.823970
vt 0.838325 0.313961
vt 0.837272 0.312209
vt 0.838324 0.312207
vt 0.945718 0.757902
vt 0.946771 0.756143
vt 0.946770 0.757904
vt 0.611685 0.764804
vt 0.610632 0.763052
vt 0.611684 0.763050
vt 0.947989 0.766646
vt 0.946936 0.768405
vt 0.946938 0.766644
vt 0.946771 0.718447
vt 0.945718 0.716688
vt 0.946770 0.716685
vt 0.610632 0.787146
vt 0.611685 0.785394
vt 0.611684 0.787148
vt 0.838325 0.334551
vt 0.837272 0.336303
vt 0.837273 0.334542
vt 0.947989 0.807860
vt 0.946936 0.806101
vt 0.947988 0.806092
vt 0.610633 0.764813
vt 0.610633 0.785385
vt 0.368391 0.781667
vt 0.947988 0.768414
vt 0.370689 0.783980
vt 0.371641 0.798837
vt 0.837273 0.313969
vt 0.347818 0.823970
vt 0.947988 0.791234
vt 0.945719 0.718456
vt 0.946771 0.733313
vt 0.945719 0.756133
vt 0.345520 0.821657
vt 0.344568 0.806800
vt 0.909408 0.476074
vt 0.939992 0.505347
vt 0.909476 0.486082
vt 0.549412 0.957063
vt 0.698046 0.309120
vt 0.698197 0.278712
vt 0.698932 0.278732
vt 0.697398 0.309206
vt 0.697470 0.278694
vt 0.696741 0.309258
vt 0.696747 0.278678
vt 0.695425 0.309153
vt 0.696019 0.278664
vt 0.694776 0.309032
vt 0.695285 0.278652
vt 0.694137 0.308923
vt 0.694543 0.278642
vt 0.693501 0.308860
vt 0.693797 0.278634
vt 0.692869 0.308857
vt 0.693052 0.278629
vt 0.697406 0.311128
vt 0.696721 0.311123
vt 0.692306 0.278626
vt 0.692232 0.308914
vt 0.691564 0.278626
vt 0.095657 0.611979
vt 0.097480 0.613303
vt 0.096353 0.614122
vt 0.695983 0.313071
vt 0.696020 0.311115
vt 0.691587 0.309014
vt 0.692307 0.311062
vt 0.691685 0.311093
vt 0.692899 0.311039
vt 0.693480 0.311039
vt 0.694068 0.311050
vt 0.694682 0.311069
vt 0.696083 0.309240
vt 0.695333 0.311094
vt 0.698055 0.311128
vt 0.694069 0.313044
vt 0.693524 0.314988
vt 0.693499 0.313041
vt 0.692365 0.313069
vt 0.691764 0.313096
vt 0.695304 0.313060
vt 0.697995 0.313105
vt 0.697358 0.313093
vt 0.692937 0.313049
vt 0.694665 0.313050
vt 0.696679 0.313082
vt 0.695965 0.315001
vt 0.695299 0.316893
vt 0.695296 0.314994
vt 0.697928 0.315028
vt 0.697309 0.315016
vt 0.692975 0.314998
vt 0.694669 0.314990
vt 0.696647 0.315007
vt 0.692418 0.315017
vt 0.694083 0.314988
vt 0.691835 0.315039
vt 0.697868 0.316889
vt 0.697222 0.318671
vt 0.697274 0.316887
vt 0.693560 0.316910
vt 0.693009 0.316913
vt 0.694687 0.316895
vt 0.696629 0.316888
vt 0.692457 0.316919
vt 0.694114 0.316901
vt 0.695952 0.316895
vt 0.691888 0.316927
vt 0.693603 0.318953
vt 0.693049 0.328987
vt 0.693012 0.318960
vt 0.695389 0.318705
vt 0.694788 0.318804
vt 0.696612 0.318625
vt 0.692420 0.318917
vt 0.694194 0.318897
vt 0.695999 0.318635
vt 0.691825 0.318839
vt 0.695562 0.329179
vt 0.694934 0.329101
vt 0.696832 0.329214
vt 0.692421 0.329036
vt 0.694308 0.329025
vt 0.696195 0.329224
vt 0.691793 0.329118
vt 0.693680 0.328983
vt 0.697821 0.318745
vt 0.697462 0.329152
vt 0.979670 0.182463
vt 0.973012 0.184687
vt 0.973012 0.182463
vt 0.979670 0.184687
vt 0.973012 0.186912
vt 0.979670 0.189136
vt 0.973012 0.189136
vt 0.973012 0.191361
vt 0.979670 0.191361
vt 0.973012 0.193585
vt 0.979670 0.193585
vt 0.973012 0.195809
vt 0.979670 0.195809
vt 0.973012 0.198034
vt 0.979670 0.198034
vt 0.973012 0.200258
vt 0.979670 0.202483
vt 0.973012 0.202483
vt 0.979670 0.204707
vt 0.973012 0.204707
vt 0.335319 0.449681
vt 0.333203 0.446769
vt 0.335319 0.446082
vt 0.337434 0.446769
vt 0.338742 0.448569
vt 0.338742 0.450793
vt 0.337434 0.452593
vt 0.335319 0.453280
vt 0.333203 0.452593
vt 0.331896 0.450793
vt 0.331896 0.448569
vt 0.698632 0.350738
vt 0.698633 0.339437
vt 0.699416 0.350688
vt 0.697856 0.350782
vt 0.697938 0.339369
vt 0.697085 0.350821
vt 0.697230 0.339334
vt 0.695817 0.339479
vt 0.696520 0.339372
vt 0.696309 0.350856
vt 0.695125 0.339620
vt 0.695526 0.350884
vt 0.694445 0.339745
vt 0.694736 0.350906
vt 0.693771 0.339820
vt 0.693942 0.350920
vt 0.693100 0.339828
vt 0.697890 0.337314
vt 0.692354 0.350925
vt 0.693148 0.350927
vt 0.691564 0.350915
vt 0.692425 0.339772
vt 0.696335 0.335293
vt 0.697160 0.337337
vt 0.696415 0.337375
vt 0.691743 0.339667
vt 0.692476 0.337498
vt 0.693102 0.337513
vt 0.693718 0.337503
vt 0.694341 0.337481
vt 0.694992 0.337450
vt 0.695684 0.337412
vt 0.698580 0.337296
vt 0.693682 0.333322
vt 0.694303 0.335366
vt 0.693700 0.335381
vt 0.691820 0.337474
vt 0.692500 0.335375
vt 0.695613 0.335321
vt 0.698464 0.335202
vt 0.694935 0.335346
vt 0.697790 0.335233
vt 0.693105 0.335385
vt 0.695515 0.331273
vt 0.696258 0.333250
vt 0.695554 0.333274
vt 0.698334 0.333167
vt 0.694892 0.333294
vt 0.697072 0.335263
vt 0.697678 0.333199
vt 0.693102 0.333323
vt 0.694273 0.333309
vt 0.696979 0.333229
vt 0.691865 0.335359
vt 0.692513 0.333315
vt 0.697579 0.331222
vt 0.698085 0.329058
vt 0.698212 0.331193
vt 0.693098 0.331300
vt 0.694868 0.331280
vt 0.694259 0.331285
vt 0.696900 0.331250
vt 0.691896 0.333304
vt 0.692515 0.331301
vt 0.693675 0.331292
vt 0.696200 0.331261
vt 0.691910 0.331305
vt 0.041613 0.615008
vt 0.043866 0.615008
vt 0.043436 0.616332
vt 0.050888 0.636756
vt 0.065120 0.628935
vt 0.058436 0.636062
vt 0.831429 0.850224
vt 0.824650 0.871919
vt 0.824650 0.850224
vt 0.054281 0.643147
vt 0.070111 0.650658
vt 0.053062 0.650706
vt 0.070470 0.648503
vt 0.075068 0.642785
vt 0.072177 0.646159
vt 0.621972 0.926665
vt 0.607740 0.918844
vt 0.615288 0.919539
vt 0.817872 0.850224
vt 0.626964 0.904942
vt 0.611133 0.912454
vt 0.609914 0.904894
vt 0.627322 0.907097
vt 0.631920 0.912816
vt 0.635713 0.915131
vt 0.630531 0.931377
vt 0.639988 0.916157
vt 0.640127 0.933214
vt 0.935804 0.202700
vt 0.911533 0.251010
vt 0.911533 0.202700
vt 0.024902 0.659053
vt 0.031681 0.670172
vt 0.024902 0.670172
vt 0.024902 0.616802
vt 0.031681 0.621246
vt 0.024902 0.621246
vt 0.073679 0.624223
vt 0.082970 0.621280
vt 0.083275 0.622387
vt 0.024902 0.624146
vt 0.031681 0.626330
vt 0.024902 0.626330
vt 0.018124 0.612359
vt 0.018124 0.607963
vt 0.019801 0.607963
vt 0.078861 0.640469
vt 0.024902 0.612359
vt 0.031681 0.616802
vt 0.639822 0.934320
vt 0.629434 0.942968
vt 0.031681 0.624146
vt 0.018124 0.616802
vt 0.018124 0.624146
vt 0.031681 0.612359
vt 0.030004 0.607963
vt 0.031681 0.607963
vt 0.566167 0.005970
vt 0.571750 0.015640
vt 0.566167 0.015640
vt 0.819549 0.836708
vt 0.817872 0.836708
vt 0.109665 0.316639
vt 0.107987 0.312383
vt 0.109665 0.312383
vt 0.607740 0.913354
vt 0.024902 0.650831
vt 0.031681 0.655220
vt 0.024902 0.655220
vt 0.031681 0.659053
vt 0.650062 0.933214
vt 0.652243 0.933501
vt 0.649798 0.934320
vt 0.083135 0.639443
vt 0.916407 0.548753
vt 0.940678 0.597063
vt 0.916407 0.597063
vt 0.024902 0.636982
vt 0.031681 0.636982
vt 0.018124 0.621246
vt 0.607740 0.943115
vt 0.611033 0.888764
vt 0.614061 0.886415
vt 0.626973 0.894291
vt 0.649906 0.916155
vt 0.656864 0.928177
vt 0.018124 0.670172
vt 0.018124 0.659053
vt 0.607740 0.902922
vt 0.609914 0.901197
vt 0.829752 0.836708
vt 0.831429 0.836708
vt 0.607740 0.905096
vt 0.018124 0.626330
vt 0.608760 0.899649
vt 0.114194 0.660960
vt 0.112020 0.666741
vt 0.112020 0.660960
vt 0.112020 0.643620
vt 0.108747 0.637840
vt 0.112020 0.637840
vt 0.122452 0.643620
vt 0.127942 0.637840
vt 0.127942 0.643620
vt 0.114194 0.643620
vt 0.114194 0.637840
vt 0.112020 0.632060
vt 0.122452 0.637840
vt 0.114194 0.632060
vt 0.122452 0.632060
vt 0.108747 0.632060
vt 0.112020 0.626280
vt 0.122452 0.626280
vt 0.114194 0.626280
vt 0.108747 0.620499
vt 0.112020 0.620499
vt 0.114194 0.620499
vt 0.122452 0.620499
vt 0.112020 0.615493
vt 0.114194 0.615493
vt 0.122452 0.615486
vt 0.122452 0.649400
vt 0.114194 0.655180
vt 0.114194 0.649400
vt 0.112020 0.671747
vt 0.108747 0.666741
vt 0.127942 0.649400
vt 0.112020 0.649400
vt 0.108747 0.655180
vt 0.112020 0.655180
vt 0.050888 0.652678
vt 0.053062 0.654404
vt 0.122452 0.666741
vt 0.114194 0.671747
vt 0.114194 0.666741
vt 0.108747 0.649400
vt 0.050888 0.650504
vt 0.092946 0.621280
vt 0.093209 0.622387
vt 0.018124 0.655220
vt 0.018124 0.650831
vt 0.108747 0.643620
vt 0.122452 0.660960
vt 0.051908 0.655952
vt 0.054180 0.666836
vt 0.108747 0.660960
vt 0.122452 0.655180
vt 0.127942 0.615493
vt 0.127942 0.620499
vt 0.127942 0.626280
vt 0.127942 0.632060
vt 0.901785 0.695490
vt 0.926056 0.726223
vt 0.901785 0.726223
vt 0.127942 0.671747
vt 0.127942 0.666741
vt 0.074328 0.434200
vt 0.032376 0.427421
vt 0.074328 0.427421
vt 0.336305 0.281233
vt 0.334627 0.284758
vt 0.334627 0.281233
vt 0.107987 0.326557
vt 0.109665 0.326557
vt 0.018124 0.641931
vt 0.024902 0.646022
vt 0.018124 0.646022
vt 0.107987 0.290211
vt 0.109665 0.280235
vt 0.109665 0.290211
vt 0.107987 0.308280
vt 0.109665 0.304177
vt 0.109665 0.308280
vt 0.334627 0.277608
vt 0.336305 0.273370
vt 0.334627 0.273370
vt 0.562080 0.010057
vt 0.560584 0.015640
vt 0.336305 0.284758
vt 0.334627 0.287337
vt 0.109665 0.292789
vt 0.107987 0.292789
vt 0.582441 0.008862
vt 0.577334 0.015640
vt 0.577334 0.005970
vt 0.109665 0.296314
vt 0.107987 0.296314
vt 0.926056 0.664756
vt 0.926056 0.695490
vt 0.127942 0.660960
vt 0.127942 0.655180
vt 0.582441 0.022419
vt 0.577334 0.025311
vt 0.072582 0.612632
vt 0.566167 0.025311
vt 0.571750 0.026807
vt 0.095391 0.622100
vt 0.098121 0.624330
vt 0.100011 0.627424
vt 0.093053 0.639445
vt 0.562080 0.021224
vt 0.070121 0.661310
vt 0.336305 0.260909
vt 0.334627 0.265165
vt 0.334627 0.260909
vt 0.336305 0.269268
vt 0.336305 0.265165
vt 0.334627 0.269268
vt 0.334627 0.250991
vt 0.336305 0.250991
vt 0.336305 0.297313
vt 0.336305 0.287337
vt 0.831429 0.871919
vt 0.824650 0.913871
vt 0.024902 0.641931
vt 0.031681 0.641931
vt 0.031681 0.646022
vt 0.107987 0.299940
vt 0.107987 0.304177
vt 0.074328 0.420642
vt 0.109665 0.299940
vt 0.817872 0.871919
vt 0.793917 0.913871
vt 0.018124 0.636982
vt 0.031681 0.650831
vt 0.571750 0.004474
vt 0.009521 0.989418
vt 0.014622 0.971255
vt 0.014622 0.989418
vt 0.004419 0.989418
vt 0.009521 0.971255
vt 0.024902 0.607963
vt 0.824650 0.836708
vt 0.833451 0.364444
vt 0.823475 0.382517
vt 0.823533 0.364352
vt 0.821038 0.381675
vt 0.819405 0.365386
vt 0.818329 0.379420
vt 0.816477 0.368261
vt 0.815379 0.372214
vt 0.482524 0.986889
vt 0.472549 0.968816
vt 0.482524 0.968725
vt 0.472607 0.986981
vt 0.470111 0.969658
vt 0.468478 0.985947
vt 0.467402 0.971913
vt 0.464453 0.979119
vt 0.465551 0.983072
vt 0.251321 0.690149
vt 0.265632 0.687792
vt 0.265632 0.690149
vt 0.251321 0.685436
vt 0.265632 0.685436
vt 0.251321 0.704290
vt 0.265632 0.701933
vt 0.265632 0.704290
vt 0.251321 0.701933
vt 0.265632 0.699577
vt 0.251321 0.699577
vt 0.265632 0.697220
vt 0.251321 0.697220
vt 0.265632 0.694863
vt 0.251321 0.692506
vt 0.265632 0.692506
vt 0.484553 0.333460
vt 0.483375 0.336305
vt 0.481708 0.334638
vt 0.485732 0.336305
vt 0.487398 0.334638
vt 0.487398 0.332281
vt 0.485732 0.330615
vt 0.483375 0.330615
vt 0.481708 0.332281
vt 0.321275 0.540604
vt 0.318430 0.541782
vt 0.318430 0.539426
vt 0.320096 0.537759
vt 0.322453 0.537759
vt 0.324120 0.539426
vt 0.324120 0.541782
vt 0.322453 0.543449
vt 0.320096 0.543449
vt 0.960655 0.906560
vt 0.958298 0.878740
vt 0.960655 0.878740
vt 0.955941 0.906560
vt 0.955941 0.878740
vt 0.974796 0.906560
vt 0.972439 0.878740
vt 0.974796 0.878740
vt 0.972439 0.906560
vt 0.970083 0.878740
vt 0.970083 0.906560
vt 0.967726 0.878740
vt 0.967726 0.906560
vt 0.965369 0.878740
vt 0.963012 0.906560
vt 0.963012 0.878740
vt 0.304216 0.540604
vt 0.305394 0.537759
vt 0.307061 0.539426
vt 0.303037 0.537759
vt 0.301371 0.539426
vt 0.301371 0.541782
vt 0.303037 0.543449
vt 0.305394 0.543449
vt 0.307061 0.541782
vt 0.338334 0.543041
vt 0.341179 0.541863
vt 0.341179 0.544219
vt 0.339512 0.545886
vt 0.337155 0.545886
vt 0.335489 0.544219
vt 0.335489 0.541863
vt 0.337155 0.540196
vt 0.339512 0.540196
vt 0.050888 0.612485
vt 0.629029 0.909441
vt 0.935804 0.251010
vt 0.107987 0.316639
vt 0.654973 0.931270
vt 0.940678 0.548753
vt 0.618337 0.885428
vt 0.623011 0.886564
vt 0.625901 0.889459
vt 0.654025 0.917227
vt 0.657987 0.924091
vt 0.656926 0.920128
vt 0.108747 0.626280
vt 0.108701 0.614631
vt 0.108702 0.672609
vt 0.122452 0.671754
vt 0.050888 0.642247
vt 0.032376 0.458154
vt 0.107987 0.280235
vt 0.336305 0.277608
vt 0.582441 0.015640
vt 0.901785 0.664756
vt 0.101135 0.631509
vt 0.097172 0.638373
vt 0.100073 0.635472
vt 0.066158 0.669036
vt 0.061485 0.670172
vt 0.057209 0.669186
vt 0.069048 0.666142
vt 0.334627 0.297313
vt 0.855384 0.913871
vt 0.032376 0.396688
vt 0.004419 0.971255
vt 0.833451 0.382608
vt 0.816466 0.376309
vt 0.465539 0.975023
vt 0.251321 0.687792
vt 0.251321 0.694863
vt 0.958298 0.906560
vt 0.965369 0.906560
vt 0.483901 0.249111
vt 0.371559 0.025785
vt 0.373138 0.025785
vt 0.374507 0.026575
vt 0.375297 0.029523
vt 0.374507 0.030891
vt 0.373138 0.031681
vt 0.370190 0.030891
vt 0.369400 0.029523
vt 0.369400 0.027943
vt 0.790803 0.845294
vt 0.809081 0.189658
vt 0.799701 0.162790
vt 0.510707 0.249111
vt 0.284106 0.541291
vt 0.284106 0.539711
vt 0.284896 0.538343
vt 0.287844 0.537553
vt 0.289212 0.538343
vt 0.290002 0.539711
vt 0.289212 0.542659
vt 0.287844 0.543449
vt 0.286264 0.543449
vt 0.601937 0.528485
vt 0.767652 0.189658
vt 0.758272 0.162790
vt 0.209185 0.733534
vt 0.106831 0.562940
vt 0.082544 0.577567
vt 0.667735 0.677483
vt 0.616559 0.553192
vt 0.960174 0.976763
vt 0.947694 0.991769
vt 0.947057 0.977000
vt 0.960071 0.991546
vt 0.639873 0.875059
vt 0.935803 0.538575
vt 0.945715 0.220600
vt 0.639873 0.899249
vt 0.580004 0.395673
vt 0.580004 0.396408
vt 0.579572 0.397002
vt 0.578174 0.397002
vt 0.577742 0.396408
vt 0.577742 0.395673
vt 0.578873 0.394852
vt 0.319873 0.915912
vt 0.200441 0.562718
vt 0.200009 0.562123
vt 0.200009 0.561389
vt 0.201140 0.560567
vt 0.201838 0.560794
vt 0.202270 0.561389
vt 0.201838 0.562718
vt 0.573911 0.917738
vt 0.551031 0.957737
vt 0.917697 0.505676
vt 0.345244 0.781397
vt 0.370965 0.824240
vt 0.838324 0.336305
vt 0.946938 0.807862
vt 0.095657 0.613895
vt 0.095227 0.613303
vt 0.095227 0.612571
vt 0.096353 0.611753
vt 0.097049 0.611979
vt 0.097480 0.612571
vt 0.097049 0.613895
vt 0.979670 0.186912
vt 0.979670 0.200258
vt 0.042740 0.616559
vt 0.042043 0.616332
vt 0.041613 0.615740
vt 0.042043 0.614416
vt 0.042739 0.614190
vt 0.043436 0.614416
vt 0.043866 0.615740
s 1
usemtl Excavator
f 25/1/1 29/2/2 31/3/3
f 26/4/4 29/2/2 28/5/5
f 27/6/6 29/2/2 30/7/7
f 22/8/8 40/9/9 24/10/10
f 24/10/10 39/11/11 23/12/12
f 32/13/13 43/14/14 34/15/15
f 34/15/15 42/16/16 33/17/17
f 20/18/18 37/19/19 36/20/20
f 21/21/21 35/22/22 37/19/19
f 38/23/23 138/24/24 40/9/9
f 40/9/9 139/25/25 39/11/11
f 54/26/26 61/27/27 55/28/28
f 55/28/28 60/29/29 53/30/30
f 47/31/31 52/32/32 51/33/33
f 49/34/34 50/35/35 52/32/32
f 56/36/36 61/37/27 59/38/37
f 58/39/38 60/40/29 61/37/27
f 45/41/39 52/42/32 46/43/40
f 46/43/40 50/44/35 44/45/41
f 56/36/36 43/14/14 58/39/38
f 58/39/38 41/46/42 57/47/43
f 45/41/39 37/19/19 35/22/22
f 46/43/40 36/20/20 37/19/19
f 232/48/44 30/7/7 26/4/4
f 30/7/7 235/49/45 27/6/6
f 62/50/46 31/51/3 27/52/6
f 64/53/47 25/54/1 31/51/3
f 36/55/20 226/56/48 20/57/18
f 35/58/22 33/59/17 42/60/16
f 18/61/49 23/62/12 39/63/11
f 26/64/4 231/65/50 232/66/44
f 139/67/25 18/61/49 39/63/11
f 45/68/39 42/60/16 56/69/36
f 51/70/33 56/69/36 59/71/37
f 47/72/31 59/73/37 54/74/26
f 189/75/51 136/76/52 193/77/53
f 41/78/42 65/79/54 66/80/55
f 136/81/52 53/82/30 57/83/43
f 67/84/56 55/28/28 69/85/57
f 235/86/45 190/87/58 186/88/59
f 69/85/57 53/30/30 68/89/60
f 126/90/61 122/91/62 121/92/63
f 122/91/62 127/93/64 120/94/65
f 123/95/66 128/96/67 126/90/61
f 125/97/68 127/93/64 128/96/67
f 99/98/69 89/99/70 101/100/71
f 101/100/71 88/101/72 100/102/73
f 91/103/74 104/104/75 92/105/76
f 92/105/76 103/106/77 90/107/78
f 99/98/69 95/108/79 93/109/80
f 101/100/71 94/110/81 95/108/79
f 102/111/82 98/112/83 104/104/75
f 104/104/75 97/113/84 103/106/77
f 87/114/85 86/115/86 89/99/70
f 89/99/70 84/116/87 88/101/72
f 81/117/88 92/105/76 83/118/89
f 83/118/89 90/107/78 82/119/90
f 93/109/80 125/97/68 123/95/66
f 95/108/79 124/120/91 125/97/68
f 144/121/92 98/112/83 96/122/93
f 146/123/94 97/113/84 98/112/83
f 109/124/95 134/125/96 133/126/97
f 110/127/98 132/128/99 134/125/96
f 129/129/100 107/130/101 105/131/102
f 131/132/103 106/133/104 107/130/101
f 115/134/105 134/125/96 116/135/106
f 116/135/106 132/128/99 114/136/107
f 129/129/100 113/137/108 131/132/103
f 131/132/103 112/138/109 130/139/110
f 117/140/111 143/141/112 119/142/113
f 119/142/113 142/143/114 118/144/115
f 111/145/116 122/91/62 113/137/108
f 113/137/108 120/94/65 112/138/109
f 82/119/90 88/146/72 84/147/87
f 91/148/74 71/149/117 73/150/118
f 93/109/80 123/95/66 78/151/119
f 90/107/78 100/152/73 88/146/72
f 73/150/118 102/153/82 91/148/74
f 100/152/73 97/113/84 94/154/81
f 94/154/81 147/155/120 124/156/91
f 115/157/105 141/158/48 76/159/121
f 74/160/122 96/161/93 102/153/82
f 108/162/123 130/163/110 132/128/99
f 77/164/124 129/129/100 105/131/102
f 70/165/125 133/166/97 75/167/126
f 112/168/109 142/143/114 114/136/107
f 111/145/116 79/169/127 121/92/63
f 130/163/110 114/136/107 132/128/99
f 133/166/97 76/159/121 75/167/126
f 120/170/65 118/144/115 142/143/114
f 121/92/63 80/171/128 126/90/61
f 126/90/61 78/151/119 123/95/66
f 137/172/129 28/173/5 138/24/24
f 138/24/24 25/174/1 139/25/25
f 57/83/43 66/80/55 136/81/52
f 44/175/41 225/176/130 36/55/20
f 135/177/131 25/178/1 63/179/132
f 140/180/133 116/135/106 143/141/112
f 140/181/133 148/182/48 141/158/48
f 143/141/112 114/136/107 142/143/114
f 146/123/94 117/140/111 119/142/113
f 145/183/48 96/161/93 72/184/134
f 147/155/120 119/142/113 118/144/115
f 124/156/91 118/144/115 127/185/64
f 148/182/48 144/186/92 145/183/48
f 162/187/135 168/188/136 2/189/137
f 169/190/138 155/191/139 170/192/140
f 155/193/139 171/194/141 170/195/140
f 4/196/142 167/197/143 149/198/144
f 174/199/145 7/200/146 172/201/145
f 8/202/147 159/203/148 1/204/149
f 165/205/150 8/206/147 7/200/146
f 6/207/151 161/208/152 5/209/153
f 3/210/154 164/211/155 6/207/151
f 159/212/148 3/210/154 1/213/149
f 5/209/153 162/187/135 2/189/137
f 150/214/156 4/196/142 168/188/136
f 174/215/157 179/216/157 176/217/157
f 176/218/145 154/219/158 169/190/138
f 178/220/159 172/221/159 180/222/159
f 179/223/48 175/224/48 176/225/48
f 178/226/125 181/227/125 179/228/125
f 149/229/157 153/230/157 181/231/157
f 153/232/160 167/233/143 171/194/141
f 193/77/53 66/234/55 188/235/161
f 184/236/162 64/237/47 185/238/163
f 190/239/58 69/240/57 192/241/164
f 188/235/161 65/242/54 191/243/165
f 18/244/49 182/245/166 17/246/167
f 62/247/46 185/238/163 64/237/47
f 189/248/51 185/238/163 192/241/164
f 135/249/131 183/250/168 18/244/49
f 63/251/132 187/252/169 135/249/131
f 68/253/60 192/241/164 69/240/57
f 183/250/168 191/243/165 182/245/166
f 186/254/59 192/241/164 185/238/163
f 187/252/169 188/235/161 183/250/168
f 184/255/162 193/77/53 187/252/169
f 196/256/170 202/257/171 203/258/172
f 200/259/173 218/260/174 219/261/175
f 198/262/176 194/263/177 195/264/178
f 205/265/179 202/257/171 204/266/180
f 198/262/176 204/266/180 199/267/181
f 209/268/182 207/269/183 208/270/184
f 206/271/185 194/263/177 207/269/183
f 200/259/173 211/272/186 201/273/187
f 217/274/188 215/275/189 216/276/190
f 217/274/188 212/277/191 213/278/192
f 213/278/192 211/272/186 210/279/193
f 209/268/182 220/280/194 221/281/195
f 219/261/175 197/282/196 196/256/170
f 223/283/197 220/280/194 222/284/198
f 214/285/199 222/284/198 215/275/189
f 198/262/200 9/286/201 11/287/202
f 166/288/203 194/289/204 159/203/205
f 159/212/205 199/290/206 163/291/207
f 195/264/208 15/292/209 9/286/201
f 203/258/210 10/293/211 196/256/212
f 196/256/212 151/294/213 219/261/214
f 161/208/215 197/295/117 162/187/117
f 197/295/117 150/214/216 162/187/117
f 199/290/206 164/211/217 163/291/207
f 205/265/218 11/287/202 14/296/219
f 219/261/214 12/297/220 200/259/221
f 210/279/209 12/297/220 152/298/209
f 167/197/222 201/299/223 211/300/224
f 218/301/225 160/302/226 150/214/216
f 164/211/217 202/303/227 161/208/215
f 203/258/210 14/296/219 13/304/228
f 206/271/209 16/305/209 15/292/209
f 165/205/229 207/306/230 166/307/203
f 208/308/231 174/199/125 220/309/125
f 221/281/209 16/305/209 209/268/209
f 167/233/222 212/310/232 171/194/233
f 210/279/209 157/311/209 213/278/209
f 170/195/234 212/310/232 216/312/235
f 158/313/209 213/278/209 157/311/209
f 169/190/236 216/314/235 215/315/237
f 215/315/237 176/218/125 169/190/236
f 214/285/209 158/313/209 156/316/209
f 223/283/209 156/316/209 177/317/209
f 221/281/209 177/317/209 173/318/209
f 220/309/125 176/218/125 222/319/125
f 224/320/238 47/31/31 229/321/239
f 229/322/239 54/74/26 67/323/56
f 44/175/41 50/324/35 48/325/240
f 228/326/241 233/327/242 225/176/130
f 225/176/130 234/328/48 226/56/48
f 224/320/238 48/329/240 49/34/34
f 230/330/243 229/321/239 235/49/45
f 190/87/58 229/322/239 67/323/56
f 231/65/50 227/331/244 232/66/44
f 233/327/242 137/332/129 38/333/23
f 232/48/44 224/320/238 230/330/243
f 234/328/48 38/333/23 22/334/8
f 25/1/1 28/5/5 29/2/2
f 26/4/4 30/7/7 29/2/2
f 27/6/6 31/3/3 29/2/2
f 22/8/8 38/23/23 40/9/9
f 24/10/10 40/9/9 39/11/11
f 32/13/13 41/46/42 43/14/14
f 34/15/15 43/14/14 42/16/16
f 20/18/18 21/21/21 37/19/19
f 21/21/21 19/335/245 35/22/22
f 38/23/23 137/172/129 138/24/24
f 40/9/9 138/24/24 139/25/25
f 54/26/26 59/336/37 61/27/27
f 55/28/28 61/27/27 60/29/29
f 47/31/31 49/34/34 52/32/32
f 49/34/34 48/329/240 50/35/35
f 56/36/36 58/39/38 61/37/27
f 58/39/38 57/47/43 60/40/29
f 45/41/39 51/337/33 52/42/32
f 46/43/40 52/42/32 50/44/35
f 56/36/36 42/16/16 43/14/14
f 58/39/38 43/14/14 41/46/42
f 45/41/39 46/43/40 37/19/19
f 46/43/40 44/45/41 36/20/20
f 232/48/44 230/330/243 30/7/7
f 30/7/7 230/330/243 235/49/45
f 62/50/46 64/53/47 31/51/3
f 64/53/47 63/338/132 25/54/1
f 36/55/20 225/176/130 226/56/48
f 35/58/22 19/339/245 33/59/17
f 18/61/49 17/340/167 23/62/12
f 26/64/4 137/332/129 231/65/50
f 139/67/25 135/177/131 18/61/49
f 45/68/39 35/58/22 42/60/16
f 51/70/33 45/68/39 56/69/36
f 47/72/31 51/341/33 59/73/37
f 189/75/51 68/342/60 136/76/52
f 41/78/42 32/343/13 65/79/54
f 68/344/60 53/82/30 136/81/52
f 53/82/30 60/345/29 57/83/43
f 67/84/56 54/26/26 55/28/28
f 186/88/59 62/346/46 235/86/45
f 62/346/46 27/347/6 235/86/45
f 69/85/57 55/28/28 53/30/30
f 126/90/61 128/96/67 122/91/62
f 122/91/62 128/96/67 127/93/64
f 123/95/66 125/97/68 128/96/67
f 125/97/68 124/120/91 127/93/64
f 99/98/69 87/114/85 89/99/70
f 101/100/71 89/99/70 88/101/72
f 91/103/74 102/111/82 104/104/75
f 92/105/76 104/104/75 103/106/77
f 99/98/69 101/100/71 95/108/79
f 101/100/71 100/102/73 94/110/81
f 102/111/82 96/122/93 98/112/83
f 104/104/75 98/112/83 97/113/84
f 87/114/85 85/348/246 86/115/86
f 89/99/70 86/115/86 84/116/87
f 81/117/88 91/103/74 92/105/76
f 83/118/89 92/105/76 90/107/78
f 93/109/80 95/108/79 125/97/68
f 95/108/79 94/110/81 124/120/91
f 144/121/92 146/123/94 98/112/83
f 146/123/94 147/155/120 97/113/84
f 109/124/95 110/127/98 134/125/96
f 110/127/98 108/162/123 132/128/99
f 129/129/100 131/132/103 107/130/101
f 131/132/103 130/139/110 106/133/104
f 115/134/105 133/126/97 134/125/96
f 116/135/106 134/125/96 132/128/99
f 129/129/100 111/145/116 113/137/108
f 131/132/103 113/137/108 112/138/109
f 117/140/111 140/180/133 143/141/112
f 119/142/113 143/141/112 142/143/114
f 111/145/116 121/92/63 122/91/62
f 113/137/108 122/91/62 120/94/65
f 82/119/90 90/107/78 88/146/72
f 91/148/74 81/349/88 71/149/117
f 78/151/119 85/348/246 93/109/80
f 85/348/246 87/114/85 93/109/80
f 87/114/85 99/98/69 93/109/80
f 90/107/78 103/106/77 100/152/73
f 73/150/118 74/160/122 102/153/82
f 100/152/73 103/106/77 97/113/84
f 94/154/81 97/113/84 147/155/120
f 115/157/105 140/181/133 141/158/48
f 74/160/122 72/184/134 96/161/93
f 108/162/123 106/350/104 130/163/110
f 77/164/124 111/145/116 129/129/100
f 70/165/125 109/351/95 133/166/97
f 112/168/109 120/170/65 142/143/114
f 111/145/116 77/164/124 79/169/127
f 130/163/110 112/168/109 114/136/107
f 133/166/97 115/157/105 76/159/121
f 120/170/65 127/185/64 118/144/115
f 121/92/63 79/169/127 80/171/128
f 126/90/61 80/171/128 78/151/119
f 137/172/129 26/352/4 28/173/5
f 138/24/24 28/173/5 25/174/1
f 57/83/43 41/78/42 66/80/55
f 44/175/41 228/326/241 225/176/130
f 135/177/131 139/67/25 25/178/1
f 140/180/133 115/134/105 116/135/106
f 140/181/133 117/353/111 148/182/48
f 143/141/112 116/135/106 114/136/107
f 146/123/94 144/121/92 117/140/111
f 145/183/48 144/186/92 96/161/93
f 147/155/120 146/123/94 119/142/113
f 124/156/91 147/155/120 118/144/115
f 148/182/48 117/353/111 144/186/92
f 162/187/135 150/214/156 168/188/136
f 169/190/138 154/219/158 155/191/139
f 155/193/139 153/232/160 171/194/141
f 4/196/142 160/302/247 167/197/143
f 174/199/145 165/205/150 7/200/146
f 8/202/147 166/288/147 159/203/148
f 165/205/150 166/307/147 8/206/147
f 6/207/151 164/211/155 161/208/152
f 3/210/154 163/291/248 164/211/155
f 159/212/148 163/291/248 3/210/154
f 5/209/153 161/208/152 162/187/135
f 150/214/156 160/302/247 4/196/142
f 174/215/157 178/354/157 179/216/157
f 176/218/145 175/355/145 154/219/158
f 178/220/159 174/356/159 172/221/159
f 179/223/48 181/357/48 175/224/48
f 178/226/125 180/358/125 181/227/125
f 1/359/157 3/360/157 6/361/157
f 1/359/157 6/361/157 180/362/157
f 6/361/157 5/363/157 181/231/157
f 7/364/157 8/365/157 180/362/157
f 8/365/157 1/359/157 180/362/157
f 180/362/157 172/366/157 7/364/157
f 154/367/157 175/368/157 181/231/157
f 155/369/157 154/367/157 153/230/157
f 154/367/157 181/231/157 153/230/157
f 181/231/157 180/362/157 6/361/157
f 5/363/157 2/370/157 149/229/157
f 181/231/157 5/363/157 149/229/157
f 2/370/157 168/371/157 4/372/157
f 4/372/157 149/229/157 2/370/157
f 153/232/160 149/373/144 167/233/143
f 193/77/53 136/76/52 66/234/55
f 184/236/162 63/374/132 64/237/47
f 190/239/58 67/375/56 69/240/57
f 188/235/161 66/234/55 65/242/54
f 18/244/49 183/250/168 182/245/166
f 62/247/46 186/254/59 185/238/163
f 189/248/51 184/236/162 185/238/163
f 135/249/131 187/252/169 183/250/168
f 63/251/132 184/255/162 187/252/169
f 68/253/60 189/248/51 192/241/164
f 183/250/168 188/235/161 191/243/165
f 186/254/59 190/239/58 192/241/164
f 187/252/169 193/77/53 188/235/161
f 184/255/162 189/75/51 193/77/53
f 196/256/170 197/282/196 202/257/171
f 200/259/173 201/273/187 218/260/174
f 198/262/176 199/267/181 194/263/177
f 205/265/179 203/258/172 202/257/171
f 198/262/176 205/265/179 204/266/180
f 209/268/182 206/271/185 207/269/183
f 206/271/185 195/264/178 194/263/177
f 200/259/173 210/279/193 211/272/186
f 217/274/188 214/285/199 215/275/189
f 217/274/188 216/276/190 212/277/191
f 213/278/192 212/277/191 211/272/186
f 209/268/182 208/270/184 220/280/194
f 219/261/175 218/260/174 197/282/196
f 223/283/197 221/281/195 220/280/194
f 214/285/199 223/283/197 222/284/198
f 198/262/200 195/264/208 9/286/201
f 166/288/203 207/376/230 194/289/204
f 159/212/205 194/377/204 199/290/206
f 195/264/208 206/271/209 15/292/209
f 203/258/210 13/304/228 10/293/211
f 196/256/212 10/293/211 151/294/213
f 161/208/215 202/303/227 197/295/117
f 197/295/117 218/301/225 150/214/216
f 199/290/206 204/378/249 164/211/217
f 205/265/218 198/262/200 11/287/202
f 219/261/214 151/294/213 12/297/220
f 210/279/209 200/259/221 12/297/220
f 167/197/222 160/302/226 201/299/223
f 218/301/225 201/299/223 160/302/226
f 164/211/217 204/378/249 202/303/227
f 203/258/210 205/265/218 14/296/219
f 206/271/209 209/268/209 16/305/209
f 165/205/229 208/308/231 207/306/230
f 208/308/231 165/205/229 174/199/125
f 221/281/209 173/318/209 16/305/209
f 167/233/222 211/379/224 212/310/232
f 210/279/209 152/298/209 157/311/209
f 170/195/234 171/194/233 212/310/232
f 158/313/209 217/274/209 213/278/209
f 169/190/236 170/192/234 216/314/235
f 215/315/237 222/319/125 176/218/125
f 214/285/209 217/274/209 158/313/209
f 223/283/209 214/285/209 156/316/209
f 221/281/209 223/283/209 177/317/209
f 220/309/125 174/199/125 176/218/125
f 224/320/238 49/34/34 47/31/31
f 229/322/239 47/72/31 54/74/26
f 48/325/240 227/331/244 228/326/241
f 228/326/241 44/175/41 48/325/240
f 228/326/241 231/65/50 233/327/242
f 225/176/130 233/327/242 234/328/48
f 224/320/238 227/380/244 48/329/240
f 230/330/243 224/320/238 229/321/239
f 190/87/58 235/86/45 229/322/239
f 231/65/50 228/326/241 227/331/244
f 233/327/242 231/65/50 137/332/129
f 232/48/44 227/380/244 224/320/238
f 234/328/48 233/327/242 38/333/23
f 237/381/117 238/382/250 236/383/117
f 239/384/250 240/385/251 238/382/250
f 241/386/251 242/387/159 240/385/251
f 243/388/159 244/389/252 242/387/159
f 245/390/252 246/391/253 244/389/252
f 247/392/253 248/393/125 246/391/253
f 249/394/125 250/395/254 248/396/125
f 251/397/254 252/398/255 250/395/254
f 253/399/255 254/400/48 252/398/255
f 255/401/48 256/402/256 254/400/48
f 257/403/256 258/404/257 256/402/256
f 259/405/257 236/383/117 258/404/257
f 242/406/157 250/407/157 258/408/157
f 272/409/258 277/410/259 276/411/260
f 274/412/261 275/413/262 277/410/259
f 276/411/260 280/414/263 279/415/264
f 280/414/263 275/413/262 278/416/265
f 279/415/264 283/417/266 282/418/267
f 280/414/263 281/419/268 283/417/266
f 282/418/267 286/420/269 285/421/270
f 283/417/266 284/422/271 286/420/269
f 285/421/270 289/423/272 288/424/273
f 286/420/269 287/425/274 289/423/272
f 291/426/275 289/423/272 292/427/276
f 292/427/276 287/425/274 290/428/277
f 294/429/278 292/427/276 295/430/279
f 292/427/276 293/431/280 295/430/279
f 297/432/281 295/430/279 298/433/282
f 295/430/279 296/434/283 298/433/282
f 297/432/281 301/435/284 300/436/285
f 301/435/284 296/434/283 299/437/286
f 300/436/285 304/438/287 303/439/288
f 301/435/284 302/440/289 304/438/287
f 306/441/290 304/438/287 307/442/291
f 307/442/291 302/440/289 305/443/292
f 306/441/290 274/412/261 272/409/258
f 307/442/291 273/444/293 274/412/261
f 308/445/294 313/446/295 312/447/296
f 310/448/297 311/449/298 313/446/295
f 315/450/299 313/446/295 316/451/300
f 313/446/295 314/452/301 316/451/300
f 315/450/299 319/453/302 318/454/303
f 316/451/300 317/455/304 319/453/302
f 321/456/305 319/453/302 322/457/306
f 322/457/306 317/455/304 320/458/307
f 321/456/305 325/459/308 324/460/309
f 322/457/306 323/461/310 325/459/308
f 324/460/309 328/462/311 327/463/312
f 325/459/308 326/464/313 328/462/311
f 327/463/312 331/465/314 330/466/315
f 331/465/314 326/464/313 329/467/316
f 333/468/317 331/465/314 334/469/318
f 331/465/314 332/470/319 334/469/318
f 333/468/317 337/471/320 336/472/321
f 334/469/318 335/473/322 337/471/320
f 336/472/321 340/474/323 339/475/324
f 337/471/320 338/476/325 340/474/323
f 339/475/324 343/477/326 342/478/327
f 340/474/323 341/479/328 343/477/326
f 342/478/327 310/448/297 308/445/294
f 310/448/297 341/479/328 309/480/329
f 273/481/293 312/482/296 275/483/262
f 237/484/330 276/411/260 239/485/331
f 305/486/292 308/487/294 273/481/293
f 237/484/330 306/441/290 272/409/258
f 241/488/332 276/411/260 279/415/264
f 275/483/262 315/489/299 278/490/265
f 241/488/332 282/418/267 243/491/333
f 278/490/265 318/492/303 281/493/268
f 281/493/268 321/494/305 284/495/271
f 245/496/334 282/418/267 285/421/270
f 247/497/335 285/421/270 288/424/273
f 284/495/271 324/498/309 287/499/274
f 249/500/336 288/424/273 291/426/275
f 287/499/274 327/501/312 290/502/277
f 249/500/336 294/429/278 251/503/337
f 290/504/277 330/505/315 293/506/280
f 251/503/337 297/432/281 253/507/338
f 293/506/280 333/508/317 296/509/283
f 253/507/338 300/436/285 255/510/339
f 296/509/283 336/511/321 299/512/286
f 255/510/339 303/439/288 257/513/340
f 299/512/286 339/514/324 302/515/289
f 257/513/340 306/441/290 259/516/341
f 302/515/289 342/517/327 305/486/292
f 311/449/298 309/480/329 267/518/209
f 309/480/329 341/479/328 267/518/209
f 314/452/301 311/449/298 267/518/209
f 317/455/304 314/452/301 267/518/209
f 320/458/307 317/455/304 267/518/209
f 323/461/310 320/458/307 267/518/209
f 326/464/313 323/461/310 267/518/209
f 329/467/316 326/464/313 267/518/209
f 332/470/319 329/467/316 267/518/209
f 335/473/322 332/470/319 267/518/209
f 338/476/325 335/473/322 267/518/209
f 341/479/328 338/476/325 267/518/209
f 266/519/342 355/520/255 354/521/342
f 345/522/157 271/523/157 346/524/157
f 347/525/157 344/526/157 345/522/157
f 348/527/157 260/528/157 347/525/157
f 265/529/209 263/530/209 352/531/209
f 266/519/209 358/532/209 349/533/209
f 262/534/209 350/535/209 351/536/209
f 264/537/209 351/536/209 353/538/209
f 263/530/209 353/538/209 352/531/209
f 349/533/209 360/539/209 265/529/209
f 354/540/157 269/541/157 268/542/157
f 355/543/157 270/544/157 269/541/157
f 356/545/157 271/523/157 270/544/157
f 262/534/256 344/526/257 260/528/256
f 351/536/252 348/546/343 347/547/252
f 358/532/251 268/542/344 269/541/251
f 349/533/255 356/548/254 355/520/255
f 357/549/345 260/528/256 261/550/345
f 360/539/250 269/541/251 270/544/250
f 265/529/254 346/551/125 356/548/254
f 263/530/117 270/544/250 271/523/117
f 348/527/157 366/552/157 261/550/157
f 352/531/125 345/553/253 346/551/125
f 264/537/257 271/523/117 344/526/257
f 353/538/253 347/547/252 345/553/253
f 350/535/343 365/554/159 348/546/343
f 261/550/345 364/555/48 357/549/345
f 266/519/209 362/556/209 359/557/209
f 357/549/209 363/558/209 350/535/209
f 354/521/342 361/559/48 266/519/342
f 359/557/344 368/560/159 268/542/344
f 268/542/157 367/561/157 354/540/157
f 370/562/117 371/563/250 369/564/117
f 372/565/250 373/566/251 371/563/250
f 374/567/251 375/568/159 373/566/251
f 376/569/159 377/570/252 375/568/159
f 378/571/252 379/572/253 377/570/252
f 380/573/253 381/574/125 379/572/253
f 382/575/125 383/576/254 381/577/125
f 384/578/254 385/579/255 383/576/254
f 386/580/255 387/581/48 385/579/255
f 388/582/48 389/583/256 387/581/48
f 390/584/256 391/585/257 389/583/256
f 392/586/257 369/564/117 391/585/257
f 375/587/157 383/588/157 391/589/157
f 409/590/260 407/591/261 410/592/259
f 407/591/261 408/593/262 410/592/259
f 412/594/264 410/592/259 413/595/263
f 410/592/259 411/596/265 413/595/263
f 415/597/267 413/595/263 416/598/266
f 413/595/263 414/599/268 416/598/266
f 415/597/267 419/600/269 418/601/270
f 416/598/266 417/602/271 419/600/269
f 418/601/270 422/603/272 421/604/273
f 419/600/269 420/605/274 422/603/272
f 421/604/273 425/606/276 424/607/275
f 422/603/272 423/608/277 425/606/276
f 427/609/278 425/606/276 428/610/279
f 425/606/276 426/611/280 428/610/279
f 430/612/281 428/610/279 431/613/282
f 428/610/279 429/614/283 431/613/282
f 433/615/285 431/613/282 434/616/284
f 431/613/282 432/617/286 434/616/284
f 436/618/288 434/616/284 437/619/287
f 437/619/287 432/617/286 435/620/289
f 439/621/290 437/619/287 440/622/291
f 440/622/291 435/620/289 438/623/292
f 439/621/290 407/591/261 405/624/258
f 407/591/261 438/623/292 406/625/293
f 445/626/296 443/627/297 446/628/295
f 443/627/297 444/629/298 446/628/295
f 448/630/299 446/628/295 449/631/300
f 446/628/295 447/632/301 449/631/300
f 448/630/299 452/633/302 451/634/303
f 449/631/300 450/635/304 452/633/302
f 451/634/303 455/636/306 454/637/305
f 452/633/302 453/638/307 455/636/306
f 457/639/309 455/636/306 458/640/308
f 455/636/306 456/641/310 458/640/308
f 457/639/309 461/642/311 460/643/312
f 461/642/311 456/641/310 459/644/313
f 460/643/312 464/645/314 463/646/315
f 461/642/311 462/647/316 464/645/314
f 463/646/315 467/648/318 466/649/317
f 467/648/318 462/647/316 465/650/319
f 466/649/317 470/651/320 469/652/321
f 467/648/318 468/653/322 470/651/320
f 469/652/321 473/654/323 472/655/324
f 473/654/323 468/653/322 471/656/325
f 475/657/327 473/654/323 476/658/326
f 476/658/326 471/656/325 474/659/328
f 441/660/294 476/658/326 443/627/297
f 476/658/326 442/661/329 443/627/297
f 406/662/293 445/663/296 408/664/262
f 370/665/330 409/590/260 372/666/331
f 438/667/292 441/668/294 406/662/293
f 392/669/341 405/624/258 370/665/330
f 372/666/331 412/594/264 374/670/332
f 408/664/262 448/671/299 411/672/265
f 376/673/333 412/594/264 415/597/267
f 411/672/265 451/674/303 414/675/268
f 414/675/268 454/676/305 417/677/271
f 376/673/333 418/601/270 378/678/334
f 378/678/334 421/604/273 380/679/335
f 417/677/271 457/680/309 420/681/274
f 382/682/336 421/604/273 424/607/275
f 420/681/274 460/683/312 423/684/277
f 382/682/336 427/609/278 384/685/337
f 423/686/277 463/687/315 426/688/280
f 384/685/337 430/612/281 386/689/338
f 426/688/280 466/690/317 429/691/283
f 386/689/338 433/615/285 388/692/339
f 429/691/283 469/693/321 432/694/286
f 390/695/340 433/615/285 436/618/288
f 432/694/286 472/696/324 435/697/289
f 392/669/341 436/618/288 439/621/290
f 435/697/289 475/698/327 438/667/292
f 444/629/298 442/661/329 400/699/209
f 442/661/329 474/659/328 400/699/209
f 447/632/301 444/629/298 400/699/209
f 450/635/304 447/632/301 400/699/209
f 453/638/307 450/635/304 400/699/209
f 456/641/310 453/638/307 400/699/209
f 459/644/313 456/641/310 400/699/209
f 462/647/316 459/644/313 400/699/209
f 465/650/319 462/647/316 400/699/209
f 468/653/322 465/650/319 400/699/209
f 471/656/325 468/653/322 400/699/209
f 474/659/328 471/656/325 400/699/209
f 399/700/342 488/701/255 487/702/342
f 478/703/157 404/704/157 479/705/157
f 480/706/157 477/707/157 478/703/157
f 481/708/157 393/709/157 480/706/157
f 398/710/209 396/711/209 485/712/209
f 399/700/209 491/713/209 482/714/209
f 395/715/209 483/716/209 484/717/209
f 397/718/209 484/717/209 486/719/209
f 396/711/209 486/719/209 485/712/209
f 482/714/209 493/720/209 398/710/209
f 487/721/157 402/722/157 401/723/157
f 488/724/157 403/725/157 402/722/157
f 489/726/157 404/704/157 403/725/157
f 395/715/256 477/707/257 393/709/256
f 484/717/252 481/727/343 480/728/252
f 491/713/251 401/723/344 402/722/251
f 482/714/255 489/729/254 488/701/255
f 490/730/345 393/709/256 394/731/345
f 493/720/250 402/722/251 403/725/250
f 398/710/254 479/732/125 489/729/254
f 396/711/117 403/725/250 404/704/117
f 481/708/157 499/733/157 394/731/157
f 485/712/125 478/734/253 479/732/125
f 397/718/257 404/704/117 477/707/257
f 486/719/253 480/728/252 478/734/253
f 483/716/343 498/735/159 481/727/343
f 394/731/345 497/736/48 490/730/345
f 399/700/209 495/737/209 492/738/209
f 490/730/209 496/739/209 483/716/209
f 487/702/342 494/740/48 399/700/342
f 492/738/344 501/741/159 401/723/344
f 401/723/157 500/742/157 487/721/157
f 523/743/346 552/744/347 541/745/347
f 508/746/348 544/747/349 554/748/348
f 538/749/350 552/744/347 546/750/350
f 511/751/351 549/752/352 555/753/351
f 539/754/353 557/755/346 523/756/346
f 532/757/354 549/752/352 535/758/352
f 507/759/353 514/760/346 512/761/353
f 514/760/346 506/762/347 513/763/347
f 509/764/355 517/765/356 533/766/356
f 533/766/356 515/767/350 510/768/350
f 525/769/357 536/770/351 518/771/357
f 526/772/351 519/773/352 536/770/351
f 522/774/349 529/775/348 527/776/349
f 540/777/348 528/778/354 529/775/348
f 525/769/357 507/759/353 512/761/353
f 510/768/350 513/763/347 506/762/347
f 534/779/357 555/780/351 553/781/357
f 516/782/355 522/774/349 527/776/349
f 505/783/358 517/784/358 516/785/358
f 524/786/352 521/787/354 519/773/352
f 520/788/356 546/750/350 556/789/356
f 537/790/355 544/747/349 530/791/349
f 513/792/358 505/783/358 504/793/358
f 514/794/358 504/793/358 512/795/358
f 505/783/358 527/796/358 503/797/358
f 512/795/358 502/798/358 525/799/358
f 504/793/358 503/797/358 502/798/358
f 503/797/358 529/800/358 528/801/358
f 502/798/358 528/801/358 524/802/358
f 526/803/358 502/798/358 524/802/358
f 508/804/359 507/805/359 530/806/359
f 508/804/359 506/807/359 531/808/359
f 511/809/359 509/810/359 533/811/359
f 511/809/359 510/812/359 535/813/359
f 520/814/359 518/815/359 536/816/359
f 520/814/359 519/817/359 538/818/359
f 523/819/359 522/820/359 539/821/359
f 523/819/359 521/822/359 540/823/359
f 530/806/359 518/815/359 537/824/359
f 535/813/359 506/807/359 532/825/359
f 538/818/359 521/822/359 541/826/359
f 539/821/359 509/810/359 534/827/359
f 543/828/359 555/829/359 549/830/359
f 548/831/359 542/832/359 544/833/359
f 550/834/359 553/835/359 543/828/359
f 545/836/359 543/828/359 542/832/359
f 546/837/359 550/834/359 545/836/359
f 556/838/359 545/836/359 548/831/359
f 550/834/359 557/839/359 551/840/359
f 554/841/359 542/832/359 547/842/359
f 542/832/359 549/830/359 547/842/359
f 537/790/355 556/843/356 548/844/355
f 534/779/357 551/845/353 539/754/353
f 508/846/348 547/847/354 532/757/354
f 559/848/360 560/849/361 558/850/362
f 564/851/363 576/852/364 562/853/365
f 561/854/366 562/853/365 560/849/361
f 575/855/367 572/856/368 558/850/362
f 563/857/369 564/851/363 562/853/365
f 560/849/361 575/855/367 558/850/362
f 565/858/370 566/859/371 564/851/363
f 579/860/372 566/861/371 568/862/373
f 580/863/374 568/862/373 570/864/375
f 566/861/371 569/865/376 568/862/373
f 568/862/373 571/866/377 570/864/375
f 581/867/378 570/864/375 572/856/368
f 570/864/375 573/868/379 572/856/368
f 562/853/365 574/869/380 560/849/361
f 572/856/368 559/848/360 558/850/362
f 566/859/371 577/870/381 564/851/363
f 603/743/346 632/744/347 621/745/347
f 610/791/349 634/748/348 588/746/348
f 618/749/350 632/744/347 626/750/350
f 591/751/382 629/752/352 635/753/351
f 619/754/353 637/755/346 603/756/346
f 612/757/354 629/752/352 615/758/352
f 592/761/353 611/871/346 594/760/346
f 594/760/346 586/762/347 593/763/347
f 589/764/355 597/765/356 613/766/356
f 613/766/356 595/767/350 590/768/350
f 605/769/357 616/770/351 598/771/357
f 606/772/351 599/773/352 616/770/351
f 602/774/349 609/775/348 607/776/349
f 620/777/348 608/778/354 609/775/348
f 605/769/357 587/759/353 592/761/353
f 590/768/350 593/763/347 586/762/347
f 614/779/357 635/780/351 633/781/357
f 596/782/355 602/774/349 607/776/349
f 585/783/358 597/784/358 596/785/358
f 604/786/352 601/787/354 599/773/352
f 618/749/350 636/789/356 600/788/356
f 617/790/355 624/747/349 610/791/349
f 593/792/358 585/783/358 584/793/358
f 594/794/358 584/793/358 592/795/358
f 585/783/358 607/796/358 583/797/358
f 592/795/358 582/798/358 605/799/358
f 584/793/358 583/797/358 582/798/358
f 583/797/358 609/800/358 608/801/358
f 582/798/358 608/801/358 604/802/358
f 606/803/358 582/798/358 604/802/358
f 588/804/359 587/805/359 610/806/359
f 588/804/359 586/807/359 611/808/359
f 591/809/359 589/810/359 613/811/359
f 591/809/359 590/812/359 615/813/359
f 600/814/359 598/815/359 616/816/359
f 600/814/359 599/817/359 618/818/359
f 603/819/359 602/820/359 619/821/359
f 603/819/359 601/822/359 620/823/359
f 610/806/359 598/815/359 617/824/359
f 612/825/359 590/812/359 586/807/359
f 621/826/359 599/817/359 601/822/359
f 619/821/359 589/810/359 614/827/359
f 623/828/359 635/829/359 629/830/359
f 628/831/359 622/832/359 624/833/359
f 630/834/359 633/835/359 623/828/359
f 625/836/359 623/828/359 622/832/359
f 625/836/359 632/872/359 630/834/359
f 636/838/359 625/836/359 628/831/359
f 630/834/359 637/839/359 631/840/359
f 634/841/359 622/832/359 627/842/359
f 627/842/359 623/828/359 629/830/359
f 617/790/355 636/843/356 628/844/355
f 614/779/357 631/845/353 619/754/353
f 588/846/348 627/847/354 612/757/354
f 639/848/360 640/849/361 638/850/362
f 644/851/363 656/852/364 642/853/365
f 641/854/366 642/853/365 640/849/361
f 655/855/367 652/856/368 638/850/362
f 643/857/369 644/851/363 642/853/365
f 640/849/361 655/855/367 638/850/362
f 645/858/370 646/859/371 644/851/363
f 659/860/372 646/861/371 648/862/373
f 660/863/374 648/862/373 650/864/375
f 646/861/371 649/865/376 648/862/373
f 648/862/373 651/866/377 650/864/375
f 661/867/378 650/864/375 652/856/368
f 650/864/375 653/868/379 652/856/368
f 642/853/365 654/869/380 640/849/361
f 652/856/368 639/848/360 638/850/362
f 646/859/371 657/870/381 644/851/363
f 682/873/383 678/874/384 674/875/385
f 678/874/384 680/876/386 675/877/387
f 676/878/388 679/879/389 681/880/390
f 677/881/391 679/879/389 682/873/383
f 697/882/392 693/883/393 689/884/394
f 693/883/393 695/885/395 690/886/396
f 691/887/397 694/888/398 696/889/399
f 692/890/400 694/888/398 697/882/392
f 663/891/401 783/892/401 781/893/401
f 671/894/401 784/895/401 708/896/401
f 712/897/401 662/898/401 778/899/401
f 670/900/401 668/901/401 671/894/401
f 665/902/401 785/903/401 664/904/401
f 713/905/401 670/900/401 711/906/401
f 711/906/401 671/894/401 708/896/401
f 732/907/402 672/908/403 731/909/404
f 730/910/405 673/911/406 672/908/403
f 716/912/407 698/913/408 699/914/407
f 717/915/409 739/916/410 758/917/411
f 673/911/406 701/918/403 672/908/403
f 698/913/408 677/881/391 699/914/407
f 698/913/408 676/878/388 681/880/390
f 702/919/412 690/886/396 703/920/412
f 702/919/412 689/884/394 693/883/393
f 691/887/397 715/921/408 716/912/407
f 716/912/407 757/922/413 691/887/397
f 674/875/385 705/923/414 706/924/414
f 675/877/387 705/923/414 678/874/384
f 717/915/409 759/925/415 757/922/413
f 701/918/403 750/926/416 748/927/417
f 699/914/407 740/928/418 700/929/409
f 687/930/414 710/931/414 688/932/414
f 683/933/412 711/934/412 685/935/412
f 779/936/401 663/891/401 781/893/401
f 702/937/401 687/938/401 688/939/401
f 704/940/401 688/939/401 686/941/401
f 706/942/401 685/943/401 684/944/401
f 705/945/401 683/946/401 685/943/401
f 780/947/401 662/898/401 779/936/401
f 668/901/401 664/904/401 671/894/401
f 668/901/401 788/948/401 665/902/401
f 669/949/401 667/950/401 670/900/401
f 668/901/401 710/951/401 709/952/401
f 667/950/401 712/897/401 710/951/401
f 666/953/401 663/891/401 662/898/401
f 664/904/401 786/954/401 784/895/401
f 710/931/414 686/955/414 688/932/414
f 715/921/408 673/911/406 698/913/408
f 699/914/407 717/915/409 716/912/407
f 685/935/412 708/956/412 684/957/412
f 731/909/404 701/918/403 748/927/417
f 692/890/400 715/921/408 696/889/399
f 741/958/419 745/959/420 739/916/410
f 741/958/419 746/960/421 747/961/422
f 747/961/422 742/962/423 745/959/420
f 747/961/422 743/963/424 744/964/425
f 750/926/416 754/965/426 748/927/417
f 750/926/416 755/966/427 756/967/428
f 756/967/428 751/968/429 754/965/426
f 756/967/428 752/969/430 753/970/431
f 738/971/432 733/972/433 737/973/434
f 738/971/432 734/974/435 735/975/436
f 732/907/402 737/973/434 730/910/405
f 732/907/402 736/976/437 738/971/432
f 765/977/438 760/978/439 764/979/440
f 765/977/438 761/980/441 762/981/442
f 759/925/415 764/979/440 757/922/413
f 759/925/415 763/982/443 765/977/438
f 771/983/444 734/974/435 770/984/445
f 769/985/446 735/975/436 771/983/444
f 767/986/447 753/970/431 752/969/430
f 768/987/448 751/968/429 753/970/431
f 742/962/423 774/988/449 772/989/450
f 744/964/425 773/990/451 774/988/449
f 762/981/442 775/991/452 760/978/439
f 761/980/441 777/992/453 762/981/442
f 769/993/401 720/994/401 718/995/401
f 770/996/401 720/994/401 771/997/401
f 726/998/401 767/999/401 725/1000/401
f 726/998/401 766/1001/401 768/1002/401
f 775/1003/401 729/1004/401 727/1005/401
f 776/1006/401 729/1004/401 777/1007/401
f 723/1008/401 773/1009/401 722/1010/401
f 723/1008/401 772/1011/401 774/1012/401
f 787/1013/454 729/1014/455 728/1015/456
f 788/1016/457 729/1017/455 789/1018/455
f 781/1019/458 720/1020/459 719/1021/460
f 782/1022/461 720/1023/459 783/1024/459
f 778/1025/462 726/1026/463 725/1027/464
f 779/1028/465 726/1029/463 780/1030/466
f 723/1031/467 785/1032/468 721/1033/469
f 723/1034/467 784/1035/470 786/1036/471
f 779/1028/465 719/1021/460 724/1037/472
f 770/996/401 724/1038/401 719/1039/401
f 718/1040/473 713/1041/412 683/933/412
f 707/1042/401 718/995/401 683/946/401
f 785/1032/468 728/1015/456 721/1033/469
f 722/1010/401 706/942/401 684/944/401
f 728/1043/401 772/1011/401 721/1044/401
f 708/956/412 722/1045/474 684/957/412
f 725/1000/401 704/940/401 686/941/401
f 712/1046/414 725/1027/464 686/955/414
f 727/1047/475 709/1048/414 687/930/414
f 703/1049/401 727/1005/401 687/938/401
f 730/910/405 680/876/386 676/878/388
f 731/909/404 754/965/426 736/976/437
f 714/1050/406 749/1051/476 701/918/403
f 737/973/434 675/877/387 680/876/386
f 736/976/437 751/968/429 734/974/435
f 733/972/433 707/1052/414 675/877/387
f 770/984/445 751/968/429 766/1053/477
f 700/929/409 741/958/419 739/916/410
f 682/873/383 740/928/418 677/881/391
f 758/917/411 745/959/420 763/982/443
f 763/982/443 742/962/423 761/980/441
f 674/875/385 746/960/421 682/873/383
f 776/1054/478 742/962/423 772/989/450
f 706/924/414 743/963/424 674/875/385
f 697/882/392 749/1051/476 692/890/400
f 689/884/394 755/966/427 697/882/392
f 752/969/430 704/1055/412 767/986/447
f 757/922/413 695/885/395 691/887/397
f 764/979/440 690/886/396 695/885/395
f 703/920/412 760/978/439 775/991/452
f 663/891/401 713/905/401 782/1056/401
f 665/902/401 789/1057/401 787/1058/401
f 792/1059/479 791/1060/480 790/1061/481
f 794/1062/482 793/1063/483 792/1059/479
f 794/1062/482 797/1064/484 795/1065/485
f 796/1066/486 799/1067/487 797/1064/484
f 798/1068/488 801/1069/489 799/1067/487
f 800/1070/490 803/1071/491 801/1069/489
f 802/1072/492 805/1073/493 803/1071/491
f 806/1074/494 805/1073/493 804/1075/495
f 795/1065/485 811/1076/496 793/1063/483
f 808/1077/497 807/1078/498 806/1074/494
f 790/1079/481 809/1080/499 808/1077/497
f 804/1081/500 796/1082/500 792/1083/500
f 823/1084/501 812/1085/502 813/1086/503
f 791/1087/480 819/1088/504 809/1080/499
f 809/1080/499 818/1089/505 807/1078/498
f 818/1089/505 805/1073/493 807/1078/498
f 817/1090/506 803/1071/491 805/1073/493
f 816/1091/507 801/1069/489 803/1071/491
f 815/1092/508 799/1067/487 801/1069/489
f 814/1093/509 797/1064/484 799/1067/487
f 793/1063/483 810/1094/510 791/1060/480
f 797/1064/484 812/1085/502 795/1065/485
f 837/1095/511 826/1096/512 827/1097/513
f 810/1098/510 829/1099/514 819/1088/504
f 827/1097/513 816/1091/507 817/1090/506
f 824/1100/515 813/1086/503 814/1093/509
f 811/1076/496 820/1101/516 810/1094/510
f 818/1089/505 827/1097/513 817/1090/506
f 825/1102/517 814/1093/509 815/1092/508
f 812/1085/502 821/1103/518 811/1076/496
f 819/1088/504 828/1104/519 818/1089/505
f 826/1096/512 815/1092/508 816/1091/507
f 844/1105/520 833/1106/521 834/1107/522
f 834/1107/522 823/1084/501 824/1100/515
f 821/1103/518 830/1108/523 820/1101/516
f 828/1104/519 837/1095/511 827/1097/513
f 835/1109/524 824/1100/515 825/1102/517
f 822/1110/525 831/1111/526 821/1103/518
f 829/1099/514 838/1112/527 828/1104/519
f 836/1113/528 825/1102/517 826/1096/512
f 833/1106/521 822/1110/525 823/1084/501
f 820/1114/516 839/1115/529 829/1099/514
f 851/1116/530 840/1117/531 841/1118/532
f 831/1111/526 840/1117/531 830/1108/523
f 838/1112/527 847/1119/533 837/1095/511
f 845/1120/534 834/1107/522 835/1109/524
f 832/1121/535 841/1118/532 831/1111/526
f 839/1115/529 848/1122/536 838/1112/527
f 846/1123/537 835/1109/524 836/1113/528
f 833/1106/521 842/1124/538 832/1121/535
f 830/1125/523 849/1126/539 839/1115/529
f 847/1119/533 836/1113/528 837/1095/511
f 949/1127/540 857/1128/541 858/1129/542
f 858/1129/542 847/1119/533 848/1122/536
f 845/1120/534 854/1130/543 844/1105/520
f 852/1131/544 841/1118/532 842/1124/538
f 859/1132/545 848/1122/536 849/1126/539
f 846/1123/537 855/1133/546 845/1120/534
f 843/1134/547 852/1131/544 842/1124/538
f 850/1135/548 849/1126/539 840/1136/531
f 847/1119/533 856/1137/549 846/1123/537
f 844/1105/520 853/1138/550 843/1134/547
f 855/1133/546 945/1139/551 854/1130/543
f 862/1140/552 851/1116/530 852/1131/544
f 950/1141/553 858/1129/542 859/1132/545
f 856/1137/549 946/1142/554 855/1133/546
f 853/1138/550 862/1140/552 852/1131/544
f 861/1143/555 859/1132/545 850/1135/548
f 857/1128/541 947/1144/556 856/1137/549
f 854/1130/543 863/1145/557 853/1138/550
f 860/1146/558 850/1147/548 851/1116/530
f 876/1148/559 864/1149/500 875/1150/500
f 877/1151/560 865/1152/559 876/1148/559
f 877/1151/560 867/1153/561 866/1154/560
f 879/1155/562 867/1153/561 878/1156/561
f 879/1155/562 870/1157/563 868/1158/564
f 881/1159/565 870/1160/563 880/1161/563
f 882/1162/566 871/1163/565 881/1159/565
f 883/1164/567 872/1165/568 882/1162/566
f 883/1164/567 874/1166/569 873/1167/567
f 884/1168/569 864/1149/500 874/1166/569
f 869/1169/408 876/1170/408 875/1171/408
f 869/1169/408 877/1172/408 876/1170/408
f 869/1169/408 878/1173/408 877/1172/408
f 869/1169/408 879/1174/408 878/1173/408
f 869/1169/408 880/1175/408 879/1174/408
f 869/1169/408 881/1176/408 880/1175/408
f 869/1169/408 882/1177/408 881/1176/408
f 869/1169/408 883/1178/408 882/1177/408
f 869/1169/408 884/1179/408 883/1178/408
f 869/1169/408 875/1171/408 884/1179/408
f 886/1180/570 887/1181/571 885/1182/572
f 888/1183/573 889/1184/574 887/1181/571
f 890/1185/575 891/1186/576 889/1184/574
f 891/1186/576 894/1187/577 893/1188/578
f 893/1188/578 896/1189/579 895/1190/580
f 895/1190/580 898/1191/581 897/1192/582
f 897/1192/582 900/1193/583 899/1194/584
f 899/1194/584 902/1195/585 901/1196/586
f 890/1185/575 906/1197/587 907/1198/588
f 902/1195/585 903/1199/589 901/1196/586
f 904/1200/590 885/1201/572 903/1199/589
f 907/1198/588 918/1202/591 908/1203/592
f 886/1204/570 914/1205/593 905/1206/594
f 904/1200/590 913/1207/595 914/1205/593
f 902/1195/585 912/1208/596 913/1207/595
f 898/1191/581 912/1208/596 900/1193/583
f 896/1189/579 911/1209/597 898/1191/581
f 894/1187/577 910/1210/598 896/1189/579
f 892/1211/599 909/1212/600 894/1187/577
f 888/1183/573 905/1213/594 906/1197/587
f 890/1185/575 908/1203/592 892/1211/599
f 921/1214/601 932/1215/602 922/1216/603
f 905/1206/594 924/1217/604 915/1218/605
f 911/1209/597 922/1216/603 912/1208/596
f 908/1203/592 919/1219/606 909/1212/600
f 906/1197/587 915/1220/605 916/1221/607
f 913/1207/595 922/1216/603 923/1222/608
f 909/1212/600 920/1223/609 910/1210/598
f 907/1198/588 916/1221/607 917/1224/610
f 914/1205/593 923/1222/608 924/1217/604
f 910/1210/598 921/1214/601 911/1209/597
f 928/1225/611 939/1226/612 929/1227/613
f 918/1202/591 929/1227/613 919/1219/606
f 916/1221/607 925/1228/614 926/1229/615
f 922/1216/603 933/1230/616 923/1222/608
f 919/1219/606 930/1231/617 920/1223/609
f 917/1224/610 926/1229/615 927/1232/618
f 924/1217/604 933/1230/616 934/1233/619
f 920/1223/609 931/1234/620 921/1214/601
f 918/1202/591 927/1232/618 928/1225/611
f 915/1218/605 934/1233/619 925/1235/614
f 936/1236/621 861/1237/555 860/1146/558
f 926/1229/615 935/1238/622 936/1236/621
f 933/1230/616 942/1239/623 943/1240/624
f 929/1227/613 940/1241/625 930/1231/617
f 927/1232/618 936/1236/621 937/1242/626
f 934/1233/619 943/1240/624 944/1243/627
f 930/1231/617 941/1244/628 931/1234/620
f 927/1232/618 938/1245/629 928/1225/611
f 925/1235/614 944/1243/627 935/1246/622
f 931/1234/620 942/1239/623 932/1215/602
f 943/1240/624 948/1247/630 949/1127/540
f 939/1226/612 946/1142/554 940/1241/625
f 937/1242/626 860/1146/558 862/1140/552
f 944/1243/627 949/1127/540 950/1141/553
f 940/1241/625 947/1144/556 941/1244/628
f 937/1242/626 863/1145/557 938/1245/629
f 935/1246/622 950/1141/553 861/1143/555
f 941/1244/628 948/1247/630 942/1239/623
f 938/1245/629 945/1139/551 939/1226/612
f 891/1248/500 899/1249/500 903/1250/500
f 967/1251/631 971/1252/632 963/1253/633
f 969/1254/634 967/1251/631 964/1255/635
f 965/1256/636 968/1257/637 969/1254/634
f 966/1258/638 968/1257/637 970/1259/639
f 982/1260/640 986/1261/641 978/1262/642
f 984/1263/643 982/1260/640 979/1264/644
f 980/1265/645 983/1266/646 984/1263/643
f 981/1267/647 983/1266/646 985/1268/648
f 1072/1269/649 952/1270/649 1070/1271/649
f 1073/1272/649 960/1273/649 997/1274/649
f 951/1275/649 1001/1276/649 1067/1277/649
f 960/1273/649 956/1278/649 959/1279/649
f 1074/1280/649 954/1281/649 953/1282/649
f 1000/1283/649 958/1284/649 1002/1285/649
f 997/1274/649 959/1279/649 1000/1283/649
f 1021/1286/650 961/1287/651 1019/1288/652
f 1019/1288/652 962/1289/653 965/1256/636
f 988/1290/654 1004/1291/655 1005/1292/654
f 1047/1293/656 989/1294/657 1006/1295/657
f 961/1287/651 1003/1296/653 962/1289/653
f 966/1258/638 987/1297/655 988/1290/654
f 987/1297/655 965/1256/636 962/1289/653
f 979/1264/644 991/1298/658 992/1299/658
f 991/1298/658 978/1262/642 993/1300/658
f 980/1265/645 1004/1291/655 985/1268/648
f 1046/1301/659 1005/1292/654 980/1265/645
f 963/1253/633 994/1302/660 967/1251/631
f 994/1302/660 964/1255/635 967/1251/631
f 1048/1303/661 1006/1295/657 1046/1301/659
f 1039/1304/662 990/1305/651 1037/1306/663
f 988/1290/654 1029/1307/664 966/1258/638
f 976/1308/660 999/1309/660 998/1310/660
f 972/1311/658 1000/1312/658 1002/1313/658
f 1068/1314/649 952/1270/649 951/1275/649
f 976/1315/649 991/1316/649 977/1317/649
f 977/1317/649 993/1318/649 975/1319/649
f 973/1320/649 994/1321/649 995/1322/649
f 972/1323/649 994/1321/649 974/1324/649
f 1069/1325/649 951/1275/649 1067/1277/649
f 953/1282/649 957/1326/649 960/1273/649
f 957/1326/649 1077/1327/649 998/1328/649
f 956/1278/649 958/1284/649 959/1279/649
f 957/1326/649 999/1329/649 956/1278/649
f 956/1278/649 1001/1276/649 955/1330/649
f 952/1270/649 955/1330/649 951/1275/649
f 1075/1331/649 953/1282/649 1073/1272/649
f 975/1332/660 999/1309/660 977/1333/660
f 987/1297/655 1003/1296/653 1004/1291/655
f 1006/1295/657 988/1290/654 1005/1292/654
f 974/1334/658 997/1335/658 1000/1312/658
f 1037/1306/663 961/1287/651 1020/1336/665
f 1004/1291/655 981/1267/647 985/1268/648
f 1034/1337/666 1030/1338/667 1028/1339/668
f 1030/1338/667 1035/1340/669 1029/1307/664
f 1031/1341/670 1036/1342/671 1034/1337/666
f 1036/1342/671 1032/1343/672 1035/1340/669
f 1043/1344/673 1039/1304/662 1037/1306/663
f 1039/1304/662 1044/1345/674 1038/1346/675
f 1040/1347/676 1045/1348/677 1043/1344/673
f 1045/1348/677 1041/1349/678 1044/1345/674
f 1022/1350/679 1027/1351/680 1026/1352/681
f 1027/1351/680 1023/1353/682 1025/1354/683
f 1026/1352/681 1021/1286/650 1019/1288/652
f 1021/1286/650 1025/1354/683 1020/1336/665
f 1049/1355/684 1054/1356/685 1053/1357/686
f 1054/1356/685 1050/1358/687 1052/1359/688
f 1053/1357/686 1048/1303/661 1046/1301/659
f 1048/1303/661 1052/1359/688 1047/1293/656
f 1023/1353/682 1060/1360/689 1059/1361/690
f 1024/1362/691 1058/1363/692 1060/1360/689
f 1056/1364/693 1042/1365/694 1057/1366/695
f 1057/1366/695 1040/1347/676 1055/1367/696
f 1031/1341/670 1063/1368/697 1033/1369/698
f 1033/1369/698 1062/1370/699 1032/1343/672
f 1064/1371/700 1051/1372/701 1049/1355/684
f 1066/1373/702 1050/1358/687 1051/1372/701
f 1058/1374/649 1009/1375/649 1060/1376/649
f 1009/1375/649 1059/1377/649 1060/1376/649
f 1056/1378/649 1015/1379/649 1014/1380/649
f 1015/1379/649 1055/1381/649 1013/1382/649
f 1064/1383/649 1018/1384/649 1066/1385/649
f 1018/1384/649 1065/1386/649 1066/1385/649
f 1062/1387/649 1012/1388/649 1011/1389/649
f 1012/1388/649 1061/1390/649 1010/1391/649
f 1076/1392/703 1018/1393/704 1078/1394/704
f 1018/1395/704 1077/1396/705 1078/1397/704
f 1070/1398/706 1009/1399/707 1072/1400/707
f 1009/1401/707 1071/1402/708 1072/1403/707
f 1067/1404/709 1015/1405/710 1069/1406/711
f 1015/1407/710 1068/1408/712 1069/1409/711
f 1074/1410/713 1012/1411/714 1010/1412/715
f 1012/1413/714 1073/1414/716 1011/1415/717
f 1008/1416/718 1068/1408/712 1013/1417/719
f 1013/1382/649 1059/1377/649 1008/1418/649
f 1007/1419/720 1002/1313/658 1071/1402/708
f 1007/1420/649 996/1421/649 972/1323/649
f 1017/1422/721 1074/1410/713 1010/1412/715
f 1011/1389/649 995/1322/649 1062/1387/649
f 1017/1423/649 1061/1390/649 1065/1386/649
f 1011/1415/717 997/1335/658 973/1424/658
f 1014/1380/649 993/1318/649 1056/1378/649
f 1014/1425/722 1001/1426/660 975/1332/660
f 1016/1427/723 998/1310/660 1077/1396/705
f 1016/1428/649 992/1429/649 976/1315/649
f 1019/1288/652 969/1254/634 1026/1352/681
f 1043/1344/673 1020/1336/665 1025/1354/683
f 1038/1346/675 1003/1296/653 990/1305/651
f 1026/1352/681 964/1255/635 1022/1350/679
f 1023/1353/682 1043/1344/673 1025/1354/683
f 1022/1350/679 996/1430/660 1058/1363/692
f 1059/1361/690 1040/1347/676 1023/1353/682
f 989/1294/657 1030/1338/667 1029/1307/664
f 1029/1307/664 971/1252/632 966/1258/638
f 1034/1337/666 1047/1293/656 1052/1359/688
f 1031/1341/670 1052/1359/688 1050/1358/687
f 1035/1340/669 963/1253/633 971/1252/632
f 1065/1431/724 1031/1341/670 1050/1358/687
f 1032/1343/672 995/1432/660 963/1253/633
f 1038/1346/675 986/1261/641 981/1267/647
f 1044/1345/674 978/1262/642 986/1261/641
f 993/1300/658 1041/1349/678 1056/1364/693
f 1046/1301/659 984/1263/643 1053/1357/686
f 1053/1357/686 979/1264/644 1049/1355/684
f 992/1299/658 1049/1355/684 979/1264/644
f 952/1270/649 1002/1285/649 958/1284/649
f 954/1281/649 1078/1433/649 1077/1327/649
f 1080/1434/725 1081/1435/497 1079/1436/481
f 1082/1437/726 1083/1438/727 1081/1435/497
f 1084/1439/728 1085/1440/729 1083/1438/727
f 1085/1440/729 1088/1441/730 1087/1442/492
f 1087/1442/492 1090/1443/731 1089/1444/490
f 1089/1444/490 1092/1445/732 1091/1446/488
f 1091/1446/488 1094/1447/733 1093/1448/734
f 1093/1448/734 1096/1449/735 1095/1450/736
f 1084/1439/728 1100/1451/587 1101/1452/737
f 1096/1449/735 1097/1453/479 1095/1450/736
f 1098/1454/738 1079/1455/481 1097/1453/479
f 1085/1456/500 1093/1457/500 1097/1458/500
f 1101/1452/737 1112/1459/591 1102/1460/739
f 1080/1461/725 1108/1462/593 1099/1463/594
f 1098/1454/738 1107/1464/595 1108/1462/593
f 1094/1447/733 1107/1464/595 1096/1449/735
f 1092/1445/732 1106/1465/596 1094/1447/733
f 1090/1443/731 1105/1466/597 1092/1445/732
f 1088/1441/730 1104/1467/598 1090/1443/731
f 1086/1468/740 1103/1469/600 1088/1441/730
f 1082/1437/726 1099/1470/594 1100/1451/587
f 1084/1439/728 1102/1460/739 1086/1468/740
f 1115/1471/601 1126/1472/602 1116/1473/603
f 1099/1463/594 1118/1474/604 1109/1475/605
f 1105/1466/597 1116/1473/603 1106/1465/596
f 1102/1460/739 1113/1476/606 1103/1469/600
f 1100/1451/587 1109/1477/605 1110/1478/607
f 1106/1465/596 1117/1479/608 1107/1464/595
f 1103/1469/600 1114/1480/609 1104/1467/598
f 1101/1452/737 1110/1478/607 1111/1481/610
f 1108/1462/593 1117/1479/608 1118/1474/604
f 1104/1467/598 1115/1471/601 1105/1466/597
f 1122/1482/611 1133/1483/741 1123/1484/613
f 1112/1459/591 1123/1484/613 1113/1476/606
f 1110/1478/607 1119/1485/614 1120/1486/615
f 1117/1479/608 1126/1472/602 1127/1487/616
f 1113/1476/606 1124/1488/617 1114/1480/609
f 1111/1481/610 1120/1486/615 1121/1489/618
f 1118/1474/604 1127/1487/616 1128/1490/619
f 1114/1480/609 1125/1491/620 1115/1471/601
f 1112/1459/591 1121/1489/618 1122/1482/611
f 1109/1475/605 1128/1490/619 1119/1492/614
f 1129/1493/742 1140/1494/743 1130/1495/744
f 1120/1486/615 1129/1493/742 1130/1495/744
f 1127/1487/616 1136/1496/745 1137/1497/746
f 1123/1484/613 1134/1498/747 1124/1488/617
f 1121/1489/618 1130/1495/744 1131/1499/748
f 1128/1490/619 1137/1497/746 1138/1500/749
f 1124/1488/617 1135/1501/750 1125/1491/620
f 1122/1482/611 1131/1499/748 1132/1502/751
f 1119/1492/614 1138/1500/749 1129/1503/742
f 1125/1491/620 1136/1496/745 1126/1472/602
f 1146/1504/752 1238/1505/753 1147/1506/754
f 1137/1497/746 1146/1504/752 1147/1506/754
f 1134/1498/747 1143/1507/755 1144/1508/756
f 1130/1495/744 1141/1509/757 1131/1499/748
f 1137/1497/746 1148/1510/758 1138/1500/749
f 1135/1501/750 1144/1508/756 1145/1511/759
f 1132/1502/751 1141/1509/757 1142/1512/760
f 1138/1500/749 1139/1513/761 1129/1503/742
f 1136/1496/745 1145/1511/759 1146/1504/752
f 1133/1483/741 1142/1512/760 1143/1507/755
f 1144/1508/756 1234/1514/762 1235/1515/763
f 1140/1494/743 1151/1516/764 1141/1509/757
f 1147/1506/754 1239/1517/765 1148/1510/758
f 1145/1511/759 1235/1515/763 1236/1518/766
f 1141/1509/757 1152/1519/767 1142/1512/760
f 1148/1510/758 1150/1520/768 1139/1513/761
f 1146/1504/752 1236/1518/766 1237/1521/769
f 1143/1507/755 1152/1519/767 1234/1514/762
f 1139/1522/761 1149/1523/770 1140/1494/743
f 1153/1524/500 1165/1525/771 1164/1526/500
f 1154/1527/771 1166/1528/772 1165/1525/771
f 1166/1528/772 1156/1529/773 1167/1530/773
f 1156/1529/773 1168/1531/774 1167/1530/773
f 1157/1532/775 1169/1533/563 1168/1531/774
f 1159/1534/563 1170/1535/776 1169/1533/563
f 1160/1536/776 1171/1537/777 1170/1535/776
f 1161/1538/778 1172/1539/779 1171/1537/777
f 1172/1539/779 1163/1540/780 1173/1541/780
f 1173/1541/780 1153/1542/500 1164/1543/500
f 1158/1544/655 1164/1545/655 1165/1546/655
f 1158/1544/655 1165/1546/655 1166/1547/655
f 1158/1544/655 1166/1547/655 1167/1548/655
f 1158/1544/655 1167/1548/655 1168/1549/655
f 1158/1544/655 1168/1549/655 1169/1550/655
f 1158/1544/655 1169/1550/655 1170/1551/655
f 1158/1544/655 1170/1551/655 1171/1552/655
f 1158/1544/655 1171/1552/655 1172/1553/655
f 1158/1544/655 1172/1553/655 1173/1554/655
f 1158/1544/655 1173/1554/655 1164/1545/655
f 1176/1555/781 1175/1556/782 1174/1557/572
f 1178/1558/783 1177/1559/784 1176/1555/781
f 1180/1560/785 1179/1561/786 1178/1558/783
f 1180/1560/785 1183/1562/787 1181/1563/788
f 1182/1564/789 1185/1565/790 1183/1562/787
f 1184/1566/580 1187/1567/791 1185/1565/790
f 1186/1568/792 1189/1569/793 1187/1567/791
f 1188/1570/794 1191/1571/795 1189/1569/793
f 1179/1561/786 1195/1572/496 1177/1559/784
f 1192/1573/796 1191/1571/795 1190/1574/797
f 1174/1575/572 1193/1576/798 1192/1573/796
f 1207/1577/501 1196/1578/502 1197/1579/503
f 1175/1580/782 1203/1581/504 1193/1576/798
f 1193/1576/798 1202/1582/799 1191/1571/795
f 1191/1571/795 1201/1583/506 1189/1569/793
f 1201/1583/506 1187/1567/791 1189/1569/793
f 1200/1584/507 1185/1565/790 1187/1567/791
f 1199/1585/508 1183/1562/787 1185/1565/790
f 1198/1586/509 1181/1563/788 1183/1562/787
f 1177/1559/784 1194/1587/510 1175/1556/782
f 1197/1579/503 1179/1561/786 1181/1563/788
f 1221/1588/511 1210/1589/512 1211/1590/513
f 1194/1591/510 1213/1592/514 1203/1581/504
f 1211/1590/513 1200/1584/507 1201/1583/506
f 1208/1593/515 1197/1579/503 1198/1586/509
f 1195/1572/496 1204/1594/516 1194/1587/510
f 1202/1582/799 1211/1590/513 1201/1583/506
f 1209/1595/517 1198/1586/509 1199/1585/508
f 1196/1578/502 1205/1596/518 1195/1572/496
f 1203/1581/504 1212/1597/519 1202/1582/799
f 1210/1589/512 1199/1585/508 1200/1584/507
f 1228/1598/800 1217/1599/521 1218/1600/522
f 1218/1600/522 1207/1577/501 1208/1593/515
f 1205/1596/518 1214/1601/523 1204/1594/516
f 1212/1597/519 1221/1588/511 1211/1590/513
f 1219/1602/524 1208/1593/515 1209/1595/517
f 1206/1603/525 1215/1604/526 1205/1596/518
f 1213/1592/514 1222/1605/527 1212/1597/519
f 1220/1606/528 1209/1595/517 1210/1589/512
f 1207/1577/501 1216/1607/535 1206/1603/525
f 1204/1608/516 1223/1609/529 1213/1592/514
f 1225/1610/801 1150/1611/768 1224/1612/802
f 1215/1604/526 1224/1612/802 1214/1601/523
f 1232/1613/803 1221/1588/511 1222/1605/527
f 1229/1614/804 1218/1600/522 1219/1602/524
f 1216/1607/535 1225/1610/801 1215/1604/526
f 1223/1609/529 1232/1613/803 1222/1605/527
f 1230/1615/805 1219/1602/524 1220/1606/528
f 1217/1599/521 1226/1616/806 1216/1607/535
f 1214/1617/523 1233/1618/807 1223/1609/529
f 1231/1619/808 1220/1606/528 1221/1588/511
f 1238/1505/753 1231/1619/808 1232/1613/803
f 1235/1515/763 1228/1598/800 1229/1614/804
f 1226/1616/806 1149/1523/770 1225/1610/801
f 1233/1618/807 1238/1505/753 1232/1613/803
f 1236/1518/766 1229/1614/804 1230/1615/805
f 1152/1519/767 1226/1616/806 1227/1620/809
f 1224/1621/802 1239/1517/765 1233/1618/807
f 1237/1521/769 1230/1615/805 1231/1619/808
f 1234/1514/762 1227/1620/809 1228/1598/800
f 1188/1622/500 1180/1623/500 1176/1624/500
f 1245/1625/810 1269/1626/48 1252/1627/48
f 1242/1628/811 1389/1629/811 1387/1630/811
f 1250/1631/812 1248/1632/48 1246/1633/48
f 1252/1627/48 1249/1634/48 1250/1631/812
f 1252/1627/48 1253/1635/48 1251/1636/48
f 1264/1637/159 1255/1638/813 1262/1639/159
f 1389/1629/811 1243/1640/811 1387/1630/811
f 1258/1641/159 1260/1642/814 1256/1643/159
f 1259/1644/159 1262/1639/159 1260/1642/814
f 1262/1639/159 1263/1645/159 1264/1637/159
f 1264/1637/159 1265/1646/159 1266/1647/159
f 1266/1647/159 1267/1648/159 1268/1649/159
f 1254/1650/815 1354/1651/815 1255/1652/815
f 1401/1653/816 1307/1654/817 1357/1655/817
f 1390/1656/818 1261/1657/819 1397/1658/819
f 1271/1659/48 1240/1660/48 1273/1661/48
f 1391/1662/820 1258/1663/821 1399/1664/821
f 1270/1665/822 1272/1666/823 1368/1667/824
f 1269/1626/48 1270/1668/48 1253/1635/48
f 1392/1669/822 1263/1670/818 1390/1656/818
f 1266/1647/159 1241/1671/159 1243/1672/159
f 1397/1658/819 1259/1673/820 1391/1662/820
f 1253/1674/818 1392/1669/822 1390/1656/818
f 1249/1675/820 1397/1658/819 1391/1662/820
f 1265/1676/822 1381/1677/824 1267/1678/823
f 1329/1679/209 1374/1680/209 1376/1681/209
f 1386/1682/825 1243/1640/825 1241/1683/825
f 1365/1684/826 1283/1685/827 1364/1686/827
f 1260/1642/814 1255/1638/813 1348/1687/828
f 1388/1688/829 1290/1689/830 1400/1690/830
f 1400/1690/830 1289/1691/816 1401/1653/816
f 1300/1692/159 1304/1693/159 1305/1694/159
f 1271/1659/48 1272/1695/48 1270/1668/48
f 1361/1696/831 1244/1697/831 1245/1698/831
f 1395/1699/832 1258/1663/821 1292/1700/832
f 1251/1701/819 1390/1656/818 1397/1658/819
f 1264/1637/159 1243/1672/159 1254/1702/159
f 1289/1703/159 1290/1704/159 1292/1705/159
f 1295/1706/159 1301/1707/159 1300/1692/159
f 1401/1653/816 1306/1708/817 1276/1709/816
f 1256/1643/159 1310/1710/159 1287/1711/159
f 1373/1712/825 1240/1713/825 1242/1628/825
f 1260/1642/814 1257/1714/833 1256/1643/159
f 1248/1715/821 1391/1662/820 1399/1664/821
f 1268/1649/159 1305/1694/159 1241/1671/159
f 1287/1711/159 1307/1716/159 1289/1703/159
f 1349/1717/48 1341/1718/834 1309/1719/48
f 1324/1720/117 1316/1721/250 1323/1722/250
f 1352/1723/117 1315/1724/250 1313/1725/117
f 1340/1726/117 1323/1722/250 1336/1727/250
f 1316/1721/250 1312/1728/251 1323/1722/250
f 1344/1729/250 1337/1730/251 1345/1731/251
f 1336/1727/250 1312/1728/251 1337/1730/251
f 1318/1732/251 1311/1733/159 1312/1728/251
f 1337/1730/251 1346/1734/159 1345/1731/251
f 1312/1728/251 1338/1735/159 1337/1730/251
f 1311/1733/159 1322/1736/835 1331/1737/836
f 1346/1734/159 1339/1738/836 1347/1739/837
f 1338/1735/159 1331/1737/836 1339/1738/836
f 1322/1736/835 1310/1740/838 1331/1737/836
f 1347/1739/837 1257/1741/839 1348/1742/840
f 1331/1737/836 1257/1741/839 1339/1738/836
f 1351/1743/257 1343/1744/256 1342/1745/257
f 1308/1746/841 1334/1747/842 1341/1718/834
f 1326/1748/257 1352/1723/117 1313/1725/117
f 1343/1744/256 1335/1749/257 1342/1745/257
f 1309/1719/48 1329/1750/256 1325/1751/256
f 1340/1726/117 1335/1749/257 1324/1720/117
f 1308/1752/48 1246/1633/48 1274/1753/48
f 1358/1754/843 1247/1755/844 1350/1756/834
f 1325/1751/256 1327/1757/257 1335/1749/257
f 1247/1758/845 1250/1631/812 1246/1633/48
f 1349/1717/48 1325/1751/256 1343/1744/256
f 1273/1661/48 1303/1759/48 1285/1760/48
f 1388/1688/829 1277/1761/830 1275/1762/829
f 1324/1720/117 1327/1757/257 1314/1763/117
f 1352/1723/117 1336/1727/250 1344/1729/250
f 1358/1754/843 1349/1717/48 1355/1764/48
f 1306/1765/48 1274/1753/48 1276/1766/48
f 1309/1719/48 1334/1747/842 1332/1767/48
f 1350/1756/834 1308/1746/841 1341/1718/834
f 1355/1764/48 1343/1744/256 1353/1768/256
f 1352/1723/117 1342/1745/257 1340/1726/117
f 1347/1739/837 1255/1769/846 1321/1770/836
f 1319/1771/159 1347/1739/837 1321/1770/836
f 1345/1731/251 1319/1771/159 1317/1772/251
f 1315/1724/250 1345/1731/251 1317/1772/251
f 1396/1773/117 1354/1774/117 1356/1775/117
f 1245/1776/847 1358/1754/843 1333/1777/834
f 1255/1778/209 1363/1779/209 1360/1780/209
f 1384/1781/848 1304/1782/849 1302/1783/848
f 1272/1784/823 1365/1684/826 1368/1785/824
f 1280/1786/850 1393/1787/851 1279/1788/851
f 1303/1789/852 1373/1790/157 1366/1791/852
f 1284/1792/853 1369/1793/854 1372/1794/853
f 1283/1685/827 1372/1794/853 1364/1686/827
f 1301/1795/855 1384/1781/848 1302/1783/848
f 1382/1796/854 1301/1795/855 1296/1797/854
f 1327/1798/209 1376/1681/209 1314/1799/209
f 1383/1800/849 1305/1801/852 1304/1782/849
f 1303/1789/852 1370/1802/849 1299/1803/849
f 1306/1804/209 1375/1805/209 1334/1806/209
f 1299/1803/849 1371/1807/848 1291/1808/848
f 1396/1773/117 1361/1809/117 1363/1810/117
f 1330/1811/48 1353/1768/256 1328/1812/256
f 1375/1805/209 1307/1813/209 1322/1814/209
f 1269/1626/48 1242/1815/48 1271/1659/48
f 1318/1816/209 1374/1680/209 1320/1817/209
f 1285/1760/48 1299/1818/48 1291/1819/48
f 1374/1680/209 1322/1814/209 1320/1817/209
f 1285/1760/48 1286/1820/48 1281/1821/48
f 1316/1822/209 1376/1681/209 1318/1816/209
f 1250/1631/812 1245/1625/810 1252/1627/48
f 1400/1690/830 1276/1709/816 1277/1761/830
f 1395/1699/832 1248/1715/821 1399/1664/821
f 1248/1632/48 1278/1823/48 1274/1753/48
f 1378/1824/826 1297/1825/827 1295/1826/826
f 1385/1827/853 1297/1825/827 1377/1828/827
f 1382/1796/854 1298/1829/853 1385/1827/853
f 1378/1824/826 1267/1830/823 1381/1831/824
f 1386/1832/157 1305/1801/852 1379/1833/852
f 1244/1834/157 1396/1835/157 1389/1629/157
f 1394/1836/850 1292/1700/832 1294/1837/850
f 1393/1787/851 1294/1837/850 1293/1838/851
f 1286/1839/855 1369/1793/854 1282/1840/854
f 1363/1779/209 1245/1841/209 1360/1780/209
f 1326/1748/257 1353/1768/256 1351/1743/257
f 1286/1839/855 1371/1807/848 1367/1842/855
f 1254/1843/157 1396/1835/157 1356/1844/157
f 1278/1845/832 1394/1836/850 1280/1786/850
f 1388/1688/829 1293/1838/851 1288/1846/829
f 1330/1811/48 1358/1754/843 1355/1764/48
f 1334/1806/209 1374/1680/209 1332/1847/209
f 1279/1788/851 1388/1688/829 1275/1762/829
f 1398/1848/856 1386/1849/856 1381/1850/856
f 1368/1851/856 1402/1852/856 1398/1848/856
f 1392/1669/822 1381/1677/824 1265/1676/822
f 1392/1669/822 1368/1667/824 1398/1853/857
f 1387/1630/825 1386/1682/825 1402/1854/825
f 1373/1712/825 1387/1630/825 1402/1854/825
f 1381/1855/48 1379/1856/48 1378/1857/48
f 1378/1857/48 1383/1858/48 1377/1859/48
f 1377/1859/48 1384/1860/48 1385/1861/48
f 1384/1860/48 1382/1862/48 1385/1861/48
f 1368/1863/159 1366/1864/159 1373/1865/159
f 1365/1866/159 1370/1867/159 1366/1864/159
f 1364/1868/159 1371/1869/159 1370/1867/159
f 1369/1870/159 1371/1869/159 1372/1871/159
f 1406/1872/117 1414/1873/858 1413/1874/117
f 1414/1873/858 1407/1875/157 1415/1876/157
f 1407/1877/157 1416/1878/859 1415/1879/157
f 1408/1880/859 1417/1881/125 1416/1878/859
f 1409/1882/125 1418/1883/860 1417/1881/125
f 1410/1884/860 1419/1885/209 1418/1883/860
f 1419/1885/209 1412/1886/861 1420/1887/861
f 1412/1886/861 1413/1874/117 1420/1887/861
f 1404/1888/159 1405/1889/159 1406/1890/159
f 1404/1888/159 1407/1891/159 1405/1889/159
f 1404/1888/159 1408/1892/159 1407/1891/159
f 1404/1888/159 1409/1893/159 1408/1892/159
f 1404/1888/159 1410/1894/159 1409/1893/159
f 1404/1888/159 1411/1895/159 1410/1894/159
f 1404/1888/159 1412/1896/159 1411/1895/159
f 1404/1888/159 1406/1890/159 1412/1896/159
f 1403/1897/48 1413/1898/48 1414/1899/48
f 1403/1897/48 1414/1899/48 1415/1900/48
f 1403/1897/48 1415/1900/48 1416/1901/48
f 1403/1897/48 1416/1901/48 1417/1902/48
f 1403/1897/48 1417/1902/48 1418/1903/48
f 1403/1897/48 1418/1903/48 1419/1904/48
f 1403/1897/48 1419/1904/48 1420/1905/48
f 1403/1897/48 1420/1905/48 1413/1898/48
f 1424/1906/117 1432/1907/858 1431/1908/117
f 1432/1907/858 1425/1909/157 1433/1910/157
f 1425/1911/157 1434/1912/859 1433/1913/157
f 1426/1914/859 1435/1915/125 1434/1912/859
f 1427/1916/125 1436/1917/860 1435/1915/125
f 1428/1918/860 1437/1919/209 1436/1917/860
f 1437/1919/209 1430/1920/861 1438/1921/861
f 1430/1920/861 1431/1908/117 1438/1921/861
f 1422/1922/159 1423/1923/159 1424/1924/159
f 1422/1922/159 1425/1925/159 1423/1923/159
f 1422/1922/159 1426/1926/159 1425/1925/159
f 1422/1922/159 1427/1927/159 1426/1926/159
f 1422/1922/159 1428/1928/159 1427/1927/159
f 1422/1922/159 1429/1929/159 1428/1928/159
f 1422/1922/159 1430/1930/159 1429/1929/159
f 1422/1922/159 1424/1924/159 1430/1930/159
f 1421/1931/48 1431/1932/48 1432/1933/48
f 1421/1931/48 1432/1933/48 1433/1934/48
f 1421/1931/48 1433/1934/48 1434/1935/48
f 1421/1931/48 1434/1935/48 1435/1936/48
f 1421/1931/48 1435/1936/48 1436/1937/48
f 1421/1931/48 1436/1937/48 1437/1938/48
f 1421/1931/48 1437/1938/48 1438/1939/48
f 1421/1931/48 1438/1939/48 1431/1932/48
f 1245/1625/810 1244/1940/48 1269/1626/48
f 1242/1628/811 1244/1834/811 1389/1629/811
f 1250/1631/812 1249/1634/48 1248/1632/48
f 1252/1627/48 1251/1636/48 1249/1634/48
f 1252/1627/48 1269/1626/48 1253/1635/48
f 1264/1637/159 1254/1702/159 1255/1638/813
f 1389/1629/811 1254/1843/811 1243/1640/811
f 1258/1641/159 1259/1644/159 1260/1642/814
f 1259/1644/159 1261/1941/159 1262/1639/159
f 1262/1639/159 1261/1941/159 1263/1645/159
f 1264/1637/159 1263/1645/159 1265/1646/159
f 1266/1647/159 1265/1646/159 1267/1648/159
f 1254/1650/815 1356/1942/815 1354/1651/815
f 1401/1653/816 1289/1691/816 1307/1654/817
f 1390/1656/818 1263/1670/818 1261/1657/819
f 1271/1659/48 1242/1815/48 1240/1660/48
f 1391/1662/820 1259/1673/820 1258/1663/821
f 1269/1626/48 1271/1659/48 1270/1668/48
f 1392/1669/822 1265/1676/822 1263/1670/818
f 1266/1647/159 1268/1649/159 1241/1671/159
f 1397/1658/819 1261/1657/819 1259/1673/820
f 1253/1674/818 1270/1665/822 1392/1669/822
f 1249/1675/820 1251/1701/819 1397/1658/819
f 1329/1679/209 1332/1847/209 1374/1680/209
f 1365/1684/826 1281/1943/826 1283/1685/827
f 1260/1642/814 1262/1639/159 1255/1638/813
f 1388/1688/829 1288/1846/829 1290/1689/830
f 1400/1690/830 1290/1689/830 1289/1691/816
f 1300/1692/159 1302/1944/159 1304/1693/159
f 1271/1659/48 1273/1661/48 1272/1695/48
f 1361/1696/831 1362/1945/831 1244/1697/831
f 1395/1699/832 1399/1664/821 1258/1663/821
f 1251/1701/819 1253/1674/818 1390/1656/818
f 1264/1637/159 1266/1647/159 1243/1672/159
f 1290/1704/159 1288/1946/159 1292/1705/159
f 1288/1946/159 1293/1947/159 1292/1705/159
f 1293/1947/159 1294/1948/159 1292/1705/159
f 1292/1705/159 1258/1641/159 1287/1711/159
f 1258/1641/159 1256/1643/159 1287/1711/159
f 1287/1711/159 1289/1703/159 1292/1705/159
f 1300/1692/159 1268/1649/159 1295/1706/159
f 1268/1649/159 1267/1648/159 1295/1706/159
f 1295/1706/159 1297/1949/159 1301/1707/159
f 1301/1707/159 1297/1949/159 1296/1950/159
f 1297/1949/159 1298/1951/159 1296/1950/159
f 1301/1707/159 1302/1944/159 1300/1692/159
f 1401/1653/816 1357/1655/817 1306/1708/817
f 1256/1643/159 1257/1714/833 1310/1710/159
f 1260/1642/814 1348/1687/828 1257/1714/833
f 1248/1715/821 1249/1675/820 1391/1662/820
f 1268/1649/159 1300/1692/159 1305/1694/159
f 1287/1711/159 1310/1710/159 1307/1716/159
f 1349/1717/48 1350/1756/834 1341/1718/834
f 1324/1720/117 1314/1763/117 1316/1721/250
f 1352/1723/117 1344/1729/250 1315/1724/250
f 1340/1726/117 1324/1720/117 1323/1722/250
f 1316/1721/250 1318/1732/251 1312/1728/251
f 1344/1729/250 1336/1727/250 1337/1730/251
f 1336/1727/250 1323/1722/250 1312/1728/251
f 1318/1732/251 1320/1952/159 1311/1733/159
f 1337/1730/251 1338/1735/159 1346/1734/159
f 1312/1728/251 1311/1733/159 1338/1735/159
f 1311/1733/159 1320/1952/159 1322/1736/835
f 1346/1734/159 1338/1735/159 1339/1738/836
f 1338/1735/159 1311/1733/159 1331/1737/836
f 1322/1736/835 1307/1953/862 1310/1740/838
f 1347/1739/837 1339/1738/836 1257/1741/839
f 1331/1737/836 1310/1740/838 1257/1741/839
f 1351/1743/257 1353/1768/256 1343/1744/256
f 1308/1746/841 1306/1954/863 1334/1747/842
f 1326/1748/257 1351/1743/257 1352/1723/117
f 1343/1744/256 1325/1751/256 1335/1749/257
f 1309/1719/48 1332/1767/48 1329/1750/256
f 1340/1726/117 1342/1745/257 1335/1749/257
f 1308/1752/48 1247/1758/845 1246/1633/48
f 1358/1754/843 1359/1955/864 1247/1755/844
f 1325/1751/256 1329/1750/256 1327/1757/257
f 1247/1758/845 1359/1956/865 1250/1631/812
f 1349/1717/48 1309/1719/48 1325/1751/256
f 1273/1661/48 1240/1660/48 1303/1759/48
f 1388/1688/829 1400/1690/830 1277/1761/830
f 1324/1720/117 1335/1749/257 1327/1757/257
f 1352/1723/117 1340/1726/117 1336/1727/250
f 1358/1754/843 1350/1756/834 1349/1717/48
f 1306/1765/48 1308/1752/48 1274/1753/48
f 1309/1719/48 1341/1718/834 1334/1747/842
f 1350/1756/834 1247/1755/844 1308/1746/841
f 1355/1764/48 1349/1717/48 1343/1744/256
f 1352/1723/117 1351/1743/257 1342/1745/257
f 1347/1739/837 1348/1742/840 1255/1769/846
f 1319/1771/159 1346/1734/159 1347/1739/837
f 1345/1731/251 1346/1734/159 1319/1771/159
f 1315/1724/250 1344/1729/250 1345/1731/251
f 1396/1773/117 1363/1810/117 1354/1774/117
f 1245/1776/847 1359/1955/864 1358/1754/843
f 1255/1778/209 1354/1957/209 1363/1779/209
f 1384/1781/848 1383/1800/849 1304/1782/849
f 1272/1784/823 1281/1943/826 1365/1684/826
f 1280/1786/850 1394/1836/850 1393/1787/851
f 1303/1789/852 1240/1958/157 1373/1790/157
f 1284/1792/853 1282/1840/854 1369/1793/854
f 1283/1685/827 1284/1792/853 1372/1794/853
f 1301/1795/855 1380/1959/855 1384/1781/848
f 1382/1796/854 1380/1959/855 1301/1795/855
f 1327/1798/209 1329/1679/209 1376/1681/209
f 1383/1800/849 1379/1833/852 1305/1801/852
f 1303/1789/852 1366/1791/852 1370/1802/849
f 1306/1804/209 1357/1960/209 1375/1805/209
f 1299/1803/849 1370/1802/849 1371/1807/848
f 1396/1773/117 1362/1961/117 1361/1809/117
f 1330/1811/48 1355/1764/48 1353/1768/256
f 1375/1805/209 1357/1960/209 1307/1813/209
f 1269/1626/48 1244/1940/48 1242/1815/48
f 1318/1816/209 1376/1681/209 1374/1680/209
f 1285/1760/48 1303/1759/48 1299/1818/48
f 1374/1680/209 1375/1805/209 1322/1814/209
f 1272/1695/48 1273/1661/48 1281/1821/48
f 1273/1661/48 1285/1760/48 1281/1821/48
f 1285/1760/48 1291/1819/48 1286/1820/48
f 1286/1820/48 1282/1962/48 1283/1963/48
f 1282/1962/48 1284/1964/48 1283/1963/48
f 1283/1963/48 1281/1821/48 1286/1820/48
f 1316/1822/209 1314/1799/209 1376/1681/209
f 1250/1631/812 1359/1956/865 1245/1625/810
f 1400/1690/830 1401/1653/816 1276/1709/816
f 1395/1699/832 1278/1845/832 1248/1715/821
f 1279/1965/48 1275/1966/48 1278/1823/48
f 1275/1966/48 1277/1967/48 1278/1823/48
f 1279/1965/48 1278/1823/48 1280/1968/48
f 1277/1967/48 1276/1766/48 1278/1823/48
f 1276/1766/48 1274/1753/48 1278/1823/48
f 1274/1753/48 1246/1633/48 1248/1632/48
f 1378/1824/826 1377/1828/827 1297/1825/827
f 1385/1827/853 1298/1829/853 1297/1825/827
f 1382/1796/854 1296/1797/854 1298/1829/853
f 1378/1824/826 1295/1826/826 1267/1830/823
f 1386/1832/157 1241/1969/157 1305/1801/852
f 1244/1834/157 1362/1970/157 1396/1835/157
f 1394/1836/850 1395/1699/832 1292/1700/832
f 1393/1787/851 1394/1836/850 1294/1837/850
f 1286/1839/855 1367/1842/855 1369/1793/854
f 1363/1779/209 1361/1971/209 1245/1841/209
f 1326/1748/257 1328/1812/256 1353/1768/256
f 1286/1839/855 1291/1808/848 1371/1807/848
f 1254/1843/157 1389/1629/157 1396/1835/157
f 1278/1845/832 1395/1699/832 1394/1836/850
f 1388/1688/829 1393/1787/851 1293/1838/851
f 1330/1811/48 1333/1777/834 1358/1754/843
f 1334/1806/209 1375/1805/209 1374/1680/209
f 1279/1788/851 1393/1787/851 1388/1688/829
f 1398/1848/856 1402/1852/856 1386/1849/856
f 1368/1851/856 1373/1972/856 1402/1852/856
f 1392/1669/822 1398/1853/857 1381/1677/824
f 1392/1669/822 1270/1665/822 1368/1667/824
f 1387/1630/825 1243/1640/825 1386/1682/825
f 1373/1712/825 1242/1628/825 1387/1630/825
f 1381/1855/48 1386/1973/48 1379/1856/48
f 1378/1857/48 1379/1856/48 1383/1858/48
f 1377/1859/48 1383/1858/48 1384/1860/48
f 1384/1860/48 1380/1974/48 1382/1862/48
f 1368/1863/159 1365/1866/159 1366/1864/159
f 1365/1866/159 1364/1868/159 1370/1867/159
f 1364/1868/159 1372/1871/159 1371/1869/159
f 1369/1870/159 1367/1975/159 1371/1869/159
f 1406/1872/117 1405/1976/858 1414/1873/858
f 1414/1873/858 1405/1976/858 1407/1875/157
f 1407/1877/157 1408/1880/859 1416/1878/859
f 1408/1880/859 1409/1882/125 1417/1881/125
f 1409/1882/125 1410/1884/860 1418/1883/860
f 1410/1884/860 1411/1977/209 1419/1885/209
f 1419/1885/209 1411/1977/209 1412/1886/861
f 1412/1886/861 1406/1872/117 1413/1874/117
f 1424/1906/117 1423/1978/858 1432/1907/858
f 1432/1907/858 1423/1978/858 1425/1909/157
f 1425/1911/157 1426/1914/859 1434/1912/859
f 1426/1914/859 1427/1916/125 1435/1915/125
f 1427/1916/125 1428/1918/860 1436/1917/860
f 1428/1918/860 1429/1979/209 1437/1919/209
f 1437/1919/209 1429/1979/209 1430/1920/861
f 1430/1920/861 1424/1906/117 1431/1908/117
f 237/381/117 239/384/250 238/382/250
f 239/384/250 241/386/251 240/385/251
f 241/386/251 243/388/159 242/387/159
f 243/388/159 245/390/252 244/389/252
f 245/390/252 247/392/253 246/391/253
f 247/392/253 249/1980/125 248/393/125
f 249/394/125 251/397/254 250/395/254
f 251/397/254 253/399/255 252/398/255
f 253/399/255 255/401/48 254/400/48
f 255/401/48 257/403/256 256/402/256
f 257/403/256 259/405/257 258/404/257
f 259/405/257 237/381/117 236/383/117
f 258/408/157 236/1981/157 238/1982/157
f 238/1982/157 240/1983/157 242/406/157
f 242/406/157 244/1984/866 246/1985/157
f 246/1985/157 248/1986/157 250/407/157
f 250/407/157 252/1987/867 254/1988/157
f 254/1988/157 256/1989/157 258/408/157
f 258/408/157 238/1982/157 242/406/157
f 242/406/157 246/1985/157 250/407/157
f 250/407/157 254/1988/157 258/408/157
f 272/409/258 274/412/261 277/410/259
f 274/412/261 273/444/293 275/413/262
f 276/411/260 277/410/259 280/414/263
f 280/414/263 277/410/259 275/413/262
f 279/415/264 280/414/263 283/417/266
f 280/414/263 278/416/265 281/419/268
f 282/418/267 283/417/266 286/420/269
f 283/417/266 281/419/268 284/422/271
f 285/421/270 286/420/269 289/423/272
f 286/420/269 284/422/271 287/425/274
f 291/426/275 288/424/273 289/423/272
f 292/427/276 289/423/272 287/425/274
f 294/429/278 291/426/275 292/427/276
f 292/427/276 290/428/277 293/431/280
f 297/432/281 294/429/278 295/430/279
f 295/430/279 293/431/280 296/434/283
f 297/432/281 298/433/282 301/435/284
f 301/435/284 298/433/282 296/434/283
f 300/436/285 301/435/284 304/438/287
f 301/435/284 299/437/286 302/440/289
f 306/441/290 303/439/288 304/438/287
f 307/442/291 304/438/287 302/440/289
f 306/441/290 307/442/291 274/412/261
f 307/442/291 305/443/292 273/444/293
f 308/445/294 310/448/297 313/446/295
f 310/448/297 309/480/329 311/449/298
f 315/450/299 312/447/296 313/446/295
f 313/446/295 311/449/298 314/452/301
f 315/450/299 316/451/300 319/453/302
f 316/451/300 314/452/301 317/455/304
f 321/456/305 318/454/303 319/453/302
f 322/457/306 319/453/302 317/455/304
f 321/456/305 322/457/306 325/459/308
f 322/457/306 320/458/307 323/461/310
f 324/460/309 325/459/308 328/462/311
f 325/459/308 323/461/310 326/464/313
f 327/463/312 328/462/311 331/465/314
f 331/465/314 328/462/311 326/464/313
f 333/468/317 330/466/315 331/465/314
f 331/465/314 329/467/316 332/470/319
f 333/468/317 334/469/318 337/471/320
f 334/469/318 332/470/319 335/473/322
f 336/472/321 337/471/320 340/474/323
f 337/471/320 335/473/322 338/476/325
f 339/475/324 340/474/323 343/477/326
f 340/474/323 338/476/325 341/479/328
f 342/478/327 343/477/326 310/448/297
f 310/448/297 343/477/326 341/479/328
f 273/481/293 308/487/294 312/482/296
f 237/484/330 272/409/258 276/411/260
f 305/486/292 342/517/327 308/487/294
f 237/484/330 259/516/341 306/441/290
f 241/488/332 239/485/331 276/411/260
f 275/483/262 312/482/296 315/489/299
f 241/488/332 279/415/264 282/418/267
f 278/490/265 315/489/299 318/492/303
f 281/493/268 318/492/303 321/494/305
f 245/496/334 243/491/333 282/418/267
f 247/497/335 245/496/334 285/421/270
f 284/495/271 321/494/305 324/498/309
f 249/500/336 247/497/335 288/424/273
f 287/499/274 324/498/309 327/501/312
f 249/500/336 291/426/275 294/429/278
f 290/504/277 327/1990/312 330/505/315
f 251/503/337 294/429/278 297/432/281
f 293/506/280 330/505/315 333/508/317
f 253/507/338 297/432/281 300/436/285
f 296/509/283 333/508/317 336/511/321
f 255/510/339 300/436/285 303/439/288
f 299/512/286 336/511/321 339/514/324
f 257/513/340 303/439/288 306/441/290
f 302/515/289 339/514/324 342/517/327
f 266/519/342 349/533/255 355/520/255
f 345/522/157 344/526/157 271/523/157
f 347/525/157 260/528/157 344/526/157
f 348/527/157 261/550/157 260/528/157
f 265/529/209 360/539/209 263/530/209
f 266/519/209 359/557/209 358/532/209
f 262/534/209 357/549/209 350/535/209
f 264/537/209 262/534/209 351/536/209
f 263/530/209 264/537/209 353/538/209
f 349/533/209 358/532/209 360/539/209
f 354/540/157 355/543/157 269/541/157
f 355/543/157 356/545/157 270/544/157
f 356/545/157 346/524/157 271/523/157
f 262/534/256 264/537/257 344/526/257
f 351/536/252 350/535/343 348/546/343
f 358/532/251 359/557/344 268/542/344
f 349/533/255 265/529/254 356/548/254
f 357/549/345 262/534/256 260/528/256
f 360/539/250 358/532/251 269/541/251
f 265/529/254 352/531/125 346/551/125
f 263/530/117 360/539/250 270/544/250
f 348/527/157 365/1991/157 366/552/157
f 352/531/125 353/538/253 345/553/253
f 264/537/257 263/530/117 271/523/117
f 353/538/253 351/536/252 347/547/252
f 350/535/343 363/558/159 365/554/159
f 261/550/345 366/552/48 364/555/48
f 266/519/209 361/559/209 362/556/209
f 357/549/209 364/555/209 363/558/209
f 354/521/342 367/1992/48 361/559/48
f 359/557/344 362/556/159 368/560/159
f 268/542/157 368/560/157 367/561/157
f 370/562/117 372/565/250 371/563/250
f 372/565/250 374/567/251 373/566/251
f 374/567/251 376/569/159 375/568/159
f 376/569/159 378/571/252 377/570/252
f 378/571/252 380/573/253 379/572/253
f 380/573/253 382/1993/125 381/574/125
f 382/575/125 384/578/254 383/576/254
f 384/578/254 386/580/255 385/579/255
f 386/580/255 388/582/48 387/581/48
f 388/582/48 390/584/256 389/583/256
f 390/584/256 392/586/257 391/585/257
f 392/586/257 370/562/117 369/564/117
f 391/589/157 369/1994/157 371/1995/157
f 371/1995/157 373/1996/157 375/587/157
f 375/587/157 377/1997/866 379/1998/157
f 379/1998/157 381/1999/157 383/588/157
f 383/588/157 385/2000/867 387/2001/157
f 387/2001/157 389/2002/157 391/589/157
f 391/589/157 371/1995/157 375/587/157
f 375/587/157 379/1998/157 383/588/157
f 383/588/157 387/2001/157 391/589/157
f 409/590/260 405/624/258 407/591/261
f 407/591/261 406/625/293 408/593/262
f 412/594/264 409/590/260 410/592/259
f 410/592/259 408/593/262 411/596/265
f 415/597/267 412/594/264 413/595/263
f 413/595/263 411/596/265 414/599/268
f 415/597/267 416/598/266 419/600/269
f 416/598/266 414/599/268 417/602/271
f 418/601/270 419/600/269 422/603/272
f 419/600/269 417/602/271 420/605/274
f 421/604/273 422/603/272 425/606/276
f 422/603/272 420/605/274 423/608/277
f 427/609/278 424/607/275 425/606/276
f 425/606/276 423/608/277 426/611/280
f 430/612/281 427/609/278 428/610/279
f 428/610/279 426/611/280 429/614/283
f 433/615/285 430/612/281 431/613/282
f 431/613/282 429/614/283 432/617/286
f 436/618/288 433/615/285 434/616/284
f 437/619/287 434/616/284 432/617/286
f 439/621/290 436/618/288 437/619/287
f 440/622/291 437/619/287 435/620/289
f 439/621/290 440/622/291 407/591/261
f 407/591/261 440/622/291 438/623/292
f 445/626/296 441/660/294 443/627/297
f 443/627/297 442/661/329 444/629/298
f 448/630/299 445/626/296 446/628/295
f 446/628/295 444/629/298 447/632/301
f 448/630/299 449/631/300 452/633/302
f 449/631/300 447/632/301 450/635/304
f 451/634/303 452/633/302 455/636/306
f 452/633/302 450/635/304 453/638/307
f 457/639/309 454/637/305 455/636/306
f 455/636/306 453/638/307 456/641/310
f 457/639/309 458/640/308 461/642/311
f 461/642/311 458/640/308 456/641/310
f 460/643/312 461/642/311 464/645/314
f 461/642/311 459/644/313 462/647/316
f 463/646/315 464/645/314 467/648/318
f 467/648/318 464/645/314 462/647/316
f 466/649/317 467/648/318 470/651/320
f 467/648/318 465/650/319 468/653/322
f 469/652/321 470/651/320 473/654/323
f 473/654/323 470/651/320 468/653/322
f 475/657/327 472/655/324 473/654/323
f 476/658/326 473/654/323 471/656/325
f 441/660/294 475/657/327 476/658/326
f 476/658/326 474/659/328 442/661/329
f 406/662/293 441/668/294 445/663/296
f 370/665/330 405/624/258 409/590/260
f 438/667/292 475/698/327 441/668/294
f 392/669/341 439/621/290 405/624/258
f 372/666/331 409/590/260 412/594/264
f 408/664/262 445/663/296 448/671/299
f 376/673/333 374/670/332 412/594/264
f 411/672/265 448/671/299 451/674/303
f 414/675/268 451/674/303 454/676/305
f 376/673/333 415/597/267 418/601/270
f 378/678/334 418/601/270 421/604/273
f 417/677/271 454/676/305 457/680/309
f 382/682/336 380/679/335 421/604/273
f 420/681/274 457/680/309 460/683/312
f 382/682/336 424/607/275 427/609/278
f 423/686/277 460/2003/312 463/687/315
f 384/685/337 427/609/278 430/612/281
f 426/688/280 463/687/315 466/690/317
f 386/689/338 430/612/281 433/615/285
f 429/691/283 466/690/317 469/693/321
f 390/695/340 388/692/339 433/615/285
f 432/694/286 469/693/321 472/696/324
f 392/669/341 390/695/340 436/618/288
f 435/697/289 472/696/324 475/698/327
f 399/700/342 482/714/255 488/701/255
f 478/703/157 477/707/157 404/704/157
f 480/706/157 393/709/157 477/707/157
f 481/708/157 394/731/157 393/709/157
f 398/710/209 493/720/209 396/711/209
f 399/700/209 492/738/209 491/713/209
f 395/715/209 490/730/209 483/716/209
f 397/718/209 395/715/209 484/717/209
f 396/711/209 397/718/209 486/719/209
f 482/714/209 491/713/209 493/720/209
f 487/721/157 488/724/157 402/722/157
f 488/724/157 489/726/157 403/725/157
f 489/726/157 479/705/157 404/704/157
f 395/715/256 397/718/257 477/707/257
f 484/717/252 483/716/343 481/727/343
f 491/713/251 492/738/344 401/723/344
f 482/714/255 398/710/254 489/729/254
f 490/730/345 395/715/256 393/709/256
f 493/720/250 491/713/251 402/722/251
f 398/710/254 485/712/125 479/732/125
f 396/711/117 493/720/250 403/725/250
f 481/708/157 498/2004/157 499/733/157
f 485/712/125 486/719/253 478/734/253
f 397/718/257 396/711/117 404/704/117
f 486/719/253 484/717/252 480/728/252
f 483/716/343 496/739/159 498/735/159
f 394/731/345 499/733/48 497/736/48
f 399/700/209 494/740/209 495/737/209
f 490/730/209 497/736/209 496/739/209
f 487/702/342 500/2005/48 494/740/48
f 492/738/344 495/737/159 501/741/159
f 401/723/157 501/741/157 500/742/157
f 523/743/346 557/2006/346 552/744/347
f 508/746/348 530/791/349 544/747/349
f 538/749/350 541/745/347 552/744/347
f 511/751/351 535/758/352 549/752/352
f 539/754/353 551/845/353 557/755/346
f 532/757/354 547/847/354 549/752/352
f 507/759/353 531/871/346 514/760/346
f 514/760/346 531/871/346 506/762/347
f 509/764/355 516/782/355 517/765/356
f 533/766/356 517/765/356 515/767/350
f 525/769/357 526/772/351 536/770/351
f 526/772/351 524/786/352 519/773/352
f 522/774/349 540/777/348 529/775/348
f 540/777/348 521/787/354 528/778/354
f 525/769/357 518/771/357 507/759/353
f 510/768/350 515/767/350 513/763/347
f 534/779/357 511/2007/351 555/780/351
f 516/782/355 509/764/355 522/774/349
f 505/783/358 515/2008/358 517/784/358
f 524/786/352 528/778/354 521/787/354
f 520/788/356 538/749/350 546/750/350
f 537/790/355 548/844/355 544/747/349
f 513/792/358 515/2008/358 505/783/358
f 514/794/358 513/792/358 504/793/358
f 505/783/358 516/785/358 527/796/358
f 512/795/358 504/793/358 502/798/358
f 504/793/358 505/783/358 503/797/358
f 503/797/358 527/796/358 529/800/358
f 502/798/358 503/797/358 528/801/358
f 526/803/358 525/799/358 502/798/358
f 508/804/359 531/808/359 507/805/359
f 508/804/359 532/825/359 506/807/359
f 511/809/359 534/827/359 509/810/359
f 511/809/359 533/811/359 510/812/359
f 520/814/359 537/824/359 518/815/359
f 520/814/359 536/816/359 519/817/359
f 523/819/359 540/823/359 522/820/359
f 523/819/359 541/826/359 521/822/359
f 530/806/359 507/805/359 518/815/359
f 535/813/359 510/812/359 506/807/359
f 538/818/359 519/817/359 521/822/359
f 539/821/359 522/820/359 509/810/359
f 543/828/359 553/835/359 555/829/359
f 548/831/359 545/836/359 542/832/359
f 550/834/359 551/840/359 553/835/359
f 545/836/359 550/834/359 543/828/359
f 546/837/359 552/872/359 550/834/359
f 556/838/359 546/837/359 545/836/359
f 550/834/359 552/872/359 557/839/359
f 554/841/359 544/833/359 542/832/359
f 542/832/359 543/828/359 549/830/359
f 537/790/355 520/2009/356 556/843/356
f 534/779/357 553/781/357 551/845/353
f 508/846/348 554/2010/348 547/847/354
f 559/848/360 561/854/366 560/849/361
f 564/851/363 577/870/381 576/852/364
f 561/854/366 563/857/369 562/853/365
f 575/855/367 581/867/378 572/856/368
f 563/857/369 565/858/370 564/851/363
f 560/849/361 574/869/380 575/855/367
f 565/858/370 567/2011/868 566/859/371
f 579/860/372 578/2012/869 566/861/371
f 580/863/374 579/860/372 568/862/373
f 566/861/371 567/2013/868 569/865/376
f 568/862/373 569/865/376 571/866/377
f 581/867/378 580/863/374 570/864/375
f 570/864/375 571/866/377 573/868/379
f 562/853/365 576/852/364 574/869/380
f 572/856/368 573/868/379 559/848/360
f 566/859/371 578/2014/869 577/870/381
f 603/743/346 637/2006/346 632/744/347
f 610/791/349 624/747/349 634/748/348
f 618/749/350 621/745/347 632/744/347
f 591/751/382 615/758/352 629/752/352
f 619/754/353 631/845/353 637/755/346
f 612/757/354 627/847/354 629/752/352
f 592/761/353 587/759/353 611/871/346
f 594/760/346 611/871/346 586/762/347
f 589/764/355 596/782/355 597/765/356
f 613/766/356 597/765/356 595/767/350
f 605/769/357 606/772/351 616/770/351
f 606/772/351 604/786/352 599/773/352
f 602/774/349 620/777/348 609/775/348
f 620/777/348 601/787/354 608/778/354
f 605/769/357 598/771/357 587/759/353
f 590/768/350 595/767/350 593/763/347
f 614/779/357 591/2007/382 635/780/351
f 596/782/355 589/764/355 602/774/349
f 585/783/358 595/2008/358 597/784/358
f 604/786/352 608/778/354 601/787/354
f 618/749/350 626/750/350 636/789/356
f 617/790/355 628/844/355 624/747/349
f 593/792/358 595/2008/358 585/783/358
f 594/794/358 593/792/358 584/793/358
f 585/783/358 596/785/358 607/796/358
f 592/795/358 584/793/358 582/798/358
f 584/793/358 585/783/358 583/797/358
f 583/797/358 607/796/358 609/800/358
f 582/798/358 583/797/358 608/801/358
f 606/803/358 605/799/358 582/798/358
f 588/804/359 611/808/359 587/805/359
f 588/804/359 612/825/359 586/807/359
f 591/809/359 614/827/359 589/810/359
f 591/809/359 613/811/359 590/812/359
f 600/814/359 617/824/359 598/815/359
f 600/814/359 616/816/359 599/817/359
f 603/819/359 620/823/359 602/820/359
f 603/819/359 621/826/359 601/822/359
f 610/806/359 587/805/359 598/815/359
f 612/825/359 615/813/359 590/812/359
f 621/826/359 618/818/359 599/817/359
f 619/821/359 602/820/359 589/810/359
f 623/828/359 633/835/359 635/829/359
f 628/831/359 625/836/359 622/832/359
f 630/834/359 631/840/359 633/835/359
f 625/836/359 630/834/359 623/828/359
f 625/836/359 626/837/359 632/872/359
f 636/838/359 626/837/359 625/836/359
f 630/834/359 632/872/359 637/839/359
f 634/841/359 624/833/359 622/832/359
f 627/842/359 622/832/359 623/828/359
f 617/790/355 600/2009/356 636/843/356
f 614/779/357 633/781/357 631/845/353
f 588/846/348 634/2010/348 627/847/354
f 639/848/360 641/854/366 640/849/361
f 644/851/363 657/870/381 656/852/364
f 641/854/366 643/857/369 642/853/365
f 655/855/367 661/867/378 652/856/368
f 643/857/369 645/858/370 644/851/363
f 640/849/361 654/869/380 655/855/367
f 645/858/370 647/2011/868 646/859/371
f 659/860/372 658/2012/869 646/861/371
f 660/863/374 659/860/372 648/862/373
f 646/861/371 647/2013/868 649/865/376
f 648/862/373 649/865/376 651/866/377
f 661/867/378 660/863/374 650/864/375
f 650/864/375 651/866/377 653/868/379
f 642/853/365 656/852/364 654/869/380
f 652/856/368 653/868/379 639/848/360
f 646/859/371 658/2014/869 657/870/381
f 682/873/383 679/879/389 678/874/384
f 678/874/384 679/879/389 680/876/386
f 676/878/388 680/876/386 679/879/389
f 677/881/391 681/880/390 679/879/389
f 697/882/392 694/888/398 693/883/393
f 693/883/393 694/888/398 695/885/395
f 691/887/397 695/885/395 694/888/398
f 692/890/400 696/889/399 694/888/398
f 663/891/401 782/1056/401 783/892/401
f 671/894/401 664/904/401 784/895/401
f 712/897/401 666/953/401 662/898/401
f 670/900/401 667/950/401 668/901/401
f 665/902/401 787/1058/401 785/903/401
f 713/905/401 669/949/401 670/900/401
f 711/906/401 670/900/401 671/894/401
f 732/907/402 730/910/405 672/908/403
f 730/910/405 676/878/388 673/911/406
f 716/912/407 715/921/408 698/913/408
f 717/915/409 700/929/409 739/916/410
f 673/911/406 714/1050/406 701/918/403
f 698/913/408 681/880/390 677/881/391
f 698/913/408 673/911/406 676/878/388
f 702/919/412 693/883/393 690/886/396
f 702/919/412 704/1055/412 689/884/394
f 691/887/397 696/889/399 715/921/408
f 716/912/407 717/915/409 757/922/413
f 674/875/385 678/874/384 705/923/414
f 675/877/387 707/1052/414 705/923/414
f 717/915/409 758/917/411 759/925/415
f 701/918/403 749/1051/476 750/926/416
f 699/914/407 677/881/391 740/928/418
f 687/930/414 709/1048/414 710/931/414
f 683/933/412 713/1041/412 711/934/412
f 779/936/401 662/898/401 663/891/401
f 702/937/401 703/1049/401 687/938/401
f 704/940/401 702/937/401 688/939/401
f 706/942/401 705/945/401 685/943/401
f 705/945/401 707/1042/401 683/946/401
f 780/947/401 778/899/401 662/898/401
f 668/901/401 665/902/401 664/904/401
f 668/901/401 709/952/401 788/948/401
f 669/949/401 666/953/401 667/950/401
f 668/901/401 667/950/401 710/951/401
f 667/950/401 666/953/401 712/897/401
f 666/953/401 669/949/401 663/891/401
f 664/904/401 785/903/401 786/954/401
f 710/931/414 712/1046/414 686/955/414
f 715/921/408 714/1050/406 673/911/406
f 699/914/407 700/929/409 717/915/409
f 685/935/412 711/934/412 708/956/412
f 731/909/404 672/908/403 701/918/403
f 692/890/400 714/1050/406 715/921/408
f 741/958/419 747/961/422 745/959/420
f 741/958/419 740/928/418 746/960/421
f 747/961/422 744/964/425 742/962/423
f 747/961/422 746/960/421 743/963/424
f 750/926/416 756/967/428 754/965/426
f 750/926/416 749/1051/476 755/966/427
f 756/967/428 753/970/431 751/968/429
f 756/967/428 755/966/427 752/969/430
f 738/971/432 735/975/436 733/972/433
f 738/971/432 736/976/437 734/974/435
f 732/907/402 738/971/432 737/973/434
f 732/907/402 731/909/404 736/976/437
f 765/977/438 762/981/442 760/978/439
f 765/977/438 763/982/443 761/980/441
f 759/925/415 765/977/438 764/979/440
f 759/925/415 758/917/411 763/982/443
f 771/983/444 735/975/436 734/974/435
f 769/985/446 733/972/433 735/975/436
f 767/986/447 768/987/448 753/970/431
f 768/987/448 766/1053/477 751/968/429
f 742/962/423 744/964/425 774/988/449
f 744/964/425 743/963/424 773/990/451
f 762/981/442 777/992/453 775/991/452
f 761/980/441 776/1054/478 777/992/453
f 769/993/401 771/997/401 720/994/401
f 770/996/401 719/1039/401 720/994/401
f 726/998/401 768/1002/401 767/999/401
f 726/998/401 724/1038/401 766/1001/401
f 775/1003/401 777/1007/401 729/1004/401
f 776/1006/401 728/1043/401 729/1004/401
f 723/1008/401 774/1012/401 773/1009/401
f 723/1008/401 721/1044/401 772/1011/401
f 787/1013/454 789/2015/455 729/1014/455
f 788/1016/457 727/1047/475 729/1017/455
f 781/1019/458 783/2016/459 720/1020/459
f 782/1022/461 718/1040/473 720/1023/459
f 778/1025/462 780/2017/466 726/1026/463
f 779/1028/465 724/1037/472 726/1029/463
f 723/1031/467 786/2018/471 785/1032/468
f 723/1034/467 722/1045/474 784/1035/470
f 779/1028/465 781/1019/458 719/1021/460
f 770/996/401 766/1001/401 724/1038/401
f 718/1040/473 782/1022/461 713/1041/412
f 707/1042/401 769/993/401 718/995/401
f 785/1032/468 787/1013/454 728/1015/456
f 722/1010/401 773/1009/401 706/942/401
f 728/1043/401 776/1006/401 772/1011/401
f 708/956/412 784/1035/470 722/1045/474
f 725/1000/401 767/999/401 704/940/401
f 712/1046/414 778/1025/462 725/1027/464
f 727/1047/475 788/1016/457 709/1048/414
f 703/1049/401 775/1003/401 727/1005/401
f 730/910/405 737/973/434 680/876/386
f 731/909/404 748/927/417 754/965/426
f 714/1050/406 692/890/400 749/1051/476
f 737/973/434 733/972/433 675/877/387
f 736/976/437 754/965/426 751/968/429
f 733/972/433 769/985/446 707/1052/414
f 770/984/445 734/974/435 751/968/429
f 700/929/409 740/928/418 741/958/419
f 682/873/383 746/960/421 740/928/418
f 758/917/411 739/916/410 745/959/420
f 763/982/443 745/959/420 742/962/423
f 674/875/385 743/963/424 746/960/421
f 776/1054/478 761/980/441 742/962/423
f 706/924/414 773/990/451 743/963/424
f 697/882/392 755/966/427 749/1051/476
f 689/884/394 752/969/430 755/966/427
f 752/969/430 689/884/394 704/1055/412
f 757/922/413 764/979/440 695/885/395
f 764/979/440 760/978/439 690/886/396
f 703/920/412 690/886/396 760/978/439
f 663/891/401 669/949/401 713/905/401
f 665/902/401 788/948/401 789/1057/401
f 792/1059/479 793/1063/483 791/1060/480
f 794/1062/482 795/1065/485 793/1063/483
f 794/1062/482 796/1066/486 797/1064/484
f 796/1066/486 798/1068/488 799/1067/487
f 798/1068/488 800/1070/490 801/1069/489
f 800/1070/490 802/1072/492 803/1071/491
f 802/1072/492 804/1075/495 805/1073/493
f 806/1074/494 807/1078/498 805/1073/493
f 795/1065/485 812/1085/502 811/1076/496
f 808/1077/497 809/1080/499 807/1078/498
f 790/1079/481 791/1087/480 809/1080/499
f 792/1083/500 790/2019/870 808/2020/500
f 808/2020/500 806/2021/871 804/1081/500
f 804/1081/500 802/2022/871 800/2023/500
f 800/2023/500 798/2024/872 796/1082/500
f 796/1082/500 794/2025/872 792/1083/500
f 792/1083/500 808/2020/500 804/1081/500
f 804/1081/500 800/2023/500 796/1082/500
f 823/1084/501 822/1110/525 812/1085/502
f 791/1087/480 810/1098/510 819/1088/504
f 809/1080/499 819/1088/504 818/1089/505
f 818/1089/505 817/1090/506 805/1073/493
f 817/1090/506 816/1091/507 803/1071/491
f 816/1091/507 815/1092/508 801/1069/489
f 815/1092/508 814/1093/509 799/1067/487
f 814/1093/509 813/1086/503 797/1064/484
f 793/1063/483 811/1076/496 810/1094/510
f 797/1064/484 813/1086/503 812/1085/502
f 837/1095/511 836/1113/528 826/1096/512
f 810/1098/510 820/1114/516 829/1099/514
f 827/1097/513 826/1096/512 816/1091/507
f 824/1100/515 823/1084/501 813/1086/503
f 811/1076/496 821/1103/518 820/1101/516
f 818/1089/505 828/1104/519 827/1097/513
f 825/1102/517 824/1100/515 814/1093/509
f 812/1085/502 822/1110/525 821/1103/518
f 819/1088/504 829/1099/514 828/1104/519
f 826/1096/512 825/1102/517 815/1092/508
f 844/1105/520 843/1134/547 833/1106/521
f 834/1107/522 833/1106/521 823/1084/501
f 821/1103/518 831/1111/526 830/1108/523
f 828/1104/519 838/1112/527 837/1095/511
f 835/1109/524 834/1107/522 824/1100/515
f 822/1110/525 832/1121/535 831/1111/526
f 829/1099/514 839/1115/529 838/1112/527
f 836/1113/528 835/1109/524 825/1102/517
f 833/1106/521 832/1121/535 822/1110/525
f 820/1114/516 830/1125/523 839/1115/529
f 851/1116/530 850/1147/548 840/1117/531
f 831/1111/526 841/1118/532 840/1117/531
f 838/1112/527 848/1122/536 847/1119/533
f 845/1120/534 844/1105/520 834/1107/522
f 832/1121/535 842/1124/538 841/1118/532
f 839/1115/529 849/1126/539 848/1122/536
f 846/1123/537 845/1120/534 835/1109/524
f 833/1106/521 843/1134/547 842/1124/538
f 830/1125/523 840/1136/531 849/1126/539
f 847/1119/533 846/1123/537 836/1113/528
f 949/1127/540 948/1247/630 857/1128/541
f 858/1129/542 857/1128/541 847/1119/533
f 845/1120/534 855/1133/546 854/1130/543
f 852/1131/544 851/1116/530 841/1118/532
f 859/1132/545 858/1129/542 848/1122/536
f 846/1123/537 856/1137/549 855/1133/546
f 843/1134/547 853/1138/550 852/1131/544
f 850/1135/548 859/1132/545 849/1126/539
f 847/1119/533 857/1128/541 856/1137/549
f 844/1105/520 854/1130/543 853/1138/550
f 855/1133/546 946/1142/554 945/1139/551
f 862/1140/552 860/1146/558 851/1116/530
f 950/1141/553 949/1127/540 858/1129/542
f 856/1137/549 947/1144/556 946/1142/554
f 853/1138/550 863/1145/557 862/1140/552
f 861/1143/555 950/1141/553 859/1132/545
f 857/1128/541 948/1247/630 947/1144/556
f 854/1130/543 945/1139/551 863/1145/557
f 860/1146/558 861/1237/555 850/1147/548
f 876/1148/559 865/1152/559 864/1149/500
f 877/1151/560 866/1154/560 865/1152/559
f 877/1151/560 878/1156/561 867/1153/561
f 879/1155/562 868/1158/564 867/1153/561
f 879/1155/562 880/2026/563 870/1157/563
f 881/1159/565 871/1163/565 870/1160/563
f 882/1162/566 872/1165/568 871/1163/565
f 883/1164/567 873/1167/567 872/1165/568
f 883/1164/567 884/1168/569 874/1166/569
f 884/1168/569 875/1150/500 864/1149/500
f 886/1180/570 888/1183/573 887/1181/571
f 888/1183/573 890/1185/575 889/1184/574
f 890/1185/575 892/1211/599 891/1186/576
f 891/1186/576 892/1211/599 894/1187/577
f 893/1188/578 894/1187/577 896/1189/579
f 895/1190/580 896/1189/579 898/1191/581
f 897/1192/582 898/1191/581 900/1193/583
f 899/1194/584 900/1193/583 902/1195/585
f 890/1185/575 888/1183/573 906/1197/587
f 902/1195/585 904/1200/590 903/1199/589
f 904/1200/590 886/1204/570 885/1201/572
f 907/1198/588 917/1224/610 918/1202/591
f 886/1204/570 904/1200/590 914/1205/593
f 904/1200/590 902/1195/585 913/1207/595
f 902/1195/585 900/1193/583 912/1208/596
f 898/1191/581 911/1209/597 912/1208/596
f 896/1189/579 910/1210/598 911/1209/597
f 894/1187/577 909/1212/600 910/1210/598
f 892/1211/599 908/1203/592 909/1212/600
f 888/1183/573 886/1180/570 905/1213/594
f 890/1185/575 907/1198/588 908/1203/592
f 921/1214/601 931/1234/620 932/1215/602
f 905/1206/594 914/1205/593 924/1217/604
f 911/1209/597 921/1214/601 922/1216/603
f 908/1203/592 918/1202/591 919/1219/606
f 906/1197/587 905/1213/594 915/1220/605
f 913/1207/595 912/1208/596 922/1216/603
f 909/1212/600 919/1219/606 920/1223/609
f 907/1198/588 906/1197/587 916/1221/607
f 914/1205/593 913/1207/595 923/1222/608
f 910/1210/598 920/1223/609 921/1214/601
f 928/1225/611 938/1245/629 939/1226/612
f 918/1202/591 928/1225/611 929/1227/613
f 916/1221/607 915/1220/605 925/1228/614
f 922/1216/603 932/1215/602 933/1230/616
f 919/1219/606 929/1227/613 930/1231/617
f 917/1224/610 916/1221/607 926/1229/615
f 924/1217/604 923/1222/608 933/1230/616
f 920/1223/609 930/1231/617 931/1234/620
f 918/1202/591 917/1224/610 927/1232/618
f 915/1218/605 924/1217/604 934/1233/619
f 936/1236/621 935/1238/622 861/1237/555
f 926/1229/615 925/1228/614 935/1238/622
f 933/1230/616 932/1215/602 942/1239/623
f 929/1227/613 939/1226/612 940/1241/625
f 927/1232/618 926/1229/615 936/1236/621
f 934/1233/619 933/1230/616 943/1240/624
f 930/1231/617 940/1241/625 941/1244/628
f 927/1232/618 937/1242/626 938/1245/629
f 925/1235/614 934/1233/619 944/1243/627
f 931/1234/620 941/1244/628 942/1239/623
f 943/1240/624 942/1239/623 948/1247/630
f 939/1226/612 945/1139/551 946/1142/554
f 937/1242/626 936/1236/621 860/1146/558
f 944/1243/627 943/1240/624 949/1127/540
f 940/1241/625 946/1142/554 947/1144/556
f 937/1242/626 862/1140/552 863/1145/557
f 935/1246/622 944/1243/627 950/1141/553
f 941/1244/628 947/1144/556 948/1247/630
f 938/1245/629 863/1145/557 945/1139/551
f 903/1250/500 885/2027/500 887/2028/500
f 887/2028/500 889/2029/873 891/1248/500
f 891/1248/500 893/2030/500 895/2031/500
f 895/2031/500 897/2032/500 899/1249/500
f 899/1249/500 901/2033/874 903/1250/500
f 903/1250/500 887/2028/500 891/1248/500
f 891/1248/500 895/2031/500 899/1249/500
f 967/1251/631 968/1257/637 971/1252/632
f 969/1254/634 968/1257/637 967/1251/631
f 965/1256/636 970/1259/639 968/1257/637
f 966/1258/638 971/1252/632 968/1257/637
f 982/1260/640 983/1266/646 986/1261/641
f 984/1263/643 983/1266/646 982/1260/640
f 980/1265/645 985/1268/648 983/1266/646
f 981/1267/647 986/1261/641 983/1266/646
f 1072/1269/649 1071/2034/649 952/1270/649
f 1073/1272/649 953/1282/649 960/1273/649
f 951/1275/649 955/1330/649 1001/1276/649
f 960/1273/649 957/1326/649 956/1278/649
f 1074/1280/649 1076/2035/649 954/1281/649
f 1000/1283/649 959/1279/649 958/1284/649
f 997/1274/649 960/1273/649 959/1279/649
f 1021/1286/650 1020/1336/665 961/1287/651
f 1019/1288/652 961/1287/651 962/1289/653
f 988/1290/654 987/1297/655 1004/1291/655
f 1047/1293/656 1028/1339/668 989/1294/657
f 961/1287/651 990/1305/651 1003/1296/653
f 966/1258/638 970/1259/639 987/1297/655
f 987/1297/655 970/1259/639 965/1256/636
f 979/1264/644 982/1260/640 991/1298/658
f 991/1298/658 982/1260/640 978/1262/642
f 980/1265/645 1005/1292/654 1004/1291/655
f 1046/1301/659 1006/1295/657 1005/1292/654
f 963/1253/633 995/1432/660 994/1302/660
f 994/1302/660 996/1430/660 964/1255/635
f 1048/1303/661 1047/1293/656 1006/1295/657
f 1039/1304/662 1038/1346/675 990/1305/651
f 988/1290/654 989/1294/657 1029/1307/664
f 976/1308/660 977/1333/660 999/1309/660
f 972/1311/658 974/1334/658 1000/1312/658
f 1068/1314/649 1070/1271/649 952/1270/649
f 976/1315/649 992/1429/649 991/1316/649
f 977/1317/649 991/1316/649 993/1318/649
f 973/1320/649 974/1324/649 994/1321/649
f 972/1323/649 996/1421/649 994/1321/649
f 1069/1325/649 1068/1314/649 951/1275/649
f 953/1282/649 954/1281/649 957/1326/649
f 957/1326/649 954/1281/649 1077/1327/649
f 956/1278/649 955/1330/649 958/1284/649
f 957/1326/649 998/1328/649 999/1329/649
f 956/1278/649 999/1329/649 1001/1276/649
f 952/1270/649 958/1284/649 955/1330/649
f 1075/1331/649 1074/1280/649 953/1282/649
f 975/1332/660 1001/1426/660 999/1309/660
f 987/1297/655 962/1289/653 1003/1296/653
f 1006/1295/657 989/1294/657 988/1290/654
f 974/1334/658 973/1424/658 997/1335/658
f 1037/1306/663 990/1305/651 961/1287/651
f 1004/1291/655 1003/1296/653 981/1267/647
f 1034/1337/666 1036/1342/671 1030/1338/667
f 1030/1338/667 1036/1342/671 1035/1340/669
f 1031/1341/670 1033/1369/698 1036/1342/671
f 1036/1342/671 1033/1369/698 1032/1343/672
f 1043/1344/673 1045/1348/677 1039/1304/662
f 1039/1304/662 1045/1348/677 1044/1345/674
f 1040/1347/676 1042/1365/694 1045/1348/677
f 1045/1348/677 1042/1365/694 1041/1349/678
f 1022/1350/679 1024/1362/691 1027/1351/680
f 1027/1351/680 1024/1362/691 1023/1353/682
f 1026/1352/681 1027/1351/680 1021/1286/650
f 1021/1286/650 1027/1351/680 1025/1354/683
f 1049/1355/684 1051/1372/701 1054/1356/685
f 1054/1356/685 1051/1372/701 1050/1358/687
f 1053/1357/686 1054/1356/685 1048/1303/661
f 1048/1303/661 1054/1356/685 1052/1359/688
f 1023/1353/682 1024/1362/691 1060/1360/689
f 1024/1362/691 1022/1350/679 1058/1363/692
f 1056/1364/693 1041/1349/678 1042/1365/694
f 1057/1366/695 1042/1365/694 1040/1347/676
f 1031/1341/670 1061/2036/875 1063/1368/697
f 1033/1369/698 1063/1368/697 1062/1370/699
f 1064/1371/700 1066/1373/702 1051/1372/701
f 1066/1373/702 1065/1431/724 1050/1358/687
f 1058/1374/649 1007/1420/649 1009/1375/649
f 1009/1375/649 1008/1418/649 1059/1377/649
f 1056/1378/649 1057/2037/649 1015/1379/649
f 1015/1379/649 1057/2037/649 1055/1381/649
f 1064/1383/649 1016/1428/649 1018/1384/649
f 1018/1384/649 1017/1423/649 1065/1386/649
f 1062/1387/649 1063/2038/649 1012/1388/649
f 1012/1388/649 1063/2038/649 1061/1390/649
f 1076/1392/703 1017/1422/721 1018/1393/704
f 1018/1395/704 1016/1427/723 1077/1396/705
f 1070/1398/706 1008/1416/718 1009/1399/707
f 1009/1401/707 1007/1419/720 1071/1402/708
f 1067/1404/709 1014/1425/722 1015/1405/710
f 1015/1407/710 1013/1417/719 1068/1408/712
f 1074/1410/713 1075/2039/876 1012/1411/714
f 1012/1413/714 1075/2040/876 1073/1414/716
f 1008/1416/718 1070/1398/706 1068/1408/712
f 1013/1382/649 1055/1381/649 1059/1377/649
f 1007/1419/720 972/1311/658 1002/1313/658
f 1007/1420/649 1058/1374/649 996/1421/649
f 1017/1422/721 1076/1392/703 1074/1410/713
f 1011/1389/649 973/1320/649 995/1322/649
f 1017/1423/649 1010/1391/649 1061/1390/649
f 1011/1415/717 1073/1414/716 997/1335/658
f 1014/1380/649 975/1319/649 993/1318/649
f 1014/1425/722 1067/1404/709 1001/1426/660
f 1016/1427/723 976/1308/660 998/1310/660
f 1016/1428/649 1064/1383/649 992/1429/649
f 1019/1288/652 965/1256/636 969/1254/634
f 1043/1344/673 1037/1306/663 1020/1336/665
f 1038/1346/675 981/1267/647 1003/1296/653
f 1026/1352/681 969/1254/634 964/1255/635
f 1023/1353/682 1040/1347/676 1043/1344/673
f 1022/1350/679 964/1255/635 996/1430/660
f 1059/1361/690 1055/1367/696 1040/1347/676
f 989/1294/657 1028/1339/668 1030/1338/667
f 1029/1307/664 1035/1340/669 971/1252/632
f 1034/1337/666 1028/1339/668 1047/1293/656
f 1031/1341/670 1034/1337/666 1052/1359/688
f 1035/1340/669 1032/1343/672 963/1253/633
f 1065/1431/724 1061/2036/875 1031/1341/670
f 1032/1343/672 1062/1370/699 995/1432/660
f 1038/1346/675 1044/1345/674 986/1261/641
f 1044/1345/674 1041/1349/678 978/1262/642
f 993/1300/658 978/1262/642 1041/1349/678
f 1046/1301/659 980/1265/645 984/1263/643
f 1053/1357/686 984/1263/643 979/1264/644
f 992/1299/658 1064/1371/700 1049/1355/684
f 952/1270/649 1071/2034/649 1002/1285/649
f 954/1281/649 1076/2035/649 1078/1433/649
f 1080/1434/725 1082/1437/726 1081/1435/497
f 1082/1437/726 1084/1439/728 1083/1438/727
f 1084/1439/728 1086/1468/740 1085/1440/729
f 1085/1440/729 1086/1468/740 1088/1441/730
f 1087/1442/492 1088/1441/730 1090/1443/731
f 1089/1444/490 1090/1443/731 1092/1445/732
f 1091/1446/488 1092/1445/732 1094/1447/733
f 1093/1448/734 1094/1447/733 1096/1449/735
f 1084/1439/728 1082/1437/726 1100/1451/587
f 1096/1449/735 1098/1454/738 1097/1453/479
f 1098/1454/738 1080/1461/725 1079/1455/481
f 1097/1458/500 1079/2041/870 1081/2042/500
f 1081/2042/500 1083/2043/871 1085/1456/500
f 1085/1456/500 1087/2044/871 1089/2045/500
f 1089/2045/500 1091/2046/872 1093/1457/500
f 1093/1457/500 1095/2047/872 1097/1458/500
f 1097/1458/500 1081/2042/500 1085/1456/500
f 1085/1456/500 1089/2045/500 1093/1457/500
f 1101/1452/737 1111/1481/610 1112/1459/591
f 1080/1461/725 1098/1454/738 1108/1462/593
f 1098/1454/738 1096/1449/735 1107/1464/595
f 1094/1447/733 1106/1465/596 1107/1464/595
f 1092/1445/732 1105/1466/597 1106/1465/596
f 1090/1443/731 1104/1467/598 1105/1466/597
f 1088/1441/730 1103/1469/600 1104/1467/598
f 1086/1468/740 1102/1460/739 1103/1469/600
f 1082/1437/726 1080/1434/725 1099/1470/594
f 1084/1439/728 1101/1452/737 1102/1460/739
f 1115/1471/601 1125/1491/620 1126/1472/602
f 1099/1463/594 1108/1462/593 1118/1474/604
f 1105/1466/597 1115/1471/601 1116/1473/603
f 1102/1460/739 1112/1459/591 1113/1476/606
f 1100/1451/587 1099/1470/594 1109/1477/605
f 1106/1465/596 1116/1473/603 1117/1479/608
f 1103/1469/600 1113/1476/606 1114/1480/609
f 1101/1452/737 1100/1451/587 1110/1478/607
f 1108/1462/593 1107/1464/595 1117/1479/608
f 1104/1467/598 1114/1480/609 1115/1471/601
f 1122/1482/611 1132/1502/751 1133/1483/741
f 1112/1459/591 1122/1482/611 1123/1484/613
f 1110/1478/607 1109/1477/605 1119/1485/614
f 1117/1479/608 1116/1473/603 1126/1472/602
f 1113/1476/606 1123/1484/613 1124/1488/617
f 1111/1481/610 1110/1478/607 1120/1486/615
f 1118/1474/604 1117/1479/608 1127/1487/616
f 1114/1480/609 1124/1488/617 1125/1491/620
f 1112/1459/591 1111/1481/610 1121/1489/618
f 1109/1475/605 1118/1474/604 1128/1490/619
f 1129/1493/742 1139/1522/761 1140/1494/743
f 1120/1486/615 1119/1485/614 1129/1493/742
f 1127/1487/616 1126/1472/602 1136/1496/745
f 1123/1484/613 1133/1483/741 1134/1498/747
f 1121/1489/618 1120/1486/615 1130/1495/744
f 1128/1490/619 1127/1487/616 1137/1497/746
f 1124/1488/617 1134/1498/747 1135/1501/750
f 1122/1482/611 1121/1489/618 1131/1499/748
f 1119/1492/614 1128/1490/619 1138/1500/749
f 1125/1491/620 1135/1501/750 1136/1496/745
f 1146/1504/752 1237/1521/769 1238/1505/753
f 1137/1497/746 1136/1496/745 1146/1504/752
f 1134/1498/747 1133/1483/741 1143/1507/755
f 1130/1495/744 1140/1494/743 1141/1509/757
f 1137/1497/746 1147/1506/754 1148/1510/758
f 1135/1501/750 1134/1498/747 1144/1508/756
f 1132/1502/751 1131/1499/748 1141/1509/757
f 1138/1500/749 1148/1510/758 1139/1513/761
f 1136/1496/745 1135/1501/750 1145/1511/759
f 1133/1483/741 1132/1502/751 1142/1512/760
f 1144/1508/756 1143/1507/755 1234/1514/762
f 1140/1494/743 1149/1523/770 1151/1516/764
f 1147/1506/754 1238/1505/753 1239/1517/765
f 1145/1511/759 1144/1508/756 1235/1515/763
f 1141/1509/757 1151/1516/764 1152/1519/767
f 1148/1510/758 1239/1517/765 1150/1520/768
f 1146/1504/752 1145/1511/759 1236/1518/766
f 1143/1507/755 1142/1512/760 1152/1519/767
f 1139/1522/761 1150/1611/768 1149/1523/770
f 1153/1524/500 1154/1527/771 1165/1525/771
f 1154/1527/771 1155/2048/772 1166/1528/772
f 1166/1528/772 1155/2048/772 1156/1529/773
f 1156/1529/773 1157/1532/775 1168/1531/774
f 1157/1532/775 1159/1534/563 1169/1533/563
f 1159/1534/563 1160/1536/776 1170/1535/776
f 1160/1536/776 1161/1538/778 1171/1537/777
f 1161/1538/778 1162/2049/779 1172/1539/779
f 1172/1539/779 1162/2049/779 1163/1540/780
f 1173/1541/780 1163/1540/780 1153/1542/500
f 1176/1555/781 1177/1559/784 1175/1556/782
f 1178/1558/783 1179/1561/786 1177/1559/784
f 1180/1560/785 1181/1563/788 1179/1561/786
f 1180/1560/785 1182/1564/789 1183/1562/787
f 1182/1564/789 1184/1566/580 1185/1565/790
f 1184/1566/580 1186/1568/792 1187/1567/791
f 1186/1568/792 1188/1570/794 1189/1569/793
f 1188/1570/794 1190/1574/797 1191/1571/795
f 1179/1561/786 1196/1578/502 1195/1572/496
f 1192/1573/796 1193/1576/798 1191/1571/795
f 1174/1575/572 1175/1580/782 1193/1576/798
f 1207/1577/501 1206/1603/525 1196/1578/502
f 1175/1580/782 1194/1591/510 1203/1581/504
f 1193/1576/798 1203/1581/504 1202/1582/799
f 1191/1571/795 1202/1582/799 1201/1583/506
f 1201/1583/506 1200/1584/507 1187/1567/791
f 1200/1584/507 1199/1585/508 1185/1565/790
f 1199/1585/508 1198/1586/509 1183/1562/787
f 1198/1586/509 1197/1579/503 1181/1563/788
f 1177/1559/784 1195/1572/496 1194/1587/510
f 1197/1579/503 1196/1578/502 1179/1561/786
f 1221/1588/511 1220/1606/528 1210/1589/512
f 1194/1591/510 1204/1608/516 1213/1592/514
f 1211/1590/513 1210/1589/512 1200/1584/507
f 1208/1593/515 1207/1577/501 1197/1579/503
f 1195/1572/496 1205/1596/518 1204/1594/516
f 1202/1582/799 1212/1597/519 1211/1590/513
f 1209/1595/517 1208/1593/515 1198/1586/509
f 1196/1578/502 1206/1603/525 1205/1596/518
f 1203/1581/504 1213/1592/514 1212/1597/519
f 1210/1589/512 1209/1595/517 1199/1585/508
f 1228/1598/800 1227/1620/809 1217/1599/521
f 1218/1600/522 1217/1599/521 1207/1577/501
f 1205/1596/518 1215/1604/526 1214/1601/523
f 1212/1597/519 1222/1605/527 1221/1588/511
f 1219/1602/524 1218/1600/522 1208/1593/515
f 1206/1603/525 1216/1607/535 1215/1604/526
f 1213/1592/514 1223/1609/529 1222/1605/527
f 1220/1606/528 1219/1602/524 1209/1595/517
f 1207/1577/501 1217/1599/521 1216/1607/535
f 1204/1608/516 1214/1617/523 1223/1609/529
f 1225/1610/801 1149/1523/770 1150/1611/768
f 1215/1604/526 1225/1610/801 1224/1612/802
f 1232/1613/803 1231/1619/808 1221/1588/511
f 1229/1614/804 1228/1598/800 1218/1600/522
f 1216/1607/535 1226/1616/806 1225/1610/801
f 1223/1609/529 1233/1618/807 1232/1613/803
f 1230/1615/805 1229/1614/804 1219/1602/524
f 1217/1599/521 1227/1620/809 1226/1616/806
f 1214/1617/523 1224/1621/802 1233/1618/807
f 1231/1619/808 1230/1615/805 1220/1606/528
f 1238/1505/753 1237/1521/769 1231/1619/808
f 1235/1515/763 1234/1514/762 1228/1598/800
f 1226/1616/806 1151/1516/764 1149/1523/770
f 1233/1618/807 1239/1517/765 1238/1505/753
f 1236/1518/766 1235/1515/763 1229/1614/804
f 1152/1519/767 1151/1516/764 1226/1616/806
f 1224/1621/802 1150/1520/768 1239/1517/765
f 1237/1521/769 1236/1518/766 1230/1615/805
f 1234/1514/762 1152/1519/767 1227/1620/809
f 1176/1624/500 1174/2050/500 1192/2051/500
f 1192/2051/500 1190/2052/873 1188/1622/500
f 1188/1622/500 1186/2053/500 1184/2054/500
f 1184/2054/500 1182/2055/500 1180/1623/500
f 1180/1623/500 1178/2056/874 1176/1624/500
f 1176/1624/500 1192/2051/500 1188/1622/500
f 1188/1622/500 1184/2054/500 1180/1623/500
